$ lake env lean -o C11R6_AxiomAudit.olean C11R6_AxiomAudit.lean
R6_scope_set_186 :
  ∃ S,
    SimpleGraph.IsIndepSet.{0} (SimpleGraph.strongPower.{0} (SimpleGraph.cycleGraph 11) 186) ↑S ∧
      Eq.{1} (Finset.card.{0} S)
        443276324003031783611356421181113884309761038339701682272503913637018224991280684849272770480887399420629190490478636970970895319532912
R6_scope_capacity_186 : LE.le.{0} 5.295498536418623 (ShannonBounds.shannonCapacity.{0} (SimpleGraph.cycleGraph 11))
R6_scope_bracket_186 :
  LE.le.{0} (5295498536418623 / 1000000000000000)
      (HPow.hPow.{0, 0, 0}
        443276324003031783611356421181113884309761038339701682272503913637018224991280684849272770480887399420629190490478636970970895319532912
        (HDiv.hDiv.{0, 0, 0} 1 ↑186)) ∧
    LT.lt.{0}
      (HPow.hPow.{0, 0, 0}
        443276324003031783611356421181113884309761038339701682272503913637018224991280684849272770480887399420629190490478636970970895319532912
        (HDiv.hDiv.{0, 0, 0} 1 ↑186))
      (5295498536418624 / 1000000000000000)
R6_scope_comparison_186_BPZ_207 :
  LT.lt.{0}
    (HPow.hPow.{0, 0, 0}
      705688158939417766083006128695703821080101605304173623991920300506716846627203440324635068341693109509608786929844839653207121849017872676157797788816
      (HDiv.hDiv.{0, 0, 0} 1 ↑207))
    (HPow.hPow.{0, 0, 0}
      443276324003031783611356421181113884309761038339701682272503913637018224991280684849272770480887399420629190490478636970970895319532912
      (HDiv.hDiv.{0, 0, 0} 1 ↑186))
R6_scope_comparison_186_R3_207 :
  LT.lt.{0}
    (HPow.hPow.{0, 0, 0}
      705692619930489413584189552943991443716392885026759451863953624242911159057444856108323516589876967077721069272782760798453832061060020786354479288616
      (HDiv.hDiv.{0, 0, 0} 1 ↑207))
    (HPow.hPow.{0, 0, 0}
      443276324003031783611356421181113884309761038339701682272503913637018224991280684849272770480887399420629190490478636970970895319532912
      (HDiv.hDiv.{0, 0, 0} 1 ↑186))
R6_scope_comparison_186_R4_201 :
  LT.lt.{0}
    (HPow.hPow.{0, 0, 0}
      32002673683286069537407802496635290542708504485557757541357004314290758191808590819113831084345541929742202157575979409830403540320810360987701516
      (HDiv.hDiv.{0, 0, 0} 1 ↑201))
    (HPow.hPow.{0, 0, 0}
      443276324003031783611356421181113884309761038339701682272503913637018224991280684849272770480887399420629190490478636970970895319532912
      (HDiv.hDiv.{0, 0, 0} 1 ↑186))
R6_scope_comparison_186_R4_210 :
  LT.lt.{0}
    (HPow.hPow.{0, 0, 0}
      104801829423661587743253299322841646006536831006849180624356444952325998520513365767989569418211784335842097686417867068684116769869616301057472136612714
      (HDiv.hDiv.{0, 0, 0} 1 ↑210))
    (HPow.hPow.{0, 0, 0}
      443276324003031783611356421181113884309761038339701682272503913637018224991280684849272770480887399420629190490478636970970895319532912
      (HDiv.hDiv.{0, 0, 0} 1 ↑186))
R6_scope_comparison_186_R5 :
  LT.lt.{0}
    (HPow.hPow.{0, 0, 0}
      443270157200265347115284826329865904474755713155493374073233878851201668185355198338517321290509706352279222882837542619589988350408464
      (HDiv.hDiv.{0, 0, 0} 1 ↑186))
    (HPow.hPow.{0, 0, 0}
      443276324003031783611356421181113884309761038339701682272503913637018224991280684849272770480887399420629190490478636970970895319532912
      (HDiv.hDiv.{0, 0, 0} 1 ↑186))
R6_scope_set_198 :
  ∃ S,
    SimpleGraph.IsIndepSet.{0} (SimpleGraph.strongPower.{0} (SimpleGraph.cycleGraph 11) 198) ↑S ∧
      Eq.{1} (Finset.card.{0} S)
        215650308240559271076661927763289270756233042340399408085079498236580156319151638131903708724387292184834844476542038069560746092535997639387752
R6_scope_capacity_198 : LE.le.{0} 5.295510441529957 (ShannonBounds.shannonCapacity.{0} (SimpleGraph.cycleGraph 11))
R6_scope_bracket_198 :
  LE.le.{0} (5295510441529957 / 1000000000000000)
      (HPow.hPow.{0, 0, 0}
        215650308240559271076661927763289270756233042340399408085079498236580156319151638131903708724387292184834844476542038069560746092535997639387752
        (HDiv.hDiv.{0, 0, 0} 1 ↑198)) ∧
    LT.lt.{0}
      (HPow.hPow.{0, 0, 0}
        215650308240559271076661927763289270756233042340399408085079498236580156319151638131903708724387292184834844476542038069560746092535997639387752
        (HDiv.hDiv.{0, 0, 0} 1 ↑198))
      (5295510441529958 / 1000000000000000)
R6_scope_comparison_198_BPZ_207 :
  LT.lt.{0}
    (HPow.hPow.{0, 0, 0}
      705688158939417766083006128695703821080101605304173623991920300506716846627203440324635068341693109509608786929844839653207121849017872676157797788816
      (HDiv.hDiv.{0, 0, 0} 1 ↑207))
    (HPow.hPow.{0, 0, 0}
      215650308240559271076661927763289270756233042340399408085079498236580156319151638131903708724387292184834844476542038069560746092535997639387752
      (HDiv.hDiv.{0, 0, 0} 1 ↑198))
R6_scope_comparison_198_R3_207 :
  LT.lt.{0}
    (HPow.hPow.{0, 0, 0}
      705692619930489413584189552943991443716392885026759451863953624242911159057444856108323516589876967077721069272782760798453832061060020786354479288616
      (HDiv.hDiv.{0, 0, 0} 1 ↑207))
    (HPow.hPow.{0, 0, 0}
      215650308240559271076661927763289270756233042340399408085079498236580156319151638131903708724387292184834844476542038069560746092535997639387752
      (HDiv.hDiv.{0, 0, 0} 1 ↑198))
R6_scope_comparison_198_R4_201 :
  LT.lt.{0}
    (HPow.hPow.{0, 0, 0}
      32002673683286069537407802496635290542708504485557757541357004314290758191808590819113831084345541929742202157575979409830403540320810360987701516
      (HDiv.hDiv.{0, 0, 0} 1 ↑201))
    (HPow.hPow.{0, 0, 0}
      215650308240559271076661927763289270756233042340399408085079498236580156319151638131903708724387292184834844476542038069560746092535997639387752
      (HDiv.hDiv.{0, 0, 0} 1 ↑198))
R6_scope_comparison_198_R4_210 :
  LT.lt.{0}
    (HPow.hPow.{0, 0, 0}
      104801829423661587743253299322841646006536831006849180624356444952325998520513365767989569418211784335842097686417867068684116769869616301057472136612714
      (HDiv.hDiv.{0, 0, 0} 1 ↑210))
    (HPow.hPow.{0, 0, 0}
      215650308240559271076661927763289270756233042340399408085079498236580156319151638131903708724387292184834844476542038069560746092535997639387752
      (HDiv.hDiv.{0, 0, 0} 1 ↑198))
R6_scope_comparison_198_R5 :
  LT.lt.{0}
    (HPow.hPow.{0, 0, 0}
      215646095940880307358247576980823349483595594251592326034771350156505941167027753389393565833792562656142818333030435546482415612817144515859336
      (HDiv.hDiv.{0, 0, 0} 1 ↑198))
    (HPow.hPow.{0, 0, 0}
      215650308240559271076661927763289270756233042340399408085079498236580156319151638131903708724387292184834844476542038069560746092535997639387752
      (HDiv.hDiv.{0, 0, 0} 1 ↑198))
R6_scope_set_213 :
  ∃ S,
    SimpleGraph.IsIndepSet.{0} (SimpleGraph.strongPower.{0} (SimpleGraph.cycleGraph 11) 213) ↑S ∧
      Eq.{1} (Finset.card.{0} S)
        15576025705482926919349953542643365905237782337909670850715691763072207372542781005458638810301625659402522397392173748140017563747809127752382797850207774
R6_scope_capacity_213 : LE.le.{0} 5.295515544509239 (ShannonBounds.shannonCapacity.{0} (SimpleGraph.cycleGraph 11))
R6_scope_bracket_213 :
  LE.le.{0} (5295515544509239 / 1000000000000000)
      (HPow.hPow.{0, 0, 0}
        15576025705482926919349953542643365905237782337909670850715691763072207372542781005458638810301625659402522397392173748140017563747809127752382797850207774
        (HDiv.hDiv.{0, 0, 0} 1 ↑213)) ∧
    LT.lt.{0}
      (HPow.hPow.{0, 0, 0}
        15576025705482926919349953542643365905237782337909670850715691763072207372542781005458638810301625659402522397392173748140017563747809127752382797850207774
        (HDiv.hDiv.{0, 0, 0} 1 ↑213))
      (5295515544509240 / 1000000000000000)
R6_scope_comparison_213_BPZ_207 :
  LT.lt.{0}
    (HPow.hPow.{0, 0, 0}
      705688158939417766083006128695703821080101605304173623991920300506716846627203440324635068341693109509608786929844839653207121849017872676157797788816
      (HDiv.hDiv.{0, 0, 0} 1 ↑207))
    (HPow.hPow.{0, 0, 0}
      15576025705482926919349953542643365905237782337909670850715691763072207372542781005458638810301625659402522397392173748140017563747809127752382797850207774
      (HDiv.hDiv.{0, 0, 0} 1 ↑213))
R6_scope_comparison_213_R3_207 :
  LT.lt.{0}
    (HPow.hPow.{0, 0, 0}
      705692619930489413584189552943991443716392885026759451863953624242911159057444856108323516589876967077721069272782760798453832061060020786354479288616
      (HDiv.hDiv.{0, 0, 0} 1 ↑207))
    (HPow.hPow.{0, 0, 0}
      15576025705482926919349953542643365905237782337909670850715691763072207372542781005458638810301625659402522397392173748140017563747809127752382797850207774
      (HDiv.hDiv.{0, 0, 0} 1 ↑213))
R6_scope_comparison_213_R4_201 :
  LT.lt.{0}
    (HPow.hPow.{0, 0, 0}
      32002673683286069537407802496635290542708504485557757541357004314290758191808590819113831084345541929742202157575979409830403540320810360987701516
      (HDiv.hDiv.{0, 0, 0} 1 ↑201))
    (HPow.hPow.{0, 0, 0}
      15576025705482926919349953542643365905237782337909670850715691763072207372542781005458638810301625659402522397392173748140017563747809127752382797850207774
      (HDiv.hDiv.{0, 0, 0} 1 ↑213))
R6_scope_comparison_213_R4_210 :
  LT.lt.{0}
    (HPow.hPow.{0, 0, 0}
      104801829423661587743253299322841646006536831006849180624356444952325998520513365767989569418211784335842097686417867068684116769869616301057472136612714
      (HDiv.hDiv.{0, 0, 0} 1 ↑210))
    (HPow.hPow.{0, 0, 0}
      15576025705482926919349953542643365905237782337909670850715691763072207372542781005458638810301625659402522397392173748140017563747809127752382797850207774
      (HDiv.hDiv.{0, 0, 0} 1 ↑213))
R6_scope_comparison_213_R5 :
  LT.lt.{0}
    (HPow.hPow.{0, 0, 0}
      15575655426175670262980356243306221873167074980689569793363838130479999529429857666850517103134244772329978664731663687319144867678577766570404657587474324
      (HDiv.hDiv.{0, 0, 0} 1 ↑213))
    (HPow.hPow.{0, 0, 0}
      15576025705482926919349953542643365905237782337909670850715691763072207372542781005458638810301625659402522397392173748140017563747809127752382797850207774
      (HDiv.hDiv.{0, 0, 0} 1 ↑213))
'ShannonBounds.C11R6ListChecks.of_inside' depends on axioms: [propext, Classical.choice.{u}, Quot.sound.{u}]
'ShannonBounds.C11R6ListChecks.of_between' depends on axioms: [propext, Classical.choice.{u}, Quot.sound.{u}]
'ShannonBounds.C11R6ListChecks.wordApart_iff' depends on axioms: [propext, Quot.sound.{u}]
'ShannonBounds.C11R6ListChecks.substFromLists' depends on axioms: [propext, Classical.choice.{u}, Quot.sound.{u}]
'ShannonBounds.C11R6ListChecks.codeFromList' depends on axioms: [propext, Classical.choice.{u}, Quot.sound.{u}]
'ShannonBounds.C11R6Base.typedSep_symm' depends on axioms: [propext,
 ShannonBounds.C11R6Base.typedSep_symm._native.native_decide.ax_1_1]
'ShannonBounds.C11R6Base.typedSep_irrefl' depends on axioms: [propext,
 ShannonBounds.C11R6Base.typedSep_irrefl._native.native_decide.ax_1_1]
'ShannonBounds.C11R6Base.descriptors_injective' depends on axioms: [propext,
 Classical.choice.{u},
 Quot.sound.{u},
 ShannonBounds.C11R6Base.descriptors_injective._native.native_decide.ax_1_1]
'ShannonBounds.C11R6Base.normalized' depends on axioms: [propext,
 Classical.choice.{u},
 Quot.sound.{u},
 ShannonBounds.C11R6Base.normalized._native.native_decide.ax_1_1]
'ShannonBounds.C11R6Base.normalized_complete' depends on axioms: [propext,
 Classical.choice.{u},
 Quot.sound.{u},
 ShannonBounds.C11R6Base.normalized_complete._native.native_decide.ax_1_1]
'ShannonBounds.C11R6Base.coarseLists_eq' depends on axioms: [propext,
 Classical.choice.{u},
 Quot.sound.{u},
 ShannonBounds.BaseC11.Iset._native.native_decide.ax_1,
 ShannonBounds.BaseC11.Xset._native.native_decide.ax_1,
 ShannonBounds.BaseC11.altInjCheck._native.native_decide.ax_1_1,
 ShannonBounds.BaseC11.altNotCheck._native.native_decide.ax_1_1,
 ShannonBounds.BaseC11.epParentCheck._native.native_decide.ax_1_1,
 ShannonBounds.BaseC11.pFalseCheck._native.native_decide.ax_1_1,
 ShannonBounds.BaseC11.pTrueCheck._native.native_decide.ax_1_1,
 ShannonBounds.BaseC11.pairConflict._native.native_decide.ax_1_1,
 ShannonBounds.BaseC11.pairwiseOK_I._native.native_decide.ax_1_1,
 ShannonBounds.BaseC11.pairwiseOK_X._native.native_decide.ax_1_1,
 ShannonBounds.BaseC11.portsCheck._native.native_decide.ax_1_1,
 ShannonBounds.BaseC11.portsSet._native.native_decide.ax_1,
 ShannonBounds.BaseC11.privCheck._native.native_decide.ax_1_1,
 ShannonBounds.BaseC11.sconf_refl._native.native_decide.ax_1_1,
 ShannonBounds.BaseC11.sconf_symm._native.native_decide.ax_1_1,
 ShannonBounds.BaseC11.sepCheck._native.native_decide.ax_1_1,
 ShannonBounds.C11R6Base.coarseLists_eq._native.native_decide.ax_1_1]
'ShannonBounds.C11R6Base.baseLists_meaning' depends on axioms: [propext,
 Classical.choice.{u},
 Quot.sound.{u},
 ShannonBounds.C11R6Base.baseLists_meaning._native.native_decide.ax_1_1]
'ShannonBounds.C11R6Base.base' depends on axioms: [propext,
 Classical.choice.{u},
 Quot.sound.{u},
 ShannonBounds.BaseC11.sconf_refl._native.native_decide.ax_1_1,
 ShannonBounds.BaseC11.sconf_symm._native.native_decide.ax_1_1,
 ShannonBounds.C11R6Base.base_between._native.native_decide.ax_1_1,
 ShannonBounds.C11R6Base.base_inside._native.native_decide.ax_1_1]
'ShannonBounds.C11R6Base.base_weights' depends on axioms: [propext,
 Classical.choice.{u},
 Quot.sound.{u},
 ShannonBounds.BaseC11.sconf_refl._native.native_decide.ax_1_1,
 ShannonBounds.BaseC11.sconf_symm._native.native_decide.ax_1_1,
 ShannonBounds.C11R6Base.base_between._native.native_decide.ax_1_1,
 ShannonBounds.C11R6Base.base_inside._native.native_decide.ax_1_1,
 ShannonBounds.C11R6Base.base_weights._native.native_decide.ax_1_1]
'ShannonBounds.C11R6Tables.S_d49651680030e3710982' depends on axioms: [propext,
 Classical.choice.{u},
 Quot.sound.{u},
 ShannonBounds.C11R6Tables.cross_d49651680030e3710982._native.native_decide.ax_1_1,
 ShannonBounds.C11R6Tables.inside_d49651680030e3710982._native.native_decide.ax_1_1]
'ShannonBounds.C11R6Tables.S_953611f4b154a3d6901c' depends on axioms: [propext,
 Classical.choice.{u},
 Quot.sound.{u},
 ShannonBounds.C11R6Tables.cross_953611f4b154a3d6901c._native.native_decide.ax_1_1,
 ShannonBounds.C11R6Tables.inside_953611f4b154a3d6901c._native.native_decide.ax_1_1]
'ShannonBounds.C11R6Tables.S_25f0774c2afeeb30a0e8' depends on axioms: [propext,
 Classical.choice.{u},
 Quot.sound.{u},
 ShannonBounds.C11R6Tables.cross_25f0774c2afeeb30a0e8._native.native_decide.ax_1_1,
 ShannonBounds.C11R6Tables.inside_25f0774c2afeeb30a0e8._native.native_decide.ax_1_1]
'ShannonBounds.C11R6Tables.S_22cac8b4c63f11109b61' depends on axioms: [propext,
 Classical.choice.{u},
 Quot.sound.{u},
 ShannonBounds.C11R6Tables.cross_22cac8b4c63f11109b61._native.native_decide.ax_1_1,
 ShannonBounds.C11R6Tables.inside_22cac8b4c63f11109b61._native.native_decide.ax_1_1]
'ShannonBounds.C11R6Tables.S_9783e6b9166dfb4049c4' depends on axioms: [propext,
 Classical.choice.{u},
 Quot.sound.{u},
 ShannonBounds.C11R6Tables.cross_9783e6b9166dfb4049c4._native.native_decide.ax_1_1,
 ShannonBounds.C11R6Tables.inside_9783e6b9166dfb4049c4._native.native_decide.ax_1_1]
'ShannonBounds.C11R6Tables.S_988a6e27a74069e613e5' depends on axioms: [propext,
 Classical.choice.{u},
 Quot.sound.{u},
 ShannonBounds.C11R6Tables.cross_988a6e27a74069e613e5._native.native_decide.ax_1_1,
 ShannonBounds.C11R6Tables.inside_988a6e27a74069e613e5._native.native_decide.ax_1_1]
'ShannonBounds.C11R6Tables.S_e6624479a4e7b8218273' depends on axioms: [propext,
 Classical.choice.{u},
 Quot.sound.{u},
 ShannonBounds.C11R6Tables.cross_e6624479a4e7b8218273._native.native_decide.ax_1_1,
 ShannonBounds.C11R6Tables.inside_e6624479a4e7b8218273._native.native_decide.ax_1_1]
'ShannonBounds.C11R6Tables.S_275feb4472b545b7b61b' depends on axioms: [propext,
 Classical.choice.{u},
 Quot.sound.{u},
 ShannonBounds.C11R6Tables.cross_275feb4472b545b7b61b._native.native_decide.ax_1_1,
 ShannonBounds.C11R6Tables.inside_275feb4472b545b7b61b._native.native_decide.ax_1_1]
'ShannonBounds.C11R6Tables.S_f7172ffe1ee10decfde4' depends on axioms: [propext,
 Classical.choice.{u},
 Quot.sound.{u},
 ShannonBounds.C11R6Tables.cross_f7172ffe1ee10decfde4._native.native_decide.ax_1_1,
 ShannonBounds.C11R6Tables.inside_f7172ffe1ee10decfde4._native.native_decide.ax_1_1]
'ShannonBounds.C11R6Tables.S_564505af0066fa9bc893' depends on axioms: [propext,
 Classical.choice.{u},
 Quot.sound.{u},
 ShannonBounds.C11R6Tables.cross_564505af0066fa9bc893._native.native_decide.ax_1_1,
 ShannonBounds.C11R6Tables.inside_564505af0066fa9bc893._native.native_decide.ax_1_1]
'ShannonBounds.C11R6Tables.S_cc72ba3cc3d211951e7b' depends on axioms: [propext,
 Classical.choice.{u},
 Quot.sound.{u},
 ShannonBounds.C11R6Tables.cross_cc72ba3cc3d211951e7b._native.native_decide.ax_1_1,
 ShannonBounds.C11R6Tables.inside_cc72ba3cc3d211951e7b._native.native_decide.ax_1_1]
'ShannonBounds.C11R6Tables.S_2d78eefa50581f5d0332' depends on axioms: [propext,
 Classical.choice.{u},
 Quot.sound.{u},
 ShannonBounds.C11R6Tables.cross_2d78eefa50581f5d0332._native.native_decide.ax_1_1,
 ShannonBounds.C11R6Tables.inside_2d78eefa50581f5d0332._native.native_decide.ax_1_1]
'ShannonBounds.C11R6Tables.S_5ca90dee5abae9298a15' depends on axioms: [propext,
 Classical.choice.{u},
 Quot.sound.{u},
 ShannonBounds.C11R6Tables.cross_5ca90dee5abae9298a15._native.native_decide.ax_1_1,
 ShannonBounds.C11R6Tables.inside_5ca90dee5abae9298a15._native.native_decide.ax_1_1]
'ShannonBounds.C11R6Tables.S_ece408aa34da4a12a217' depends on axioms: [propext,
 Classical.choice.{u},
 Quot.sound.{u},
 ShannonBounds.C11R6Tables.cross_ece408aa34da4a12a217._native.native_decide.ax_1_1,
 ShannonBounds.C11R6Tables.inside_ece408aa34da4a12a217._native.native_decide.ax_1_1]
'ShannonBounds.C11R6Tables.S_bd87a4825e888e5d22f9' depends on axioms: [propext,
 Classical.choice.{u},
 Quot.sound.{u},
 ShannonBounds.C11R6Tables.cross_bd87a4825e888e5d22f9._native.native_decide.ax_1_1,
 ShannonBounds.C11R6Tables.inside_bd87a4825e888e5d22f9._native.native_decide.ax_1_1]
'ShannonBounds.C11R6Tables.S_cf346b778e5d726ffeff' depends on axioms: [propext,
 Classical.choice.{u},
 Quot.sound.{u},
 ShannonBounds.C11R6Tables.cross_cf346b778e5d726ffeff._native.native_decide.ax_1_1,
 ShannonBounds.C11R6Tables.inside_cf346b778e5d726ffeff._native.native_decide.ax_1_1]
'ShannonBounds.C11R6Tables.S_6d1e67cc209acfd23ff3' depends on axioms: [propext,
 Classical.choice.{u},
 Quot.sound.{u},
 ShannonBounds.C11R6Tables.cross_6d1e67cc209acfd23ff3._native.native_decide.ax_1_1,
 ShannonBounds.C11R6Tables.inside_6d1e67cc209acfd23ff3._native.native_decide.ax_1_1]
'ShannonBounds.C11R6Tables.S_5c2653637645ea08c462' depends on axioms: [propext,
 Classical.choice.{u},
 Quot.sound.{u},
 ShannonBounds.C11R6Tables.cross_5c2653637645ea08c462._native.native_decide.ax_1_1,
 ShannonBounds.C11R6Tables.inside_5c2653637645ea08c462._native.native_decide.ax_1_1]
'ShannonBounds.C11R6Tables.S_73383c091e7d3a586822' depends on axioms: [propext,
 Classical.choice.{u},
 Quot.sound.{u},
 ShannonBounds.C11R6Tables.cross_73383c091e7d3a586822._native.native_decide.ax_1_1,
 ShannonBounds.C11R6Tables.inside_73383c091e7d3a586822._native.native_decide.ax_1_1]
'ShannonBounds.C11R6Tables.S_bed27dc006b01fbbbcf8' depends on axioms: [propext,
 Classical.choice.{u},
 Quot.sound.{u},
 ShannonBounds.C11R6Tables.cross_bed27dc006b01fbbbcf8._native.native_decide.ax_1_1,
 ShannonBounds.C11R6Tables.inside_bed27dc006b01fbbbcf8._native.native_decide.ax_1_1]
'ShannonBounds.C11R6Tables.S_d101ee426b09eceb0f46' depends on axioms: [propext,
 Classical.choice.{u},
 Quot.sound.{u},
 ShannonBounds.C11R6Tables.inside_d101ee426b09eceb0f46._native.native_decide.ax_1_1]
'ShannonBounds.C11R6Tables.S_51b4bb7e33ca836fee10' depends on axioms: [propext,
 Classical.choice.{u},
 Quot.sound.{u},
 ShannonBounds.C11R6Tables.cross_51b4bb7e33ca836fee10._native.native_decide.ax_1_1,
 ShannonBounds.C11R6Tables.inside_51b4bb7e33ca836fee10._native.native_decide.ax_1_1]
'ShannonBounds.C11R6Tables.S_7461db4595a77df35801' depends on axioms: [propext,
 Classical.choice.{u},
 Quot.sound.{u},
 ShannonBounds.C11R6Tables.cross_7461db4595a77df35801._native.native_decide.ax_1_1,
 ShannonBounds.C11R6Tables.inside_7461db4595a77df35801._native.native_decide.ax_1_1]
'ShannonBounds.C11R6Tables.S_e91967edd2b512831205' depends on axioms: [propext,
 Classical.choice.{u},
 Quot.sound.{u},
 ShannonBounds.C11R6Tables.cross_e91967edd2b512831205._native.native_decide.ax_1_1,
 ShannonBounds.C11R6Tables.inside_e91967edd2b512831205._native.native_decide.ax_1_1]
'ShannonBounds.C11R6Tables.S_2ed8d12cfe031f31782c' depends on axioms: [propext,
 Classical.choice.{u},
 Quot.sound.{u},
 ShannonBounds.C11R6Tables.cross_2ed8d12cfe031f31782c._native.native_decide.ax_1_1,
 ShannonBounds.C11R6Tables.inside_2ed8d12cfe031f31782c._native.native_decide.ax_1_1]
'ShannonBounds.C11R6Tables.S_bfd644574c544c933581' depends on axioms: [propext,
 Classical.choice.{u},
 Quot.sound.{u},
 ShannonBounds.C11R6Tables.cross_bfd644574c544c933581._native.native_decide.ax_1_1,
 ShannonBounds.C11R6Tables.inside_bfd644574c544c933581._native.native_decide.ax_1_1]
'ShannonBounds.C11R6Tables.S_bc598aabfc397b015309' depends on axioms: [propext,
 Classical.choice.{u},
 Quot.sound.{u},
 ShannonBounds.C11R6Tables.cross_bc598aabfc397b015309._native.native_decide.ax_1_1,
 ShannonBounds.C11R6Tables.inside_bc598aabfc397b015309._native.native_decide.ax_1_1]
'ShannonBounds.C11R6Tables.S_1de129ef1fff89d74bef' depends on axioms: [propext,
 Classical.choice.{u},
 Quot.sound.{u},
 ShannonBounds.C11R6Tables.cross_1de129ef1fff89d74bef._native.native_decide.ax_1_1,
 ShannonBounds.C11R6Tables.inside_1de129ef1fff89d74bef._native.native_decide.ax_1_1]
'ShannonBounds.C11R6Tables.S_562e2180d94b76a35d8a' depends on axioms: [propext,
 Classical.choice.{u},
 Quot.sound.{u},
 ShannonBounds.C11R6Tables.cross_562e2180d94b76a35d8a._native.native_decide.ax_1_1,
 ShannonBounds.C11R6Tables.inside_562e2180d94b76a35d8a._native.native_decide.ax_1_1]
'ShannonBounds.C11R6Tables.S_9b70f31dd1696e52e328' depends on axioms: [propext,
 Classical.choice.{u},
 Quot.sound.{u},
 ShannonBounds.C11R6Tables.cross_9b70f31dd1696e52e328._native.native_decide.ax_1_1,
 ShannonBounds.C11R6Tables.inside_9b70f31dd1696e52e328._native.native_decide.ax_1_1]
'ShannonBounds.C11R6Tables.S_b0b2c46dc9f8db336b46' depends on axioms: [propext,
 Classical.choice.{u},
 Quot.sound.{u},
 ShannonBounds.C11R6Tables.cross_b0b2c46dc9f8db336b46._native.native_decide.ax_1_1,
 ShannonBounds.C11R6Tables.inside_b0b2c46dc9f8db336b46._native.native_decide.ax_1_1]
'ShannonBounds.C11R6Tables.S_960de25190a3bed445b8' depends on axioms: [propext,
 Classical.choice.{u},
 Quot.sound.{u},
 ShannonBounds.C11R6Tables.cross_960de25190a3bed445b8._native.native_decide.ax_1_1,
 ShannonBounds.C11R6Tables.inside_960de25190a3bed445b8._native.native_decide.ax_1_1]
'ShannonBounds.C11R6Tables.S_01c047685d920c22640e' depends on axioms: [propext,
 Classical.choice.{u},
 Quot.sound.{u},
 ShannonBounds.C11R6Tables.cross_01c047685d920c22640e._native.native_decide.ax_1_1,
 ShannonBounds.C11R6Tables.inside_01c047685d920c22640e._native.native_decide.ax_1_1]
'ShannonBounds.C11R6Tables.S_669343cc17cb8eaf6957' depends on axioms: [propext,
 Classical.choice.{u},
 Quot.sound.{u},
 ShannonBounds.C11R6Tables.cross_669343cc17cb8eaf6957._native.native_decide.ax_1_1,
 ShannonBounds.C11R6Tables.inside_669343cc17cb8eaf6957._native.native_decide.ax_1_1]
'ShannonBounds.C11R6Tables.S_f95d1e072279bb3bfc11' depends on axioms: [propext,
 Classical.choice.{u},
 Quot.sound.{u},
 ShannonBounds.C11R6Tables.cross_f95d1e072279bb3bfc11._native.native_decide.ax_1_1,
 ShannonBounds.C11R6Tables.inside_f95d1e072279bb3bfc11._native.native_decide.ax_1_1]
'ShannonBounds.C11R6Tables.S_c28c6dd5607aacbad7ef' depends on axioms: [propext,
 Classical.choice.{u},
 Quot.sound.{u},
 ShannonBounds.C11R6Tables.cross_c28c6dd5607aacbad7ef._native.native_decide.ax_1_1,
 ShannonBounds.C11R6Tables.inside_c28c6dd5607aacbad7ef._native.native_decide.ax_1_1]
'ShannonBounds.C11R6Tables.S_37294a683db0ad79cd1a' depends on axioms: [propext,
 Classical.choice.{u},
 Quot.sound.{u},
 ShannonBounds.C11R6Tables.cross_37294a683db0ad79cd1a._native.native_decide.ax_1_1,
 ShannonBounds.C11R6Tables.inside_37294a683db0ad79cd1a._native.native_decide.ax_1_1]
'ShannonBounds.C11R6Tables.S_7586a2b6c341612c9fdc' depends on axioms: [propext,
 Classical.choice.{u},
 Quot.sound.{u},
 ShannonBounds.C11R6Tables.cross_7586a2b6c341612c9fdc._native.native_decide.ax_1_1,
 ShannonBounds.C11R6Tables.inside_7586a2b6c341612c9fdc._native.native_decide.ax_1_1]
'ShannonBounds.C11R6Tables.S_d1d88f72dc4352a983e3' depends on axioms: [propext,
 Classical.choice.{u},
 Quot.sound.{u},
 ShannonBounds.C11R6Tables.inside_d1d88f72dc4352a983e3._native.native_decide.ax_1_1]
'ShannonBounds.C11R6Tables.S_074e7a7a1e957b03d9a5' depends on axioms: [propext,
 Classical.choice.{u},
 Quot.sound.{u},
 ShannonBounds.C11R6Tables.cross_074e7a7a1e957b03d9a5._native.native_decide.ax_1_1,
 ShannonBounds.C11R6Tables.inside_074e7a7a1e957b03d9a5._native.native_decide.ax_1_1]
'ShannonBounds.C11R6Tables.S_eb2a8ddaf8495ec01f08' depends on axioms: [propext,
 Classical.choice.{u},
 Quot.sound.{u},
 ShannonBounds.C11R6Tables.cross_eb2a8ddaf8495ec01f08._native.native_decide.ax_1_1,
 ShannonBounds.C11R6Tables.inside_eb2a8ddaf8495ec01f08._native.native_decide.ax_1_1]
'ShannonBounds.C11R6Tables.S_44a85870cefbc01c28eb' depends on axioms: [propext,
 Classical.choice.{u},
 Quot.sound.{u},
 ShannonBounds.C11R6Tables.cross_44a85870cefbc01c28eb._native.native_decide.ax_1_1,
 ShannonBounds.C11R6Tables.inside_44a85870cefbc01c28eb._native.native_decide.ax_1_1]
'ShannonBounds.C11R6Tables.S_95e5655d1469530ce7ff' depends on axioms: [propext,
 Classical.choice.{u},
 Quot.sound.{u},
 ShannonBounds.C11R6Tables.cross_95e5655d1469530ce7ff._native.native_decide.ax_1_1,
 ShannonBounds.C11R6Tables.inside_95e5655d1469530ce7ff._native.native_decide.ax_1_1]
'ShannonBounds.C11R6Tables.S_a40f1a6f9aa075037da0' depends on axioms: [propext,
 Classical.choice.{u},
 Quot.sound.{u},
 ShannonBounds.C11R6Tables.cross_a40f1a6f9aa075037da0._native.native_decide.ax_1_1,
 ShannonBounds.C11R6Tables.inside_a40f1a6f9aa075037da0._native.native_decide.ax_1_1]
'ShannonBounds.C11R6Tables.S_8d02c2ed12c9b02124d5' depends on axioms: [propext,
 Classical.choice.{u},
 Quot.sound.{u},
 ShannonBounds.C11R6Tables.cross_8d02c2ed12c9b02124d5._native.native_decide.ax_1_1,
 ShannonBounds.C11R6Tables.inside_8d02c2ed12c9b02124d5._native.native_decide.ax_1_1]
'ShannonBounds.C11R6Tables.S_1b00b10f49b6c4e9759e' depends on axioms: [propext,
 Classical.choice.{u},
 Quot.sound.{u},
 ShannonBounds.C11R6Tables.cross_1b00b10f49b6c4e9759e._native.native_decide.ax_1_1,
 ShannonBounds.C11R6Tables.inside_1b00b10f49b6c4e9759e._native.native_decide.ax_1_1]
'ShannonBounds.C11R6Tables.S_090125a02835a8ea74a1' depends on axioms: [propext,
 Classical.choice.{u},
 Quot.sound.{u},
 ShannonBounds.C11R6Tables.cross_090125a02835a8ea74a1._native.native_decide.ax_1_1,
 ShannonBounds.C11R6Tables.inside_090125a02835a8ea74a1._native.native_decide.ax_1_1]
'ShannonBounds.C11R6Tables.S_c166eae8054ce1f6ee50' depends on axioms: [propext,
 Classical.choice.{u},
 Quot.sound.{u},
 ShannonBounds.C11R6Tables.cross_c166eae8054ce1f6ee50._native.native_decide.ax_1_1,
 ShannonBounds.C11R6Tables.inside_c166eae8054ce1f6ee50._native.native_decide.ax_1_1]
'ShannonBounds.C11R6Tables.S_3d79de065120229628e3' depends on axioms: [propext,
 Classical.choice.{u},
 Quot.sound.{u},
 ShannonBounds.C11R6Tables.inside_3d79de065120229628e3._native.native_decide.ax_1_1]
'ShannonBounds.C11R6D186.card_codeBase' depends on axioms: [propext,
 Classical.choice.{u},
 Quot.sound.{u},
 ShannonBounds.C11R6D186.polynomial_n1._native.native_decide.ax_1_1,
 ShannonBounds.C11R6D186.polynomial_n10._native.native_decide.ax_1_1,
 ShannonBounds.C11R6D186.polynomial_n11._native.native_decide.ax_1_1,
 ShannonBounds.C11R6D186.polynomial_n12._native.native_decide.ax_1_1,
 ShannonBounds.C11R6D186.polynomial_n13._native.native_decide.ax_1_1,
 ShannonBounds.C11R6D186.polynomial_n14._native.native_decide.ax_1_1,
 ShannonBounds.C11R6D186.polynomial_n15._native.native_decide.ax_1_1,
 ShannonBounds.C11R6D186.polynomial_n16._native.native_decide.ax_1_1,
 ShannonBounds.C11R6D186.polynomial_n17._native.native_decide.ax_1_1,
 ShannonBounds.C11R6D186.polynomial_n18._native.native_decide.ax_1_1,
 ShannonBounds.C11R6D186.polynomial_n19._native.native_decide.ax_1_1,
 ShannonBounds.C11R6D186.polynomial_n2._native.native_decide.ax_1_1,
 ShannonBounds.C11R6D186.polynomial_n20._native.native_decide.ax_1_1,
 ShannonBounds.C11R6D186.polynomial_n21._native.native_decide.ax_1_1,
 ShannonBounds.C11R6D186.polynomial_n22._native.native_decide.ax_1_1,
 ShannonBounds.C11R6D186.polynomial_n23._native.native_decide.ax_1_1,
 ShannonBounds.C11R6D186.polynomial_n24._native.native_decide.ax_1_1,
 ShannonBounds.C11R6D186.polynomial_n25._native.native_decide.ax_1_1,
 ShannonBounds.C11R6D186.polynomial_n26._native.native_decide.ax_1_1,
 ShannonBounds.C11R6D186.polynomial_n3._native.native_decide.ax_1_1,
 ShannonBounds.C11R6D186.polynomial_n4._native.native_decide.ax_1_1,
 ShannonBounds.C11R6D186.polynomial_n5._native.native_decide.ax_1_1,
 ShannonBounds.C11R6D186.polynomial_n6._native.native_decide.ax_1_1,
 ShannonBounds.C11R6D186.polynomial_n7._native.native_decide.ax_1_1,
 ShannonBounds.C11R6D186.polynomial_n8._native.native_decide.ax_1_1,
 ShannonBounds.C11R6D186.polynomial_n9._native.native_decide.ax_1_1,
 ShannonBounds.C11R6D186.terminal_polynomial._native.native_decide.ax_1_1,
 ShannonBounds.C11R6Tables.cross_22cac8b4c63f11109b61._native.native_decide.ax_1_1,
 ShannonBounds.C11R6Tables.cross_25f0774c2afeeb30a0e8._native.native_decide.ax_1_1,
 ShannonBounds.C11R6Tables.cross_275feb4472b545b7b61b._native.native_decide.ax_1_1,
 ShannonBounds.C11R6Tables.cross_2d78eefa50581f5d0332._native.native_decide.ax_1_1,
 ShannonBounds.C11R6Tables.cross_564505af0066fa9bc893._native.native_decide.ax_1_1,
 ShannonBounds.C11R6Tables.cross_5c2653637645ea08c462._native.native_decide.ax_1_1,
 ShannonBounds.C11R6Tables.cross_5ca90dee5abae9298a15._native.native_decide.ax_1_1,
 ShannonBounds.C11R6Tables.cross_6d1e67cc209acfd23ff3._native.native_decide.ax_1_1,
 ShannonBounds.C11R6Tables.cross_73383c091e7d3a586822._native.native_decide.ax_1_1,
 ShannonBounds.C11R6Tables.cross_953611f4b154a3d6901c._native.native_decide.ax_1_1,
 ShannonBounds.C11R6Tables.cross_9783e6b9166dfb4049c4._native.native_decide.ax_1_1,
 ShannonBounds.C11R6Tables.cross_988a6e27a74069e613e5._native.native_decide.ax_1_1,
 ShannonBounds.C11R6Tables.cross_bd87a4825e888e5d22f9._native.native_decide.ax_1_1,
 ShannonBounds.C11R6Tables.cross_bed27dc006b01fbbbcf8._native.native_decide.ax_1_1,
 ShannonBounds.C11R6Tables.cross_cc72ba3cc3d211951e7b._native.native_decide.ax_1_1,
 ShannonBounds.C11R6Tables.cross_cf346b778e5d726ffeff._native.native_decide.ax_1_1,
 ShannonBounds.C11R6Tables.cross_d49651680030e3710982._native.native_decide.ax_1_1,
 ShannonBounds.C11R6Tables.cross_e6624479a4e7b8218273._native.native_decide.ax_1_1,
 ShannonBounds.C11R6Tables.cross_ece408aa34da4a12a217._native.native_decide.ax_1_1,
 ShannonBounds.C11R6Tables.cross_f7172ffe1ee10decfde4._native.native_decide.ax_1_1,
 ShannonBounds.C11R6Tables.inside_22cac8b4c63f11109b61._native.native_decide.ax_1_1,
 ShannonBounds.C11R6Tables.inside_25f0774c2afeeb30a0e8._native.native_decide.ax_1_1,
 ShannonBounds.C11R6Tables.inside_275feb4472b545b7b61b._native.native_decide.ax_1_1,
 ShannonBounds.C11R6Tables.inside_2d78eefa50581f5d0332._native.native_decide.ax_1_1,
 ShannonBounds.C11R6Tables.inside_564505af0066fa9bc893._native.native_decide.ax_1_1,
 ShannonBounds.C11R6Tables.inside_5c2653637645ea08c462._native.native_decide.ax_1_1,
 ShannonBounds.C11R6Tables.inside_5ca90dee5abae9298a15._native.native_decide.ax_1_1,
 ShannonBounds.C11R6Tables.inside_6d1e67cc209acfd23ff3._native.native_decide.ax_1_1,
 ShannonBounds.C11R6Tables.inside_73383c091e7d3a586822._native.native_decide.ax_1_1,
 ShannonBounds.C11R6Tables.inside_953611f4b154a3d6901c._native.native_decide.ax_1_1,
 ShannonBounds.C11R6Tables.inside_9783e6b9166dfb4049c4._native.native_decide.ax_1_1,
 ShannonBounds.C11R6Tables.inside_988a6e27a74069e613e5._native.native_decide.ax_1_1,
 ShannonBounds.C11R6Tables.inside_bd87a4825e888e5d22f9._native.native_decide.ax_1_1,
 ShannonBounds.C11R6Tables.inside_bed27dc006b01fbbbcf8._native.native_decide.ax_1_1,
 ShannonBounds.C11R6Tables.inside_cc72ba3cc3d211951e7b._native.native_decide.ax_1_1,
 ShannonBounds.C11R6Tables.inside_cf346b778e5d726ffeff._native.native_decide.ax_1_1,
 ShannonBounds.C11R6Tables.inside_d101ee426b09eceb0f46._native.native_decide.ax_1_1,
 ShannonBounds.C11R6Tables.inside_d49651680030e3710982._native.native_decide.ax_1_1,
 ShannonBounds.C11R6Tables.inside_e6624479a4e7b8218273._native.native_decide.ax_1_1,
 ShannonBounds.C11R6Tables.inside_ece408aa34da4a12a217._native.native_decide.ax_1_1,
 ShannonBounds.C11R6Tables.inside_f7172ffe1ee10decfde4._native.native_decide.ax_1_1]
'ShannonBounds.C11R6D186.card_code' depends on axioms: [propext,
 Classical.choice.{u},
 Quot.sound.{u},
 ShannonBounds.BaseC11.sconf_iff_conflict._native.native_decide.ax_1_1,
 ShannonBounds.BaseC11.sconf_refl._native.native_decide.ax_1_1,
 ShannonBounds.BaseC11.sconf_symm._native.native_decide.ax_1_1,
 ShannonBounds.C11R6Base.base_between._native.native_decide.ax_1_1,
 ShannonBounds.C11R6Base.base_inside._native.native_decide.ax_1_1,
 ShannonBounds.C11R6Base.base_weights._native.native_decide.ax_1_1,
 ShannonBounds.C11R6D186.polynomial_n1._native.native_decide.ax_1_1,
 ShannonBounds.C11R6D186.polynomial_n10._native.native_decide.ax_1_1,
 ShannonBounds.C11R6D186.polynomial_n11._native.native_decide.ax_1_1,
 ShannonBounds.C11R6D186.polynomial_n12._native.native_decide.ax_1_1,
 ShannonBounds.C11R6D186.polynomial_n13._native.native_decide.ax_1_1,
 ShannonBounds.C11R6D186.polynomial_n14._native.native_decide.ax_1_1,
 ShannonBounds.C11R6D186.polynomial_n15._native.native_decide.ax_1_1,
 ShannonBounds.C11R6D186.polynomial_n16._native.native_decide.ax_1_1,
 ShannonBounds.C11R6D186.polynomial_n17._native.native_decide.ax_1_1,
 ShannonBounds.C11R6D186.polynomial_n18._native.native_decide.ax_1_1,
 ShannonBounds.C11R6D186.polynomial_n19._native.native_decide.ax_1_1,
 ShannonBounds.C11R6D186.polynomial_n2._native.native_decide.ax_1_1,
 ShannonBounds.C11R6D186.polynomial_n20._native.native_decide.ax_1_1,
 ShannonBounds.C11R6D186.polynomial_n21._native.native_decide.ax_1_1,
 ShannonBounds.C11R6D186.polynomial_n22._native.native_decide.ax_1_1,
 ShannonBounds.C11R6D186.polynomial_n23._native.native_decide.ax_1_1,
 ShannonBounds.C11R6D186.polynomial_n24._native.native_decide.ax_1_1,
 ShannonBounds.C11R6D186.polynomial_n25._native.native_decide.ax_1_1,
 ShannonBounds.C11R6D186.polynomial_n26._native.native_decide.ax_1_1,
 ShannonBounds.C11R6D186.polynomial_n3._native.native_decide.ax_1_1,
 ShannonBounds.C11R6D186.polynomial_n4._native.native_decide.ax_1_1,
 ShannonBounds.C11R6D186.polynomial_n5._native.native_decide.ax_1_1,
 ShannonBounds.C11R6D186.polynomial_n6._native.native_decide.ax_1_1,
 ShannonBounds.C11R6D186.polynomial_n7._native.native_decide.ax_1_1,
 ShannonBounds.C11R6D186.polynomial_n8._native.native_decide.ax_1_1,
 ShannonBounds.C11R6D186.polynomial_n9._native.native_decide.ax_1_1,
 ShannonBounds.C11R6D186.terminal_polynomial._native.native_decide.ax_1_1,
 ShannonBounds.C11R6Tables.cross_22cac8b4c63f11109b61._native.native_decide.ax_1_1,
 ShannonBounds.C11R6Tables.cross_25f0774c2afeeb30a0e8._native.native_decide.ax_1_1,
 ShannonBounds.C11R6Tables.cross_275feb4472b545b7b61b._native.native_decide.ax_1_1,
 ShannonBounds.C11R6Tables.cross_2d78eefa50581f5d0332._native.native_decide.ax_1_1,
 ShannonBounds.C11R6Tables.cross_564505af0066fa9bc893._native.native_decide.ax_1_1,
 ShannonBounds.C11R6Tables.cross_5c2653637645ea08c462._native.native_decide.ax_1_1,
 ShannonBounds.C11R6Tables.cross_5ca90dee5abae9298a15._native.native_decide.ax_1_1,
 ShannonBounds.C11R6Tables.cross_6d1e67cc209acfd23ff3._native.native_decide.ax_1_1,
 ShannonBounds.C11R6Tables.cross_73383c091e7d3a586822._native.native_decide.ax_1_1,
 ShannonBounds.C11R6Tables.cross_953611f4b154a3d6901c._native.native_decide.ax_1_1,
 ShannonBounds.C11R6Tables.cross_9783e6b9166dfb4049c4._native.native_decide.ax_1_1,
 ShannonBounds.C11R6Tables.cross_988a6e27a74069e613e5._native.native_decide.ax_1_1,
 ShannonBounds.C11R6Tables.cross_bd87a4825e888e5d22f9._native.native_decide.ax_1_1,
 ShannonBounds.C11R6Tables.cross_bed27dc006b01fbbbcf8._native.native_decide.ax_1_1,
 ShannonBounds.C11R6Tables.cross_cc72ba3cc3d211951e7b._native.native_decide.ax_1_1,
 ShannonBounds.C11R6Tables.cross_cf346b778e5d726ffeff._native.native_decide.ax_1_1,
 ShannonBounds.C11R6Tables.cross_d49651680030e3710982._native.native_decide.ax_1_1,
 ShannonBounds.C11R6Tables.cross_e6624479a4e7b8218273._native.native_decide.ax_1_1,
 ShannonBounds.C11R6Tables.cross_ece408aa34da4a12a217._native.native_decide.ax_1_1,
 ShannonBounds.C11R6Tables.cross_f7172ffe1ee10decfde4._native.native_decide.ax_1_1,
 ShannonBounds.C11R6Tables.inside_22cac8b4c63f11109b61._native.native_decide.ax_1_1,
 ShannonBounds.C11R6Tables.inside_25f0774c2afeeb30a0e8._native.native_decide.ax_1_1,
 ShannonBounds.C11R6Tables.inside_275feb4472b545b7b61b._native.native_decide.ax_1_1,
 ShannonBounds.C11R6Tables.inside_2d78eefa50581f5d0332._native.native_decide.ax_1_1,
 ShannonBounds.C11R6Tables.inside_564505af0066fa9bc893._native.native_decide.ax_1_1,
 ShannonBounds.C11R6Tables.inside_5c2653637645ea08c462._native.native_decide.ax_1_1,
 ShannonBounds.C11R6Tables.inside_5ca90dee5abae9298a15._native.native_decide.ax_1_1,
 ShannonBounds.C11R6Tables.inside_6d1e67cc209acfd23ff3._native.native_decide.ax_1_1,
 ShannonBounds.C11R6Tables.inside_73383c091e7d3a586822._native.native_decide.ax_1_1,
 ShannonBounds.C11R6Tables.inside_953611f4b154a3d6901c._native.native_decide.ax_1_1,
 ShannonBounds.C11R6Tables.inside_9783e6b9166dfb4049c4._native.native_decide.ax_1_1,
 ShannonBounds.C11R6Tables.inside_988a6e27a74069e613e5._native.native_decide.ax_1_1,
 ShannonBounds.C11R6Tables.inside_bd87a4825e888e5d22f9._native.native_decide.ax_1_1,
 ShannonBounds.C11R6Tables.inside_bed27dc006b01fbbbcf8._native.native_decide.ax_1_1,
 ShannonBounds.C11R6Tables.inside_cc72ba3cc3d211951e7b._native.native_decide.ax_1_1,
 ShannonBounds.C11R6Tables.inside_cf346b778e5d726ffeff._native.native_decide.ax_1_1,
 ShannonBounds.C11R6Tables.inside_d101ee426b09eceb0f46._native.native_decide.ax_1_1,
 ShannonBounds.C11R6Tables.inside_d49651680030e3710982._native.native_decide.ax_1_1,
 ShannonBounds.C11R6Tables.inside_e6624479a4e7b8218273._native.native_decide.ax_1_1,
 ShannonBounds.C11R6Tables.inside_ece408aa34da4a12a217._native.native_decide.ax_1_1,
 ShannonBounds.C11R6Tables.inside_f7172ffe1ee10decfde4._native.native_decide.ax_1_1]
'ShannonBounds.C11R6D186.independent_code' depends on axioms: [propext,
 Classical.choice.{u},
 Quot.sound.{u},
 ShannonBounds.BaseC11.sconf_iff_conflict._native.native_decide.ax_1_1,
 ShannonBounds.BaseC11.sconf_refl._native.native_decide.ax_1_1,
 ShannonBounds.BaseC11.sconf_symm._native.native_decide.ax_1_1,
 ShannonBounds.C11R6Base.base_between._native.native_decide.ax_1_1,
 ShannonBounds.C11R6Base.base_inside._native.native_decide.ax_1_1,
 ShannonBounds.C11R6Tables.cross_22cac8b4c63f11109b61._native.native_decide.ax_1_1,
 ShannonBounds.C11R6Tables.cross_25f0774c2afeeb30a0e8._native.native_decide.ax_1_1,
 ShannonBounds.C11R6Tables.cross_275feb4472b545b7b61b._native.native_decide.ax_1_1,
 ShannonBounds.C11R6Tables.cross_2d78eefa50581f5d0332._native.native_decide.ax_1_1,
 ShannonBounds.C11R6Tables.cross_564505af0066fa9bc893._native.native_decide.ax_1_1,
 ShannonBounds.C11R6Tables.cross_5c2653637645ea08c462._native.native_decide.ax_1_1,
 ShannonBounds.C11R6Tables.cross_5ca90dee5abae9298a15._native.native_decide.ax_1_1,
 ShannonBounds.C11R6Tables.cross_6d1e67cc209acfd23ff3._native.native_decide.ax_1_1,
 ShannonBounds.C11R6Tables.cross_73383c091e7d3a586822._native.native_decide.ax_1_1,
 ShannonBounds.C11R6Tables.cross_953611f4b154a3d6901c._native.native_decide.ax_1_1,
 ShannonBounds.C11R6Tables.cross_9783e6b9166dfb4049c4._native.native_decide.ax_1_1,
 ShannonBounds.C11R6Tables.cross_988a6e27a74069e613e5._native.native_decide.ax_1_1,
 ShannonBounds.C11R6Tables.cross_bd87a4825e888e5d22f9._native.native_decide.ax_1_1,
 ShannonBounds.C11R6Tables.cross_bed27dc006b01fbbbcf8._native.native_decide.ax_1_1,
 ShannonBounds.C11R6Tables.cross_cc72ba3cc3d211951e7b._native.native_decide.ax_1_1,
 ShannonBounds.C11R6Tables.cross_cf346b778e5d726ffeff._native.native_decide.ax_1_1,
 ShannonBounds.C11R6Tables.cross_d49651680030e3710982._native.native_decide.ax_1_1,
 ShannonBounds.C11R6Tables.cross_e6624479a4e7b8218273._native.native_decide.ax_1_1,
 ShannonBounds.C11R6Tables.cross_ece408aa34da4a12a217._native.native_decide.ax_1_1,
 ShannonBounds.C11R6Tables.cross_f7172ffe1ee10decfde4._native.native_decide.ax_1_1,
 ShannonBounds.C11R6Tables.inside_22cac8b4c63f11109b61._native.native_decide.ax_1_1,
 ShannonBounds.C11R6Tables.inside_25f0774c2afeeb30a0e8._native.native_decide.ax_1_1,
 ShannonBounds.C11R6Tables.inside_275feb4472b545b7b61b._native.native_decide.ax_1_1,
 ShannonBounds.C11R6Tables.inside_2d78eefa50581f5d0332._native.native_decide.ax_1_1,
 ShannonBounds.C11R6Tables.inside_564505af0066fa9bc893._native.native_decide.ax_1_1,
 ShannonBounds.C11R6Tables.inside_5c2653637645ea08c462._native.native_decide.ax_1_1,
 ShannonBounds.C11R6Tables.inside_5ca90dee5abae9298a15._native.native_decide.ax_1_1,
 ShannonBounds.C11R6Tables.inside_6d1e67cc209acfd23ff3._native.native_decide.ax_1_1,
 ShannonBounds.C11R6Tables.inside_73383c091e7d3a586822._native.native_decide.ax_1_1,
 ShannonBounds.C11R6Tables.inside_953611f4b154a3d6901c._native.native_decide.ax_1_1,
 ShannonBounds.C11R6Tables.inside_9783e6b9166dfb4049c4._native.native_decide.ax_1_1,
 ShannonBounds.C11R6Tables.inside_988a6e27a74069e613e5._native.native_decide.ax_1_1,
 ShannonBounds.C11R6Tables.inside_bd87a4825e888e5d22f9._native.native_decide.ax_1_1,
 ShannonBounds.C11R6Tables.inside_bed27dc006b01fbbbcf8._native.native_decide.ax_1_1,
 ShannonBounds.C11R6Tables.inside_cc72ba3cc3d211951e7b._native.native_decide.ax_1_1,
 ShannonBounds.C11R6Tables.inside_cf346b778e5d726ffeff._native.native_decide.ax_1_1,
 ShannonBounds.C11R6Tables.inside_d101ee426b09eceb0f46._native.native_decide.ax_1_1,
 ShannonBounds.C11R6Tables.inside_d49651680030e3710982._native.native_decide.ax_1_1,
 ShannonBounds.C11R6Tables.inside_e6624479a4e7b8218273._native.native_decide.ax_1_1,
 ShannonBounds.C11R6Tables.inside_ece408aa34da4a12a217._native.native_decide.ax_1_1,
 ShannonBounds.C11R6Tables.inside_f7172ffe1ee10decfde4._native.native_decide.ax_1_1]
'ShannonBounds.C11R6D186.exists_code' depends on axioms: [propext,
 Classical.choice.{u},
 Quot.sound.{u},
 ShannonBounds.BaseC11.sconf_iff_conflict._native.native_decide.ax_1_1,
 ShannonBounds.BaseC11.sconf_refl._native.native_decide.ax_1_1,
 ShannonBounds.BaseC11.sconf_symm._native.native_decide.ax_1_1,
 ShannonBounds.C11R6Base.base_between._native.native_decide.ax_1_1,
 ShannonBounds.C11R6Base.base_inside._native.native_decide.ax_1_1,
 ShannonBounds.C11R6Base.base_weights._native.native_decide.ax_1_1,
 ShannonBounds.C11R6D186.polynomial_n1._native.native_decide.ax_1_1,
 ShannonBounds.C11R6D186.polynomial_n10._native.native_decide.ax_1_1,
 ShannonBounds.C11R6D186.polynomial_n11._native.native_decide.ax_1_1,
 ShannonBounds.C11R6D186.polynomial_n12._native.native_decide.ax_1_1,
 ShannonBounds.C11R6D186.polynomial_n13._native.native_decide.ax_1_1,
 ShannonBounds.C11R6D186.polynomial_n14._native.native_decide.ax_1_1,
 ShannonBounds.C11R6D186.polynomial_n15._native.native_decide.ax_1_1,
 ShannonBounds.C11R6D186.polynomial_n16._native.native_decide.ax_1_1,
 ShannonBounds.C11R6D186.polynomial_n17._native.native_decide.ax_1_1,
 ShannonBounds.C11R6D186.polynomial_n18._native.native_decide.ax_1_1,
 ShannonBounds.C11R6D186.polynomial_n19._native.native_decide.ax_1_1,
 ShannonBounds.C11R6D186.polynomial_n2._native.native_decide.ax_1_1,
 ShannonBounds.C11R6D186.polynomial_n20._native.native_decide.ax_1_1,
 ShannonBounds.C11R6D186.polynomial_n21._native.native_decide.ax_1_1,
 ShannonBounds.C11R6D186.polynomial_n22._native.native_decide.ax_1_1,
 ShannonBounds.C11R6D186.polynomial_n23._native.native_decide.ax_1_1,
 ShannonBounds.C11R6D186.polynomial_n24._native.native_decide.ax_1_1,
 ShannonBounds.C11R6D186.polynomial_n25._native.native_decide.ax_1_1,
 ShannonBounds.C11R6D186.polynomial_n26._native.native_decide.ax_1_1,
 ShannonBounds.C11R6D186.polynomial_n3._native.native_decide.ax_1_1,
 ShannonBounds.C11R6D186.polynomial_n4._native.native_decide.ax_1_1,
 ShannonBounds.C11R6D186.polynomial_n5._native.native_decide.ax_1_1,
 ShannonBounds.C11R6D186.polynomial_n6._native.native_decide.ax_1_1,
 ShannonBounds.C11R6D186.polynomial_n7._native.native_decide.ax_1_1,
 ShannonBounds.C11R6D186.polynomial_n8._native.native_decide.ax_1_1,
 ShannonBounds.C11R6D186.polynomial_n9._native.native_decide.ax_1_1,
 ShannonBounds.C11R6D186.terminal_polynomial._native.native_decide.ax_1_1,
 ShannonBounds.C11R6Tables.cross_22cac8b4c63f11109b61._native.native_decide.ax_1_1,
 ShannonBounds.C11R6Tables.cross_25f0774c2afeeb30a0e8._native.native_decide.ax_1_1,
 ShannonBounds.C11R6Tables.cross_275feb4472b545b7b61b._native.native_decide.ax_1_1,
 ShannonBounds.C11R6Tables.cross_2d78eefa50581f5d0332._native.native_decide.ax_1_1,
 ShannonBounds.C11R6Tables.cross_564505af0066fa9bc893._native.native_decide.ax_1_1,
 ShannonBounds.C11R6Tables.cross_5c2653637645ea08c462._native.native_decide.ax_1_1,
 ShannonBounds.C11R6Tables.cross_5ca90dee5abae9298a15._native.native_decide.ax_1_1,
 ShannonBounds.C11R6Tables.cross_6d1e67cc209acfd23ff3._native.native_decide.ax_1_1,
 ShannonBounds.C11R6Tables.cross_73383c091e7d3a586822._native.native_decide.ax_1_1,
 ShannonBounds.C11R6Tables.cross_953611f4b154a3d6901c._native.native_decide.ax_1_1,
 ShannonBounds.C11R6Tables.cross_9783e6b9166dfb4049c4._native.native_decide.ax_1_1,
 ShannonBounds.C11R6Tables.cross_988a6e27a74069e613e5._native.native_decide.ax_1_1,
 ShannonBounds.C11R6Tables.cross_bd87a4825e888e5d22f9._native.native_decide.ax_1_1,
 ShannonBounds.C11R6Tables.cross_bed27dc006b01fbbbcf8._native.native_decide.ax_1_1,
 ShannonBounds.C11R6Tables.cross_cc72ba3cc3d211951e7b._native.native_decide.ax_1_1,
 ShannonBounds.C11R6Tables.cross_cf346b778e5d726ffeff._native.native_decide.ax_1_1,
 ShannonBounds.C11R6Tables.cross_d49651680030e3710982._native.native_decide.ax_1_1,
 ShannonBounds.C11R6Tables.cross_e6624479a4e7b8218273._native.native_decide.ax_1_1,
 ShannonBounds.C11R6Tables.cross_ece408aa34da4a12a217._native.native_decide.ax_1_1,
 ShannonBounds.C11R6Tables.cross_f7172ffe1ee10decfde4._native.native_decide.ax_1_1,
 ShannonBounds.C11R6Tables.inside_22cac8b4c63f11109b61._native.native_decide.ax_1_1,
 ShannonBounds.C11R6Tables.inside_25f0774c2afeeb30a0e8._native.native_decide.ax_1_1,
 ShannonBounds.C11R6Tables.inside_275feb4472b545b7b61b._native.native_decide.ax_1_1,
 ShannonBounds.C11R6Tables.inside_2d78eefa50581f5d0332._native.native_decide.ax_1_1,
 ShannonBounds.C11R6Tables.inside_564505af0066fa9bc893._native.native_decide.ax_1_1,
 ShannonBounds.C11R6Tables.inside_5c2653637645ea08c462._native.native_decide.ax_1_1,
 ShannonBounds.C11R6Tables.inside_5ca90dee5abae9298a15._native.native_decide.ax_1_1,
 ShannonBounds.C11R6Tables.inside_6d1e67cc209acfd23ff3._native.native_decide.ax_1_1,
 ShannonBounds.C11R6Tables.inside_73383c091e7d3a586822._native.native_decide.ax_1_1,
 ShannonBounds.C11R6Tables.inside_953611f4b154a3d6901c._native.native_decide.ax_1_1,
 ShannonBounds.C11R6Tables.inside_9783e6b9166dfb4049c4._native.native_decide.ax_1_1,
 ShannonBounds.C11R6Tables.inside_988a6e27a74069e613e5._native.native_decide.ax_1_1,
 ShannonBounds.C11R6Tables.inside_bd87a4825e888e5d22f9._native.native_decide.ax_1_1,
 ShannonBounds.C11R6Tables.inside_bed27dc006b01fbbbcf8._native.native_decide.ax_1_1,
 ShannonBounds.C11R6Tables.inside_cc72ba3cc3d211951e7b._native.native_decide.ax_1_1,
 ShannonBounds.C11R6Tables.inside_cf346b778e5d726ffeff._native.native_decide.ax_1_1,
 ShannonBounds.C11R6Tables.inside_d101ee426b09eceb0f46._native.native_decide.ax_1_1,
 ShannonBounds.C11R6Tables.inside_d49651680030e3710982._native.native_decide.ax_1_1,
 ShannonBounds.C11R6Tables.inside_e6624479a4e7b8218273._native.native_decide.ax_1_1,
 ShannonBounds.C11R6Tables.inside_ece408aa34da4a12a217._native.native_decide.ax_1_1,
 ShannonBounds.C11R6Tables.inside_f7172ffe1ee10decfde4._native.native_decide.ax_1_1]
'ShannonBounds.C11R6D186.alpha_ge' depends on axioms: [propext,
 Classical.choice.{u},
 Quot.sound.{u},
 ShannonBounds.BaseC11.sconf_iff_conflict._native.native_decide.ax_1_1,
 ShannonBounds.BaseC11.sconf_refl._native.native_decide.ax_1_1,
 ShannonBounds.BaseC11.sconf_symm._native.native_decide.ax_1_1,
 ShannonBounds.C11R6Base.base_between._native.native_decide.ax_1_1,
 ShannonBounds.C11R6Base.base_inside._native.native_decide.ax_1_1,
 ShannonBounds.C11R6Base.base_weights._native.native_decide.ax_1_1,
 ShannonBounds.C11R6D186.polynomial_n1._native.native_decide.ax_1_1,
 ShannonBounds.C11R6D186.polynomial_n10._native.native_decide.ax_1_1,
 ShannonBounds.C11R6D186.polynomial_n11._native.native_decide.ax_1_1,
 ShannonBounds.C11R6D186.polynomial_n12._native.native_decide.ax_1_1,
 ShannonBounds.C11R6D186.polynomial_n13._native.native_decide.ax_1_1,
 ShannonBounds.C11R6D186.polynomial_n14._native.native_decide.ax_1_1,
 ShannonBounds.C11R6D186.polynomial_n15._native.native_decide.ax_1_1,
 ShannonBounds.C11R6D186.polynomial_n16._native.native_decide.ax_1_1,
 ShannonBounds.C11R6D186.polynomial_n17._native.native_decide.ax_1_1,
 ShannonBounds.C11R6D186.polynomial_n18._native.native_decide.ax_1_1,
 ShannonBounds.C11R6D186.polynomial_n19._native.native_decide.ax_1_1,
 ShannonBounds.C11R6D186.polynomial_n2._native.native_decide.ax_1_1,
 ShannonBounds.C11R6D186.polynomial_n20._native.native_decide.ax_1_1,
 ShannonBounds.C11R6D186.polynomial_n21._native.native_decide.ax_1_1,
 ShannonBounds.C11R6D186.polynomial_n22._native.native_decide.ax_1_1,
 ShannonBounds.C11R6D186.polynomial_n23._native.native_decide.ax_1_1,
 ShannonBounds.C11R6D186.polynomial_n24._native.native_decide.ax_1_1,
 ShannonBounds.C11R6D186.polynomial_n25._native.native_decide.ax_1_1,
 ShannonBounds.C11R6D186.polynomial_n26._native.native_decide.ax_1_1,
 ShannonBounds.C11R6D186.polynomial_n3._native.native_decide.ax_1_1,
 ShannonBounds.C11R6D186.polynomial_n4._native.native_decide.ax_1_1,
 ShannonBounds.C11R6D186.polynomial_n5._native.native_decide.ax_1_1,
 ShannonBounds.C11R6D186.polynomial_n6._native.native_decide.ax_1_1,
 ShannonBounds.C11R6D186.polynomial_n7._native.native_decide.ax_1_1,
 ShannonBounds.C11R6D186.polynomial_n8._native.native_decide.ax_1_1,
 ShannonBounds.C11R6D186.polynomial_n9._native.native_decide.ax_1_1,
 ShannonBounds.C11R6D186.terminal_polynomial._native.native_decide.ax_1_1,
 ShannonBounds.C11R6Tables.cross_22cac8b4c63f11109b61._native.native_decide.ax_1_1,
 ShannonBounds.C11R6Tables.cross_25f0774c2afeeb30a0e8._native.native_decide.ax_1_1,
 ShannonBounds.C11R6Tables.cross_275feb4472b545b7b61b._native.native_decide.ax_1_1,
 ShannonBounds.C11R6Tables.cross_2d78eefa50581f5d0332._native.native_decide.ax_1_1,
 ShannonBounds.C11R6Tables.cross_564505af0066fa9bc893._native.native_decide.ax_1_1,
 ShannonBounds.C11R6Tables.cross_5c2653637645ea08c462._native.native_decide.ax_1_1,
 ShannonBounds.C11R6Tables.cross_5ca90dee5abae9298a15._native.native_decide.ax_1_1,
 ShannonBounds.C11R6Tables.cross_6d1e67cc209acfd23ff3._native.native_decide.ax_1_1,
 ShannonBounds.C11R6Tables.cross_73383c091e7d3a586822._native.native_decide.ax_1_1,
 ShannonBounds.C11R6Tables.cross_953611f4b154a3d6901c._native.native_decide.ax_1_1,
 ShannonBounds.C11R6Tables.cross_9783e6b9166dfb4049c4._native.native_decide.ax_1_1,
 ShannonBounds.C11R6Tables.cross_988a6e27a74069e613e5._native.native_decide.ax_1_1,
 ShannonBounds.C11R6Tables.cross_bd87a4825e888e5d22f9._native.native_decide.ax_1_1,
 ShannonBounds.C11R6Tables.cross_bed27dc006b01fbbbcf8._native.native_decide.ax_1_1,
 ShannonBounds.C11R6Tables.cross_cc72ba3cc3d211951e7b._native.native_decide.ax_1_1,
 ShannonBounds.C11R6Tables.cross_cf346b778e5d726ffeff._native.native_decide.ax_1_1,
 ShannonBounds.C11R6Tables.cross_d49651680030e3710982._native.native_decide.ax_1_1,
 ShannonBounds.C11R6Tables.cross_e6624479a4e7b8218273._native.native_decide.ax_1_1,
 ShannonBounds.C11R6Tables.cross_ece408aa34da4a12a217._native.native_decide.ax_1_1,
 ShannonBounds.C11R6Tables.cross_f7172ffe1ee10decfde4._native.native_decide.ax_1_1,
 ShannonBounds.C11R6Tables.inside_22cac8b4c63f11109b61._native.native_decide.ax_1_1,
 ShannonBounds.C11R6Tables.inside_25f0774c2afeeb30a0e8._native.native_decide.ax_1_1,
 ShannonBounds.C11R6Tables.inside_275feb4472b545b7b61b._native.native_decide.ax_1_1,
 ShannonBounds.C11R6Tables.inside_2d78eefa50581f5d0332._native.native_decide.ax_1_1,
 ShannonBounds.C11R6Tables.inside_564505af0066fa9bc893._native.native_decide.ax_1_1,
 ShannonBounds.C11R6Tables.inside_5c2653637645ea08c462._native.native_decide.ax_1_1,
 ShannonBounds.C11R6Tables.inside_5ca90dee5abae9298a15._native.native_decide.ax_1_1,
 ShannonBounds.C11R6Tables.inside_6d1e67cc209acfd23ff3._native.native_decide.ax_1_1,
 ShannonBounds.C11R6Tables.inside_73383c091e7d3a586822._native.native_decide.ax_1_1,
 ShannonBounds.C11R6Tables.inside_953611f4b154a3d6901c._native.native_decide.ax_1_1,
 ShannonBounds.C11R6Tables.inside_9783e6b9166dfb4049c4._native.native_decide.ax_1_1,
 ShannonBounds.C11R6Tables.inside_988a6e27a74069e613e5._native.native_decide.ax_1_1,
 ShannonBounds.C11R6Tables.inside_bd87a4825e888e5d22f9._native.native_decide.ax_1_1,
 ShannonBounds.C11R6Tables.inside_bed27dc006b01fbbbcf8._native.native_decide.ax_1_1,
 ShannonBounds.C11R6Tables.inside_cc72ba3cc3d211951e7b._native.native_decide.ax_1_1,
 ShannonBounds.C11R6Tables.inside_cf346b778e5d726ffeff._native.native_decide.ax_1_1,
 ShannonBounds.C11R6Tables.inside_d101ee426b09eceb0f46._native.native_decide.ax_1_1,
 ShannonBounds.C11R6Tables.inside_d49651680030e3710982._native.native_decide.ax_1_1,
 ShannonBounds.C11R6Tables.inside_e6624479a4e7b8218273._native.native_decide.ax_1_1,
 ShannonBounds.C11R6Tables.inside_ece408aa34da4a12a217._native.native_decide.ax_1_1,
 ShannonBounds.C11R6Tables.inside_f7172ffe1ee10decfde4._native.native_decide.ax_1_1]
'ShannonBounds.C11R6D186.capacity_root' depends on axioms: [propext,
 Classical.choice.{u},
 Quot.sound.{u},
 ShannonBounds.BaseC11.sconf_iff_conflict._native.native_decide.ax_1_1,
 ShannonBounds.BaseC11.sconf_refl._native.native_decide.ax_1_1,
 ShannonBounds.BaseC11.sconf_symm._native.native_decide.ax_1_1,
 ShannonBounds.C11R6Base.base_between._native.native_decide.ax_1_1,
 ShannonBounds.C11R6Base.base_inside._native.native_decide.ax_1_1,
 ShannonBounds.C11R6Base.base_weights._native.native_decide.ax_1_1,
 ShannonBounds.C11R6D186.polynomial_n1._native.native_decide.ax_1_1,
 ShannonBounds.C11R6D186.polynomial_n10._native.native_decide.ax_1_1,
 ShannonBounds.C11R6D186.polynomial_n11._native.native_decide.ax_1_1,
 ShannonBounds.C11R6D186.polynomial_n12._native.native_decide.ax_1_1,
 ShannonBounds.C11R6D186.polynomial_n13._native.native_decide.ax_1_1,
 ShannonBounds.C11R6D186.polynomial_n14._native.native_decide.ax_1_1,
 ShannonBounds.C11R6D186.polynomial_n15._native.native_decide.ax_1_1,
 ShannonBounds.C11R6D186.polynomial_n16._native.native_decide.ax_1_1,
 ShannonBounds.C11R6D186.polynomial_n17._native.native_decide.ax_1_1,
 ShannonBounds.C11R6D186.polynomial_n18._native.native_decide.ax_1_1,
 ShannonBounds.C11R6D186.polynomial_n19._native.native_decide.ax_1_1,
 ShannonBounds.C11R6D186.polynomial_n2._native.native_decide.ax_1_1,
 ShannonBounds.C11R6D186.polynomial_n20._native.native_decide.ax_1_1,
 ShannonBounds.C11R6D186.polynomial_n21._native.native_decide.ax_1_1,
 ShannonBounds.C11R6D186.polynomial_n22._native.native_decide.ax_1_1,
 ShannonBounds.C11R6D186.polynomial_n23._native.native_decide.ax_1_1,
 ShannonBounds.C11R6D186.polynomial_n24._native.native_decide.ax_1_1,
 ShannonBounds.C11R6D186.polynomial_n25._native.native_decide.ax_1_1,
 ShannonBounds.C11R6D186.polynomial_n26._native.native_decide.ax_1_1,
 ShannonBounds.C11R6D186.polynomial_n3._native.native_decide.ax_1_1,
 ShannonBounds.C11R6D186.polynomial_n4._native.native_decide.ax_1_1,
 ShannonBounds.C11R6D186.polynomial_n5._native.native_decide.ax_1_1,
 ShannonBounds.C11R6D186.polynomial_n6._native.native_decide.ax_1_1,
 ShannonBounds.C11R6D186.polynomial_n7._native.native_decide.ax_1_1,
 ShannonBounds.C11R6D186.polynomial_n8._native.native_decide.ax_1_1,
 ShannonBounds.C11R6D186.polynomial_n9._native.native_decide.ax_1_1,
 ShannonBounds.C11R6D186.terminal_polynomial._native.native_decide.ax_1_1,
 ShannonBounds.C11R6Tables.cross_22cac8b4c63f11109b61._native.native_decide.ax_1_1,
 ShannonBounds.C11R6Tables.cross_25f0774c2afeeb30a0e8._native.native_decide.ax_1_1,
 ShannonBounds.C11R6Tables.cross_275feb4472b545b7b61b._native.native_decide.ax_1_1,
 ShannonBounds.C11R6Tables.cross_2d78eefa50581f5d0332._native.native_decide.ax_1_1,
 ShannonBounds.C11R6Tables.cross_564505af0066fa9bc893._native.native_decide.ax_1_1,
 ShannonBounds.C11R6Tables.cross_5c2653637645ea08c462._native.native_decide.ax_1_1,
 ShannonBounds.C11R6Tables.cross_5ca90dee5abae9298a15._native.native_decide.ax_1_1,
 ShannonBounds.C11R6Tables.cross_6d1e67cc209acfd23ff3._native.native_decide.ax_1_1,
 ShannonBounds.C11R6Tables.cross_73383c091e7d3a586822._native.native_decide.ax_1_1,
 ShannonBounds.C11R6Tables.cross_953611f4b154a3d6901c._native.native_decide.ax_1_1,
 ShannonBounds.C11R6Tables.cross_9783e6b9166dfb4049c4._native.native_decide.ax_1_1,
 ShannonBounds.C11R6Tables.cross_988a6e27a74069e613e5._native.native_decide.ax_1_1,
 ShannonBounds.C11R6Tables.cross_bd87a4825e888e5d22f9._native.native_decide.ax_1_1,
 ShannonBounds.C11R6Tables.cross_bed27dc006b01fbbbcf8._native.native_decide.ax_1_1,
 ShannonBounds.C11R6Tables.cross_cc72ba3cc3d211951e7b._native.native_decide.ax_1_1,
 ShannonBounds.C11R6Tables.cross_cf346b778e5d726ffeff._native.native_decide.ax_1_1,
 ShannonBounds.C11R6Tables.cross_d49651680030e3710982._native.native_decide.ax_1_1,
 ShannonBounds.C11R6Tables.cross_e6624479a4e7b8218273._native.native_decide.ax_1_1,
 ShannonBounds.C11R6Tables.cross_ece408aa34da4a12a217._native.native_decide.ax_1_1,
 ShannonBounds.C11R6Tables.cross_f7172ffe1ee10decfde4._native.native_decide.ax_1_1,
 ShannonBounds.C11R6Tables.inside_22cac8b4c63f11109b61._native.native_decide.ax_1_1,
 ShannonBounds.C11R6Tables.inside_25f0774c2afeeb30a0e8._native.native_decide.ax_1_1,
 ShannonBounds.C11R6Tables.inside_275feb4472b545b7b61b._native.native_decide.ax_1_1,
 ShannonBounds.C11R6Tables.inside_2d78eefa50581f5d0332._native.native_decide.ax_1_1,
 ShannonBounds.C11R6Tables.inside_564505af0066fa9bc893._native.native_decide.ax_1_1,
 ShannonBounds.C11R6Tables.inside_5c2653637645ea08c462._native.native_decide.ax_1_1,
 ShannonBounds.C11R6Tables.inside_5ca90dee5abae9298a15._native.native_decide.ax_1_1,
 ShannonBounds.C11R6Tables.inside_6d1e67cc209acfd23ff3._native.native_decide.ax_1_1,
 ShannonBounds.C11R6Tables.inside_73383c091e7d3a586822._native.native_decide.ax_1_1,
 ShannonBounds.C11R6Tables.inside_953611f4b154a3d6901c._native.native_decide.ax_1_1,
 ShannonBounds.C11R6Tables.inside_9783e6b9166dfb4049c4._native.native_decide.ax_1_1,
 ShannonBounds.C11R6Tables.inside_988a6e27a74069e613e5._native.native_decide.ax_1_1,
 ShannonBounds.C11R6Tables.inside_bd87a4825e888e5d22f9._native.native_decide.ax_1_1,
 ShannonBounds.C11R6Tables.inside_bed27dc006b01fbbbcf8._native.native_decide.ax_1_1,
 ShannonBounds.C11R6Tables.inside_cc72ba3cc3d211951e7b._native.native_decide.ax_1_1,
 ShannonBounds.C11R6Tables.inside_cf346b778e5d726ffeff._native.native_decide.ax_1_1,
 ShannonBounds.C11R6Tables.inside_d101ee426b09eceb0f46._native.native_decide.ax_1_1,
 ShannonBounds.C11R6Tables.inside_d49651680030e3710982._native.native_decide.ax_1_1,
 ShannonBounds.C11R6Tables.inside_e6624479a4e7b8218273._native.native_decide.ax_1_1,
 ShannonBounds.C11R6Tables.inside_ece408aa34da4a12a217._native.native_decide.ax_1_1,
 ShannonBounds.C11R6Tables.inside_f7172ffe1ee10decfde4._native.native_decide.ax_1_1]
'ShannonBounds.C11R6D186.root_bracket' depends on axioms: [propext,
 Classical.choice.{u},
 Quot.sound.{u},
 ShannonBounds.C11R6D186.decimal_lower_integer._native.native_decide.ax_1_1,
 ShannonBounds.C11R6D186.decimal_upper_integer._native.native_decide.ax_1_1]
'ShannonBounds.C11R6D186.capacity_lower' depends on axioms: [propext,
 Classical.choice.{u},
 Quot.sound.{u},
 ShannonBounds.BaseC11.sconf_iff_conflict._native.native_decide.ax_1_1,
 ShannonBounds.BaseC11.sconf_refl._native.native_decide.ax_1_1,
 ShannonBounds.BaseC11.sconf_symm._native.native_decide.ax_1_1,
 ShannonBounds.C11R6Base.base_between._native.native_decide.ax_1_1,
 ShannonBounds.C11R6Base.base_inside._native.native_decide.ax_1_1,
 ShannonBounds.C11R6Base.base_weights._native.native_decide.ax_1_1,
 ShannonBounds.C11R6D186.decimal_lower_integer._native.native_decide.ax_1_1,
 ShannonBounds.C11R6D186.decimal_upper_integer._native.native_decide.ax_1_1,
 ShannonBounds.C11R6D186.polynomial_n1._native.native_decide.ax_1_1,
 ShannonBounds.C11R6D186.polynomial_n10._native.native_decide.ax_1_1,
 ShannonBounds.C11R6D186.polynomial_n11._native.native_decide.ax_1_1,
 ShannonBounds.C11R6D186.polynomial_n12._native.native_decide.ax_1_1,
 ShannonBounds.C11R6D186.polynomial_n13._native.native_decide.ax_1_1,
 ShannonBounds.C11R6D186.polynomial_n14._native.native_decide.ax_1_1,
 ShannonBounds.C11R6D186.polynomial_n15._native.native_decide.ax_1_1,
 ShannonBounds.C11R6D186.polynomial_n16._native.native_decide.ax_1_1,
 ShannonBounds.C11R6D186.polynomial_n17._native.native_decide.ax_1_1,
 ShannonBounds.C11R6D186.polynomial_n18._native.native_decide.ax_1_1,
 ShannonBounds.C11R6D186.polynomial_n19._native.native_decide.ax_1_1,
 ShannonBounds.C11R6D186.polynomial_n2._native.native_decide.ax_1_1,
 ShannonBounds.C11R6D186.polynomial_n20._native.native_decide.ax_1_1,
 ShannonBounds.C11R6D186.polynomial_n21._native.native_decide.ax_1_1,
 ShannonBounds.C11R6D186.polynomial_n22._native.native_decide.ax_1_1,
 ShannonBounds.C11R6D186.polynomial_n23._native.native_decide.ax_1_1,
 ShannonBounds.C11R6D186.polynomial_n24._native.native_decide.ax_1_1,
 ShannonBounds.C11R6D186.polynomial_n25._native.native_decide.ax_1_1,
 ShannonBounds.C11R6D186.polynomial_n26._native.native_decide.ax_1_1,
 ShannonBounds.C11R6D186.polynomial_n3._native.native_decide.ax_1_1,
 ShannonBounds.C11R6D186.polynomial_n4._native.native_decide.ax_1_1,
 ShannonBounds.C11R6D186.polynomial_n5._native.native_decide.ax_1_1,
 ShannonBounds.C11R6D186.polynomial_n6._native.native_decide.ax_1_1,
 ShannonBounds.C11R6D186.polynomial_n7._native.native_decide.ax_1_1,
 ShannonBounds.C11R6D186.polynomial_n8._native.native_decide.ax_1_1,
 ShannonBounds.C11R6D186.polynomial_n9._native.native_decide.ax_1_1,
 ShannonBounds.C11R6D186.terminal_polynomial._native.native_decide.ax_1_1,
 ShannonBounds.C11R6Tables.cross_22cac8b4c63f11109b61._native.native_decide.ax_1_1,
 ShannonBounds.C11R6Tables.cross_25f0774c2afeeb30a0e8._native.native_decide.ax_1_1,
 ShannonBounds.C11R6Tables.cross_275feb4472b545b7b61b._native.native_decide.ax_1_1,
 ShannonBounds.C11R6Tables.cross_2d78eefa50581f5d0332._native.native_decide.ax_1_1,
 ShannonBounds.C11R6Tables.cross_564505af0066fa9bc893._native.native_decide.ax_1_1,
 ShannonBounds.C11R6Tables.cross_5c2653637645ea08c462._native.native_decide.ax_1_1,
 ShannonBounds.C11R6Tables.cross_5ca90dee5abae9298a15._native.native_decide.ax_1_1,
 ShannonBounds.C11R6Tables.cross_6d1e67cc209acfd23ff3._native.native_decide.ax_1_1,
 ShannonBounds.C11R6Tables.cross_73383c091e7d3a586822._native.native_decide.ax_1_1,
 ShannonBounds.C11R6Tables.cross_953611f4b154a3d6901c._native.native_decide.ax_1_1,
 ShannonBounds.C11R6Tables.cross_9783e6b9166dfb4049c4._native.native_decide.ax_1_1,
 ShannonBounds.C11R6Tables.cross_988a6e27a74069e613e5._native.native_decide.ax_1_1,
 ShannonBounds.C11R6Tables.cross_bd87a4825e888e5d22f9._native.native_decide.ax_1_1,
 ShannonBounds.C11R6Tables.cross_bed27dc006b01fbbbcf8._native.native_decide.ax_1_1,
 ShannonBounds.C11R6Tables.cross_cc72ba3cc3d211951e7b._native.native_decide.ax_1_1,
 ShannonBounds.C11R6Tables.cross_cf346b778e5d726ffeff._native.native_decide.ax_1_1,
 ShannonBounds.C11R6Tables.cross_d49651680030e3710982._native.native_decide.ax_1_1,
 ShannonBounds.C11R6Tables.cross_e6624479a4e7b8218273._native.native_decide.ax_1_1,
 ShannonBounds.C11R6Tables.cross_ece408aa34da4a12a217._native.native_decide.ax_1_1,
 ShannonBounds.C11R6Tables.cross_f7172ffe1ee10decfde4._native.native_decide.ax_1_1,
 ShannonBounds.C11R6Tables.inside_22cac8b4c63f11109b61._native.native_decide.ax_1_1,
 ShannonBounds.C11R6Tables.inside_25f0774c2afeeb30a0e8._native.native_decide.ax_1_1,
 ShannonBounds.C11R6Tables.inside_275feb4472b545b7b61b._native.native_decide.ax_1_1,
 ShannonBounds.C11R6Tables.inside_2d78eefa50581f5d0332._native.native_decide.ax_1_1,
 ShannonBounds.C11R6Tables.inside_564505af0066fa9bc893._native.native_decide.ax_1_1,
 ShannonBounds.C11R6Tables.inside_5c2653637645ea08c462._native.native_decide.ax_1_1,
 ShannonBounds.C11R6Tables.inside_5ca90dee5abae9298a15._native.native_decide.ax_1_1,
 ShannonBounds.C11R6Tables.inside_6d1e67cc209acfd23ff3._native.native_decide.ax_1_1,
 ShannonBounds.C11R6Tables.inside_73383c091e7d3a586822._native.native_decide.ax_1_1,
 ShannonBounds.C11R6Tables.inside_953611f4b154a3d6901c._native.native_decide.ax_1_1,
 ShannonBounds.C11R6Tables.inside_9783e6b9166dfb4049c4._native.native_decide.ax_1_1,
 ShannonBounds.C11R6Tables.inside_988a6e27a74069e613e5._native.native_decide.ax_1_1,
 ShannonBounds.C11R6Tables.inside_bd87a4825e888e5d22f9._native.native_decide.ax_1_1,
 ShannonBounds.C11R6Tables.inside_bed27dc006b01fbbbcf8._native.native_decide.ax_1_1,
 ShannonBounds.C11R6Tables.inside_cc72ba3cc3d211951e7b._native.native_decide.ax_1_1,
 ShannonBounds.C11R6Tables.inside_cf346b778e5d726ffeff._native.native_decide.ax_1_1,
 ShannonBounds.C11R6Tables.inside_d101ee426b09eceb0f46._native.native_decide.ax_1_1,
 ShannonBounds.C11R6Tables.inside_d49651680030e3710982._native.native_decide.ax_1_1,
 ShannonBounds.C11R6Tables.inside_e6624479a4e7b8218273._native.native_decide.ax_1_1,
 ShannonBounds.C11R6Tables.inside_ece408aa34da4a12a217._native.native_decide.ax_1_1,
 ShannonBounds.C11R6Tables.inside_f7172ffe1ee10decfde4._native.native_decide.ax_1_1]
'ShannonBounds.C11R6D186.strictly_larger_R5' depends on axioms: [ShannonBounds.C11R6D186.strictly_larger_R5._native.native_decide.ax_1_1]
'ShannonBounds.C11R6D186.cross_power_R5' depends on axioms: [propext,
 ShannonBounds.C11R6D186.cross_power_R5._native.native_decide.ax_1_1]
'ShannonBounds.C11R6D186.strict_root_R5' depends on axioms: [propext,
 Classical.choice.{u},
 Quot.sound.{u},
 ShannonBounds.C11R6D186.cross_power_R5._native.native_decide.ax_1_1]
'ShannonBounds.C11R6D186.step_v' depends on axioms: [propext, Classical.choice.{u}, Quot.sound.{u}]
'ShannonBounds.C11R6D186.step_n1' depends on axioms: [propext,
 Classical.choice.{u},
 Quot.sound.{u},
 ShannonBounds.C11R6D186.polynomial_n1._native.native_decide.ax_1_1,
 ShannonBounds.C11R6Tables.cross_d49651680030e3710982._native.native_decide.ax_1_1,
 ShannonBounds.C11R6Tables.inside_d49651680030e3710982._native.native_decide.ax_1_1]
'ShannonBounds.C11R6D186.step_n2' depends on axioms: [propext,
 Classical.choice.{u},
 Quot.sound.{u},
 ShannonBounds.C11R6D186.polynomial_n1._native.native_decide.ax_1_1,
 ShannonBounds.C11R6D186.polynomial_n2._native.native_decide.ax_1_1,
 ShannonBounds.C11R6Tables.cross_953611f4b154a3d6901c._native.native_decide.ax_1_1,
 ShannonBounds.C11R6Tables.cross_d49651680030e3710982._native.native_decide.ax_1_1,
 ShannonBounds.C11R6Tables.inside_953611f4b154a3d6901c._native.native_decide.ax_1_1,
 ShannonBounds.C11R6Tables.inside_d49651680030e3710982._native.native_decide.ax_1_1]
'ShannonBounds.C11R6D186.step_n3' depends on axioms: [propext,
 Classical.choice.{u},
 Quot.sound.{u},
 ShannonBounds.C11R6D186.polynomial_n1._native.native_decide.ax_1_1,
 ShannonBounds.C11R6D186.polynomial_n2._native.native_decide.ax_1_1,
 ShannonBounds.C11R6D186.polynomial_n3._native.native_decide.ax_1_1,
 ShannonBounds.C11R6Tables.cross_25f0774c2afeeb30a0e8._native.native_decide.ax_1_1,
 ShannonBounds.C11R6Tables.cross_953611f4b154a3d6901c._native.native_decide.ax_1_1,
 ShannonBounds.C11R6Tables.cross_d49651680030e3710982._native.native_decide.ax_1_1,
 ShannonBounds.C11R6Tables.inside_25f0774c2afeeb30a0e8._native.native_decide.ax_1_1,
 ShannonBounds.C11R6Tables.inside_953611f4b154a3d6901c._native.native_decide.ax_1_1,
 ShannonBounds.C11R6Tables.inside_d49651680030e3710982._native.native_decide.ax_1_1]
'ShannonBounds.C11R6D186.step_n4' depends on axioms: [propext,
 Classical.choice.{u},
 Quot.sound.{u},
 ShannonBounds.C11R6D186.polynomial_n1._native.native_decide.ax_1_1,
 ShannonBounds.C11R6D186.polynomial_n2._native.native_decide.ax_1_1,
 ShannonBounds.C11R6D186.polynomial_n3._native.native_decide.ax_1_1,
 ShannonBounds.C11R6D186.polynomial_n4._native.native_decide.ax_1_1,
 ShannonBounds.C11R6Tables.cross_22cac8b4c63f11109b61._native.native_decide.ax_1_1,
 ShannonBounds.C11R6Tables.cross_25f0774c2afeeb30a0e8._native.native_decide.ax_1_1,
 ShannonBounds.C11R6Tables.cross_953611f4b154a3d6901c._native.native_decide.ax_1_1,
 ShannonBounds.C11R6Tables.cross_d49651680030e3710982._native.native_decide.ax_1_1,
 ShannonBounds.C11R6Tables.inside_22cac8b4c63f11109b61._native.native_decide.ax_1_1,
 ShannonBounds.C11R6Tables.inside_25f0774c2afeeb30a0e8._native.native_decide.ax_1_1,
 ShannonBounds.C11R6Tables.inside_953611f4b154a3d6901c._native.native_decide.ax_1_1,
 ShannonBounds.C11R6Tables.inside_d49651680030e3710982._native.native_decide.ax_1_1]
'ShannonBounds.C11R6D186.step_n5' depends on axioms: [propext,
 Classical.choice.{u},
 Quot.sound.{u},
 ShannonBounds.C11R6D186.polynomial_n5._native.native_decide.ax_1_1,
 ShannonBounds.C11R6Tables.cross_9783e6b9166dfb4049c4._native.native_decide.ax_1_1,
 ShannonBounds.C11R6Tables.inside_9783e6b9166dfb4049c4._native.native_decide.ax_1_1]
'ShannonBounds.C11R6D186.step_n6' depends on axioms: [propext,
 Classical.choice.{u},
 Quot.sound.{u},
 ShannonBounds.C11R6D186.polynomial_n5._native.native_decide.ax_1_1,
 ShannonBounds.C11R6D186.polynomial_n6._native.native_decide.ax_1_1,
 ShannonBounds.C11R6Tables.cross_9783e6b9166dfb4049c4._native.native_decide.ax_1_1,
 ShannonBounds.C11R6Tables.cross_988a6e27a74069e613e5._native.native_decide.ax_1_1,
 ShannonBounds.C11R6Tables.inside_9783e6b9166dfb4049c4._native.native_decide.ax_1_1,
 ShannonBounds.C11R6Tables.inside_988a6e27a74069e613e5._native.native_decide.ax_1_1]
'ShannonBounds.C11R6D186.step_n7' depends on axioms: [propext,
 Classical.choice.{u},
 Quot.sound.{u},
 ShannonBounds.C11R6D186.polynomial_n5._native.native_decide.ax_1_1,
 ShannonBounds.C11R6D186.polynomial_n6._native.native_decide.ax_1_1,
 ShannonBounds.C11R6D186.polynomial_n7._native.native_decide.ax_1_1,
 ShannonBounds.C11R6Tables.cross_9783e6b9166dfb4049c4._native.native_decide.ax_1_1,
 ShannonBounds.C11R6Tables.cross_988a6e27a74069e613e5._native.native_decide.ax_1_1,
 ShannonBounds.C11R6Tables.cross_e6624479a4e7b8218273._native.native_decide.ax_1_1,
 ShannonBounds.C11R6Tables.inside_9783e6b9166dfb4049c4._native.native_decide.ax_1_1,
 ShannonBounds.C11R6Tables.inside_988a6e27a74069e613e5._native.native_decide.ax_1_1,
 ShannonBounds.C11R6Tables.inside_e6624479a4e7b8218273._native.native_decide.ax_1_1]
'ShannonBounds.C11R6D186.step_n8' depends on axioms: [propext,
 Classical.choice.{u},
 Quot.sound.{u},
 ShannonBounds.C11R6D186.polynomial_n8._native.native_decide.ax_1_1,
 ShannonBounds.C11R6Tables.cross_275feb4472b545b7b61b._native.native_decide.ax_1_1,
 ShannonBounds.C11R6Tables.inside_275feb4472b545b7b61b._native.native_decide.ax_1_1]
'ShannonBounds.C11R6D186.step_n9' depends on axioms: [propext,
 Classical.choice.{u},
 Quot.sound.{u},
 ShannonBounds.C11R6D186.polynomial_n8._native.native_decide.ax_1_1,
 ShannonBounds.C11R6D186.polynomial_n9._native.native_decide.ax_1_1,
 ShannonBounds.C11R6Tables.cross_275feb4472b545b7b61b._native.native_decide.ax_1_1,
 ShannonBounds.C11R6Tables.cross_f7172ffe1ee10decfde4._native.native_decide.ax_1_1,
 ShannonBounds.C11R6Tables.inside_275feb4472b545b7b61b._native.native_decide.ax_1_1,
 ShannonBounds.C11R6Tables.inside_f7172ffe1ee10decfde4._native.native_decide.ax_1_1]
'ShannonBounds.C11R6D186.step_n10' depends on axioms: [propext,
 Classical.choice.{u},
 Quot.sound.{u},
 ShannonBounds.C11R6D186.polynomial_n10._native.native_decide.ax_1_1,
 ShannonBounds.C11R6Tables.cross_564505af0066fa9bc893._native.native_decide.ax_1_1,
 ShannonBounds.C11R6Tables.inside_564505af0066fa9bc893._native.native_decide.ax_1_1]
'ShannonBounds.C11R6D186.step_n11' depends on axioms: [propext,
 Classical.choice.{u},
 Quot.sound.{u},
 ShannonBounds.C11R6D186.polynomial_n10._native.native_decide.ax_1_1,
 ShannonBounds.C11R6D186.polynomial_n11._native.native_decide.ax_1_1,
 ShannonBounds.C11R6D186.polynomial_n8._native.native_decide.ax_1_1,
 ShannonBounds.C11R6D186.polynomial_n9._native.native_decide.ax_1_1,
 ShannonBounds.C11R6Tables.cross_275feb4472b545b7b61b._native.native_decide.ax_1_1,
 ShannonBounds.C11R6Tables.cross_564505af0066fa9bc893._native.native_decide.ax_1_1,
 ShannonBounds.C11R6Tables.cross_cc72ba3cc3d211951e7b._native.native_decide.ax_1_1,
 ShannonBounds.C11R6Tables.cross_f7172ffe1ee10decfde4._native.native_decide.ax_1_1,
 ShannonBounds.C11R6Tables.inside_275feb4472b545b7b61b._native.native_decide.ax_1_1,
 ShannonBounds.C11R6Tables.inside_564505af0066fa9bc893._native.native_decide.ax_1_1,
 ShannonBounds.C11R6Tables.inside_cc72ba3cc3d211951e7b._native.native_decide.ax_1_1,
 ShannonBounds.C11R6Tables.inside_f7172ffe1ee10decfde4._native.native_decide.ax_1_1]
'ShannonBounds.C11R6D186.step_n12' depends on axioms: [propext,
 Classical.choice.{u},
 Quot.sound.{u},
 ShannonBounds.C11R6D186.polynomial_n12._native.native_decide.ax_1_1,
 ShannonBounds.C11R6D186.polynomial_n8._native.native_decide.ax_1_1,
 ShannonBounds.C11R6Tables.cross_275feb4472b545b7b61b._native.native_decide.ax_1_1,
 ShannonBounds.C11R6Tables.cross_2d78eefa50581f5d0332._native.native_decide.ax_1_1,
 ShannonBounds.C11R6Tables.inside_275feb4472b545b7b61b._native.native_decide.ax_1_1,
 ShannonBounds.C11R6Tables.inside_2d78eefa50581f5d0332._native.native_decide.ax_1_1]
'ShannonBounds.C11R6D186.step_n13' depends on axioms: [propext,
 Classical.choice.{u},
 Quot.sound.{u},
 ShannonBounds.C11R6D186.polynomial_n13._native.native_decide.ax_1_1,
 ShannonBounds.C11R6Tables.cross_5ca90dee5abae9298a15._native.native_decide.ax_1_1,
 ShannonBounds.C11R6Tables.inside_5ca90dee5abae9298a15._native.native_decide.ax_1_1]
'ShannonBounds.C11R6D186.step_n14' depends on axioms: [propext,
 Classical.choice.{u},
 Quot.sound.{u},
 ShannonBounds.C11R6D186.polynomial_n10._native.native_decide.ax_1_1,
 ShannonBounds.C11R6D186.polynomial_n12._native.native_decide.ax_1_1,
 ShannonBounds.C11R6D186.polynomial_n13._native.native_decide.ax_1_1,
 ShannonBounds.C11R6D186.polynomial_n14._native.native_decide.ax_1_1,
 ShannonBounds.C11R6D186.polynomial_n8._native.native_decide.ax_1_1,
 ShannonBounds.C11R6Tables.cross_275feb4472b545b7b61b._native.native_decide.ax_1_1,
 ShannonBounds.C11R6Tables.cross_2d78eefa50581f5d0332._native.native_decide.ax_1_1,
 ShannonBounds.C11R6Tables.cross_564505af0066fa9bc893._native.native_decide.ax_1_1,
 ShannonBounds.C11R6Tables.cross_5ca90dee5abae9298a15._native.native_decide.ax_1_1,
 ShannonBounds.C11R6Tables.cross_ece408aa34da4a12a217._native.native_decide.ax_1_1,
 ShannonBounds.C11R6Tables.inside_275feb4472b545b7b61b._native.native_decide.ax_1_1,
 ShannonBounds.C11R6Tables.inside_2d78eefa50581f5d0332._native.native_decide.ax_1_1,
 ShannonBounds.C11R6Tables.inside_564505af0066fa9bc893._native.native_decide.ax_1_1,
 ShannonBounds.C11R6Tables.inside_5ca90dee5abae9298a15._native.native_decide.ax_1_1,
 ShannonBounds.C11R6Tables.inside_ece408aa34da4a12a217._native.native_decide.ax_1_1]
'ShannonBounds.C11R6D186.step_n15' depends on axioms: [propext,
 Classical.choice.{u},
 Quot.sound.{u},
 ShannonBounds.C11R6D186.polynomial_n10._native.native_decide.ax_1_1,
 ShannonBounds.C11R6D186.polynomial_n15._native.native_decide.ax_1_1,
 ShannonBounds.C11R6Tables.cross_2d78eefa50581f5d0332._native.native_decide.ax_1_1,
 ShannonBounds.C11R6Tables.cross_564505af0066fa9bc893._native.native_decide.ax_1_1,
 ShannonBounds.C11R6Tables.inside_2d78eefa50581f5d0332._native.native_decide.ax_1_1,
 ShannonBounds.C11R6Tables.inside_564505af0066fa9bc893._native.native_decide.ax_1_1]
'ShannonBounds.C11R6D186.step_n16' depends on axioms: [propext,
 Classical.choice.{u},
 Quot.sound.{u},
 ShannonBounds.C11R6D186.polynomial_n10._native.native_decide.ax_1_1,
 ShannonBounds.C11R6D186.polynomial_n15._native.native_decide.ax_1_1,
 ShannonBounds.C11R6D186.polynomial_n16._native.native_decide.ax_1_1,
 ShannonBounds.C11R6Tables.cross_2d78eefa50581f5d0332._native.native_decide.ax_1_1,
 ShannonBounds.C11R6Tables.cross_564505af0066fa9bc893._native.native_decide.ax_1_1,
 ShannonBounds.C11R6Tables.cross_bd87a4825e888e5d22f9._native.native_decide.ax_1_1,
 ShannonBounds.C11R6Tables.inside_2d78eefa50581f5d0332._native.native_decide.ax_1_1,
 ShannonBounds.C11R6Tables.inside_564505af0066fa9bc893._native.native_decide.ax_1_1,
 ShannonBounds.C11R6Tables.inside_bd87a4825e888e5d22f9._native.native_decide.ax_1_1]
'ShannonBounds.C11R6D186.step_n17' depends on axioms: [propext,
 Classical.choice.{u},
 Quot.sound.{u},
 ShannonBounds.C11R6D186.polynomial_n10._native.native_decide.ax_1_1,
 ShannonBounds.C11R6D186.polynomial_n11._native.native_decide.ax_1_1,
 ShannonBounds.C11R6D186.polynomial_n12._native.native_decide.ax_1_1,
 ShannonBounds.C11R6D186.polynomial_n13._native.native_decide.ax_1_1,
 ShannonBounds.C11R6D186.polynomial_n14._native.native_decide.ax_1_1,
 ShannonBounds.C11R6D186.polynomial_n15._native.native_decide.ax_1_1,
 ShannonBounds.C11R6D186.polynomial_n16._native.native_decide.ax_1_1,
 ShannonBounds.C11R6D186.polynomial_n17._native.native_decide.ax_1_1,
 ShannonBounds.C11R6D186.polynomial_n8._native.native_decide.ax_1_1,
 ShannonBounds.C11R6D186.polynomial_n9._native.native_decide.ax_1_1,
 ShannonBounds.C11R6Tables.cross_275feb4472b545b7b61b._native.native_decide.ax_1_1,
 ShannonBounds.C11R6Tables.cross_2d78eefa50581f5d0332._native.native_decide.ax_1_1,
 ShannonBounds.C11R6Tables.cross_564505af0066fa9bc893._native.native_decide.ax_1_1,
 ShannonBounds.C11R6Tables.cross_5ca90dee5abae9298a15._native.native_decide.ax_1_1,
 ShannonBounds.C11R6Tables.cross_bd87a4825e888e5d22f9._native.native_decide.ax_1_1,
 ShannonBounds.C11R6Tables.cross_cc72ba3cc3d211951e7b._native.native_decide.ax_1_1,
 ShannonBounds.C11R6Tables.cross_cf346b778e5d726ffeff._native.native_decide.ax_1_1,
 ShannonBounds.C11R6Tables.cross_ece408aa34da4a12a217._native.native_decide.ax_1_1,
 ShannonBounds.C11R6Tables.cross_f7172ffe1ee10decfde4._native.native_decide.ax_1_1,
 ShannonBounds.C11R6Tables.inside_275feb4472b545b7b61b._native.native_decide.ax_1_1,
 ShannonBounds.C11R6Tables.inside_2d78eefa50581f5d0332._native.native_decide.ax_1_1,
 ShannonBounds.C11R6Tables.inside_564505af0066fa9bc893._native.native_decide.ax_1_1,
 ShannonBounds.C11R6Tables.inside_5ca90dee5abae9298a15._native.native_decide.ax_1_1,
 ShannonBounds.C11R6Tables.inside_bd87a4825e888e5d22f9._native.native_decide.ax_1_1,
 ShannonBounds.C11R6Tables.inside_cc72ba3cc3d211951e7b._native.native_decide.ax_1_1,
 ShannonBounds.C11R6Tables.inside_cf346b778e5d726ffeff._native.native_decide.ax_1_1,
 ShannonBounds.C11R6Tables.inside_ece408aa34da4a12a217._native.native_decide.ax_1_1,
 ShannonBounds.C11R6Tables.inside_f7172ffe1ee10decfde4._native.native_decide.ax_1_1]
'ShannonBounds.C11R6D186.step_n18' depends on axioms: [propext,
 Classical.choice.{u},
 Quot.sound.{u},
 ShannonBounds.C11R6D186.polynomial_n18._native.native_decide.ax_1_1,
 ShannonBounds.C11R6D186.polynomial_n8._native.native_decide.ax_1_1,
 ShannonBounds.C11R6Tables.cross_275feb4472b545b7b61b._native.native_decide.ax_1_1,
 ShannonBounds.C11R6Tables.cross_6d1e67cc209acfd23ff3._native.native_decide.ax_1_1,
 ShannonBounds.C11R6Tables.inside_275feb4472b545b7b61b._native.native_decide.ax_1_1,
 ShannonBounds.C11R6Tables.inside_6d1e67cc209acfd23ff3._native.native_decide.ax_1_1]
'ShannonBounds.C11R6D186.step_n19' depends on axioms: [propext,
 Classical.choice.{u},
 Quot.sound.{u},
 ShannonBounds.C11R6D186.polynomial_n19._native.native_decide.ax_1_1,
 ShannonBounds.C11R6D186.polynomial_n5._native.native_decide.ax_1_1,
 ShannonBounds.C11R6D186.polynomial_n6._native.native_decide.ax_1_1,
 ShannonBounds.C11R6Tables.cross_5c2653637645ea08c462._native.native_decide.ax_1_1,
 ShannonBounds.C11R6Tables.cross_9783e6b9166dfb4049c4._native.native_decide.ax_1_1,
 ShannonBounds.C11R6Tables.cross_988a6e27a74069e613e5._native.native_decide.ax_1_1,
 ShannonBounds.C11R6Tables.inside_5c2653637645ea08c462._native.native_decide.ax_1_1,
 ShannonBounds.C11R6Tables.inside_9783e6b9166dfb4049c4._native.native_decide.ax_1_1,
 ShannonBounds.C11R6Tables.inside_988a6e27a74069e613e5._native.native_decide.ax_1_1]
'ShannonBounds.C11R6D186.step_n20' depends on axioms: [propext,
 Classical.choice.{u},
 Quot.sound.{u},
 ShannonBounds.C11R6D186.polynomial_n19._native.native_decide.ax_1_1,
 ShannonBounds.C11R6D186.polynomial_n20._native.native_decide.ax_1_1,
 ShannonBounds.C11R6D186.polynomial_n5._native.native_decide.ax_1_1,
 ShannonBounds.C11R6D186.polynomial_n6._native.native_decide.ax_1_1,
 ShannonBounds.C11R6Tables.cross_22cac8b4c63f11109b61._native.native_decide.ax_1_1,
 ShannonBounds.C11R6Tables.cross_5c2653637645ea08c462._native.native_decide.ax_1_1,
 ShannonBounds.C11R6Tables.cross_9783e6b9166dfb4049c4._native.native_decide.ax_1_1,
 ShannonBounds.C11R6Tables.cross_988a6e27a74069e613e5._native.native_decide.ax_1_1,
 ShannonBounds.C11R6Tables.inside_22cac8b4c63f11109b61._native.native_decide.ax_1_1,
 ShannonBounds.C11R6Tables.inside_5c2653637645ea08c462._native.native_decide.ax_1_1,
 ShannonBounds.C11R6Tables.inside_9783e6b9166dfb4049c4._native.native_decide.ax_1_1,
 ShannonBounds.C11R6Tables.inside_988a6e27a74069e613e5._native.native_decide.ax_1_1]
'ShannonBounds.C11R6D186.step_n21' depends on axioms: [propext,
 Classical.choice.{u},
 Quot.sound.{u},
 ShannonBounds.C11R6D186.polynomial_n19._native.native_decide.ax_1_1,
 ShannonBounds.C11R6D186.polynomial_n20._native.native_decide.ax_1_1,
 ShannonBounds.C11R6D186.polynomial_n21._native.native_decide.ax_1_1,
 ShannonBounds.C11R6D186.polynomial_n5._native.native_decide.ax_1_1,
 ShannonBounds.C11R6D186.polynomial_n6._native.native_decide.ax_1_1,
 ShannonBounds.C11R6Tables.cross_22cac8b4c63f11109b61._native.native_decide.ax_1_1,
 ShannonBounds.C11R6Tables.cross_5c2653637645ea08c462._native.native_decide.ax_1_1,
 ShannonBounds.C11R6Tables.cross_73383c091e7d3a586822._native.native_decide.ax_1_1,
 ShannonBounds.C11R6Tables.cross_9783e6b9166dfb4049c4._native.native_decide.ax_1_1,
 ShannonBounds.C11R6Tables.cross_988a6e27a74069e613e5._native.native_decide.ax_1_1,
 ShannonBounds.C11R6Tables.inside_22cac8b4c63f11109b61._native.native_decide.ax_1_1,
 ShannonBounds.C11R6Tables.inside_5c2653637645ea08c462._native.native_decide.ax_1_1,
 ShannonBounds.C11R6Tables.inside_73383c091e7d3a586822._native.native_decide.ax_1_1,
 ShannonBounds.C11R6Tables.inside_9783e6b9166dfb4049c4._native.native_decide.ax_1_1,
 ShannonBounds.C11R6Tables.inside_988a6e27a74069e613e5._native.native_decide.ax_1_1]
'ShannonBounds.C11R6D186.step_n22' depends on axioms: [propext,
 Classical.choice.{u},
 Quot.sound.{u},
 ShannonBounds.C11R6D186.polynomial_n19._native.native_decide.ax_1_1,
 ShannonBounds.C11R6D186.polynomial_n20._native.native_decide.ax_1_1,
 ShannonBounds.C11R6D186.polynomial_n21._native.native_decide.ax_1_1,
 ShannonBounds.C11R6D186.polynomial_n22._native.native_decide.ax_1_1,
 ShannonBounds.C11R6D186.polynomial_n5._native.native_decide.ax_1_1,
 ShannonBounds.C11R6D186.polynomial_n6._native.native_decide.ax_1_1,
 ShannonBounds.C11R6Tables.cross_22cac8b4c63f11109b61._native.native_decide.ax_1_1,
 ShannonBounds.C11R6Tables.cross_5c2653637645ea08c462._native.native_decide.ax_1_1,
 ShannonBounds.C11R6Tables.cross_73383c091e7d3a586822._native.native_decide.ax_1_1,
 ShannonBounds.C11R6Tables.cross_9783e6b9166dfb4049c4._native.native_decide.ax_1_1,
 ShannonBounds.C11R6Tables.cross_988a6e27a74069e613e5._native.native_decide.ax_1_1,
 ShannonBounds.C11R6Tables.inside_22cac8b4c63f11109b61._native.native_decide.ax_1_1,
 ShannonBounds.C11R6Tables.inside_5c2653637645ea08c462._native.native_decide.ax_1_1,
 ShannonBounds.C11R6Tables.inside_73383c091e7d3a586822._native.native_decide.ax_1_1,
 ShannonBounds.C11R6Tables.inside_9783e6b9166dfb4049c4._native.native_decide.ax_1_1,
 ShannonBounds.C11R6Tables.inside_988a6e27a74069e613e5._native.native_decide.ax_1_1]
'ShannonBounds.C11R6D186.step_n23' depends on axioms: [propext,
 Classical.choice.{u},
 Quot.sound.{u},
 ShannonBounds.C11R6D186.polynomial_n19._native.native_decide.ax_1_1,
 ShannonBounds.C11R6D186.polynomial_n20._native.native_decide.ax_1_1,
 ShannonBounds.C11R6D186.polynomial_n21._native.native_decide.ax_1_1,
 ShannonBounds.C11R6D186.polynomial_n22._native.native_decide.ax_1_1,
 ShannonBounds.C11R6D186.polynomial_n23._native.native_decide.ax_1_1,
 ShannonBounds.C11R6D186.polynomial_n5._native.native_decide.ax_1_1,
 ShannonBounds.C11R6D186.polynomial_n6._native.native_decide.ax_1_1,
 ShannonBounds.C11R6Tables.cross_22cac8b4c63f11109b61._native.native_decide.ax_1_1,
 ShannonBounds.C11R6Tables.cross_5c2653637645ea08c462._native.native_decide.ax_1_1,
 ShannonBounds.C11R6Tables.cross_73383c091e7d3a586822._native.native_decide.ax_1_1,
 ShannonBounds.C11R6Tables.cross_9783e6b9166dfb4049c4._native.native_decide.ax_1_1,
 ShannonBounds.C11R6Tables.cross_988a6e27a74069e613e5._native.native_decide.ax_1_1,
 ShannonBounds.C11R6Tables.inside_22cac8b4c63f11109b61._native.native_decide.ax_1_1,
 ShannonBounds.C11R6Tables.inside_5c2653637645ea08c462._native.native_decide.ax_1_1,
 ShannonBounds.C11R6Tables.inside_73383c091e7d3a586822._native.native_decide.ax_1_1,
 ShannonBounds.C11R6Tables.inside_9783e6b9166dfb4049c4._native.native_decide.ax_1_1,
 ShannonBounds.C11R6Tables.inside_988a6e27a74069e613e5._native.native_decide.ax_1_1]
'ShannonBounds.C11R6D186.step_n24' depends on axioms: [propext,
 Classical.choice.{u},
 Quot.sound.{u},
 ShannonBounds.C11R6D186.polynomial_n19._native.native_decide.ax_1_1,
 ShannonBounds.C11R6D186.polynomial_n20._native.native_decide.ax_1_1,
 ShannonBounds.C11R6D186.polynomial_n21._native.native_decide.ax_1_1,
 ShannonBounds.C11R6D186.polynomial_n22._native.native_decide.ax_1_1,
 ShannonBounds.C11R6D186.polynomial_n23._native.native_decide.ax_1_1,
 ShannonBounds.C11R6D186.polynomial_n24._native.native_decide.ax_1_1,
 ShannonBounds.C11R6D186.polynomial_n5._native.native_decide.ax_1_1,
 ShannonBounds.C11R6D186.polynomial_n6._native.native_decide.ax_1_1,
 ShannonBounds.C11R6Tables.cross_22cac8b4c63f11109b61._native.native_decide.ax_1_1,
 ShannonBounds.C11R6Tables.cross_5c2653637645ea08c462._native.native_decide.ax_1_1,
 ShannonBounds.C11R6Tables.cross_73383c091e7d3a586822._native.native_decide.ax_1_1,
 ShannonBounds.C11R6Tables.cross_9783e6b9166dfb4049c4._native.native_decide.ax_1_1,
 ShannonBounds.C11R6Tables.cross_988a6e27a74069e613e5._native.native_decide.ax_1_1,
 ShannonBounds.C11R6Tables.inside_22cac8b4c63f11109b61._native.native_decide.ax_1_1,
 ShannonBounds.C11R6Tables.inside_5c2653637645ea08c462._native.native_decide.ax_1_1,
 ShannonBounds.C11R6Tables.inside_73383c091e7d3a586822._native.native_decide.ax_1_1,
 ShannonBounds.C11R6Tables.inside_9783e6b9166dfb4049c4._native.native_decide.ax_1_1,
 ShannonBounds.C11R6Tables.inside_988a6e27a74069e613e5._native.native_decide.ax_1_1]
'ShannonBounds.C11R6D186.step_n25' depends on axioms: [propext,
 Classical.choice.{u},
 Quot.sound.{u},
 ShannonBounds.C11R6D186.polynomial_n10._native.native_decide.ax_1_1,
 ShannonBounds.C11R6D186.polynomial_n13._native.native_decide.ax_1_1,
 ShannonBounds.C11R6D186.polynomial_n15._native.native_decide.ax_1_1,
 ShannonBounds.C11R6D186.polynomial_n25._native.native_decide.ax_1_1,
 ShannonBounds.C11R6Tables.cross_2d78eefa50581f5d0332._native.native_decide.ax_1_1,
 ShannonBounds.C11R6Tables.cross_564505af0066fa9bc893._native.native_decide.ax_1_1,
 ShannonBounds.C11R6Tables.cross_5ca90dee5abae9298a15._native.native_decide.ax_1_1,
 ShannonBounds.C11R6Tables.cross_ece408aa34da4a12a217._native.native_decide.ax_1_1,
 ShannonBounds.C11R6Tables.inside_2d78eefa50581f5d0332._native.native_decide.ax_1_1,
 ShannonBounds.C11R6Tables.inside_564505af0066fa9bc893._native.native_decide.ax_1_1,
 ShannonBounds.C11R6Tables.inside_5ca90dee5abae9298a15._native.native_decide.ax_1_1,
 ShannonBounds.C11R6Tables.inside_ece408aa34da4a12a217._native.native_decide.ax_1_1]
'ShannonBounds.C11R6D186.step_n26' depends on axioms: [propext,
 Classical.choice.{u},
 Quot.sound.{u},
 ShannonBounds.C11R6D186.polynomial_n10._native.native_decide.ax_1_1,
 ShannonBounds.C11R6D186.polynomial_n13._native.native_decide.ax_1_1,
 ShannonBounds.C11R6D186.polynomial_n15._native.native_decide.ax_1_1,
 ShannonBounds.C11R6D186.polynomial_n18._native.native_decide.ax_1_1,
 ShannonBounds.C11R6D186.polynomial_n19._native.native_decide.ax_1_1,
 ShannonBounds.C11R6D186.polynomial_n20._native.native_decide.ax_1_1,
 ShannonBounds.C11R6D186.polynomial_n21._native.native_decide.ax_1_1,
 ShannonBounds.C11R6D186.polynomial_n22._native.native_decide.ax_1_1,
 ShannonBounds.C11R6D186.polynomial_n23._native.native_decide.ax_1_1,
 ShannonBounds.C11R6D186.polynomial_n24._native.native_decide.ax_1_1,
 ShannonBounds.C11R6D186.polynomial_n25._native.native_decide.ax_1_1,
 ShannonBounds.C11R6D186.polynomial_n26._native.native_decide.ax_1_1,
 ShannonBounds.C11R6D186.polynomial_n5._native.native_decide.ax_1_1,
 ShannonBounds.C11R6D186.polynomial_n6._native.native_decide.ax_1_1,
 ShannonBounds.C11R6D186.polynomial_n8._native.native_decide.ax_1_1,
 ShannonBounds.C11R6Tables.cross_22cac8b4c63f11109b61._native.native_decide.ax_1_1,
 ShannonBounds.C11R6Tables.cross_275feb4472b545b7b61b._native.native_decide.ax_1_1,
 ShannonBounds.C11R6Tables.cross_2d78eefa50581f5d0332._native.native_decide.ax_1_1,
 ShannonBounds.C11R6Tables.cross_564505af0066fa9bc893._native.native_decide.ax_1_1,
 ShannonBounds.C11R6Tables.cross_5c2653637645ea08c462._native.native_decide.ax_1_1,
 ShannonBounds.C11R6Tables.cross_5ca90dee5abae9298a15._native.native_decide.ax_1_1,
 ShannonBounds.C11R6Tables.cross_6d1e67cc209acfd23ff3._native.native_decide.ax_1_1,
 ShannonBounds.C11R6Tables.cross_73383c091e7d3a586822._native.native_decide.ax_1_1,
 ShannonBounds.C11R6Tables.cross_9783e6b9166dfb4049c4._native.native_decide.ax_1_1,
 ShannonBounds.C11R6Tables.cross_988a6e27a74069e613e5._native.native_decide.ax_1_1,
 ShannonBounds.C11R6Tables.cross_bed27dc006b01fbbbcf8._native.native_decide.ax_1_1,
 ShannonBounds.C11R6Tables.cross_ece408aa34da4a12a217._native.native_decide.ax_1_1,
 ShannonBounds.C11R6Tables.inside_22cac8b4c63f11109b61._native.native_decide.ax_1_1,
 ShannonBounds.C11R6Tables.inside_275feb4472b545b7b61b._native.native_decide.ax_1_1,
 ShannonBounds.C11R6Tables.inside_2d78eefa50581f5d0332._native.native_decide.ax_1_1,
 ShannonBounds.C11R6Tables.inside_564505af0066fa9bc893._native.native_decide.ax_1_1,
 ShannonBounds.C11R6Tables.inside_5c2653637645ea08c462._native.native_decide.ax_1_1,
 ShannonBounds.C11R6Tables.inside_5ca90dee5abae9298a15._native.native_decide.ax_1_1,
 ShannonBounds.C11R6Tables.inside_6d1e67cc209acfd23ff3._native.native_decide.ax_1_1,
 ShannonBounds.C11R6Tables.inside_73383c091e7d3a586822._native.native_decide.ax_1_1,
 ShannonBounds.C11R6Tables.inside_9783e6b9166dfb4049c4._native.native_decide.ax_1_1,
 ShannonBounds.C11R6Tables.inside_988a6e27a74069e613e5._native.native_decide.ax_1_1,
 ShannonBounds.C11R6Tables.inside_bed27dc006b01fbbbcf8._native.native_decide.ax_1_1,
 ShannonBounds.C11R6Tables.inside_ece408aa34da4a12a217._native.native_decide.ax_1_1]
'ShannonBounds.C11R6D186.cross_power_BPZ_207' depends on axioms: [propext,
 ShannonBounds.C11R6D186.cross_power_BPZ_207._native.native_decide.ax_1_1]
'ShannonBounds.C11R6D186.strict_root_BPZ_207' depends on axioms: [propext,
 Classical.choice.{u},
 Quot.sound.{u},
 ShannonBounds.C11R6D186.cross_power_BPZ_207._native.native_decide.ax_1_1]
'ShannonBounds.C11R6D186.cross_power_R3_207' depends on axioms: [propext,
 ShannonBounds.C11R6D186.cross_power_R3_207._native.native_decide.ax_1_1]
'ShannonBounds.C11R6D186.strict_root_R3_207' depends on axioms: [propext,
 Classical.choice.{u},
 Quot.sound.{u},
 ShannonBounds.C11R6D186.cross_power_R3_207._native.native_decide.ax_1_1]
'ShannonBounds.C11R6D186.cross_power_R4_201' depends on axioms: [propext,
 ShannonBounds.C11R6D186.cross_power_R4_201._native.native_decide.ax_1_1]
'ShannonBounds.C11R6D186.strict_root_R4_201' depends on axioms: [propext,
 Classical.choice.{u},
 Quot.sound.{u},
 ShannonBounds.C11R6D186.cross_power_R4_201._native.native_decide.ax_1_1]
'ShannonBounds.C11R6D186.cross_power_R4_210' depends on axioms: [propext,
 ShannonBounds.C11R6D186.cross_power_R4_210._native.native_decide.ax_1_1]
'ShannonBounds.C11R6D186.strict_root_R4_210' depends on axioms: [propext,
 Classical.choice.{u},
 Quot.sound.{u},
 ShannonBounds.C11R6D186.cross_power_R4_210._native.native_decide.ax_1_1]
'ShannonBounds.C11R6D198.card_codeBase' depends on axioms: [propext,
 Classical.choice.{u},
 Quot.sound.{u},
 ShannonBounds.C11R6D198.polynomial_n1._native.native_decide.ax_1_1,
 ShannonBounds.C11R6D198.polynomial_n10._native.native_decide.ax_1_1,
 ShannonBounds.C11R6D198.polynomial_n11._native.native_decide.ax_1_1,
 ShannonBounds.C11R6D198.polynomial_n12._native.native_decide.ax_1_1,
 ShannonBounds.C11R6D198.polynomial_n13._native.native_decide.ax_1_1,
 ShannonBounds.C11R6D198.polynomial_n14._native.native_decide.ax_1_1,
 ShannonBounds.C11R6D198.polynomial_n15._native.native_decide.ax_1_1,
 ShannonBounds.C11R6D198.polynomial_n16._native.native_decide.ax_1_1,
 ShannonBounds.C11R6D198.polynomial_n17._native.native_decide.ax_1_1,
 ShannonBounds.C11R6D198.polynomial_n18._native.native_decide.ax_1_1,
 ShannonBounds.C11R6D198.polynomial_n19._native.native_decide.ax_1_1,
 ShannonBounds.C11R6D198.polynomial_n2._native.native_decide.ax_1_1,
 ShannonBounds.C11R6D198.polynomial_n20._native.native_decide.ax_1_1,
 ShannonBounds.C11R6D198.polynomial_n21._native.native_decide.ax_1_1,
 ShannonBounds.C11R6D198.polynomial_n22._native.native_decide.ax_1_1,
 ShannonBounds.C11R6D198.polynomial_n23._native.native_decide.ax_1_1,
 ShannonBounds.C11R6D198.polynomial_n24._native.native_decide.ax_1_1,
 ShannonBounds.C11R6D198.polynomial_n25._native.native_decide.ax_1_1,
 ShannonBounds.C11R6D198.polynomial_n26._native.native_decide.ax_1_1,
 ShannonBounds.C11R6D198.polynomial_n27._native.native_decide.ax_1_1,
 ShannonBounds.C11R6D198.polynomial_n28._native.native_decide.ax_1_1,
 ShannonBounds.C11R6D198.polynomial_n29._native.native_decide.ax_1_1,
 ShannonBounds.C11R6D198.polynomial_n3._native.native_decide.ax_1_1,
 ShannonBounds.C11R6D198.polynomial_n4._native.native_decide.ax_1_1,
 ShannonBounds.C11R6D198.polynomial_n5._native.native_decide.ax_1_1,
 ShannonBounds.C11R6D198.polynomial_n6._native.native_decide.ax_1_1,
 ShannonBounds.C11R6D198.polynomial_n7._native.native_decide.ax_1_1,
 ShannonBounds.C11R6D198.polynomial_n8._native.native_decide.ax_1_1,
 ShannonBounds.C11R6D198.polynomial_n9._native.native_decide.ax_1_1,
 ShannonBounds.C11R6D198.terminal_polynomial._native.native_decide.ax_1_1,
 ShannonBounds.C11R6Tables.cross_01c047685d920c22640e._native.native_decide.ax_1_1,
 ShannonBounds.C11R6Tables.cross_1de129ef1fff89d74bef._native.native_decide.ax_1_1,
 ShannonBounds.C11R6Tables.cross_275feb4472b545b7b61b._native.native_decide.ax_1_1,
 ShannonBounds.C11R6Tables.cross_2d78eefa50581f5d0332._native.native_decide.ax_1_1,
 ShannonBounds.C11R6Tables.cross_2ed8d12cfe031f31782c._native.native_decide.ax_1_1,
 ShannonBounds.C11R6Tables.cross_37294a683db0ad79cd1a._native.native_decide.ax_1_1,
 ShannonBounds.C11R6Tables.cross_51b4bb7e33ca836fee10._native.native_decide.ax_1_1,
 ShannonBounds.C11R6Tables.cross_562e2180d94b76a35d8a._native.native_decide.ax_1_1,
 ShannonBounds.C11R6Tables.cross_564505af0066fa9bc893._native.native_decide.ax_1_1,
 ShannonBounds.C11R6Tables.cross_669343cc17cb8eaf6957._native.native_decide.ax_1_1,
 ShannonBounds.C11R6Tables.cross_73383c091e7d3a586822._native.native_decide.ax_1_1,
 ShannonBounds.C11R6Tables.cross_7461db4595a77df35801._native.native_decide.ax_1_1,
 ShannonBounds.C11R6Tables.cross_7586a2b6c341612c9fdc._native.native_decide.ax_1_1,
 ShannonBounds.C11R6Tables.cross_960de25190a3bed445b8._native.native_decide.ax_1_1,
 ShannonBounds.C11R6Tables.cross_9783e6b9166dfb4049c4._native.native_decide.ax_1_1,
 ShannonBounds.C11R6Tables.cross_988a6e27a74069e613e5._native.native_decide.ax_1_1,
 ShannonBounds.C11R6Tables.cross_9b70f31dd1696e52e328._native.native_decide.ax_1_1,
 ShannonBounds.C11R6Tables.cross_b0b2c46dc9f8db336b46._native.native_decide.ax_1_1,
 ShannonBounds.C11R6Tables.cross_bc598aabfc397b015309._native.native_decide.ax_1_1,
 ShannonBounds.C11R6Tables.cross_bfd644574c544c933581._native.native_decide.ax_1_1,
 ShannonBounds.C11R6Tables.cross_c28c6dd5607aacbad7ef._native.native_decide.ax_1_1,
 ShannonBounds.C11R6Tables.cross_cc72ba3cc3d211951e7b._native.native_decide.ax_1_1,
 ShannonBounds.C11R6Tables.cross_e6624479a4e7b8218273._native.native_decide.ax_1_1,
 ShannonBounds.C11R6Tables.cross_e91967edd2b512831205._native.native_decide.ax_1_1,
 ShannonBounds.C11R6Tables.cross_ece408aa34da4a12a217._native.native_decide.ax_1_1,
 ShannonBounds.C11R6Tables.cross_f95d1e072279bb3bfc11._native.native_decide.ax_1_1,
 ShannonBounds.C11R6Tables.inside_01c047685d920c22640e._native.native_decide.ax_1_1,
 ShannonBounds.C11R6Tables.inside_1de129ef1fff89d74bef._native.native_decide.ax_1_1,
 ShannonBounds.C11R6Tables.inside_275feb4472b545b7b61b._native.native_decide.ax_1_1,
 ShannonBounds.C11R6Tables.inside_2d78eefa50581f5d0332._native.native_decide.ax_1_1,
 ShannonBounds.C11R6Tables.inside_2ed8d12cfe031f31782c._native.native_decide.ax_1_1,
 ShannonBounds.C11R6Tables.inside_37294a683db0ad79cd1a._native.native_decide.ax_1_1,
 ShannonBounds.C11R6Tables.inside_51b4bb7e33ca836fee10._native.native_decide.ax_1_1,
 ShannonBounds.C11R6Tables.inside_562e2180d94b76a35d8a._native.native_decide.ax_1_1,
 ShannonBounds.C11R6Tables.inside_564505af0066fa9bc893._native.native_decide.ax_1_1,
 ShannonBounds.C11R6Tables.inside_669343cc17cb8eaf6957._native.native_decide.ax_1_1,
 ShannonBounds.C11R6Tables.inside_73383c091e7d3a586822._native.native_decide.ax_1_1,
 ShannonBounds.C11R6Tables.inside_7461db4595a77df35801._native.native_decide.ax_1_1,
 ShannonBounds.C11R6Tables.inside_7586a2b6c341612c9fdc._native.native_decide.ax_1_1,
 ShannonBounds.C11R6Tables.inside_960de25190a3bed445b8._native.native_decide.ax_1_1,
 ShannonBounds.C11R6Tables.inside_9783e6b9166dfb4049c4._native.native_decide.ax_1_1,
 ShannonBounds.C11R6Tables.inside_988a6e27a74069e613e5._native.native_decide.ax_1_1,
 ShannonBounds.C11R6Tables.inside_9b70f31dd1696e52e328._native.native_decide.ax_1_1,
 ShannonBounds.C11R6Tables.inside_b0b2c46dc9f8db336b46._native.native_decide.ax_1_1,
 ShannonBounds.C11R6Tables.inside_bc598aabfc397b015309._native.native_decide.ax_1_1,
 ShannonBounds.C11R6Tables.inside_bfd644574c544c933581._native.native_decide.ax_1_1,
 ShannonBounds.C11R6Tables.inside_c28c6dd5607aacbad7ef._native.native_decide.ax_1_1,
 ShannonBounds.C11R6Tables.inside_cc72ba3cc3d211951e7b._native.native_decide.ax_1_1,
 ShannonBounds.C11R6Tables.inside_d1d88f72dc4352a983e3._native.native_decide.ax_1_1,
 ShannonBounds.C11R6Tables.inside_e6624479a4e7b8218273._native.native_decide.ax_1_1,
 ShannonBounds.C11R6Tables.inside_e91967edd2b512831205._native.native_decide.ax_1_1,
 ShannonBounds.C11R6Tables.inside_ece408aa34da4a12a217._native.native_decide.ax_1_1,
 ShannonBounds.C11R6Tables.inside_f95d1e072279bb3bfc11._native.native_decide.ax_1_1]
'ShannonBounds.C11R6D198.card_code' depends on axioms: [propext,
 Classical.choice.{u},
 Quot.sound.{u},
 ShannonBounds.BaseC11.sconf_iff_conflict._native.native_decide.ax_1_1,
 ShannonBounds.BaseC11.sconf_refl._native.native_decide.ax_1_1,
 ShannonBounds.BaseC11.sconf_symm._native.native_decide.ax_1_1,
 ShannonBounds.C11R6Base.base_between._native.native_decide.ax_1_1,
 ShannonBounds.C11R6Base.base_inside._native.native_decide.ax_1_1,
 ShannonBounds.C11R6Base.base_weights._native.native_decide.ax_1_1,
 ShannonBounds.C11R6D198.polynomial_n1._native.native_decide.ax_1_1,
 ShannonBounds.C11R6D198.polynomial_n10._native.native_decide.ax_1_1,
 ShannonBounds.C11R6D198.polynomial_n11._native.native_decide.ax_1_1,
 ShannonBounds.C11R6D198.polynomial_n12._native.native_decide.ax_1_1,
 ShannonBounds.C11R6D198.polynomial_n13._native.native_decide.ax_1_1,
 ShannonBounds.C11R6D198.polynomial_n14._native.native_decide.ax_1_1,
 ShannonBounds.C11R6D198.polynomial_n15._native.native_decide.ax_1_1,
 ShannonBounds.C11R6D198.polynomial_n16._native.native_decide.ax_1_1,
 ShannonBounds.C11R6D198.polynomial_n17._native.native_decide.ax_1_1,
 ShannonBounds.C11R6D198.polynomial_n18._native.native_decide.ax_1_1,
 ShannonBounds.C11R6D198.polynomial_n19._native.native_decide.ax_1_1,
 ShannonBounds.C11R6D198.polynomial_n2._native.native_decide.ax_1_1,
 ShannonBounds.C11R6D198.polynomial_n20._native.native_decide.ax_1_1,
 ShannonBounds.C11R6D198.polynomial_n21._native.native_decide.ax_1_1,
 ShannonBounds.C11R6D198.polynomial_n22._native.native_decide.ax_1_1,
 ShannonBounds.C11R6D198.polynomial_n23._native.native_decide.ax_1_1,
 ShannonBounds.C11R6D198.polynomial_n24._native.native_decide.ax_1_1,
 ShannonBounds.C11R6D198.polynomial_n25._native.native_decide.ax_1_1,
 ShannonBounds.C11R6D198.polynomial_n26._native.native_decide.ax_1_1,
 ShannonBounds.C11R6D198.polynomial_n27._native.native_decide.ax_1_1,
 ShannonBounds.C11R6D198.polynomial_n28._native.native_decide.ax_1_1,
 ShannonBounds.C11R6D198.polynomial_n29._native.native_decide.ax_1_1,
 ShannonBounds.C11R6D198.polynomial_n3._native.native_decide.ax_1_1,
 ShannonBounds.C11R6D198.polynomial_n4._native.native_decide.ax_1_1,
 ShannonBounds.C11R6D198.polynomial_n5._native.native_decide.ax_1_1,
 ShannonBounds.C11R6D198.polynomial_n6._native.native_decide.ax_1_1,
 ShannonBounds.C11R6D198.polynomial_n7._native.native_decide.ax_1_1,
 ShannonBounds.C11R6D198.polynomial_n8._native.native_decide.ax_1_1,
 ShannonBounds.C11R6D198.polynomial_n9._native.native_decide.ax_1_1,
 ShannonBounds.C11R6D198.terminal_polynomial._native.native_decide.ax_1_1,
 ShannonBounds.C11R6Tables.cross_01c047685d920c22640e._native.native_decide.ax_1_1,
 ShannonBounds.C11R6Tables.cross_1de129ef1fff89d74bef._native.native_decide.ax_1_1,
 ShannonBounds.C11R6Tables.cross_275feb4472b545b7b61b._native.native_decide.ax_1_1,
 ShannonBounds.C11R6Tables.cross_2d78eefa50581f5d0332._native.native_decide.ax_1_1,
 ShannonBounds.C11R6Tables.cross_2ed8d12cfe031f31782c._native.native_decide.ax_1_1,
 ShannonBounds.C11R6Tables.cross_37294a683db0ad79cd1a._native.native_decide.ax_1_1,
 ShannonBounds.C11R6Tables.cross_51b4bb7e33ca836fee10._native.native_decide.ax_1_1,
 ShannonBounds.C11R6Tables.cross_562e2180d94b76a35d8a._native.native_decide.ax_1_1,
 ShannonBounds.C11R6Tables.cross_564505af0066fa9bc893._native.native_decide.ax_1_1,
 ShannonBounds.C11R6Tables.cross_669343cc17cb8eaf6957._native.native_decide.ax_1_1,
 ShannonBounds.C11R6Tables.cross_73383c091e7d3a586822._native.native_decide.ax_1_1,
 ShannonBounds.C11R6Tables.cross_7461db4595a77df35801._native.native_decide.ax_1_1,
 ShannonBounds.C11R6Tables.cross_7586a2b6c341612c9fdc._native.native_decide.ax_1_1,
 ShannonBounds.C11R6Tables.cross_960de25190a3bed445b8._native.native_decide.ax_1_1,
 ShannonBounds.C11R6Tables.cross_9783e6b9166dfb4049c4._native.native_decide.ax_1_1,
 ShannonBounds.C11R6Tables.cross_988a6e27a74069e613e5._native.native_decide.ax_1_1,
 ShannonBounds.C11R6Tables.cross_9b70f31dd1696e52e328._native.native_decide.ax_1_1,
 ShannonBounds.C11R6Tables.cross_b0b2c46dc9f8db336b46._native.native_decide.ax_1_1,
 ShannonBounds.C11R6Tables.cross_bc598aabfc397b015309._native.native_decide.ax_1_1,
 ShannonBounds.C11R6Tables.cross_bfd644574c544c933581._native.native_decide.ax_1_1,
 ShannonBounds.C11R6Tables.cross_c28c6dd5607aacbad7ef._native.native_decide.ax_1_1,
 ShannonBounds.C11R6Tables.cross_cc72ba3cc3d211951e7b._native.native_decide.ax_1_1,
 ShannonBounds.C11R6Tables.cross_e6624479a4e7b8218273._native.native_decide.ax_1_1,
 ShannonBounds.C11R6Tables.cross_e91967edd2b512831205._native.native_decide.ax_1_1,
 ShannonBounds.C11R6Tables.cross_ece408aa34da4a12a217._native.native_decide.ax_1_1,
 ShannonBounds.C11R6Tables.cross_f95d1e072279bb3bfc11._native.native_decide.ax_1_1,
 ShannonBounds.C11R6Tables.inside_01c047685d920c22640e._native.native_decide.ax_1_1,
 ShannonBounds.C11R6Tables.inside_1de129ef1fff89d74bef._native.native_decide.ax_1_1,
 ShannonBounds.C11R6Tables.inside_275feb4472b545b7b61b._native.native_decide.ax_1_1,
 ShannonBounds.C11R6Tables.inside_2d78eefa50581f5d0332._native.native_decide.ax_1_1,
 ShannonBounds.C11R6Tables.inside_2ed8d12cfe031f31782c._native.native_decide.ax_1_1,
 ShannonBounds.C11R6Tables.inside_37294a683db0ad79cd1a._native.native_decide.ax_1_1,
 ShannonBounds.C11R6Tables.inside_51b4bb7e33ca836fee10._native.native_decide.ax_1_1,
 ShannonBounds.C11R6Tables.inside_562e2180d94b76a35d8a._native.native_decide.ax_1_1,
 ShannonBounds.C11R6Tables.inside_564505af0066fa9bc893._native.native_decide.ax_1_1,
 ShannonBounds.C11R6Tables.inside_669343cc17cb8eaf6957._native.native_decide.ax_1_1,
 ShannonBounds.C11R6Tables.inside_73383c091e7d3a586822._native.native_decide.ax_1_1,
 ShannonBounds.C11R6Tables.inside_7461db4595a77df35801._native.native_decide.ax_1_1,
 ShannonBounds.C11R6Tables.inside_7586a2b6c341612c9fdc._native.native_decide.ax_1_1,
 ShannonBounds.C11R6Tables.inside_960de25190a3bed445b8._native.native_decide.ax_1_1,
 ShannonBounds.C11R6Tables.inside_9783e6b9166dfb4049c4._native.native_decide.ax_1_1,
 ShannonBounds.C11R6Tables.inside_988a6e27a74069e613e5._native.native_decide.ax_1_1,
 ShannonBounds.C11R6Tables.inside_9b70f31dd1696e52e328._native.native_decide.ax_1_1,
 ShannonBounds.C11R6Tables.inside_b0b2c46dc9f8db336b46._native.native_decide.ax_1_1,
 ShannonBounds.C11R6Tables.inside_bc598aabfc397b015309._native.native_decide.ax_1_1,
 ShannonBounds.C11R6Tables.inside_bfd644574c544c933581._native.native_decide.ax_1_1,
 ShannonBounds.C11R6Tables.inside_c28c6dd5607aacbad7ef._native.native_decide.ax_1_1,
 ShannonBounds.C11R6Tables.inside_cc72ba3cc3d211951e7b._native.native_decide.ax_1_1,
 ShannonBounds.C11R6Tables.inside_d1d88f72dc4352a983e3._native.native_decide.ax_1_1,
 ShannonBounds.C11R6Tables.inside_e6624479a4e7b8218273._native.native_decide.ax_1_1,
 ShannonBounds.C11R6Tables.inside_e91967edd2b512831205._native.native_decide.ax_1_1,
 ShannonBounds.C11R6Tables.inside_ece408aa34da4a12a217._native.native_decide.ax_1_1,
 ShannonBounds.C11R6Tables.inside_f95d1e072279bb3bfc11._native.native_decide.ax_1_1]
'ShannonBounds.C11R6D198.independent_code' depends on axioms: [propext,
 Classical.choice.{u},
 Quot.sound.{u},
 ShannonBounds.BaseC11.sconf_iff_conflict._native.native_decide.ax_1_1,
 ShannonBounds.BaseC11.sconf_refl._native.native_decide.ax_1_1,
 ShannonBounds.BaseC11.sconf_symm._native.native_decide.ax_1_1,
 ShannonBounds.C11R6Base.base_between._native.native_decide.ax_1_1,
 ShannonBounds.C11R6Base.base_inside._native.native_decide.ax_1_1,
 ShannonBounds.C11R6Tables.cross_01c047685d920c22640e._native.native_decide.ax_1_1,
 ShannonBounds.C11R6Tables.cross_1de129ef1fff89d74bef._native.native_decide.ax_1_1,
 ShannonBounds.C11R6Tables.cross_275feb4472b545b7b61b._native.native_decide.ax_1_1,
 ShannonBounds.C11R6Tables.cross_2d78eefa50581f5d0332._native.native_decide.ax_1_1,
 ShannonBounds.C11R6Tables.cross_2ed8d12cfe031f31782c._native.native_decide.ax_1_1,
 ShannonBounds.C11R6Tables.cross_37294a683db0ad79cd1a._native.native_decide.ax_1_1,
 ShannonBounds.C11R6Tables.cross_51b4bb7e33ca836fee10._native.native_decide.ax_1_1,
 ShannonBounds.C11R6Tables.cross_562e2180d94b76a35d8a._native.native_decide.ax_1_1,
 ShannonBounds.C11R6Tables.cross_564505af0066fa9bc893._native.native_decide.ax_1_1,
 ShannonBounds.C11R6Tables.cross_669343cc17cb8eaf6957._native.native_decide.ax_1_1,
 ShannonBounds.C11R6Tables.cross_73383c091e7d3a586822._native.native_decide.ax_1_1,
 ShannonBounds.C11R6Tables.cross_7461db4595a77df35801._native.native_decide.ax_1_1,
 ShannonBounds.C11R6Tables.cross_7586a2b6c341612c9fdc._native.native_decide.ax_1_1,
 ShannonBounds.C11R6Tables.cross_960de25190a3bed445b8._native.native_decide.ax_1_1,
 ShannonBounds.C11R6Tables.cross_9783e6b9166dfb4049c4._native.native_decide.ax_1_1,
 ShannonBounds.C11R6Tables.cross_988a6e27a74069e613e5._native.native_decide.ax_1_1,
 ShannonBounds.C11R6Tables.cross_9b70f31dd1696e52e328._native.native_decide.ax_1_1,
 ShannonBounds.C11R6Tables.cross_b0b2c46dc9f8db336b46._native.native_decide.ax_1_1,
 ShannonBounds.C11R6Tables.cross_bc598aabfc397b015309._native.native_decide.ax_1_1,
 ShannonBounds.C11R6Tables.cross_bfd644574c544c933581._native.native_decide.ax_1_1,
 ShannonBounds.C11R6Tables.cross_c28c6dd5607aacbad7ef._native.native_decide.ax_1_1,
 ShannonBounds.C11R6Tables.cross_cc72ba3cc3d211951e7b._native.native_decide.ax_1_1,
 ShannonBounds.C11R6Tables.cross_e6624479a4e7b8218273._native.native_decide.ax_1_1,
 ShannonBounds.C11R6Tables.cross_e91967edd2b512831205._native.native_decide.ax_1_1,
 ShannonBounds.C11R6Tables.cross_ece408aa34da4a12a217._native.native_decide.ax_1_1,
 ShannonBounds.C11R6Tables.cross_f95d1e072279bb3bfc11._native.native_decide.ax_1_1,
 ShannonBounds.C11R6Tables.inside_01c047685d920c22640e._native.native_decide.ax_1_1,
 ShannonBounds.C11R6Tables.inside_1de129ef1fff89d74bef._native.native_decide.ax_1_1,
 ShannonBounds.C11R6Tables.inside_275feb4472b545b7b61b._native.native_decide.ax_1_1,
 ShannonBounds.C11R6Tables.inside_2d78eefa50581f5d0332._native.native_decide.ax_1_1,
 ShannonBounds.C11R6Tables.inside_2ed8d12cfe031f31782c._native.native_decide.ax_1_1,
 ShannonBounds.C11R6Tables.inside_37294a683db0ad79cd1a._native.native_decide.ax_1_1,
 ShannonBounds.C11R6Tables.inside_51b4bb7e33ca836fee10._native.native_decide.ax_1_1,
 ShannonBounds.C11R6Tables.inside_562e2180d94b76a35d8a._native.native_decide.ax_1_1,
 ShannonBounds.C11R6Tables.inside_564505af0066fa9bc893._native.native_decide.ax_1_1,
 ShannonBounds.C11R6Tables.inside_669343cc17cb8eaf6957._native.native_decide.ax_1_1,
 ShannonBounds.C11R6Tables.inside_73383c091e7d3a586822._native.native_decide.ax_1_1,
 ShannonBounds.C11R6Tables.inside_7461db4595a77df35801._native.native_decide.ax_1_1,
 ShannonBounds.C11R6Tables.inside_7586a2b6c341612c9fdc._native.native_decide.ax_1_1,
 ShannonBounds.C11R6Tables.inside_960de25190a3bed445b8._native.native_decide.ax_1_1,
 ShannonBounds.C11R6Tables.inside_9783e6b9166dfb4049c4._native.native_decide.ax_1_1,
 ShannonBounds.C11R6Tables.inside_988a6e27a74069e613e5._native.native_decide.ax_1_1,
 ShannonBounds.C11R6Tables.inside_9b70f31dd1696e52e328._native.native_decide.ax_1_1,
 ShannonBounds.C11R6Tables.inside_b0b2c46dc9f8db336b46._native.native_decide.ax_1_1,
 ShannonBounds.C11R6Tables.inside_bc598aabfc397b015309._native.native_decide.ax_1_1,
 ShannonBounds.C11R6Tables.inside_bfd644574c544c933581._native.native_decide.ax_1_1,
 ShannonBounds.C11R6Tables.inside_c28c6dd5607aacbad7ef._native.native_decide.ax_1_1,
 ShannonBounds.C11R6Tables.inside_cc72ba3cc3d211951e7b._native.native_decide.ax_1_1,
 ShannonBounds.C11R6Tables.inside_d1d88f72dc4352a983e3._native.native_decide.ax_1_1,
 ShannonBounds.C11R6Tables.inside_e6624479a4e7b8218273._native.native_decide.ax_1_1,
 ShannonBounds.C11R6Tables.inside_e91967edd2b512831205._native.native_decide.ax_1_1,
 ShannonBounds.C11R6Tables.inside_ece408aa34da4a12a217._native.native_decide.ax_1_1,
 ShannonBounds.C11R6Tables.inside_f95d1e072279bb3bfc11._native.native_decide.ax_1_1]
'ShannonBounds.C11R6D198.exists_code' depends on axioms: [propext,
 Classical.choice.{u},
 Quot.sound.{u},
 ShannonBounds.BaseC11.sconf_iff_conflict._native.native_decide.ax_1_1,
 ShannonBounds.BaseC11.sconf_refl._native.native_decide.ax_1_1,
 ShannonBounds.BaseC11.sconf_symm._native.native_decide.ax_1_1,
 ShannonBounds.C11R6Base.base_between._native.native_decide.ax_1_1,
 ShannonBounds.C11R6Base.base_inside._native.native_decide.ax_1_1,
 ShannonBounds.C11R6Base.base_weights._native.native_decide.ax_1_1,
 ShannonBounds.C11R6D198.polynomial_n1._native.native_decide.ax_1_1,
 ShannonBounds.C11R6D198.polynomial_n10._native.native_decide.ax_1_1,
 ShannonBounds.C11R6D198.polynomial_n11._native.native_decide.ax_1_1,
 ShannonBounds.C11R6D198.polynomial_n12._native.native_decide.ax_1_1,
 ShannonBounds.C11R6D198.polynomial_n13._native.native_decide.ax_1_1,
 ShannonBounds.C11R6D198.polynomial_n14._native.native_decide.ax_1_1,
 ShannonBounds.C11R6D198.polynomial_n15._native.native_decide.ax_1_1,
 ShannonBounds.C11R6D198.polynomial_n16._native.native_decide.ax_1_1,
 ShannonBounds.C11R6D198.polynomial_n17._native.native_decide.ax_1_1,
 ShannonBounds.C11R6D198.polynomial_n18._native.native_decide.ax_1_1,
 ShannonBounds.C11R6D198.polynomial_n19._native.native_decide.ax_1_1,
 ShannonBounds.C11R6D198.polynomial_n2._native.native_decide.ax_1_1,
 ShannonBounds.C11R6D198.polynomial_n20._native.native_decide.ax_1_1,
 ShannonBounds.C11R6D198.polynomial_n21._native.native_decide.ax_1_1,
 ShannonBounds.C11R6D198.polynomial_n22._native.native_decide.ax_1_1,
 ShannonBounds.C11R6D198.polynomial_n23._native.native_decide.ax_1_1,
 ShannonBounds.C11R6D198.polynomial_n24._native.native_decide.ax_1_1,
 ShannonBounds.C11R6D198.polynomial_n25._native.native_decide.ax_1_1,
 ShannonBounds.C11R6D198.polynomial_n26._native.native_decide.ax_1_1,
 ShannonBounds.C11R6D198.polynomial_n27._native.native_decide.ax_1_1,
 ShannonBounds.C11R6D198.polynomial_n28._native.native_decide.ax_1_1,
 ShannonBounds.C11R6D198.polynomial_n29._native.native_decide.ax_1_1,
 ShannonBounds.C11R6D198.polynomial_n3._native.native_decide.ax_1_1,
 ShannonBounds.C11R6D198.polynomial_n4._native.native_decide.ax_1_1,
 ShannonBounds.C11R6D198.polynomial_n5._native.native_decide.ax_1_1,
 ShannonBounds.C11R6D198.polynomial_n6._native.native_decide.ax_1_1,
 ShannonBounds.C11R6D198.polynomial_n7._native.native_decide.ax_1_1,
 ShannonBounds.C11R6D198.polynomial_n8._native.native_decide.ax_1_1,
 ShannonBounds.C11R6D198.polynomial_n9._native.native_decide.ax_1_1,
 ShannonBounds.C11R6D198.terminal_polynomial._native.native_decide.ax_1_1,
 ShannonBounds.C11R6Tables.cross_01c047685d920c22640e._native.native_decide.ax_1_1,
 ShannonBounds.C11R6Tables.cross_1de129ef1fff89d74bef._native.native_decide.ax_1_1,
 ShannonBounds.C11R6Tables.cross_275feb4472b545b7b61b._native.native_decide.ax_1_1,
 ShannonBounds.C11R6Tables.cross_2d78eefa50581f5d0332._native.native_decide.ax_1_1,
 ShannonBounds.C11R6Tables.cross_2ed8d12cfe031f31782c._native.native_decide.ax_1_1,
 ShannonBounds.C11R6Tables.cross_37294a683db0ad79cd1a._native.native_decide.ax_1_1,
 ShannonBounds.C11R6Tables.cross_51b4bb7e33ca836fee10._native.native_decide.ax_1_1,
 ShannonBounds.C11R6Tables.cross_562e2180d94b76a35d8a._native.native_decide.ax_1_1,
 ShannonBounds.C11R6Tables.cross_564505af0066fa9bc893._native.native_decide.ax_1_1,
 ShannonBounds.C11R6Tables.cross_669343cc17cb8eaf6957._native.native_decide.ax_1_1,
 ShannonBounds.C11R6Tables.cross_73383c091e7d3a586822._native.native_decide.ax_1_1,
 ShannonBounds.C11R6Tables.cross_7461db4595a77df35801._native.native_decide.ax_1_1,
 ShannonBounds.C11R6Tables.cross_7586a2b6c341612c9fdc._native.native_decide.ax_1_1,
 ShannonBounds.C11R6Tables.cross_960de25190a3bed445b8._native.native_decide.ax_1_1,
 ShannonBounds.C11R6Tables.cross_9783e6b9166dfb4049c4._native.native_decide.ax_1_1,
 ShannonBounds.C11R6Tables.cross_988a6e27a74069e613e5._native.native_decide.ax_1_1,
 ShannonBounds.C11R6Tables.cross_9b70f31dd1696e52e328._native.native_decide.ax_1_1,
 ShannonBounds.C11R6Tables.cross_b0b2c46dc9f8db336b46._native.native_decide.ax_1_1,
 ShannonBounds.C11R6Tables.cross_bc598aabfc397b015309._native.native_decide.ax_1_1,
 ShannonBounds.C11R6Tables.cross_bfd644574c544c933581._native.native_decide.ax_1_1,
 ShannonBounds.C11R6Tables.cross_c28c6dd5607aacbad7ef._native.native_decide.ax_1_1,
 ShannonBounds.C11R6Tables.cross_cc72ba3cc3d211951e7b._native.native_decide.ax_1_1,
 ShannonBounds.C11R6Tables.cross_e6624479a4e7b8218273._native.native_decide.ax_1_1,
 ShannonBounds.C11R6Tables.cross_e91967edd2b512831205._native.native_decide.ax_1_1,
 ShannonBounds.C11R6Tables.cross_ece408aa34da4a12a217._native.native_decide.ax_1_1,
 ShannonBounds.C11R6Tables.cross_f95d1e072279bb3bfc11._native.native_decide.ax_1_1,
 ShannonBounds.C11R6Tables.inside_01c047685d920c22640e._native.native_decide.ax_1_1,
 ShannonBounds.C11R6Tables.inside_1de129ef1fff89d74bef._native.native_decide.ax_1_1,
 ShannonBounds.C11R6Tables.inside_275feb4472b545b7b61b._native.native_decide.ax_1_1,
 ShannonBounds.C11R6Tables.inside_2d78eefa50581f5d0332._native.native_decide.ax_1_1,
 ShannonBounds.C11R6Tables.inside_2ed8d12cfe031f31782c._native.native_decide.ax_1_1,
 ShannonBounds.C11R6Tables.inside_37294a683db0ad79cd1a._native.native_decide.ax_1_1,
 ShannonBounds.C11R6Tables.inside_51b4bb7e33ca836fee10._native.native_decide.ax_1_1,
 ShannonBounds.C11R6Tables.inside_562e2180d94b76a35d8a._native.native_decide.ax_1_1,
 ShannonBounds.C11R6Tables.inside_564505af0066fa9bc893._native.native_decide.ax_1_1,
 ShannonBounds.C11R6Tables.inside_669343cc17cb8eaf6957._native.native_decide.ax_1_1,
 ShannonBounds.C11R6Tables.inside_73383c091e7d3a586822._native.native_decide.ax_1_1,
 ShannonBounds.C11R6Tables.inside_7461db4595a77df35801._native.native_decide.ax_1_1,
 ShannonBounds.C11R6Tables.inside_7586a2b6c341612c9fdc._native.native_decide.ax_1_1,
 ShannonBounds.C11R6Tables.inside_960de25190a3bed445b8._native.native_decide.ax_1_1,
 ShannonBounds.C11R6Tables.inside_9783e6b9166dfb4049c4._native.native_decide.ax_1_1,
 ShannonBounds.C11R6Tables.inside_988a6e27a74069e613e5._native.native_decide.ax_1_1,
 ShannonBounds.C11R6Tables.inside_9b70f31dd1696e52e328._native.native_decide.ax_1_1,
 ShannonBounds.C11R6Tables.inside_b0b2c46dc9f8db336b46._native.native_decide.ax_1_1,
 ShannonBounds.C11R6Tables.inside_bc598aabfc397b015309._native.native_decide.ax_1_1,
 ShannonBounds.C11R6Tables.inside_bfd644574c544c933581._native.native_decide.ax_1_1,
 ShannonBounds.C11R6Tables.inside_c28c6dd5607aacbad7ef._native.native_decide.ax_1_1,
 ShannonBounds.C11R6Tables.inside_cc72ba3cc3d211951e7b._native.native_decide.ax_1_1,
 ShannonBounds.C11R6Tables.inside_d1d88f72dc4352a983e3._native.native_decide.ax_1_1,
 ShannonBounds.C11R6Tables.inside_e6624479a4e7b8218273._native.native_decide.ax_1_1,
 ShannonBounds.C11R6Tables.inside_e91967edd2b512831205._native.native_decide.ax_1_1,
 ShannonBounds.C11R6Tables.inside_ece408aa34da4a12a217._native.native_decide.ax_1_1,
 ShannonBounds.C11R6Tables.inside_f95d1e072279bb3bfc11._native.native_decide.ax_1_1]
'ShannonBounds.C11R6D198.alpha_ge' depends on axioms: [propext,
 Classical.choice.{u},
 Quot.sound.{u},
 ShannonBounds.BaseC11.sconf_iff_conflict._native.native_decide.ax_1_1,
 ShannonBounds.BaseC11.sconf_refl._native.native_decide.ax_1_1,
 ShannonBounds.BaseC11.sconf_symm._native.native_decide.ax_1_1,
 ShannonBounds.C11R6Base.base_between._native.native_decide.ax_1_1,
 ShannonBounds.C11R6Base.base_inside._native.native_decide.ax_1_1,
 ShannonBounds.C11R6Base.base_weights._native.native_decide.ax_1_1,
 ShannonBounds.C11R6D198.polynomial_n1._native.native_decide.ax_1_1,
 ShannonBounds.C11R6D198.polynomial_n10._native.native_decide.ax_1_1,
 ShannonBounds.C11R6D198.polynomial_n11._native.native_decide.ax_1_1,
 ShannonBounds.C11R6D198.polynomial_n12._native.native_decide.ax_1_1,
 ShannonBounds.C11R6D198.polynomial_n13._native.native_decide.ax_1_1,
 ShannonBounds.C11R6D198.polynomial_n14._native.native_decide.ax_1_1,
 ShannonBounds.C11R6D198.polynomial_n15._native.native_decide.ax_1_1,
 ShannonBounds.C11R6D198.polynomial_n16._native.native_decide.ax_1_1,
 ShannonBounds.C11R6D198.polynomial_n17._native.native_decide.ax_1_1,
 ShannonBounds.C11R6D198.polynomial_n18._native.native_decide.ax_1_1,
 ShannonBounds.C11R6D198.polynomial_n19._native.native_decide.ax_1_1,
 ShannonBounds.C11R6D198.polynomial_n2._native.native_decide.ax_1_1,
 ShannonBounds.C11R6D198.polynomial_n20._native.native_decide.ax_1_1,
 ShannonBounds.C11R6D198.polynomial_n21._native.native_decide.ax_1_1,
 ShannonBounds.C11R6D198.polynomial_n22._native.native_decide.ax_1_1,
 ShannonBounds.C11R6D198.polynomial_n23._native.native_decide.ax_1_1,
 ShannonBounds.C11R6D198.polynomial_n24._native.native_decide.ax_1_1,
 ShannonBounds.C11R6D198.polynomial_n25._native.native_decide.ax_1_1,
 ShannonBounds.C11R6D198.polynomial_n26._native.native_decide.ax_1_1,
 ShannonBounds.C11R6D198.polynomial_n27._native.native_decide.ax_1_1,
 ShannonBounds.C11R6D198.polynomial_n28._native.native_decide.ax_1_1,
 ShannonBounds.C11R6D198.polynomial_n29._native.native_decide.ax_1_1,
 ShannonBounds.C11R6D198.polynomial_n3._native.native_decide.ax_1_1,
 ShannonBounds.C11R6D198.polynomial_n4._native.native_decide.ax_1_1,
 ShannonBounds.C11R6D198.polynomial_n5._native.native_decide.ax_1_1,
 ShannonBounds.C11R6D198.polynomial_n6._native.native_decide.ax_1_1,
 ShannonBounds.C11R6D198.polynomial_n7._native.native_decide.ax_1_1,
 ShannonBounds.C11R6D198.polynomial_n8._native.native_decide.ax_1_1,
 ShannonBounds.C11R6D198.polynomial_n9._native.native_decide.ax_1_1,
 ShannonBounds.C11R6D198.terminal_polynomial._native.native_decide.ax_1_1,
 ShannonBounds.C11R6Tables.cross_01c047685d920c22640e._native.native_decide.ax_1_1,
 ShannonBounds.C11R6Tables.cross_1de129ef1fff89d74bef._native.native_decide.ax_1_1,
 ShannonBounds.C11R6Tables.cross_275feb4472b545b7b61b._native.native_decide.ax_1_1,
 ShannonBounds.C11R6Tables.cross_2d78eefa50581f5d0332._native.native_decide.ax_1_1,
 ShannonBounds.C11R6Tables.cross_2ed8d12cfe031f31782c._native.native_decide.ax_1_1,
 ShannonBounds.C11R6Tables.cross_37294a683db0ad79cd1a._native.native_decide.ax_1_1,
 ShannonBounds.C11R6Tables.cross_51b4bb7e33ca836fee10._native.native_decide.ax_1_1,
 ShannonBounds.C11R6Tables.cross_562e2180d94b76a35d8a._native.native_decide.ax_1_1,
 ShannonBounds.C11R6Tables.cross_564505af0066fa9bc893._native.native_decide.ax_1_1,
 ShannonBounds.C11R6Tables.cross_669343cc17cb8eaf6957._native.native_decide.ax_1_1,
 ShannonBounds.C11R6Tables.cross_73383c091e7d3a586822._native.native_decide.ax_1_1,
 ShannonBounds.C11R6Tables.cross_7461db4595a77df35801._native.native_decide.ax_1_1,
 ShannonBounds.C11R6Tables.cross_7586a2b6c341612c9fdc._native.native_decide.ax_1_1,
 ShannonBounds.C11R6Tables.cross_960de25190a3bed445b8._native.native_decide.ax_1_1,
 ShannonBounds.C11R6Tables.cross_9783e6b9166dfb4049c4._native.native_decide.ax_1_1,
 ShannonBounds.C11R6Tables.cross_988a6e27a74069e613e5._native.native_decide.ax_1_1,
 ShannonBounds.C11R6Tables.cross_9b70f31dd1696e52e328._native.native_decide.ax_1_1,
 ShannonBounds.C11R6Tables.cross_b0b2c46dc9f8db336b46._native.native_decide.ax_1_1,
 ShannonBounds.C11R6Tables.cross_bc598aabfc397b015309._native.native_decide.ax_1_1,
 ShannonBounds.C11R6Tables.cross_bfd644574c544c933581._native.native_decide.ax_1_1,
 ShannonBounds.C11R6Tables.cross_c28c6dd5607aacbad7ef._native.native_decide.ax_1_1,
 ShannonBounds.C11R6Tables.cross_cc72ba3cc3d211951e7b._native.native_decide.ax_1_1,
 ShannonBounds.C11R6Tables.cross_e6624479a4e7b8218273._native.native_decide.ax_1_1,
 ShannonBounds.C11R6Tables.cross_e91967edd2b512831205._native.native_decide.ax_1_1,
 ShannonBounds.C11R6Tables.cross_ece408aa34da4a12a217._native.native_decide.ax_1_1,
 ShannonBounds.C11R6Tables.cross_f95d1e072279bb3bfc11._native.native_decide.ax_1_1,
 ShannonBounds.C11R6Tables.inside_01c047685d920c22640e._native.native_decide.ax_1_1,
 ShannonBounds.C11R6Tables.inside_1de129ef1fff89d74bef._native.native_decide.ax_1_1,
 ShannonBounds.C11R6Tables.inside_275feb4472b545b7b61b._native.native_decide.ax_1_1,
 ShannonBounds.C11R6Tables.inside_2d78eefa50581f5d0332._native.native_decide.ax_1_1,
 ShannonBounds.C11R6Tables.inside_2ed8d12cfe031f31782c._native.native_decide.ax_1_1,
 ShannonBounds.C11R6Tables.inside_37294a683db0ad79cd1a._native.native_decide.ax_1_1,
 ShannonBounds.C11R6Tables.inside_51b4bb7e33ca836fee10._native.native_decide.ax_1_1,
 ShannonBounds.C11R6Tables.inside_562e2180d94b76a35d8a._native.native_decide.ax_1_1,
 ShannonBounds.C11R6Tables.inside_564505af0066fa9bc893._native.native_decide.ax_1_1,
 ShannonBounds.C11R6Tables.inside_669343cc17cb8eaf6957._native.native_decide.ax_1_1,
 ShannonBounds.C11R6Tables.inside_73383c091e7d3a586822._native.native_decide.ax_1_1,
 ShannonBounds.C11R6Tables.inside_7461db4595a77df35801._native.native_decide.ax_1_1,
 ShannonBounds.C11R6Tables.inside_7586a2b6c341612c9fdc._native.native_decide.ax_1_1,
 ShannonBounds.C11R6Tables.inside_960de25190a3bed445b8._native.native_decide.ax_1_1,
 ShannonBounds.C11R6Tables.inside_9783e6b9166dfb4049c4._native.native_decide.ax_1_1,
 ShannonBounds.C11R6Tables.inside_988a6e27a74069e613e5._native.native_decide.ax_1_1,
 ShannonBounds.C11R6Tables.inside_9b70f31dd1696e52e328._native.native_decide.ax_1_1,
 ShannonBounds.C11R6Tables.inside_b0b2c46dc9f8db336b46._native.native_decide.ax_1_1,
 ShannonBounds.C11R6Tables.inside_bc598aabfc397b015309._native.native_decide.ax_1_1,
 ShannonBounds.C11R6Tables.inside_bfd644574c544c933581._native.native_decide.ax_1_1,
 ShannonBounds.C11R6Tables.inside_c28c6dd5607aacbad7ef._native.native_decide.ax_1_1,
 ShannonBounds.C11R6Tables.inside_cc72ba3cc3d211951e7b._native.native_decide.ax_1_1,
 ShannonBounds.C11R6Tables.inside_d1d88f72dc4352a983e3._native.native_decide.ax_1_1,
 ShannonBounds.C11R6Tables.inside_e6624479a4e7b8218273._native.native_decide.ax_1_1,
 ShannonBounds.C11R6Tables.inside_e91967edd2b512831205._native.native_decide.ax_1_1,
 ShannonBounds.C11R6Tables.inside_ece408aa34da4a12a217._native.native_decide.ax_1_1,
 ShannonBounds.C11R6Tables.inside_f95d1e072279bb3bfc11._native.native_decide.ax_1_1]
'ShannonBounds.C11R6D198.capacity_root' depends on axioms: [propext,
 Classical.choice.{u},
 Quot.sound.{u},
 ShannonBounds.BaseC11.sconf_iff_conflict._native.native_decide.ax_1_1,
 ShannonBounds.BaseC11.sconf_refl._native.native_decide.ax_1_1,
 ShannonBounds.BaseC11.sconf_symm._native.native_decide.ax_1_1,
 ShannonBounds.C11R6Base.base_between._native.native_decide.ax_1_1,
 ShannonBounds.C11R6Base.base_inside._native.native_decide.ax_1_1,
 ShannonBounds.C11R6Base.base_weights._native.native_decide.ax_1_1,
 ShannonBounds.C11R6D198.polynomial_n1._native.native_decide.ax_1_1,
 ShannonBounds.C11R6D198.polynomial_n10._native.native_decide.ax_1_1,
 ShannonBounds.C11R6D198.polynomial_n11._native.native_decide.ax_1_1,
 ShannonBounds.C11R6D198.polynomial_n12._native.native_decide.ax_1_1,
 ShannonBounds.C11R6D198.polynomial_n13._native.native_decide.ax_1_1,
 ShannonBounds.C11R6D198.polynomial_n14._native.native_decide.ax_1_1,
 ShannonBounds.C11R6D198.polynomial_n15._native.native_decide.ax_1_1,
 ShannonBounds.C11R6D198.polynomial_n16._native.native_decide.ax_1_1,
 ShannonBounds.C11R6D198.polynomial_n17._native.native_decide.ax_1_1,
 ShannonBounds.C11R6D198.polynomial_n18._native.native_decide.ax_1_1,
 ShannonBounds.C11R6D198.polynomial_n19._native.native_decide.ax_1_1,
 ShannonBounds.C11R6D198.polynomial_n2._native.native_decide.ax_1_1,
 ShannonBounds.C11R6D198.polynomial_n20._native.native_decide.ax_1_1,
 ShannonBounds.C11R6D198.polynomial_n21._native.native_decide.ax_1_1,
 ShannonBounds.C11R6D198.polynomial_n22._native.native_decide.ax_1_1,
 ShannonBounds.C11R6D198.polynomial_n23._native.native_decide.ax_1_1,
 ShannonBounds.C11R6D198.polynomial_n24._native.native_decide.ax_1_1,
 ShannonBounds.C11R6D198.polynomial_n25._native.native_decide.ax_1_1,
 ShannonBounds.C11R6D198.polynomial_n26._native.native_decide.ax_1_1,
 ShannonBounds.C11R6D198.polynomial_n27._native.native_decide.ax_1_1,
 ShannonBounds.C11R6D198.polynomial_n28._native.native_decide.ax_1_1,
 ShannonBounds.C11R6D198.polynomial_n29._native.native_decide.ax_1_1,
 ShannonBounds.C11R6D198.polynomial_n3._native.native_decide.ax_1_1,
 ShannonBounds.C11R6D198.polynomial_n4._native.native_decide.ax_1_1,
 ShannonBounds.C11R6D198.polynomial_n5._native.native_decide.ax_1_1,
 ShannonBounds.C11R6D198.polynomial_n6._native.native_decide.ax_1_1,
 ShannonBounds.C11R6D198.polynomial_n7._native.native_decide.ax_1_1,
 ShannonBounds.C11R6D198.polynomial_n8._native.native_decide.ax_1_1,
 ShannonBounds.C11R6D198.polynomial_n9._native.native_decide.ax_1_1,
 ShannonBounds.C11R6D198.terminal_polynomial._native.native_decide.ax_1_1,
 ShannonBounds.C11R6Tables.cross_01c047685d920c22640e._native.native_decide.ax_1_1,
 ShannonBounds.C11R6Tables.cross_1de129ef1fff89d74bef._native.native_decide.ax_1_1,
 ShannonBounds.C11R6Tables.cross_275feb4472b545b7b61b._native.native_decide.ax_1_1,
 ShannonBounds.C11R6Tables.cross_2d78eefa50581f5d0332._native.native_decide.ax_1_1,
 ShannonBounds.C11R6Tables.cross_2ed8d12cfe031f31782c._native.native_decide.ax_1_1,
 ShannonBounds.C11R6Tables.cross_37294a683db0ad79cd1a._native.native_decide.ax_1_1,
 ShannonBounds.C11R6Tables.cross_51b4bb7e33ca836fee10._native.native_decide.ax_1_1,
 ShannonBounds.C11R6Tables.cross_562e2180d94b76a35d8a._native.native_decide.ax_1_1,
 ShannonBounds.C11R6Tables.cross_564505af0066fa9bc893._native.native_decide.ax_1_1,
 ShannonBounds.C11R6Tables.cross_669343cc17cb8eaf6957._native.native_decide.ax_1_1,
 ShannonBounds.C11R6Tables.cross_73383c091e7d3a586822._native.native_decide.ax_1_1,
 ShannonBounds.C11R6Tables.cross_7461db4595a77df35801._native.native_decide.ax_1_1,
 ShannonBounds.C11R6Tables.cross_7586a2b6c341612c9fdc._native.native_decide.ax_1_1,
 ShannonBounds.C11R6Tables.cross_960de25190a3bed445b8._native.native_decide.ax_1_1,
 ShannonBounds.C11R6Tables.cross_9783e6b9166dfb4049c4._native.native_decide.ax_1_1,
 ShannonBounds.C11R6Tables.cross_988a6e27a74069e613e5._native.native_decide.ax_1_1,
 ShannonBounds.C11R6Tables.cross_9b70f31dd1696e52e328._native.native_decide.ax_1_1,
 ShannonBounds.C11R6Tables.cross_b0b2c46dc9f8db336b46._native.native_decide.ax_1_1,
 ShannonBounds.C11R6Tables.cross_bc598aabfc397b015309._native.native_decide.ax_1_1,
 ShannonBounds.C11R6Tables.cross_bfd644574c544c933581._native.native_decide.ax_1_1,
 ShannonBounds.C11R6Tables.cross_c28c6dd5607aacbad7ef._native.native_decide.ax_1_1,
 ShannonBounds.C11R6Tables.cross_cc72ba3cc3d211951e7b._native.native_decide.ax_1_1,
 ShannonBounds.C11R6Tables.cross_e6624479a4e7b8218273._native.native_decide.ax_1_1,
 ShannonBounds.C11R6Tables.cross_e91967edd2b512831205._native.native_decide.ax_1_1,
 ShannonBounds.C11R6Tables.cross_ece408aa34da4a12a217._native.native_decide.ax_1_1,
 ShannonBounds.C11R6Tables.cross_f95d1e072279bb3bfc11._native.native_decide.ax_1_1,
 ShannonBounds.C11R6Tables.inside_01c047685d920c22640e._native.native_decide.ax_1_1,
 ShannonBounds.C11R6Tables.inside_1de129ef1fff89d74bef._native.native_decide.ax_1_1,
 ShannonBounds.C11R6Tables.inside_275feb4472b545b7b61b._native.native_decide.ax_1_1,
 ShannonBounds.C11R6Tables.inside_2d78eefa50581f5d0332._native.native_decide.ax_1_1,
 ShannonBounds.C11R6Tables.inside_2ed8d12cfe031f31782c._native.native_decide.ax_1_1,
 ShannonBounds.C11R6Tables.inside_37294a683db0ad79cd1a._native.native_decide.ax_1_1,
 ShannonBounds.C11R6Tables.inside_51b4bb7e33ca836fee10._native.native_decide.ax_1_1,
 ShannonBounds.C11R6Tables.inside_562e2180d94b76a35d8a._native.native_decide.ax_1_1,
 ShannonBounds.C11R6Tables.inside_564505af0066fa9bc893._native.native_decide.ax_1_1,
 ShannonBounds.C11R6Tables.inside_669343cc17cb8eaf6957._native.native_decide.ax_1_1,
 ShannonBounds.C11R6Tables.inside_73383c091e7d3a586822._native.native_decide.ax_1_1,
 ShannonBounds.C11R6Tables.inside_7461db4595a77df35801._native.native_decide.ax_1_1,
 ShannonBounds.C11R6Tables.inside_7586a2b6c341612c9fdc._native.native_decide.ax_1_1,
 ShannonBounds.C11R6Tables.inside_960de25190a3bed445b8._native.native_decide.ax_1_1,
 ShannonBounds.C11R6Tables.inside_9783e6b9166dfb4049c4._native.native_decide.ax_1_1,
 ShannonBounds.C11R6Tables.inside_988a6e27a74069e613e5._native.native_decide.ax_1_1,
 ShannonBounds.C11R6Tables.inside_9b70f31dd1696e52e328._native.native_decide.ax_1_1,
 ShannonBounds.C11R6Tables.inside_b0b2c46dc9f8db336b46._native.native_decide.ax_1_1,
 ShannonBounds.C11R6Tables.inside_bc598aabfc397b015309._native.native_decide.ax_1_1,
 ShannonBounds.C11R6Tables.inside_bfd644574c544c933581._native.native_decide.ax_1_1,
 ShannonBounds.C11R6Tables.inside_c28c6dd5607aacbad7ef._native.native_decide.ax_1_1,
 ShannonBounds.C11R6Tables.inside_cc72ba3cc3d211951e7b._native.native_decide.ax_1_1,
 ShannonBounds.C11R6Tables.inside_d1d88f72dc4352a983e3._native.native_decide.ax_1_1,
 ShannonBounds.C11R6Tables.inside_e6624479a4e7b8218273._native.native_decide.ax_1_1,
 ShannonBounds.C11R6Tables.inside_e91967edd2b512831205._native.native_decide.ax_1_1,
 ShannonBounds.C11R6Tables.inside_ece408aa34da4a12a217._native.native_decide.ax_1_1,
 ShannonBounds.C11R6Tables.inside_f95d1e072279bb3bfc11._native.native_decide.ax_1_1]
'ShannonBounds.C11R6D198.root_bracket' depends on axioms: [propext,
 Classical.choice.{u},
 Quot.sound.{u},
 ShannonBounds.C11R6D198.decimal_lower_integer._native.native_decide.ax_1_1,
 ShannonBounds.C11R6D198.decimal_upper_integer._native.native_decide.ax_1_1]
'ShannonBounds.C11R6D198.capacity_lower' depends on axioms: [propext,
 Classical.choice.{u},
 Quot.sound.{u},
 ShannonBounds.BaseC11.sconf_iff_conflict._native.native_decide.ax_1_1,
 ShannonBounds.BaseC11.sconf_refl._native.native_decide.ax_1_1,
 ShannonBounds.BaseC11.sconf_symm._native.native_decide.ax_1_1,
 ShannonBounds.C11R6Base.base_between._native.native_decide.ax_1_1,
 ShannonBounds.C11R6Base.base_inside._native.native_decide.ax_1_1,
 ShannonBounds.C11R6Base.base_weights._native.native_decide.ax_1_1,
 ShannonBounds.C11R6D198.decimal_lower_integer._native.native_decide.ax_1_1,
 ShannonBounds.C11R6D198.decimal_upper_integer._native.native_decide.ax_1_1,
 ShannonBounds.C11R6D198.polynomial_n1._native.native_decide.ax_1_1,
 ShannonBounds.C11R6D198.polynomial_n10._native.native_decide.ax_1_1,
 ShannonBounds.C11R6D198.polynomial_n11._native.native_decide.ax_1_1,
 ShannonBounds.C11R6D198.polynomial_n12._native.native_decide.ax_1_1,
 ShannonBounds.C11R6D198.polynomial_n13._native.native_decide.ax_1_1,
 ShannonBounds.C11R6D198.polynomial_n14._native.native_decide.ax_1_1,
 ShannonBounds.C11R6D198.polynomial_n15._native.native_decide.ax_1_1,
 ShannonBounds.C11R6D198.polynomial_n16._native.native_decide.ax_1_1,
 ShannonBounds.C11R6D198.polynomial_n17._native.native_decide.ax_1_1,
 ShannonBounds.C11R6D198.polynomial_n18._native.native_decide.ax_1_1,
 ShannonBounds.C11R6D198.polynomial_n19._native.native_decide.ax_1_1,
 ShannonBounds.C11R6D198.polynomial_n2._native.native_decide.ax_1_1,
 ShannonBounds.C11R6D198.polynomial_n20._native.native_decide.ax_1_1,
 ShannonBounds.C11R6D198.polynomial_n21._native.native_decide.ax_1_1,
 ShannonBounds.C11R6D198.polynomial_n22._native.native_decide.ax_1_1,
 ShannonBounds.C11R6D198.polynomial_n23._native.native_decide.ax_1_1,
 ShannonBounds.C11R6D198.polynomial_n24._native.native_decide.ax_1_1,
 ShannonBounds.C11R6D198.polynomial_n25._native.native_decide.ax_1_1,
 ShannonBounds.C11R6D198.polynomial_n26._native.native_decide.ax_1_1,
 ShannonBounds.C11R6D198.polynomial_n27._native.native_decide.ax_1_1,
 ShannonBounds.C11R6D198.polynomial_n28._native.native_decide.ax_1_1,
 ShannonBounds.C11R6D198.polynomial_n29._native.native_decide.ax_1_1,
 ShannonBounds.C11R6D198.polynomial_n3._native.native_decide.ax_1_1,
 ShannonBounds.C11R6D198.polynomial_n4._native.native_decide.ax_1_1,
 ShannonBounds.C11R6D198.polynomial_n5._native.native_decide.ax_1_1,
 ShannonBounds.C11R6D198.polynomial_n6._native.native_decide.ax_1_1,
 ShannonBounds.C11R6D198.polynomial_n7._native.native_decide.ax_1_1,
 ShannonBounds.C11R6D198.polynomial_n8._native.native_decide.ax_1_1,
 ShannonBounds.C11R6D198.polynomial_n9._native.native_decide.ax_1_1,
 ShannonBounds.C11R6D198.terminal_polynomial._native.native_decide.ax_1_1,
 ShannonBounds.C11R6Tables.cross_01c047685d920c22640e._native.native_decide.ax_1_1,
 ShannonBounds.C11R6Tables.cross_1de129ef1fff89d74bef._native.native_decide.ax_1_1,
 ShannonBounds.C11R6Tables.cross_275feb4472b545b7b61b._native.native_decide.ax_1_1,
 ShannonBounds.C11R6Tables.cross_2d78eefa50581f5d0332._native.native_decide.ax_1_1,
 ShannonBounds.C11R6Tables.cross_2ed8d12cfe031f31782c._native.native_decide.ax_1_1,
 ShannonBounds.C11R6Tables.cross_37294a683db0ad79cd1a._native.native_decide.ax_1_1,
 ShannonBounds.C11R6Tables.cross_51b4bb7e33ca836fee10._native.native_decide.ax_1_1,
 ShannonBounds.C11R6Tables.cross_562e2180d94b76a35d8a._native.native_decide.ax_1_1,
 ShannonBounds.C11R6Tables.cross_564505af0066fa9bc893._native.native_decide.ax_1_1,
 ShannonBounds.C11R6Tables.cross_669343cc17cb8eaf6957._native.native_decide.ax_1_1,
 ShannonBounds.C11R6Tables.cross_73383c091e7d3a586822._native.native_decide.ax_1_1,
 ShannonBounds.C11R6Tables.cross_7461db4595a77df35801._native.native_decide.ax_1_1,
 ShannonBounds.C11R6Tables.cross_7586a2b6c341612c9fdc._native.native_decide.ax_1_1,
 ShannonBounds.C11R6Tables.cross_960de25190a3bed445b8._native.native_decide.ax_1_1,
 ShannonBounds.C11R6Tables.cross_9783e6b9166dfb4049c4._native.native_decide.ax_1_1,
 ShannonBounds.C11R6Tables.cross_988a6e27a74069e613e5._native.native_decide.ax_1_1,
 ShannonBounds.C11R6Tables.cross_9b70f31dd1696e52e328._native.native_decide.ax_1_1,
 ShannonBounds.C11R6Tables.cross_b0b2c46dc9f8db336b46._native.native_decide.ax_1_1,
 ShannonBounds.C11R6Tables.cross_bc598aabfc397b015309._native.native_decide.ax_1_1,
 ShannonBounds.C11R6Tables.cross_bfd644574c544c933581._native.native_decide.ax_1_1,
 ShannonBounds.C11R6Tables.cross_c28c6dd5607aacbad7ef._native.native_decide.ax_1_1,
 ShannonBounds.C11R6Tables.cross_cc72ba3cc3d211951e7b._native.native_decide.ax_1_1,
 ShannonBounds.C11R6Tables.cross_e6624479a4e7b8218273._native.native_decide.ax_1_1,
 ShannonBounds.C11R6Tables.cross_e91967edd2b512831205._native.native_decide.ax_1_1,
 ShannonBounds.C11R6Tables.cross_ece408aa34da4a12a217._native.native_decide.ax_1_1,
 ShannonBounds.C11R6Tables.cross_f95d1e072279bb3bfc11._native.native_decide.ax_1_1,
 ShannonBounds.C11R6Tables.inside_01c047685d920c22640e._native.native_decide.ax_1_1,
 ShannonBounds.C11R6Tables.inside_1de129ef1fff89d74bef._native.native_decide.ax_1_1,
 ShannonBounds.C11R6Tables.inside_275feb4472b545b7b61b._native.native_decide.ax_1_1,
 ShannonBounds.C11R6Tables.inside_2d78eefa50581f5d0332._native.native_decide.ax_1_1,
 ShannonBounds.C11R6Tables.inside_2ed8d12cfe031f31782c._native.native_decide.ax_1_1,
 ShannonBounds.C11R6Tables.inside_37294a683db0ad79cd1a._native.native_decide.ax_1_1,
 ShannonBounds.C11R6Tables.inside_51b4bb7e33ca836fee10._native.native_decide.ax_1_1,
 ShannonBounds.C11R6Tables.inside_562e2180d94b76a35d8a._native.native_decide.ax_1_1,
 ShannonBounds.C11R6Tables.inside_564505af0066fa9bc893._native.native_decide.ax_1_1,
 ShannonBounds.C11R6Tables.inside_669343cc17cb8eaf6957._native.native_decide.ax_1_1,
 ShannonBounds.C11R6Tables.inside_73383c091e7d3a586822._native.native_decide.ax_1_1,
 ShannonBounds.C11R6Tables.inside_7461db4595a77df35801._native.native_decide.ax_1_1,
 ShannonBounds.C11R6Tables.inside_7586a2b6c341612c9fdc._native.native_decide.ax_1_1,
 ShannonBounds.C11R6Tables.inside_960de25190a3bed445b8._native.native_decide.ax_1_1,
 ShannonBounds.C11R6Tables.inside_9783e6b9166dfb4049c4._native.native_decide.ax_1_1,
 ShannonBounds.C11R6Tables.inside_988a6e27a74069e613e5._native.native_decide.ax_1_1,
 ShannonBounds.C11R6Tables.inside_9b70f31dd1696e52e328._native.native_decide.ax_1_1,
 ShannonBounds.C11R6Tables.inside_b0b2c46dc9f8db336b46._native.native_decide.ax_1_1,
 ShannonBounds.C11R6Tables.inside_bc598aabfc397b015309._native.native_decide.ax_1_1,
 ShannonBounds.C11R6Tables.inside_bfd644574c544c933581._native.native_decide.ax_1_1,
 ShannonBounds.C11R6Tables.inside_c28c6dd5607aacbad7ef._native.native_decide.ax_1_1,
 ShannonBounds.C11R6Tables.inside_cc72ba3cc3d211951e7b._native.native_decide.ax_1_1,
 ShannonBounds.C11R6Tables.inside_d1d88f72dc4352a983e3._native.native_decide.ax_1_1,
 ShannonBounds.C11R6Tables.inside_e6624479a4e7b8218273._native.native_decide.ax_1_1,
 ShannonBounds.C11R6Tables.inside_e91967edd2b512831205._native.native_decide.ax_1_1,
 ShannonBounds.C11R6Tables.inside_ece408aa34da4a12a217._native.native_decide.ax_1_1,
 ShannonBounds.C11R6Tables.inside_f95d1e072279bb3bfc11._native.native_decide.ax_1_1]
'ShannonBounds.C11R6D198.strictly_larger_R5' depends on axioms: [ShannonBounds.C11R6D198.strictly_larger_R5._native.native_decide.ax_1_1]
'ShannonBounds.C11R6D198.cross_power_R5' depends on axioms: [propext,
 ShannonBounds.C11R6D198.cross_power_R5._native.native_decide.ax_1_1]
'ShannonBounds.C11R6D198.strict_root_R5' depends on axioms: [propext,
 Classical.choice.{u},
 Quot.sound.{u},
 ShannonBounds.C11R6D198.cross_power_R5._native.native_decide.ax_1_1]
'ShannonBounds.C11R6D198.step_v' depends on axioms: [propext, Classical.choice.{u}, Quot.sound.{u}]
'ShannonBounds.C11R6D198.step_n1' depends on axioms: [propext,
 Classical.choice.{u},
 Quot.sound.{u},
 ShannonBounds.C11R6D198.polynomial_n1._native.native_decide.ax_1_1,
 ShannonBounds.C11R6Tables.cross_51b4bb7e33ca836fee10._native.native_decide.ax_1_1,
 ShannonBounds.C11R6Tables.inside_51b4bb7e33ca836fee10._native.native_decide.ax_1_1]
'ShannonBounds.C11R6D198.step_n2' depends on axioms: [propext,
 Classical.choice.{u},
 Quot.sound.{u},
 ShannonBounds.C11R6D198.polynomial_n1._native.native_decide.ax_1_1,
 ShannonBounds.C11R6D198.polynomial_n2._native.native_decide.ax_1_1,
 ShannonBounds.C11R6Tables.cross_51b4bb7e33ca836fee10._native.native_decide.ax_1_1,
 ShannonBounds.C11R6Tables.cross_7461db4595a77df35801._native.native_decide.ax_1_1,
 ShannonBounds.C11R6Tables.inside_51b4bb7e33ca836fee10._native.native_decide.ax_1_1,
 ShannonBounds.C11R6Tables.inside_7461db4595a77df35801._native.native_decide.ax_1_1]
'ShannonBounds.C11R6D198.step_n3' depends on axioms: [propext,
 Classical.choice.{u},
 Quot.sound.{u},
 ShannonBounds.C11R6D198.polynomial_n1._native.native_decide.ax_1_1,
 ShannonBounds.C11R6D198.polynomial_n2._native.native_decide.ax_1_1,
 ShannonBounds.C11R6D198.polynomial_n3._native.native_decide.ax_1_1,
 ShannonBounds.C11R6Tables.cross_51b4bb7e33ca836fee10._native.native_decide.ax_1_1,
 ShannonBounds.C11R6Tables.cross_7461db4595a77df35801._native.native_decide.ax_1_1,
 ShannonBounds.C11R6Tables.cross_e91967edd2b512831205._native.native_decide.ax_1_1,
 ShannonBounds.C11R6Tables.inside_51b4bb7e33ca836fee10._native.native_decide.ax_1_1,
 ShannonBounds.C11R6Tables.inside_7461db4595a77df35801._native.native_decide.ax_1_1,
 ShannonBounds.C11R6Tables.inside_e91967edd2b512831205._native.native_decide.ax_1_1]
'ShannonBounds.C11R6D198.step_n4' depends on axioms: [propext,
 Classical.choice.{u},
 Quot.sound.{u},
 ShannonBounds.C11R6D198.polynomial_n1._native.native_decide.ax_1_1,
 ShannonBounds.C11R6D198.polynomial_n2._native.native_decide.ax_1_1,
 ShannonBounds.C11R6D198.polynomial_n3._native.native_decide.ax_1_1,
 ShannonBounds.C11R6D198.polynomial_n4._native.native_decide.ax_1_1,
 ShannonBounds.C11R6Tables.cross_2ed8d12cfe031f31782c._native.native_decide.ax_1_1,
 ShannonBounds.C11R6Tables.cross_51b4bb7e33ca836fee10._native.native_decide.ax_1_1,
 ShannonBounds.C11R6Tables.cross_7461db4595a77df35801._native.native_decide.ax_1_1,
 ShannonBounds.C11R6Tables.cross_e91967edd2b512831205._native.native_decide.ax_1_1,
 ShannonBounds.C11R6Tables.inside_2ed8d12cfe031f31782c._native.native_decide.ax_1_1,
 ShannonBounds.C11R6Tables.inside_51b4bb7e33ca836fee10._native.native_decide.ax_1_1,
 ShannonBounds.C11R6Tables.inside_7461db4595a77df35801._native.native_decide.ax_1_1,
 ShannonBounds.C11R6Tables.inside_e91967edd2b512831205._native.native_decide.ax_1_1]
'ShannonBounds.C11R6D198.step_n5' depends on axioms: [propext,
 Classical.choice.{u},
 Quot.sound.{u},
 ShannonBounds.C11R6D198.polynomial_n1._native.native_decide.ax_1_1,
 ShannonBounds.C11R6D198.polynomial_n2._native.native_decide.ax_1_1,
 ShannonBounds.C11R6D198.polynomial_n3._native.native_decide.ax_1_1,
 ShannonBounds.C11R6D198.polynomial_n4._native.native_decide.ax_1_1,
 ShannonBounds.C11R6D198.polynomial_n5._native.native_decide.ax_1_1,
 ShannonBounds.C11R6Tables.cross_2ed8d12cfe031f31782c._native.native_decide.ax_1_1,
 ShannonBounds.C11R6Tables.cross_51b4bb7e33ca836fee10._native.native_decide.ax_1_1,
 ShannonBounds.C11R6Tables.cross_73383c091e7d3a586822._native.native_decide.ax_1_1,
 ShannonBounds.C11R6Tables.cross_7461db4595a77df35801._native.native_decide.ax_1_1,
 ShannonBounds.C11R6Tables.cross_e91967edd2b512831205._native.native_decide.ax_1_1,
 ShannonBounds.C11R6Tables.inside_2ed8d12cfe031f31782c._native.native_decide.ax_1_1,
 ShannonBounds.C11R6Tables.inside_51b4bb7e33ca836fee10._native.native_decide.ax_1_1,
 ShannonBounds.C11R6Tables.inside_73383c091e7d3a586822._native.native_decide.ax_1_1,
 ShannonBounds.C11R6Tables.inside_7461db4595a77df35801._native.native_decide.ax_1_1,
 ShannonBounds.C11R6Tables.inside_e91967edd2b512831205._native.native_decide.ax_1_1]
'ShannonBounds.C11R6D198.step_n6' depends on axioms: [propext,
 Classical.choice.{u},
 Quot.sound.{u},
 ShannonBounds.C11R6D198.polynomial_n1._native.native_decide.ax_1_1,
 ShannonBounds.C11R6D198.polynomial_n2._native.native_decide.ax_1_1,
 ShannonBounds.C11R6D198.polynomial_n3._native.native_decide.ax_1_1,
 ShannonBounds.C11R6D198.polynomial_n4._native.native_decide.ax_1_1,
 ShannonBounds.C11R6D198.polynomial_n5._native.native_decide.ax_1_1,
 ShannonBounds.C11R6D198.polynomial_n6._native.native_decide.ax_1_1,
 ShannonBounds.C11R6Tables.cross_2ed8d12cfe031f31782c._native.native_decide.ax_1_1,
 ShannonBounds.C11R6Tables.cross_51b4bb7e33ca836fee10._native.native_decide.ax_1_1,
 ShannonBounds.C11R6Tables.cross_73383c091e7d3a586822._native.native_decide.ax_1_1,
 ShannonBounds.C11R6Tables.cross_7461db4595a77df35801._native.native_decide.ax_1_1,
 ShannonBounds.C11R6Tables.cross_bfd644574c544c933581._native.native_decide.ax_1_1,
 ShannonBounds.C11R6Tables.cross_e91967edd2b512831205._native.native_decide.ax_1_1,
 ShannonBounds.C11R6Tables.inside_2ed8d12cfe031f31782c._native.native_decide.ax_1_1,
 ShannonBounds.C11R6Tables.inside_51b4bb7e33ca836fee10._native.native_decide.ax_1_1,
 ShannonBounds.C11R6Tables.inside_73383c091e7d3a586822._native.native_decide.ax_1_1,
 ShannonBounds.C11R6Tables.inside_7461db4595a77df35801._native.native_decide.ax_1_1,
 ShannonBounds.C11R6Tables.inside_bfd644574c544c933581._native.native_decide.ax_1_1,
 ShannonBounds.C11R6Tables.inside_e91967edd2b512831205._native.native_decide.ax_1_1]
'ShannonBounds.C11R6D198.step_n7' depends on axioms: [propext,
 Classical.choice.{u},
 Quot.sound.{u},
 ShannonBounds.C11R6D198.polynomial_n7._native.native_decide.ax_1_1,
 ShannonBounds.C11R6Tables.cross_9783e6b9166dfb4049c4._native.native_decide.ax_1_1,
 ShannonBounds.C11R6Tables.inside_9783e6b9166dfb4049c4._native.native_decide.ax_1_1]
'ShannonBounds.C11R6D198.step_n8' depends on axioms: [propext,
 Classical.choice.{u},
 Quot.sound.{u},
 ShannonBounds.C11R6D198.polynomial_n7._native.native_decide.ax_1_1,
 ShannonBounds.C11R6D198.polynomial_n8._native.native_decide.ax_1_1,
 ShannonBounds.C11R6Tables.cross_9783e6b9166dfb4049c4._native.native_decide.ax_1_1,
 ShannonBounds.C11R6Tables.cross_988a6e27a74069e613e5._native.native_decide.ax_1_1,
 ShannonBounds.C11R6Tables.inside_9783e6b9166dfb4049c4._native.native_decide.ax_1_1,
 ShannonBounds.C11R6Tables.inside_988a6e27a74069e613e5._native.native_decide.ax_1_1]
'ShannonBounds.C11R6D198.step_n9' depends on axioms: [propext,
 Classical.choice.{u},
 Quot.sound.{u},
 ShannonBounds.C11R6D198.polynomial_n7._native.native_decide.ax_1_1,
 ShannonBounds.C11R6D198.polynomial_n8._native.native_decide.ax_1_1,
 ShannonBounds.C11R6D198.polynomial_n9._native.native_decide.ax_1_1,
 ShannonBounds.C11R6Tables.cross_9783e6b9166dfb4049c4._native.native_decide.ax_1_1,
 ShannonBounds.C11R6Tables.cross_988a6e27a74069e613e5._native.native_decide.ax_1_1,
 ShannonBounds.C11R6Tables.cross_e6624479a4e7b8218273._native.native_decide.ax_1_1,
 ShannonBounds.C11R6Tables.inside_9783e6b9166dfb4049c4._native.native_decide.ax_1_1,
 ShannonBounds.C11R6Tables.inside_988a6e27a74069e613e5._native.native_decide.ax_1_1,
 ShannonBounds.C11R6Tables.inside_e6624479a4e7b8218273._native.native_decide.ax_1_1]
'ShannonBounds.C11R6D198.step_n10' depends on axioms: [propext,
 Classical.choice.{u},
 Quot.sound.{u},
 ShannonBounds.C11R6D198.polynomial_n10._native.native_decide.ax_1_1,
 ShannonBounds.C11R6Tables.cross_564505af0066fa9bc893._native.native_decide.ax_1_1,
 ShannonBounds.C11R6Tables.inside_564505af0066fa9bc893._native.native_decide.ax_1_1]
'ShannonBounds.C11R6D198.step_n11' depends on axioms: [propext,
 Classical.choice.{u},
 Quot.sound.{u},
 ShannonBounds.C11R6D198.polynomial_n11._native.native_decide.ax_1_1,
 ShannonBounds.C11R6Tables.cross_bc598aabfc397b015309._native.native_decide.ax_1_1,
 ShannonBounds.C11R6Tables.inside_bc598aabfc397b015309._native.native_decide.ax_1_1]
'ShannonBounds.C11R6D198.step_n12' depends on axioms: [propext,
 Classical.choice.{u},
 Quot.sound.{u},
 ShannonBounds.C11R6D198.polynomial_n10._native.native_decide.ax_1_1,
 ShannonBounds.C11R6D198.polynomial_n11._native.native_decide.ax_1_1,
 ShannonBounds.C11R6D198.polynomial_n12._native.native_decide.ax_1_1,
 ShannonBounds.C11R6Tables.cross_1de129ef1fff89d74bef._native.native_decide.ax_1_1,
 ShannonBounds.C11R6Tables.cross_564505af0066fa9bc893._native.native_decide.ax_1_1,
 ShannonBounds.C11R6Tables.cross_bc598aabfc397b015309._native.native_decide.ax_1_1,
 ShannonBounds.C11R6Tables.inside_1de129ef1fff89d74bef._native.native_decide.ax_1_1,
 ShannonBounds.C11R6Tables.inside_564505af0066fa9bc893._native.native_decide.ax_1_1,
 ShannonBounds.C11R6Tables.inside_bc598aabfc397b015309._native.native_decide.ax_1_1]
'ShannonBounds.C11R6D198.step_n13' depends on axioms: [propext,
 Classical.choice.{u},
 Quot.sound.{u},
 ShannonBounds.C11R6D198.polynomial_n13._native.native_decide.ax_1_1,
 ShannonBounds.C11R6Tables.cross_275feb4472b545b7b61b._native.native_decide.ax_1_1,
 ShannonBounds.C11R6Tables.inside_275feb4472b545b7b61b._native.native_decide.ax_1_1]
'ShannonBounds.C11R6D198.step_n14' depends on axioms: [propext,
 Classical.choice.{u},
 Quot.sound.{u},
 ShannonBounds.C11R6D198.polynomial_n13._native.native_decide.ax_1_1,
 ShannonBounds.C11R6D198.polynomial_n14._native.native_decide.ax_1_1,
 ShannonBounds.C11R6Tables.cross_275feb4472b545b7b61b._native.native_decide.ax_1_1,
 ShannonBounds.C11R6Tables.cross_562e2180d94b76a35d8a._native.native_decide.ax_1_1,
 ShannonBounds.C11R6Tables.inside_275feb4472b545b7b61b._native.native_decide.ax_1_1,
 ShannonBounds.C11R6Tables.inside_562e2180d94b76a35d8a._native.native_decide.ax_1_1]
'ShannonBounds.C11R6D198.step_n15' depends on axioms: [propext,
 Classical.choice.{u},
 Quot.sound.{u},
 ShannonBounds.C11R6D198.polynomial_n10._native.native_decide.ax_1_1,
 ShannonBounds.C11R6D198.polynomial_n11._native.native_decide.ax_1_1,
 ShannonBounds.C11R6D198.polynomial_n13._native.native_decide.ax_1_1,
 ShannonBounds.C11R6D198.polynomial_n14._native.native_decide.ax_1_1,
 ShannonBounds.C11R6D198.polynomial_n15._native.native_decide.ax_1_1,
 ShannonBounds.C11R6Tables.cross_275feb4472b545b7b61b._native.native_decide.ax_1_1,
 ShannonBounds.C11R6Tables.cross_562e2180d94b76a35d8a._native.native_decide.ax_1_1,
 ShannonBounds.C11R6Tables.cross_564505af0066fa9bc893._native.native_decide.ax_1_1,
 ShannonBounds.C11R6Tables.cross_bc598aabfc397b015309._native.native_decide.ax_1_1,
 ShannonBounds.C11R6Tables.cross_cc72ba3cc3d211951e7b._native.native_decide.ax_1_1,
 ShannonBounds.C11R6Tables.inside_275feb4472b545b7b61b._native.native_decide.ax_1_1,
 ShannonBounds.C11R6Tables.inside_562e2180d94b76a35d8a._native.native_decide.ax_1_1,
 ShannonBounds.C11R6Tables.inside_564505af0066fa9bc893._native.native_decide.ax_1_1,
 ShannonBounds.C11R6Tables.inside_bc598aabfc397b015309._native.native_decide.ax_1_1,
 ShannonBounds.C11R6Tables.inside_cc72ba3cc3d211951e7b._native.native_decide.ax_1_1]
'ShannonBounds.C11R6D198.step_n16' depends on axioms: [propext,
 Classical.choice.{u},
 Quot.sound.{u},
 ShannonBounds.C11R6D198.polynomial_n16._native.native_decide.ax_1_1,
 ShannonBounds.C11R6Tables.cross_9b70f31dd1696e52e328._native.native_decide.ax_1_1,
 ShannonBounds.C11R6Tables.inside_9b70f31dd1696e52e328._native.native_decide.ax_1_1]
'ShannonBounds.C11R6D198.step_n17' depends on axioms: [propext,
 Classical.choice.{u},
 Quot.sound.{u},
 ShannonBounds.C11R6D198.polynomial_n16._native.native_decide.ax_1_1,
 ShannonBounds.C11R6D198.polynomial_n17._native.native_decide.ax_1_1,
 ShannonBounds.C11R6Tables.cross_9b70f31dd1696e52e328._native.native_decide.ax_1_1,
 ShannonBounds.C11R6Tables.cross_b0b2c46dc9f8db336b46._native.native_decide.ax_1_1,
 ShannonBounds.C11R6Tables.inside_9b70f31dd1696e52e328._native.native_decide.ax_1_1,
 ShannonBounds.C11R6Tables.inside_b0b2c46dc9f8db336b46._native.native_decide.ax_1_1]
'ShannonBounds.C11R6D198.step_n18' depends on axioms: [propext,
 Classical.choice.{u},
 Quot.sound.{u},
 ShannonBounds.C11R6D198.polynomial_n10._native.native_decide.ax_1_1,
 ShannonBounds.C11R6D198.polynomial_n16._native.native_decide.ax_1_1,
 ShannonBounds.C11R6D198.polynomial_n17._native.native_decide.ax_1_1,
 ShannonBounds.C11R6D198.polynomial_n18._native.native_decide.ax_1_1,
 ShannonBounds.C11R6Tables.cross_564505af0066fa9bc893._native.native_decide.ax_1_1,
 ShannonBounds.C11R6Tables.cross_960de25190a3bed445b8._native.native_decide.ax_1_1,
 ShannonBounds.C11R6Tables.cross_9b70f31dd1696e52e328._native.native_decide.ax_1_1,
 ShannonBounds.C11R6Tables.cross_b0b2c46dc9f8db336b46._native.native_decide.ax_1_1,
 ShannonBounds.C11R6Tables.inside_564505af0066fa9bc893._native.native_decide.ax_1_1,
 ShannonBounds.C11R6Tables.inside_960de25190a3bed445b8._native.native_decide.ax_1_1,
 ShannonBounds.C11R6Tables.inside_9b70f31dd1696e52e328._native.native_decide.ax_1_1,
 ShannonBounds.C11R6Tables.inside_b0b2c46dc9f8db336b46._native.native_decide.ax_1_1]
'ShannonBounds.C11R6D198.step_n19' depends on axioms: [propext,
 Classical.choice.{u},
 Quot.sound.{u},
 ShannonBounds.C11R6D198.polynomial_n10._native.native_decide.ax_1_1,
 ShannonBounds.C11R6D198.polynomial_n11._native.native_decide.ax_1_1,
 ShannonBounds.C11R6D198.polynomial_n12._native.native_decide.ax_1_1,
 ShannonBounds.C11R6D198.polynomial_n13._native.native_decide.ax_1_1,
 ShannonBounds.C11R6D198.polynomial_n14._native.native_decide.ax_1_1,
 ShannonBounds.C11R6D198.polynomial_n15._native.native_decide.ax_1_1,
 ShannonBounds.C11R6D198.polynomial_n16._native.native_decide.ax_1_1,
 ShannonBounds.C11R6D198.polynomial_n17._native.native_decide.ax_1_1,
 ShannonBounds.C11R6D198.polynomial_n18._native.native_decide.ax_1_1,
 ShannonBounds.C11R6D198.polynomial_n19._native.native_decide.ax_1_1,
 ShannonBounds.C11R6Tables.cross_01c047685d920c22640e._native.native_decide.ax_1_1,
 ShannonBounds.C11R6Tables.cross_1de129ef1fff89d74bef._native.native_decide.ax_1_1,
 ShannonBounds.C11R6Tables.cross_275feb4472b545b7b61b._native.native_decide.ax_1_1,
 ShannonBounds.C11R6Tables.cross_562e2180d94b76a35d8a._native.native_decide.ax_1_1,
 ShannonBounds.C11R6Tables.cross_564505af0066fa9bc893._native.native_decide.ax_1_1,
 ShannonBounds.C11R6Tables.cross_960de25190a3bed445b8._native.native_decide.ax_1_1,
 ShannonBounds.C11R6Tables.cross_9b70f31dd1696e52e328._native.native_decide.ax_1_1,
 ShannonBounds.C11R6Tables.cross_b0b2c46dc9f8db336b46._native.native_decide.ax_1_1,
 ShannonBounds.C11R6Tables.cross_bc598aabfc397b015309._native.native_decide.ax_1_1,
 ShannonBounds.C11R6Tables.cross_cc72ba3cc3d211951e7b._native.native_decide.ax_1_1,
 ShannonBounds.C11R6Tables.inside_01c047685d920c22640e._native.native_decide.ax_1_1,
 ShannonBounds.C11R6Tables.inside_1de129ef1fff89d74bef._native.native_decide.ax_1_1,
 ShannonBounds.C11R6Tables.inside_275feb4472b545b7b61b._native.native_decide.ax_1_1,
 ShannonBounds.C11R6Tables.inside_562e2180d94b76a35d8a._native.native_decide.ax_1_1,
 ShannonBounds.C11R6Tables.inside_564505af0066fa9bc893._native.native_decide.ax_1_1,
 ShannonBounds.C11R6Tables.inside_960de25190a3bed445b8._native.native_decide.ax_1_1,
 ShannonBounds.C11R6Tables.inside_9b70f31dd1696e52e328._native.native_decide.ax_1_1,
 ShannonBounds.C11R6Tables.inside_b0b2c46dc9f8db336b46._native.native_decide.ax_1_1,
 ShannonBounds.C11R6Tables.inside_bc598aabfc397b015309._native.native_decide.ax_1_1,
 ShannonBounds.C11R6Tables.inside_cc72ba3cc3d211951e7b._native.native_decide.ax_1_1]
'ShannonBounds.C11R6D198.step_n20' depends on axioms: [propext,
 Classical.choice.{u},
 Quot.sound.{u},
 ShannonBounds.C11R6D198.polynomial_n20._native.native_decide.ax_1_1,
 ShannonBounds.C11R6D198.polynomial_n7._native.native_decide.ax_1_1,
 ShannonBounds.C11R6D198.polynomial_n8._native.native_decide.ax_1_1,
 ShannonBounds.C11R6Tables.cross_669343cc17cb8eaf6957._native.native_decide.ax_1_1,
 ShannonBounds.C11R6Tables.cross_9783e6b9166dfb4049c4._native.native_decide.ax_1_1,
 ShannonBounds.C11R6Tables.cross_988a6e27a74069e613e5._native.native_decide.ax_1_1,
 ShannonBounds.C11R6Tables.inside_669343cc17cb8eaf6957._native.native_decide.ax_1_1,
 ShannonBounds.C11R6Tables.inside_9783e6b9166dfb4049c4._native.native_decide.ax_1_1,
 ShannonBounds.C11R6Tables.inside_988a6e27a74069e613e5._native.native_decide.ax_1_1]
'ShannonBounds.C11R6D198.step_n21' depends on axioms: [propext,
 Classical.choice.{u},
 Quot.sound.{u},
 ShannonBounds.C11R6D198.polynomial_n20._native.native_decide.ax_1_1,
 ShannonBounds.C11R6D198.polynomial_n21._native.native_decide.ax_1_1,
 ShannonBounds.C11R6D198.polynomial_n7._native.native_decide.ax_1_1,
 ShannonBounds.C11R6D198.polynomial_n8._native.native_decide.ax_1_1,
 ShannonBounds.C11R6Tables.cross_669343cc17cb8eaf6957._native.native_decide.ax_1_1,
 ShannonBounds.C11R6Tables.cross_9783e6b9166dfb4049c4._native.native_decide.ax_1_1,
 ShannonBounds.C11R6Tables.cross_988a6e27a74069e613e5._native.native_decide.ax_1_1,
 ShannonBounds.C11R6Tables.cross_f95d1e072279bb3bfc11._native.native_decide.ax_1_1,
 ShannonBounds.C11R6Tables.inside_669343cc17cb8eaf6957._native.native_decide.ax_1_1,
 ShannonBounds.C11R6Tables.inside_9783e6b9166dfb4049c4._native.native_decide.ax_1_1,
 ShannonBounds.C11R6Tables.inside_988a6e27a74069e613e5._native.native_decide.ax_1_1,
 ShannonBounds.C11R6Tables.inside_f95d1e072279bb3bfc11._native.native_decide.ax_1_1]
'ShannonBounds.C11R6D198.step_n22' depends on axioms: [propext,
 Classical.choice.{u},
 Quot.sound.{u},
 ShannonBounds.C11R6D198.polynomial_n20._native.native_decide.ax_1_1,
 ShannonBounds.C11R6D198.polynomial_n21._native.native_decide.ax_1_1,
 ShannonBounds.C11R6D198.polynomial_n22._native.native_decide.ax_1_1,
 ShannonBounds.C11R6D198.polynomial_n7._native.native_decide.ax_1_1,
 ShannonBounds.C11R6D198.polynomial_n8._native.native_decide.ax_1_1,
 ShannonBounds.C11R6Tables.cross_669343cc17cb8eaf6957._native.native_decide.ax_1_1,
 ShannonBounds.C11R6Tables.cross_73383c091e7d3a586822._native.native_decide.ax_1_1,
 ShannonBounds.C11R6Tables.cross_9783e6b9166dfb4049c4._native.native_decide.ax_1_1,
 ShannonBounds.C11R6Tables.cross_988a6e27a74069e613e5._native.native_decide.ax_1_1,
 ShannonBounds.C11R6Tables.cross_f95d1e072279bb3bfc11._native.native_decide.ax_1_1,
 ShannonBounds.C11R6Tables.inside_669343cc17cb8eaf6957._native.native_decide.ax_1_1,
 ShannonBounds.C11R6Tables.inside_73383c091e7d3a586822._native.native_decide.ax_1_1,
 ShannonBounds.C11R6Tables.inside_9783e6b9166dfb4049c4._native.native_decide.ax_1_1,
 ShannonBounds.C11R6Tables.inside_988a6e27a74069e613e5._native.native_decide.ax_1_1,
 ShannonBounds.C11R6Tables.inside_f95d1e072279bb3bfc11._native.native_decide.ax_1_1]
'ShannonBounds.C11R6D198.step_n23' depends on axioms: [propext,
 Classical.choice.{u},
 Quot.sound.{u},
 ShannonBounds.C11R6D198.polynomial_n20._native.native_decide.ax_1_1,
 ShannonBounds.C11R6D198.polynomial_n21._native.native_decide.ax_1_1,
 ShannonBounds.C11R6D198.polynomial_n22._native.native_decide.ax_1_1,
 ShannonBounds.C11R6D198.polynomial_n23._native.native_decide.ax_1_1,
 ShannonBounds.C11R6D198.polynomial_n7._native.native_decide.ax_1_1,
 ShannonBounds.C11R6D198.polynomial_n8._native.native_decide.ax_1_1,
 ShannonBounds.C11R6Tables.cross_669343cc17cb8eaf6957._native.native_decide.ax_1_1,
 ShannonBounds.C11R6Tables.cross_73383c091e7d3a586822._native.native_decide.ax_1_1,
 ShannonBounds.C11R6Tables.cross_9783e6b9166dfb4049c4._native.native_decide.ax_1_1,
 ShannonBounds.C11R6Tables.cross_988a6e27a74069e613e5._native.native_decide.ax_1_1,
 ShannonBounds.C11R6Tables.cross_f95d1e072279bb3bfc11._native.native_decide.ax_1_1,
 ShannonBounds.C11R6Tables.inside_669343cc17cb8eaf6957._native.native_decide.ax_1_1,
 ShannonBounds.C11R6Tables.inside_73383c091e7d3a586822._native.native_decide.ax_1_1,
 ShannonBounds.C11R6Tables.inside_9783e6b9166dfb4049c4._native.native_decide.ax_1_1,
 ShannonBounds.C11R6Tables.inside_988a6e27a74069e613e5._native.native_decide.ax_1_1,
 ShannonBounds.C11R6Tables.inside_f95d1e072279bb3bfc11._native.native_decide.ax_1_1]
'ShannonBounds.C11R6D198.step_n24' depends on axioms: [propext,
 Classical.choice.{u},
 Quot.sound.{u},
 ShannonBounds.C11R6D198.polynomial_n20._native.native_decide.ax_1_1,
 ShannonBounds.C11R6D198.polynomial_n21._native.native_decide.ax_1_1,
 ShannonBounds.C11R6D198.polynomial_n22._native.native_decide.ax_1_1,
 ShannonBounds.C11R6D198.polynomial_n23._native.native_decide.ax_1_1,
 ShannonBounds.C11R6D198.polynomial_n24._native.native_decide.ax_1_1,
 ShannonBounds.C11R6D198.polynomial_n7._native.native_decide.ax_1_1,
 ShannonBounds.C11R6D198.polynomial_n8._native.native_decide.ax_1_1,
 ShannonBounds.C11R6Tables.cross_669343cc17cb8eaf6957._native.native_decide.ax_1_1,
 ShannonBounds.C11R6Tables.cross_73383c091e7d3a586822._native.native_decide.ax_1_1,
 ShannonBounds.C11R6Tables.cross_9783e6b9166dfb4049c4._native.native_decide.ax_1_1,
 ShannonBounds.C11R6Tables.cross_988a6e27a74069e613e5._native.native_decide.ax_1_1,
 ShannonBounds.C11R6Tables.cross_f95d1e072279bb3bfc11._native.native_decide.ax_1_1,
 ShannonBounds.C11R6Tables.inside_669343cc17cb8eaf6957._native.native_decide.ax_1_1,
 ShannonBounds.C11R6Tables.inside_73383c091e7d3a586822._native.native_decide.ax_1_1,
 ShannonBounds.C11R6Tables.inside_9783e6b9166dfb4049c4._native.native_decide.ax_1_1,
 ShannonBounds.C11R6Tables.inside_988a6e27a74069e613e5._native.native_decide.ax_1_1,
 ShannonBounds.C11R6Tables.inside_f95d1e072279bb3bfc11._native.native_decide.ax_1_1]
'ShannonBounds.C11R6D198.step_n25' depends on axioms: [propext,
 Classical.choice.{u},
 Quot.sound.{u},
 ShannonBounds.C11R6D198.polynomial_n1._native.native_decide.ax_1_1,
 ShannonBounds.C11R6D198.polynomial_n25._native.native_decide.ax_1_1,
 ShannonBounds.C11R6Tables.cross_2d78eefa50581f5d0332._native.native_decide.ax_1_1,
 ShannonBounds.C11R6Tables.cross_51b4bb7e33ca836fee10._native.native_decide.ax_1_1,
 ShannonBounds.C11R6Tables.inside_2d78eefa50581f5d0332._native.native_decide.ax_1_1,
 ShannonBounds.C11R6Tables.inside_51b4bb7e33ca836fee10._native.native_decide.ax_1_1]
'ShannonBounds.C11R6D198.step_n26' depends on axioms: [propext,
 Classical.choice.{u},
 Quot.sound.{u},
 ShannonBounds.C11R6D198.polynomial_n1._native.native_decide.ax_1_1,
 ShannonBounds.C11R6D198.polynomial_n10._native.native_decide.ax_1_1,
 ShannonBounds.C11R6D198.polynomial_n25._native.native_decide.ax_1_1,
 ShannonBounds.C11R6D198.polynomial_n26._native.native_decide.ax_1_1,
 ShannonBounds.C11R6Tables.cross_2d78eefa50581f5d0332._native.native_decide.ax_1_1,
 ShannonBounds.C11R6Tables.cross_51b4bb7e33ca836fee10._native.native_decide.ax_1_1,
 ShannonBounds.C11R6Tables.cross_564505af0066fa9bc893._native.native_decide.ax_1_1,
 ShannonBounds.C11R6Tables.cross_ece408aa34da4a12a217._native.native_decide.ax_1_1,
 ShannonBounds.C11R6Tables.inside_2d78eefa50581f5d0332._native.native_decide.ax_1_1,
 ShannonBounds.C11R6Tables.inside_51b4bb7e33ca836fee10._native.native_decide.ax_1_1,
 ShannonBounds.C11R6Tables.inside_564505af0066fa9bc893._native.native_decide.ax_1_1,
 ShannonBounds.C11R6Tables.inside_ece408aa34da4a12a217._native.native_decide.ax_1_1]
'ShannonBounds.C11R6D198.step_n27' depends on axioms: [propext,
 Classical.choice.{u},
 Quot.sound.{u},
 ShannonBounds.C11R6D198.polynomial_n16._native.native_decide.ax_1_1,
 ShannonBounds.C11R6D198.polynomial_n27._native.native_decide.ax_1_1,
 ShannonBounds.C11R6Tables.cross_9b70f31dd1696e52e328._native.native_decide.ax_1_1,
 ShannonBounds.C11R6Tables.cross_c28c6dd5607aacbad7ef._native.native_decide.ax_1_1,
 ShannonBounds.C11R6Tables.inside_9b70f31dd1696e52e328._native.native_decide.ax_1_1,
 ShannonBounds.C11R6Tables.inside_c28c6dd5607aacbad7ef._native.native_decide.ax_1_1]
'ShannonBounds.C11R6D198.step_n28' depends on axioms: [propext,
 Classical.choice.{u},
 Quot.sound.{u},
 ShannonBounds.C11R6D198.polynomial_n16._native.native_decide.ax_1_1,
 ShannonBounds.C11R6D198.polynomial_n27._native.native_decide.ax_1_1,
 ShannonBounds.C11R6D198.polynomial_n28._native.native_decide.ax_1_1,
 ShannonBounds.C11R6Tables.cross_37294a683db0ad79cd1a._native.native_decide.ax_1_1,
 ShannonBounds.C11R6Tables.cross_9b70f31dd1696e52e328._native.native_decide.ax_1_1,
 ShannonBounds.C11R6Tables.cross_c28c6dd5607aacbad7ef._native.native_decide.ax_1_1,
 ShannonBounds.C11R6Tables.inside_37294a683db0ad79cd1a._native.native_decide.ax_1_1,
 ShannonBounds.C11R6Tables.inside_9b70f31dd1696e52e328._native.native_decide.ax_1_1,
 ShannonBounds.C11R6Tables.inside_c28c6dd5607aacbad7ef._native.native_decide.ax_1_1]
'ShannonBounds.C11R6D198.step_n29' depends on axioms: [propext,
 Classical.choice.{u},
 Quot.sound.{u},
 ShannonBounds.C11R6D198.polynomial_n1._native.native_decide.ax_1_1,
 ShannonBounds.C11R6D198.polynomial_n10._native.native_decide.ax_1_1,
 ShannonBounds.C11R6D198.polynomial_n16._native.native_decide.ax_1_1,
 ShannonBounds.C11R6D198.polynomial_n20._native.native_decide.ax_1_1,
 ShannonBounds.C11R6D198.polynomial_n21._native.native_decide.ax_1_1,
 ShannonBounds.C11R6D198.polynomial_n22._native.native_decide.ax_1_1,
 ShannonBounds.C11R6D198.polynomial_n23._native.native_decide.ax_1_1,
 ShannonBounds.C11R6D198.polynomial_n24._native.native_decide.ax_1_1,
 ShannonBounds.C11R6D198.polynomial_n25._native.native_decide.ax_1_1,
 ShannonBounds.C11R6D198.polynomial_n26._native.native_decide.ax_1_1,
 ShannonBounds.C11R6D198.polynomial_n27._native.native_decide.ax_1_1,
 ShannonBounds.C11R6D198.polynomial_n28._native.native_decide.ax_1_1,
 ShannonBounds.C11R6D198.polynomial_n29._native.native_decide.ax_1_1,
 ShannonBounds.C11R6D198.polynomial_n7._native.native_decide.ax_1_1,
 ShannonBounds.C11R6D198.polynomial_n8._native.native_decide.ax_1_1,
 ShannonBounds.C11R6Tables.cross_2d78eefa50581f5d0332._native.native_decide.ax_1_1,
 ShannonBounds.C11R6Tables.cross_37294a683db0ad79cd1a._native.native_decide.ax_1_1,
 ShannonBounds.C11R6Tables.cross_51b4bb7e33ca836fee10._native.native_decide.ax_1_1,
 ShannonBounds.C11R6Tables.cross_564505af0066fa9bc893._native.native_decide.ax_1_1,
 ShannonBounds.C11R6Tables.cross_669343cc17cb8eaf6957._native.native_decide.ax_1_1,
 ShannonBounds.C11R6Tables.cross_73383c091e7d3a586822._native.native_decide.ax_1_1,
 ShannonBounds.C11R6Tables.cross_7586a2b6c341612c9fdc._native.native_decide.ax_1_1,
 ShannonBounds.C11R6Tables.cross_9783e6b9166dfb4049c4._native.native_decide.ax_1_1,
 ShannonBounds.C11R6Tables.cross_988a6e27a74069e613e5._native.native_decide.ax_1_1,
 ShannonBounds.C11R6Tables.cross_9b70f31dd1696e52e328._native.native_decide.ax_1_1,
 ShannonBounds.C11R6Tables.cross_c28c6dd5607aacbad7ef._native.native_decide.ax_1_1,
 ShannonBounds.C11R6Tables.cross_ece408aa34da4a12a217._native.native_decide.ax_1_1,
 ShannonBounds.C11R6Tables.cross_f95d1e072279bb3bfc11._native.native_decide.ax_1_1,
 ShannonBounds.C11R6Tables.inside_2d78eefa50581f5d0332._native.native_decide.ax_1_1,
 ShannonBounds.C11R6Tables.inside_37294a683db0ad79cd1a._native.native_decide.ax_1_1,
 ShannonBounds.C11R6Tables.inside_51b4bb7e33ca836fee10._native.native_decide.ax_1_1,
 ShannonBounds.C11R6Tables.inside_564505af0066fa9bc893._native.native_decide.ax_1_1,
 ShannonBounds.C11R6Tables.inside_669343cc17cb8eaf6957._native.native_decide.ax_1_1,
 ShannonBounds.C11R6Tables.inside_73383c091e7d3a586822._native.native_decide.ax_1_1,
 ShannonBounds.C11R6Tables.inside_7586a2b6c341612c9fdc._native.native_decide.ax_1_1,
 ShannonBounds.C11R6Tables.inside_9783e6b9166dfb4049c4._native.native_decide.ax_1_1,
 ShannonBounds.C11R6Tables.inside_988a6e27a74069e613e5._native.native_decide.ax_1_1,
 ShannonBounds.C11R6Tables.inside_9b70f31dd1696e52e328._native.native_decide.ax_1_1,
 ShannonBounds.C11R6Tables.inside_c28c6dd5607aacbad7ef._native.native_decide.ax_1_1,
 ShannonBounds.C11R6Tables.inside_ece408aa34da4a12a217._native.native_decide.ax_1_1,
 ShannonBounds.C11R6Tables.inside_f95d1e072279bb3bfc11._native.native_decide.ax_1_1]
'ShannonBounds.C11R6D198.cross_power_BPZ_207' depends on axioms: [propext,
 ShannonBounds.C11R6D198.cross_power_BPZ_207._native.native_decide.ax_1_1]
'ShannonBounds.C11R6D198.strict_root_BPZ_207' depends on axioms: [propext,
 Classical.choice.{u},
 Quot.sound.{u},
 ShannonBounds.C11R6D198.cross_power_BPZ_207._native.native_decide.ax_1_1]
'ShannonBounds.C11R6D198.cross_power_R3_207' depends on axioms: [propext,
 ShannonBounds.C11R6D198.cross_power_R3_207._native.native_decide.ax_1_1]
'ShannonBounds.C11R6D198.strict_root_R3_207' depends on axioms: [propext,
 Classical.choice.{u},
 Quot.sound.{u},
 ShannonBounds.C11R6D198.cross_power_R3_207._native.native_decide.ax_1_1]
'ShannonBounds.C11R6D198.cross_power_R4_201' depends on axioms: [propext,
 ShannonBounds.C11R6D198.cross_power_R4_201._native.native_decide.ax_1_1]
'ShannonBounds.C11R6D198.strict_root_R4_201' depends on axioms: [propext,
 Classical.choice.{u},
 Quot.sound.{u},
 ShannonBounds.C11R6D198.cross_power_R4_201._native.native_decide.ax_1_1]
'ShannonBounds.C11R6D198.cross_power_R4_210' depends on axioms: [propext,
 ShannonBounds.C11R6D198.cross_power_R4_210._native.native_decide.ax_1_1]
'ShannonBounds.C11R6D198.strict_root_R4_210' depends on axioms: [propext,
 Classical.choice.{u},
 Quot.sound.{u},
 ShannonBounds.C11R6D198.cross_power_R4_210._native.native_decide.ax_1_1]
'ShannonBounds.C11R6D213.card_codeBase' depends on axioms: [propext,
 Classical.choice.{u},
 Quot.sound.{u},
 ShannonBounds.C11R6D213.polynomial_n1._native.native_decide.ax_1_1,
 ShannonBounds.C11R6D213.polynomial_n10._native.native_decide.ax_1_1,
 ShannonBounds.C11R6D213.polynomial_n11._native.native_decide.ax_1_1,
 ShannonBounds.C11R6D213.polynomial_n12._native.native_decide.ax_1_1,
 ShannonBounds.C11R6D213.polynomial_n13._native.native_decide.ax_1_1,
 ShannonBounds.C11R6D213.polynomial_n14._native.native_decide.ax_1_1,
 ShannonBounds.C11R6D213.polynomial_n15._native.native_decide.ax_1_1,
 ShannonBounds.C11R6D213.polynomial_n16._native.native_decide.ax_1_1,
 ShannonBounds.C11R6D213.polynomial_n17._native.native_decide.ax_1_1,
 ShannonBounds.C11R6D213.polynomial_n18._native.native_decide.ax_1_1,
 ShannonBounds.C11R6D213.polynomial_n19._native.native_decide.ax_1_1,
 ShannonBounds.C11R6D213.polynomial_n2._native.native_decide.ax_1_1,
 ShannonBounds.C11R6D213.polynomial_n20._native.native_decide.ax_1_1,
 ShannonBounds.C11R6D213.polynomial_n21._native.native_decide.ax_1_1,
 ShannonBounds.C11R6D213.polynomial_n22._native.native_decide.ax_1_1,
 ShannonBounds.C11R6D213.polynomial_n23._native.native_decide.ax_1_1,
 ShannonBounds.C11R6D213.polynomial_n24._native.native_decide.ax_1_1,
 ShannonBounds.C11R6D213.polynomial_n25._native.native_decide.ax_1_1,
 ShannonBounds.C11R6D213.polynomial_n26._native.native_decide.ax_1_1,
 ShannonBounds.C11R6D213.polynomial_n27._native.native_decide.ax_1_1,
 ShannonBounds.C11R6D213.polynomial_n28._native.native_decide.ax_1_1,
 ShannonBounds.C11R6D213.polynomial_n29._native.native_decide.ax_1_1,
 ShannonBounds.C11R6D213.polynomial_n3._native.native_decide.ax_1_1,
 ShannonBounds.C11R6D213.polynomial_n30._native.native_decide.ax_1_1,
 ShannonBounds.C11R6D213.polynomial_n4._native.native_decide.ax_1_1,
 ShannonBounds.C11R6D213.polynomial_n5._native.native_decide.ax_1_1,
 ShannonBounds.C11R6D213.polynomial_n6._native.native_decide.ax_1_1,
 ShannonBounds.C11R6D213.polynomial_n7._native.native_decide.ax_1_1,
 ShannonBounds.C11R6D213.polynomial_n8._native.native_decide.ax_1_1,
 ShannonBounds.C11R6D213.polynomial_n9._native.native_decide.ax_1_1,
 ShannonBounds.C11R6D213.terminal_polynomial._native.native_decide.ax_1_1,
 ShannonBounds.C11R6Tables.cross_01c047685d920c22640e._native.native_decide.ax_1_1,
 ShannonBounds.C11R6Tables.cross_074e7a7a1e957b03d9a5._native.native_decide.ax_1_1,
 ShannonBounds.C11R6Tables.cross_090125a02835a8ea74a1._native.native_decide.ax_1_1,
 ShannonBounds.C11R6Tables.cross_1b00b10f49b6c4e9759e._native.native_decide.ax_1_1,
 ShannonBounds.C11R6Tables.cross_1de129ef1fff89d74bef._native.native_decide.ax_1_1,
 ShannonBounds.C11R6Tables.cross_22cac8b4c63f11109b61._native.native_decide.ax_1_1,
 ShannonBounds.C11R6Tables.cross_275feb4472b545b7b61b._native.native_decide.ax_1_1,
 ShannonBounds.C11R6Tables.cross_2d78eefa50581f5d0332._native.native_decide.ax_1_1,
 ShannonBounds.C11R6Tables.cross_37294a683db0ad79cd1a._native.native_decide.ax_1_1,
 ShannonBounds.C11R6Tables.cross_44a85870cefbc01c28eb._native.native_decide.ax_1_1,
 ShannonBounds.C11R6Tables.cross_51b4bb7e33ca836fee10._native.native_decide.ax_1_1,
 ShannonBounds.C11R6Tables.cross_562e2180d94b76a35d8a._native.native_decide.ax_1_1,
 ShannonBounds.C11R6Tables.cross_564505af0066fa9bc893._native.native_decide.ax_1_1,
 ShannonBounds.C11R6Tables.cross_669343cc17cb8eaf6957._native.native_decide.ax_1_1,
 ShannonBounds.C11R6Tables.cross_73383c091e7d3a586822._native.native_decide.ax_1_1,
 ShannonBounds.C11R6Tables.cross_7461db4595a77df35801._native.native_decide.ax_1_1,
 ShannonBounds.C11R6Tables.cross_8d02c2ed12c9b02124d5._native.native_decide.ax_1_1,
 ShannonBounds.C11R6Tables.cross_95e5655d1469530ce7ff._native.native_decide.ax_1_1,
 ShannonBounds.C11R6Tables.cross_9783e6b9166dfb4049c4._native.native_decide.ax_1_1,
 ShannonBounds.C11R6Tables.cross_988a6e27a74069e613e5._native.native_decide.ax_1_1,
 ShannonBounds.C11R6Tables.cross_9b70f31dd1696e52e328._native.native_decide.ax_1_1,
 ShannonBounds.C11R6Tables.cross_a40f1a6f9aa075037da0._native.native_decide.ax_1_1,
 ShannonBounds.C11R6Tables.cross_bc598aabfc397b015309._native.native_decide.ax_1_1,
 ShannonBounds.C11R6Tables.cross_c166eae8054ce1f6ee50._native.native_decide.ax_1_1,
 ShannonBounds.C11R6Tables.cross_c28c6dd5607aacbad7ef._native.native_decide.ax_1_1,
 ShannonBounds.C11R6Tables.cross_cc72ba3cc3d211951e7b._native.native_decide.ax_1_1,
 ShannonBounds.C11R6Tables.cross_e6624479a4e7b8218273._native.native_decide.ax_1_1,
 ShannonBounds.C11R6Tables.cross_eb2a8ddaf8495ec01f08._native.native_decide.ax_1_1,
 ShannonBounds.C11R6Tables.cross_ece408aa34da4a12a217._native.native_decide.ax_1_1,
 ShannonBounds.C11R6Tables.inside_01c047685d920c22640e._native.native_decide.ax_1_1,
 ShannonBounds.C11R6Tables.inside_074e7a7a1e957b03d9a5._native.native_decide.ax_1_1,
 ShannonBounds.C11R6Tables.inside_090125a02835a8ea74a1._native.native_decide.ax_1_1,
 ShannonBounds.C11R6Tables.inside_1b00b10f49b6c4e9759e._native.native_decide.ax_1_1,
 ShannonBounds.C11R6Tables.inside_1de129ef1fff89d74bef._native.native_decide.ax_1_1,
 ShannonBounds.C11R6Tables.inside_22cac8b4c63f11109b61._native.native_decide.ax_1_1,
 ShannonBounds.C11R6Tables.inside_275feb4472b545b7b61b._native.native_decide.ax_1_1,
 ShannonBounds.C11R6Tables.inside_2d78eefa50581f5d0332._native.native_decide.ax_1_1,
 ShannonBounds.C11R6Tables.inside_37294a683db0ad79cd1a._native.native_decide.ax_1_1,
 ShannonBounds.C11R6Tables.inside_3d79de065120229628e3._native.native_decide.ax_1_1,
 ShannonBounds.C11R6Tables.inside_44a85870cefbc01c28eb._native.native_decide.ax_1_1,
 ShannonBounds.C11R6Tables.inside_51b4bb7e33ca836fee10._native.native_decide.ax_1_1,
 ShannonBounds.C11R6Tables.inside_562e2180d94b76a35d8a._native.native_decide.ax_1_1,
 ShannonBounds.C11R6Tables.inside_564505af0066fa9bc893._native.native_decide.ax_1_1,
 ShannonBounds.C11R6Tables.inside_669343cc17cb8eaf6957._native.native_decide.ax_1_1,
 ShannonBounds.C11R6Tables.inside_73383c091e7d3a586822._native.native_decide.ax_1_1,
 ShannonBounds.C11R6Tables.inside_7461db4595a77df35801._native.native_decide.ax_1_1,
 ShannonBounds.C11R6Tables.inside_8d02c2ed12c9b02124d5._native.native_decide.ax_1_1,
 ShannonBounds.C11R6Tables.inside_95e5655d1469530ce7ff._native.native_decide.ax_1_1,
 ShannonBounds.C11R6Tables.inside_9783e6b9166dfb4049c4._native.native_decide.ax_1_1,
 ShannonBounds.C11R6Tables.inside_988a6e27a74069e613e5._native.native_decide.ax_1_1,
 ShannonBounds.C11R6Tables.inside_9b70f31dd1696e52e328._native.native_decide.ax_1_1,
 ShannonBounds.C11R6Tables.inside_a40f1a6f9aa075037da0._native.native_decide.ax_1_1,
 ShannonBounds.C11R6Tables.inside_bc598aabfc397b015309._native.native_decide.ax_1_1,
 ShannonBounds.C11R6Tables.inside_c166eae8054ce1f6ee50._native.native_decide.ax_1_1,
 ShannonBounds.C11R6Tables.inside_c28c6dd5607aacbad7ef._native.native_decide.ax_1_1,
 ShannonBounds.C11R6Tables.inside_cc72ba3cc3d211951e7b._native.native_decide.ax_1_1,
 ShannonBounds.C11R6Tables.inside_e6624479a4e7b8218273._native.native_decide.ax_1_1,
 ShannonBounds.C11R6Tables.inside_eb2a8ddaf8495ec01f08._native.native_decide.ax_1_1,
 ShannonBounds.C11R6Tables.inside_ece408aa34da4a12a217._native.native_decide.ax_1_1]
'ShannonBounds.C11R6D213.card_code' depends on axioms: [propext,
 Classical.choice.{u},
 Quot.sound.{u},
 ShannonBounds.BaseC11.sconf_iff_conflict._native.native_decide.ax_1_1,
 ShannonBounds.BaseC11.sconf_refl._native.native_decide.ax_1_1,
 ShannonBounds.BaseC11.sconf_symm._native.native_decide.ax_1_1,
 ShannonBounds.C11R6Base.base_between._native.native_decide.ax_1_1,
 ShannonBounds.C11R6Base.base_inside._native.native_decide.ax_1_1,
 ShannonBounds.C11R6Base.base_weights._native.native_decide.ax_1_1,
 ShannonBounds.C11R6D213.polynomial_n1._native.native_decide.ax_1_1,
 ShannonBounds.C11R6D213.polynomial_n10._native.native_decide.ax_1_1,
 ShannonBounds.C11R6D213.polynomial_n11._native.native_decide.ax_1_1,
 ShannonBounds.C11R6D213.polynomial_n12._native.native_decide.ax_1_1,
 ShannonBounds.C11R6D213.polynomial_n13._native.native_decide.ax_1_1,
 ShannonBounds.C11R6D213.polynomial_n14._native.native_decide.ax_1_1,
 ShannonBounds.C11R6D213.polynomial_n15._native.native_decide.ax_1_1,
 ShannonBounds.C11R6D213.polynomial_n16._native.native_decide.ax_1_1,
 ShannonBounds.C11R6D213.polynomial_n17._native.native_decide.ax_1_1,
 ShannonBounds.C11R6D213.polynomial_n18._native.native_decide.ax_1_1,
 ShannonBounds.C11R6D213.polynomial_n19._native.native_decide.ax_1_1,
 ShannonBounds.C11R6D213.polynomial_n2._native.native_decide.ax_1_1,
 ShannonBounds.C11R6D213.polynomial_n20._native.native_decide.ax_1_1,
 ShannonBounds.C11R6D213.polynomial_n21._native.native_decide.ax_1_1,
 ShannonBounds.C11R6D213.polynomial_n22._native.native_decide.ax_1_1,
 ShannonBounds.C11R6D213.polynomial_n23._native.native_decide.ax_1_1,
 ShannonBounds.C11R6D213.polynomial_n24._native.native_decide.ax_1_1,
 ShannonBounds.C11R6D213.polynomial_n25._native.native_decide.ax_1_1,
 ShannonBounds.C11R6D213.polynomial_n26._native.native_decide.ax_1_1,
 ShannonBounds.C11R6D213.polynomial_n27._native.native_decide.ax_1_1,
 ShannonBounds.C11R6D213.polynomial_n28._native.native_decide.ax_1_1,
 ShannonBounds.C11R6D213.polynomial_n29._native.native_decide.ax_1_1,
 ShannonBounds.C11R6D213.polynomial_n3._native.native_decide.ax_1_1,
 ShannonBounds.C11R6D213.polynomial_n30._native.native_decide.ax_1_1,
 ShannonBounds.C11R6D213.polynomial_n4._native.native_decide.ax_1_1,
 ShannonBounds.C11R6D213.polynomial_n5._native.native_decide.ax_1_1,
 ShannonBounds.C11R6D213.polynomial_n6._native.native_decide.ax_1_1,
 ShannonBounds.C11R6D213.polynomial_n7._native.native_decide.ax_1_1,
 ShannonBounds.C11R6D213.polynomial_n8._native.native_decide.ax_1_1,
 ShannonBounds.C11R6D213.polynomial_n9._native.native_decide.ax_1_1,
 ShannonBounds.C11R6D213.terminal_polynomial._native.native_decide.ax_1_1,
 ShannonBounds.C11R6Tables.cross_01c047685d920c22640e._native.native_decide.ax_1_1,
 ShannonBounds.C11R6Tables.cross_074e7a7a1e957b03d9a5._native.native_decide.ax_1_1,
 ShannonBounds.C11R6Tables.cross_090125a02835a8ea74a1._native.native_decide.ax_1_1,
 ShannonBounds.C11R6Tables.cross_1b00b10f49b6c4e9759e._native.native_decide.ax_1_1,
 ShannonBounds.C11R6Tables.cross_1de129ef1fff89d74bef._native.native_decide.ax_1_1,
 ShannonBounds.C11R6Tables.cross_22cac8b4c63f11109b61._native.native_decide.ax_1_1,
 ShannonBounds.C11R6Tables.cross_275feb4472b545b7b61b._native.native_decide.ax_1_1,
 ShannonBounds.C11R6Tables.cross_2d78eefa50581f5d0332._native.native_decide.ax_1_1,
 ShannonBounds.C11R6Tables.cross_37294a683db0ad79cd1a._native.native_decide.ax_1_1,
 ShannonBounds.C11R6Tables.cross_44a85870cefbc01c28eb._native.native_decide.ax_1_1,
 ShannonBounds.C11R6Tables.cross_51b4bb7e33ca836fee10._native.native_decide.ax_1_1,
 ShannonBounds.C11R6Tables.cross_562e2180d94b76a35d8a._native.native_decide.ax_1_1,
 ShannonBounds.C11R6Tables.cross_564505af0066fa9bc893._native.native_decide.ax_1_1,
 ShannonBounds.C11R6Tables.cross_669343cc17cb8eaf6957._native.native_decide.ax_1_1,
 ShannonBounds.C11R6Tables.cross_73383c091e7d3a586822._native.native_decide.ax_1_1,
 ShannonBounds.C11R6Tables.cross_7461db4595a77df35801._native.native_decide.ax_1_1,
 ShannonBounds.C11R6Tables.cross_8d02c2ed12c9b02124d5._native.native_decide.ax_1_1,
 ShannonBounds.C11R6Tables.cross_95e5655d1469530ce7ff._native.native_decide.ax_1_1,
 ShannonBounds.C11R6Tables.cross_9783e6b9166dfb4049c4._native.native_decide.ax_1_1,
 ShannonBounds.C11R6Tables.cross_988a6e27a74069e613e5._native.native_decide.ax_1_1,
 ShannonBounds.C11R6Tables.cross_9b70f31dd1696e52e328._native.native_decide.ax_1_1,
 ShannonBounds.C11R6Tables.cross_a40f1a6f9aa075037da0._native.native_decide.ax_1_1,
 ShannonBounds.C11R6Tables.cross_bc598aabfc397b015309._native.native_decide.ax_1_1,
 ShannonBounds.C11R6Tables.cross_c166eae8054ce1f6ee50._native.native_decide.ax_1_1,
 ShannonBounds.C11R6Tables.cross_c28c6dd5607aacbad7ef._native.native_decide.ax_1_1,
 ShannonBounds.C11R6Tables.cross_cc72ba3cc3d211951e7b._native.native_decide.ax_1_1,
 ShannonBounds.C11R6Tables.cross_e6624479a4e7b8218273._native.native_decide.ax_1_1,
 ShannonBounds.C11R6Tables.cross_eb2a8ddaf8495ec01f08._native.native_decide.ax_1_1,
 ShannonBounds.C11R6Tables.cross_ece408aa34da4a12a217._native.native_decide.ax_1_1,
 ShannonBounds.C11R6Tables.inside_01c047685d920c22640e._native.native_decide.ax_1_1,
 ShannonBounds.C11R6Tables.inside_074e7a7a1e957b03d9a5._native.native_decide.ax_1_1,
 ShannonBounds.C11R6Tables.inside_090125a02835a8ea74a1._native.native_decide.ax_1_1,
 ShannonBounds.C11R6Tables.inside_1b00b10f49b6c4e9759e._native.native_decide.ax_1_1,
 ShannonBounds.C11R6Tables.inside_1de129ef1fff89d74bef._native.native_decide.ax_1_1,
 ShannonBounds.C11R6Tables.inside_22cac8b4c63f11109b61._native.native_decide.ax_1_1,
 ShannonBounds.C11R6Tables.inside_275feb4472b545b7b61b._native.native_decide.ax_1_1,
 ShannonBounds.C11R6Tables.inside_2d78eefa50581f5d0332._native.native_decide.ax_1_1,
 ShannonBounds.C11R6Tables.inside_37294a683db0ad79cd1a._native.native_decide.ax_1_1,
 ShannonBounds.C11R6Tables.inside_3d79de065120229628e3._native.native_decide.ax_1_1,
 ShannonBounds.C11R6Tables.inside_44a85870cefbc01c28eb._native.native_decide.ax_1_1,
 ShannonBounds.C11R6Tables.inside_51b4bb7e33ca836fee10._native.native_decide.ax_1_1,
 ShannonBounds.C11R6Tables.inside_562e2180d94b76a35d8a._native.native_decide.ax_1_1,
 ShannonBounds.C11R6Tables.inside_564505af0066fa9bc893._native.native_decide.ax_1_1,
 ShannonBounds.C11R6Tables.inside_669343cc17cb8eaf6957._native.native_decide.ax_1_1,
 ShannonBounds.C11R6Tables.inside_73383c091e7d3a586822._native.native_decide.ax_1_1,
 ShannonBounds.C11R6Tables.inside_7461db4595a77df35801._native.native_decide.ax_1_1,
 ShannonBounds.C11R6Tables.inside_8d02c2ed12c9b02124d5._native.native_decide.ax_1_1,
 ShannonBounds.C11R6Tables.inside_95e5655d1469530ce7ff._native.native_decide.ax_1_1,
 ShannonBounds.C11R6Tables.inside_9783e6b9166dfb4049c4._native.native_decide.ax_1_1,
 ShannonBounds.C11R6Tables.inside_988a6e27a74069e613e5._native.native_decide.ax_1_1,
 ShannonBounds.C11R6Tables.inside_9b70f31dd1696e52e328._native.native_decide.ax_1_1,
 ShannonBounds.C11R6Tables.inside_a40f1a6f9aa075037da0._native.native_decide.ax_1_1,
 ShannonBounds.C11R6Tables.inside_bc598aabfc397b015309._native.native_decide.ax_1_1,
 ShannonBounds.C11R6Tables.inside_c166eae8054ce1f6ee50._native.native_decide.ax_1_1,
 ShannonBounds.C11R6Tables.inside_c28c6dd5607aacbad7ef._native.native_decide.ax_1_1,
 ShannonBounds.C11R6Tables.inside_cc72ba3cc3d211951e7b._native.native_decide.ax_1_1,
 ShannonBounds.C11R6Tables.inside_e6624479a4e7b8218273._native.native_decide.ax_1_1,
 ShannonBounds.C11R6Tables.inside_eb2a8ddaf8495ec01f08._native.native_decide.ax_1_1,
 ShannonBounds.C11R6Tables.inside_ece408aa34da4a12a217._native.native_decide.ax_1_1]
'ShannonBounds.C11R6D213.independent_code' depends on axioms: [propext,
 Classical.choice.{u},
 Quot.sound.{u},
 ShannonBounds.BaseC11.sconf_iff_conflict._native.native_decide.ax_1_1,
 ShannonBounds.BaseC11.sconf_refl._native.native_decide.ax_1_1,
 ShannonBounds.BaseC11.sconf_symm._native.native_decide.ax_1_1,
 ShannonBounds.C11R6Base.base_between._native.native_decide.ax_1_1,
 ShannonBounds.C11R6Base.base_inside._native.native_decide.ax_1_1,
 ShannonBounds.C11R6Tables.cross_01c047685d920c22640e._native.native_decide.ax_1_1,
 ShannonBounds.C11R6Tables.cross_074e7a7a1e957b03d9a5._native.native_decide.ax_1_1,
 ShannonBounds.C11R6Tables.cross_090125a02835a8ea74a1._native.native_decide.ax_1_1,
 ShannonBounds.C11R6Tables.cross_1b00b10f49b6c4e9759e._native.native_decide.ax_1_1,
 ShannonBounds.C11R6Tables.cross_1de129ef1fff89d74bef._native.native_decide.ax_1_1,
 ShannonBounds.C11R6Tables.cross_22cac8b4c63f11109b61._native.native_decide.ax_1_1,
 ShannonBounds.C11R6Tables.cross_275feb4472b545b7b61b._native.native_decide.ax_1_1,
 ShannonBounds.C11R6Tables.cross_2d78eefa50581f5d0332._native.native_decide.ax_1_1,
 ShannonBounds.C11R6Tables.cross_37294a683db0ad79cd1a._native.native_decide.ax_1_1,
 ShannonBounds.C11R6Tables.cross_44a85870cefbc01c28eb._native.native_decide.ax_1_1,
 ShannonBounds.C11R6Tables.cross_51b4bb7e33ca836fee10._native.native_decide.ax_1_1,
 ShannonBounds.C11R6Tables.cross_562e2180d94b76a35d8a._native.native_decide.ax_1_1,
 ShannonBounds.C11R6Tables.cross_564505af0066fa9bc893._native.native_decide.ax_1_1,
 ShannonBounds.C11R6Tables.cross_669343cc17cb8eaf6957._native.native_decide.ax_1_1,
 ShannonBounds.C11R6Tables.cross_73383c091e7d3a586822._native.native_decide.ax_1_1,
 ShannonBounds.C11R6Tables.cross_7461db4595a77df35801._native.native_decide.ax_1_1,
 ShannonBounds.C11R6Tables.cross_8d02c2ed12c9b02124d5._native.native_decide.ax_1_1,
 ShannonBounds.C11R6Tables.cross_95e5655d1469530ce7ff._native.native_decide.ax_1_1,
 ShannonBounds.C11R6Tables.cross_9783e6b9166dfb4049c4._native.native_decide.ax_1_1,
 ShannonBounds.C11R6Tables.cross_988a6e27a74069e613e5._native.native_decide.ax_1_1,
 ShannonBounds.C11R6Tables.cross_9b70f31dd1696e52e328._native.native_decide.ax_1_1,
 ShannonBounds.C11R6Tables.cross_a40f1a6f9aa075037da0._native.native_decide.ax_1_1,
 ShannonBounds.C11R6Tables.cross_bc598aabfc397b015309._native.native_decide.ax_1_1,
 ShannonBounds.C11R6Tables.cross_c166eae8054ce1f6ee50._native.native_decide.ax_1_1,
 ShannonBounds.C11R6Tables.cross_c28c6dd5607aacbad7ef._native.native_decide.ax_1_1,
 ShannonBounds.C11R6Tables.cross_cc72ba3cc3d211951e7b._native.native_decide.ax_1_1,
 ShannonBounds.C11R6Tables.cross_e6624479a4e7b8218273._native.native_decide.ax_1_1,
 ShannonBounds.C11R6Tables.cross_eb2a8ddaf8495ec01f08._native.native_decide.ax_1_1,
 ShannonBounds.C11R6Tables.cross_ece408aa34da4a12a217._native.native_decide.ax_1_1,
 ShannonBounds.C11R6Tables.inside_01c047685d920c22640e._native.native_decide.ax_1_1,
 ShannonBounds.C11R6Tables.inside_074e7a7a1e957b03d9a5._native.native_decide.ax_1_1,
 ShannonBounds.C11R6Tables.inside_090125a02835a8ea74a1._native.native_decide.ax_1_1,
 ShannonBounds.C11R6Tables.inside_1b00b10f49b6c4e9759e._native.native_decide.ax_1_1,
 ShannonBounds.C11R6Tables.inside_1de129ef1fff89d74bef._native.native_decide.ax_1_1,
 ShannonBounds.C11R6Tables.inside_22cac8b4c63f11109b61._native.native_decide.ax_1_1,
 ShannonBounds.C11R6Tables.inside_275feb4472b545b7b61b._native.native_decide.ax_1_1,
 ShannonBounds.C11R6Tables.inside_2d78eefa50581f5d0332._native.native_decide.ax_1_1,
 ShannonBounds.C11R6Tables.inside_37294a683db0ad79cd1a._native.native_decide.ax_1_1,
 ShannonBounds.C11R6Tables.inside_3d79de065120229628e3._native.native_decide.ax_1_1,
 ShannonBounds.C11R6Tables.inside_44a85870cefbc01c28eb._native.native_decide.ax_1_1,
 ShannonBounds.C11R6Tables.inside_51b4bb7e33ca836fee10._native.native_decide.ax_1_1,
 ShannonBounds.C11R6Tables.inside_562e2180d94b76a35d8a._native.native_decide.ax_1_1,
 ShannonBounds.C11R6Tables.inside_564505af0066fa9bc893._native.native_decide.ax_1_1,
 ShannonBounds.C11R6Tables.inside_669343cc17cb8eaf6957._native.native_decide.ax_1_1,
 ShannonBounds.C11R6Tables.inside_73383c091e7d3a586822._native.native_decide.ax_1_1,
 ShannonBounds.C11R6Tables.inside_7461db4595a77df35801._native.native_decide.ax_1_1,
 ShannonBounds.C11R6Tables.inside_8d02c2ed12c9b02124d5._native.native_decide.ax_1_1,
 ShannonBounds.C11R6Tables.inside_95e5655d1469530ce7ff._native.native_decide.ax_1_1,
 ShannonBounds.C11R6Tables.inside_9783e6b9166dfb4049c4._native.native_decide.ax_1_1,
 ShannonBounds.C11R6Tables.inside_988a6e27a74069e613e5._native.native_decide.ax_1_1,
 ShannonBounds.C11R6Tables.inside_9b70f31dd1696e52e328._native.native_decide.ax_1_1,
 ShannonBounds.C11R6Tables.inside_a40f1a6f9aa075037da0._native.native_decide.ax_1_1,
 ShannonBounds.C11R6Tables.inside_bc598aabfc397b015309._native.native_decide.ax_1_1,
 ShannonBounds.C11R6Tables.inside_c166eae8054ce1f6ee50._native.native_decide.ax_1_1,
 ShannonBounds.C11R6Tables.inside_c28c6dd5607aacbad7ef._native.native_decide.ax_1_1,
 ShannonBounds.C11R6Tables.inside_cc72ba3cc3d211951e7b._native.native_decide.ax_1_1,
 ShannonBounds.C11R6Tables.inside_e6624479a4e7b8218273._native.native_decide.ax_1_1,
 ShannonBounds.C11R6Tables.inside_eb2a8ddaf8495ec01f08._native.native_decide.ax_1_1,
 ShannonBounds.C11R6Tables.inside_ece408aa34da4a12a217._native.native_decide.ax_1_1]
'ShannonBounds.C11R6D213.exists_code' depends on axioms: [propext,
 Classical.choice.{u},
 Quot.sound.{u},
 ShannonBounds.BaseC11.sconf_iff_conflict._native.native_decide.ax_1_1,
 ShannonBounds.BaseC11.sconf_refl._native.native_decide.ax_1_1,
 ShannonBounds.BaseC11.sconf_symm._native.native_decide.ax_1_1,
 ShannonBounds.C11R6Base.base_between._native.native_decide.ax_1_1,
 ShannonBounds.C11R6Base.base_inside._native.native_decide.ax_1_1,
 ShannonBounds.C11R6Base.base_weights._native.native_decide.ax_1_1,
 ShannonBounds.C11R6D213.polynomial_n1._native.native_decide.ax_1_1,
 ShannonBounds.C11R6D213.polynomial_n10._native.native_decide.ax_1_1,
 ShannonBounds.C11R6D213.polynomial_n11._native.native_decide.ax_1_1,
 ShannonBounds.C11R6D213.polynomial_n12._native.native_decide.ax_1_1,
 ShannonBounds.C11R6D213.polynomial_n13._native.native_decide.ax_1_1,
 ShannonBounds.C11R6D213.polynomial_n14._native.native_decide.ax_1_1,
 ShannonBounds.C11R6D213.polynomial_n15._native.native_decide.ax_1_1,
 ShannonBounds.C11R6D213.polynomial_n16._native.native_decide.ax_1_1,
 ShannonBounds.C11R6D213.polynomial_n17._native.native_decide.ax_1_1,
 ShannonBounds.C11R6D213.polynomial_n18._native.native_decide.ax_1_1,
 ShannonBounds.C11R6D213.polynomial_n19._native.native_decide.ax_1_1,
 ShannonBounds.C11R6D213.polynomial_n2._native.native_decide.ax_1_1,
 ShannonBounds.C11R6D213.polynomial_n20._native.native_decide.ax_1_1,
 ShannonBounds.C11R6D213.polynomial_n21._native.native_decide.ax_1_1,
 ShannonBounds.C11R6D213.polynomial_n22._native.native_decide.ax_1_1,
 ShannonBounds.C11R6D213.polynomial_n23._native.native_decide.ax_1_1,
 ShannonBounds.C11R6D213.polynomial_n24._native.native_decide.ax_1_1,
 ShannonBounds.C11R6D213.polynomial_n25._native.native_decide.ax_1_1,
 ShannonBounds.C11R6D213.polynomial_n26._native.native_decide.ax_1_1,
 ShannonBounds.C11R6D213.polynomial_n27._native.native_decide.ax_1_1,
 ShannonBounds.C11R6D213.polynomial_n28._native.native_decide.ax_1_1,
 ShannonBounds.C11R6D213.polynomial_n29._native.native_decide.ax_1_1,
 ShannonBounds.C11R6D213.polynomial_n3._native.native_decide.ax_1_1,
 ShannonBounds.C11R6D213.polynomial_n30._native.native_decide.ax_1_1,
 ShannonBounds.C11R6D213.polynomial_n4._native.native_decide.ax_1_1,
 ShannonBounds.C11R6D213.polynomial_n5._native.native_decide.ax_1_1,
 ShannonBounds.C11R6D213.polynomial_n6._native.native_decide.ax_1_1,
 ShannonBounds.C11R6D213.polynomial_n7._native.native_decide.ax_1_1,
 ShannonBounds.C11R6D213.polynomial_n8._native.native_decide.ax_1_1,
 ShannonBounds.C11R6D213.polynomial_n9._native.native_decide.ax_1_1,
 ShannonBounds.C11R6D213.terminal_polynomial._native.native_decide.ax_1_1,
 ShannonBounds.C11R6Tables.cross_01c047685d920c22640e._native.native_decide.ax_1_1,
 ShannonBounds.C11R6Tables.cross_074e7a7a1e957b03d9a5._native.native_decide.ax_1_1,
 ShannonBounds.C11R6Tables.cross_090125a02835a8ea74a1._native.native_decide.ax_1_1,
 ShannonBounds.C11R6Tables.cross_1b00b10f49b6c4e9759e._native.native_decide.ax_1_1,
 ShannonBounds.C11R6Tables.cross_1de129ef1fff89d74bef._native.native_decide.ax_1_1,
 ShannonBounds.C11R6Tables.cross_22cac8b4c63f11109b61._native.native_decide.ax_1_1,
 ShannonBounds.C11R6Tables.cross_275feb4472b545b7b61b._native.native_decide.ax_1_1,
 ShannonBounds.C11R6Tables.cross_2d78eefa50581f5d0332._native.native_decide.ax_1_1,
 ShannonBounds.C11R6Tables.cross_37294a683db0ad79cd1a._native.native_decide.ax_1_1,
 ShannonBounds.C11R6Tables.cross_44a85870cefbc01c28eb._native.native_decide.ax_1_1,
 ShannonBounds.C11R6Tables.cross_51b4bb7e33ca836fee10._native.native_decide.ax_1_1,
 ShannonBounds.C11R6Tables.cross_562e2180d94b76a35d8a._native.native_decide.ax_1_1,
 ShannonBounds.C11R6Tables.cross_564505af0066fa9bc893._native.native_decide.ax_1_1,
 ShannonBounds.C11R6Tables.cross_669343cc17cb8eaf6957._native.native_decide.ax_1_1,
 ShannonBounds.C11R6Tables.cross_73383c091e7d3a586822._native.native_decide.ax_1_1,
 ShannonBounds.C11R6Tables.cross_7461db4595a77df35801._native.native_decide.ax_1_1,
 ShannonBounds.C11R6Tables.cross_8d02c2ed12c9b02124d5._native.native_decide.ax_1_1,
 ShannonBounds.C11R6Tables.cross_95e5655d1469530ce7ff._native.native_decide.ax_1_1,
 ShannonBounds.C11R6Tables.cross_9783e6b9166dfb4049c4._native.native_decide.ax_1_1,
 ShannonBounds.C11R6Tables.cross_988a6e27a74069e613e5._native.native_decide.ax_1_1,
 ShannonBounds.C11R6Tables.cross_9b70f31dd1696e52e328._native.native_decide.ax_1_1,
 ShannonBounds.C11R6Tables.cross_a40f1a6f9aa075037da0._native.native_decide.ax_1_1,
 ShannonBounds.C11R6Tables.cross_bc598aabfc397b015309._native.native_decide.ax_1_1,
 ShannonBounds.C11R6Tables.cross_c166eae8054ce1f6ee50._native.native_decide.ax_1_1,
 ShannonBounds.C11R6Tables.cross_c28c6dd5607aacbad7ef._native.native_decide.ax_1_1,
 ShannonBounds.C11R6Tables.cross_cc72ba3cc3d211951e7b._native.native_decide.ax_1_1,
 ShannonBounds.C11R6Tables.cross_e6624479a4e7b8218273._native.native_decide.ax_1_1,
 ShannonBounds.C11R6Tables.cross_eb2a8ddaf8495ec01f08._native.native_decide.ax_1_1,
 ShannonBounds.C11R6Tables.cross_ece408aa34da4a12a217._native.native_decide.ax_1_1,
 ShannonBounds.C11R6Tables.inside_01c047685d920c22640e._native.native_decide.ax_1_1,
 ShannonBounds.C11R6Tables.inside_074e7a7a1e957b03d9a5._native.native_decide.ax_1_1,
 ShannonBounds.C11R6Tables.inside_090125a02835a8ea74a1._native.native_decide.ax_1_1,
 ShannonBounds.C11R6Tables.inside_1b00b10f49b6c4e9759e._native.native_decide.ax_1_1,
 ShannonBounds.C11R6Tables.inside_1de129ef1fff89d74bef._native.native_decide.ax_1_1,
 ShannonBounds.C11R6Tables.inside_22cac8b4c63f11109b61._native.native_decide.ax_1_1,
 ShannonBounds.C11R6Tables.inside_275feb4472b545b7b61b._native.native_decide.ax_1_1,
 ShannonBounds.C11R6Tables.inside_2d78eefa50581f5d0332._native.native_decide.ax_1_1,
 ShannonBounds.C11R6Tables.inside_37294a683db0ad79cd1a._native.native_decide.ax_1_1,
 ShannonBounds.C11R6Tables.inside_3d79de065120229628e3._native.native_decide.ax_1_1,
 ShannonBounds.C11R6Tables.inside_44a85870cefbc01c28eb._native.native_decide.ax_1_1,
 ShannonBounds.C11R6Tables.inside_51b4bb7e33ca836fee10._native.native_decide.ax_1_1,
 ShannonBounds.C11R6Tables.inside_562e2180d94b76a35d8a._native.native_decide.ax_1_1,
 ShannonBounds.C11R6Tables.inside_564505af0066fa9bc893._native.native_decide.ax_1_1,
 ShannonBounds.C11R6Tables.inside_669343cc17cb8eaf6957._native.native_decide.ax_1_1,
 ShannonBounds.C11R6Tables.inside_73383c091e7d3a586822._native.native_decide.ax_1_1,
 ShannonBounds.C11R6Tables.inside_7461db4595a77df35801._native.native_decide.ax_1_1,
 ShannonBounds.C11R6Tables.inside_8d02c2ed12c9b02124d5._native.native_decide.ax_1_1,
 ShannonBounds.C11R6Tables.inside_95e5655d1469530ce7ff._native.native_decide.ax_1_1,
 ShannonBounds.C11R6Tables.inside_9783e6b9166dfb4049c4._native.native_decide.ax_1_1,
 ShannonBounds.C11R6Tables.inside_988a6e27a74069e613e5._native.native_decide.ax_1_1,
 ShannonBounds.C11R6Tables.inside_9b70f31dd1696e52e328._native.native_decide.ax_1_1,
 ShannonBounds.C11R6Tables.inside_a40f1a6f9aa075037da0._native.native_decide.ax_1_1,
 ShannonBounds.C11R6Tables.inside_bc598aabfc397b015309._native.native_decide.ax_1_1,
 ShannonBounds.C11R6Tables.inside_c166eae8054ce1f6ee50._native.native_decide.ax_1_1,
 ShannonBounds.C11R6Tables.inside_c28c6dd5607aacbad7ef._native.native_decide.ax_1_1,
 ShannonBounds.C11R6Tables.inside_cc72ba3cc3d211951e7b._native.native_decide.ax_1_1,
 ShannonBounds.C11R6Tables.inside_e6624479a4e7b8218273._native.native_decide.ax_1_1,
 ShannonBounds.C11R6Tables.inside_eb2a8ddaf8495ec01f08._native.native_decide.ax_1_1,
 ShannonBounds.C11R6Tables.inside_ece408aa34da4a12a217._native.native_decide.ax_1_1]
'ShannonBounds.C11R6D213.alpha_ge' depends on axioms: [propext,
 Classical.choice.{u},
 Quot.sound.{u},
 ShannonBounds.BaseC11.sconf_iff_conflict._native.native_decide.ax_1_1,
 ShannonBounds.BaseC11.sconf_refl._native.native_decide.ax_1_1,
 ShannonBounds.BaseC11.sconf_symm._native.native_decide.ax_1_1,
 ShannonBounds.C11R6Base.base_between._native.native_decide.ax_1_1,
 ShannonBounds.C11R6Base.base_inside._native.native_decide.ax_1_1,
 ShannonBounds.C11R6Base.base_weights._native.native_decide.ax_1_1,
 ShannonBounds.C11R6D213.polynomial_n1._native.native_decide.ax_1_1,
 ShannonBounds.C11R6D213.polynomial_n10._native.native_decide.ax_1_1,
 ShannonBounds.C11R6D213.polynomial_n11._native.native_decide.ax_1_1,
 ShannonBounds.C11R6D213.polynomial_n12._native.native_decide.ax_1_1,
 ShannonBounds.C11R6D213.polynomial_n13._native.native_decide.ax_1_1,
 ShannonBounds.C11R6D213.polynomial_n14._native.native_decide.ax_1_1,
 ShannonBounds.C11R6D213.polynomial_n15._native.native_decide.ax_1_1,
 ShannonBounds.C11R6D213.polynomial_n16._native.native_decide.ax_1_1,
 ShannonBounds.C11R6D213.polynomial_n17._native.native_decide.ax_1_1,
 ShannonBounds.C11R6D213.polynomial_n18._native.native_decide.ax_1_1,
 ShannonBounds.C11R6D213.polynomial_n19._native.native_decide.ax_1_1,
 ShannonBounds.C11R6D213.polynomial_n2._native.native_decide.ax_1_1,
 ShannonBounds.C11R6D213.polynomial_n20._native.native_decide.ax_1_1,
 ShannonBounds.C11R6D213.polynomial_n21._native.native_decide.ax_1_1,
 ShannonBounds.C11R6D213.polynomial_n22._native.native_decide.ax_1_1,
 ShannonBounds.C11R6D213.polynomial_n23._native.native_decide.ax_1_1,
 ShannonBounds.C11R6D213.polynomial_n24._native.native_decide.ax_1_1,
 ShannonBounds.C11R6D213.polynomial_n25._native.native_decide.ax_1_1,
 ShannonBounds.C11R6D213.polynomial_n26._native.native_decide.ax_1_1,
 ShannonBounds.C11R6D213.polynomial_n27._native.native_decide.ax_1_1,
 ShannonBounds.C11R6D213.polynomial_n28._native.native_decide.ax_1_1,
 ShannonBounds.C11R6D213.polynomial_n29._native.native_decide.ax_1_1,
 ShannonBounds.C11R6D213.polynomial_n3._native.native_decide.ax_1_1,
 ShannonBounds.C11R6D213.polynomial_n30._native.native_decide.ax_1_1,
 ShannonBounds.C11R6D213.polynomial_n4._native.native_decide.ax_1_1,
 ShannonBounds.C11R6D213.polynomial_n5._native.native_decide.ax_1_1,
 ShannonBounds.C11R6D213.polynomial_n6._native.native_decide.ax_1_1,
 ShannonBounds.C11R6D213.polynomial_n7._native.native_decide.ax_1_1,
 ShannonBounds.C11R6D213.polynomial_n8._native.native_decide.ax_1_1,
 ShannonBounds.C11R6D213.polynomial_n9._native.native_decide.ax_1_1,
 ShannonBounds.C11R6D213.terminal_polynomial._native.native_decide.ax_1_1,
 ShannonBounds.C11R6Tables.cross_01c047685d920c22640e._native.native_decide.ax_1_1,
 ShannonBounds.C11R6Tables.cross_074e7a7a1e957b03d9a5._native.native_decide.ax_1_1,
 ShannonBounds.C11R6Tables.cross_090125a02835a8ea74a1._native.native_decide.ax_1_1,
 ShannonBounds.C11R6Tables.cross_1b00b10f49b6c4e9759e._native.native_decide.ax_1_1,
 ShannonBounds.C11R6Tables.cross_1de129ef1fff89d74bef._native.native_decide.ax_1_1,
 ShannonBounds.C11R6Tables.cross_22cac8b4c63f11109b61._native.native_decide.ax_1_1,
 ShannonBounds.C11R6Tables.cross_275feb4472b545b7b61b._native.native_decide.ax_1_1,
 ShannonBounds.C11R6Tables.cross_2d78eefa50581f5d0332._native.native_decide.ax_1_1,
 ShannonBounds.C11R6Tables.cross_37294a683db0ad79cd1a._native.native_decide.ax_1_1,
 ShannonBounds.C11R6Tables.cross_44a85870cefbc01c28eb._native.native_decide.ax_1_1,
 ShannonBounds.C11R6Tables.cross_51b4bb7e33ca836fee10._native.native_decide.ax_1_1,
 ShannonBounds.C11R6Tables.cross_562e2180d94b76a35d8a._native.native_decide.ax_1_1,
 ShannonBounds.C11R6Tables.cross_564505af0066fa9bc893._native.native_decide.ax_1_1,
 ShannonBounds.C11R6Tables.cross_669343cc17cb8eaf6957._native.native_decide.ax_1_1,
 ShannonBounds.C11R6Tables.cross_73383c091e7d3a586822._native.native_decide.ax_1_1,
 ShannonBounds.C11R6Tables.cross_7461db4595a77df35801._native.native_decide.ax_1_1,
 ShannonBounds.C11R6Tables.cross_8d02c2ed12c9b02124d5._native.native_decide.ax_1_1,
 ShannonBounds.C11R6Tables.cross_95e5655d1469530ce7ff._native.native_decide.ax_1_1,
 ShannonBounds.C11R6Tables.cross_9783e6b9166dfb4049c4._native.native_decide.ax_1_1,
 ShannonBounds.C11R6Tables.cross_988a6e27a74069e613e5._native.native_decide.ax_1_1,
 ShannonBounds.C11R6Tables.cross_9b70f31dd1696e52e328._native.native_decide.ax_1_1,
 ShannonBounds.C11R6Tables.cross_a40f1a6f9aa075037da0._native.native_decide.ax_1_1,
 ShannonBounds.C11R6Tables.cross_bc598aabfc397b015309._native.native_decide.ax_1_1,
 ShannonBounds.C11R6Tables.cross_c166eae8054ce1f6ee50._native.native_decide.ax_1_1,
 ShannonBounds.C11R6Tables.cross_c28c6dd5607aacbad7ef._native.native_decide.ax_1_1,
 ShannonBounds.C11R6Tables.cross_cc72ba3cc3d211951e7b._native.native_decide.ax_1_1,
 ShannonBounds.C11R6Tables.cross_e6624479a4e7b8218273._native.native_decide.ax_1_1,
 ShannonBounds.C11R6Tables.cross_eb2a8ddaf8495ec01f08._native.native_decide.ax_1_1,
 ShannonBounds.C11R6Tables.cross_ece408aa34da4a12a217._native.native_decide.ax_1_1,
 ShannonBounds.C11R6Tables.inside_01c047685d920c22640e._native.native_decide.ax_1_1,
 ShannonBounds.C11R6Tables.inside_074e7a7a1e957b03d9a5._native.native_decide.ax_1_1,
 ShannonBounds.C11R6Tables.inside_090125a02835a8ea74a1._native.native_decide.ax_1_1,
 ShannonBounds.C11R6Tables.inside_1b00b10f49b6c4e9759e._native.native_decide.ax_1_1,
 ShannonBounds.C11R6Tables.inside_1de129ef1fff89d74bef._native.native_decide.ax_1_1,
 ShannonBounds.C11R6Tables.inside_22cac8b4c63f11109b61._native.native_decide.ax_1_1,
 ShannonBounds.C11R6Tables.inside_275feb4472b545b7b61b._native.native_decide.ax_1_1,
 ShannonBounds.C11R6Tables.inside_2d78eefa50581f5d0332._native.native_decide.ax_1_1,
 ShannonBounds.C11R6Tables.inside_37294a683db0ad79cd1a._native.native_decide.ax_1_1,
 ShannonBounds.C11R6Tables.inside_3d79de065120229628e3._native.native_decide.ax_1_1,
 ShannonBounds.C11R6Tables.inside_44a85870cefbc01c28eb._native.native_decide.ax_1_1,
 ShannonBounds.C11R6Tables.inside_51b4bb7e33ca836fee10._native.native_decide.ax_1_1,
 ShannonBounds.C11R6Tables.inside_562e2180d94b76a35d8a._native.native_decide.ax_1_1,
 ShannonBounds.C11R6Tables.inside_564505af0066fa9bc893._native.native_decide.ax_1_1,
 ShannonBounds.C11R6Tables.inside_669343cc17cb8eaf6957._native.native_decide.ax_1_1,
 ShannonBounds.C11R6Tables.inside_73383c091e7d3a586822._native.native_decide.ax_1_1,
 ShannonBounds.C11R6Tables.inside_7461db4595a77df35801._native.native_decide.ax_1_1,
 ShannonBounds.C11R6Tables.inside_8d02c2ed12c9b02124d5._native.native_decide.ax_1_1,
 ShannonBounds.C11R6Tables.inside_95e5655d1469530ce7ff._native.native_decide.ax_1_1,
 ShannonBounds.C11R6Tables.inside_9783e6b9166dfb4049c4._native.native_decide.ax_1_1,
 ShannonBounds.C11R6Tables.inside_988a6e27a74069e613e5._native.native_decide.ax_1_1,
 ShannonBounds.C11R6Tables.inside_9b70f31dd1696e52e328._native.native_decide.ax_1_1,
 ShannonBounds.C11R6Tables.inside_a40f1a6f9aa075037da0._native.native_decide.ax_1_1,
 ShannonBounds.C11R6Tables.inside_bc598aabfc397b015309._native.native_decide.ax_1_1,
 ShannonBounds.C11R6Tables.inside_c166eae8054ce1f6ee50._native.native_decide.ax_1_1,
 ShannonBounds.C11R6Tables.inside_c28c6dd5607aacbad7ef._native.native_decide.ax_1_1,
 ShannonBounds.C11R6Tables.inside_cc72ba3cc3d211951e7b._native.native_decide.ax_1_1,
 ShannonBounds.C11R6Tables.inside_e6624479a4e7b8218273._native.native_decide.ax_1_1,
 ShannonBounds.C11R6Tables.inside_eb2a8ddaf8495ec01f08._native.native_decide.ax_1_1,
 ShannonBounds.C11R6Tables.inside_ece408aa34da4a12a217._native.native_decide.ax_1_1]
'ShannonBounds.C11R6D213.capacity_root' depends on axioms: [propext,
 Classical.choice.{u},
 Quot.sound.{u},
 ShannonBounds.BaseC11.sconf_iff_conflict._native.native_decide.ax_1_1,
 ShannonBounds.BaseC11.sconf_refl._native.native_decide.ax_1_1,
 ShannonBounds.BaseC11.sconf_symm._native.native_decide.ax_1_1,
 ShannonBounds.C11R6Base.base_between._native.native_decide.ax_1_1,
 ShannonBounds.C11R6Base.base_inside._native.native_decide.ax_1_1,
 ShannonBounds.C11R6Base.base_weights._native.native_decide.ax_1_1,
 ShannonBounds.C11R6D213.polynomial_n1._native.native_decide.ax_1_1,
 ShannonBounds.C11R6D213.polynomial_n10._native.native_decide.ax_1_1,
 ShannonBounds.C11R6D213.polynomial_n11._native.native_decide.ax_1_1,
 ShannonBounds.C11R6D213.polynomial_n12._native.native_decide.ax_1_1,
 ShannonBounds.C11R6D213.polynomial_n13._native.native_decide.ax_1_1,
 ShannonBounds.C11R6D213.polynomial_n14._native.native_decide.ax_1_1,
 ShannonBounds.C11R6D213.polynomial_n15._native.native_decide.ax_1_1,
 ShannonBounds.C11R6D213.polynomial_n16._native.native_decide.ax_1_1,
 ShannonBounds.C11R6D213.polynomial_n17._native.native_decide.ax_1_1,
 ShannonBounds.C11R6D213.polynomial_n18._native.native_decide.ax_1_1,
 ShannonBounds.C11R6D213.polynomial_n19._native.native_decide.ax_1_1,
 ShannonBounds.C11R6D213.polynomial_n2._native.native_decide.ax_1_1,
 ShannonBounds.C11R6D213.polynomial_n20._native.native_decide.ax_1_1,
 ShannonBounds.C11R6D213.polynomial_n21._native.native_decide.ax_1_1,
 ShannonBounds.C11R6D213.polynomial_n22._native.native_decide.ax_1_1,
 ShannonBounds.C11R6D213.polynomial_n23._native.native_decide.ax_1_1,
 ShannonBounds.C11R6D213.polynomial_n24._native.native_decide.ax_1_1,
 ShannonBounds.C11R6D213.polynomial_n25._native.native_decide.ax_1_1,
 ShannonBounds.C11R6D213.polynomial_n26._native.native_decide.ax_1_1,
 ShannonBounds.C11R6D213.polynomial_n27._native.native_decide.ax_1_1,
 ShannonBounds.C11R6D213.polynomial_n28._native.native_decide.ax_1_1,
 ShannonBounds.C11R6D213.polynomial_n29._native.native_decide.ax_1_1,
 ShannonBounds.C11R6D213.polynomial_n3._native.native_decide.ax_1_1,
 ShannonBounds.C11R6D213.polynomial_n30._native.native_decide.ax_1_1,
 ShannonBounds.C11R6D213.polynomial_n4._native.native_decide.ax_1_1,
 ShannonBounds.C11R6D213.polynomial_n5._native.native_decide.ax_1_1,
 ShannonBounds.C11R6D213.polynomial_n6._native.native_decide.ax_1_1,
 ShannonBounds.C11R6D213.polynomial_n7._native.native_decide.ax_1_1,
 ShannonBounds.C11R6D213.polynomial_n8._native.native_decide.ax_1_1,
 ShannonBounds.C11R6D213.polynomial_n9._native.native_decide.ax_1_1,
 ShannonBounds.C11R6D213.terminal_polynomial._native.native_decide.ax_1_1,
 ShannonBounds.C11R6Tables.cross_01c047685d920c22640e._native.native_decide.ax_1_1,
 ShannonBounds.C11R6Tables.cross_074e7a7a1e957b03d9a5._native.native_decide.ax_1_1,
 ShannonBounds.C11R6Tables.cross_090125a02835a8ea74a1._native.native_decide.ax_1_1,
 ShannonBounds.C11R6Tables.cross_1b00b10f49b6c4e9759e._native.native_decide.ax_1_1,
 ShannonBounds.C11R6Tables.cross_1de129ef1fff89d74bef._native.native_decide.ax_1_1,
 ShannonBounds.C11R6Tables.cross_22cac8b4c63f11109b61._native.native_decide.ax_1_1,
 ShannonBounds.C11R6Tables.cross_275feb4472b545b7b61b._native.native_decide.ax_1_1,
 ShannonBounds.C11R6Tables.cross_2d78eefa50581f5d0332._native.native_decide.ax_1_1,
 ShannonBounds.C11R6Tables.cross_37294a683db0ad79cd1a._native.native_decide.ax_1_1,
 ShannonBounds.C11R6Tables.cross_44a85870cefbc01c28eb._native.native_decide.ax_1_1,
 ShannonBounds.C11R6Tables.cross_51b4bb7e33ca836fee10._native.native_decide.ax_1_1,
 ShannonBounds.C11R6Tables.cross_562e2180d94b76a35d8a._native.native_decide.ax_1_1,
 ShannonBounds.C11R6Tables.cross_564505af0066fa9bc893._native.native_decide.ax_1_1,
 ShannonBounds.C11R6Tables.cross_669343cc17cb8eaf6957._native.native_decide.ax_1_1,
 ShannonBounds.C11R6Tables.cross_73383c091e7d3a586822._native.native_decide.ax_1_1,
 ShannonBounds.C11R6Tables.cross_7461db4595a77df35801._native.native_decide.ax_1_1,
 ShannonBounds.C11R6Tables.cross_8d02c2ed12c9b02124d5._native.native_decide.ax_1_1,
 ShannonBounds.C11R6Tables.cross_95e5655d1469530ce7ff._native.native_decide.ax_1_1,
 ShannonBounds.C11R6Tables.cross_9783e6b9166dfb4049c4._native.native_decide.ax_1_1,
 ShannonBounds.C11R6Tables.cross_988a6e27a74069e613e5._native.native_decide.ax_1_1,
 ShannonBounds.C11R6Tables.cross_9b70f31dd1696e52e328._native.native_decide.ax_1_1,
 ShannonBounds.C11R6Tables.cross_a40f1a6f9aa075037da0._native.native_decide.ax_1_1,
 ShannonBounds.C11R6Tables.cross_bc598aabfc397b015309._native.native_decide.ax_1_1,
 ShannonBounds.C11R6Tables.cross_c166eae8054ce1f6ee50._native.native_decide.ax_1_1,
 ShannonBounds.C11R6Tables.cross_c28c6dd5607aacbad7ef._native.native_decide.ax_1_1,
 ShannonBounds.C11R6Tables.cross_cc72ba3cc3d211951e7b._native.native_decide.ax_1_1,
 ShannonBounds.C11R6Tables.cross_e6624479a4e7b8218273._native.native_decide.ax_1_1,
 ShannonBounds.C11R6Tables.cross_eb2a8ddaf8495ec01f08._native.native_decide.ax_1_1,
 ShannonBounds.C11R6Tables.cross_ece408aa34da4a12a217._native.native_decide.ax_1_1,
 ShannonBounds.C11R6Tables.inside_01c047685d920c22640e._native.native_decide.ax_1_1,
 ShannonBounds.C11R6Tables.inside_074e7a7a1e957b03d9a5._native.native_decide.ax_1_1,
 ShannonBounds.C11R6Tables.inside_090125a02835a8ea74a1._native.native_decide.ax_1_1,
 ShannonBounds.C11R6Tables.inside_1b00b10f49b6c4e9759e._native.native_decide.ax_1_1,
 ShannonBounds.C11R6Tables.inside_1de129ef1fff89d74bef._native.native_decide.ax_1_1,
 ShannonBounds.C11R6Tables.inside_22cac8b4c63f11109b61._native.native_decide.ax_1_1,
 ShannonBounds.C11R6Tables.inside_275feb4472b545b7b61b._native.native_decide.ax_1_1,
 ShannonBounds.C11R6Tables.inside_2d78eefa50581f5d0332._native.native_decide.ax_1_1,
 ShannonBounds.C11R6Tables.inside_37294a683db0ad79cd1a._native.native_decide.ax_1_1,
 ShannonBounds.C11R6Tables.inside_3d79de065120229628e3._native.native_decide.ax_1_1,
 ShannonBounds.C11R6Tables.inside_44a85870cefbc01c28eb._native.native_decide.ax_1_1,
 ShannonBounds.C11R6Tables.inside_51b4bb7e33ca836fee10._native.native_decide.ax_1_1,
 ShannonBounds.C11R6Tables.inside_562e2180d94b76a35d8a._native.native_decide.ax_1_1,
 ShannonBounds.C11R6Tables.inside_564505af0066fa9bc893._native.native_decide.ax_1_1,
 ShannonBounds.C11R6Tables.inside_669343cc17cb8eaf6957._native.native_decide.ax_1_1,
 ShannonBounds.C11R6Tables.inside_73383c091e7d3a586822._native.native_decide.ax_1_1,
 ShannonBounds.C11R6Tables.inside_7461db4595a77df35801._native.native_decide.ax_1_1,
 ShannonBounds.C11R6Tables.inside_8d02c2ed12c9b02124d5._native.native_decide.ax_1_1,
 ShannonBounds.C11R6Tables.inside_95e5655d1469530ce7ff._native.native_decide.ax_1_1,
 ShannonBounds.C11R6Tables.inside_9783e6b9166dfb4049c4._native.native_decide.ax_1_1,
 ShannonBounds.C11R6Tables.inside_988a6e27a74069e613e5._native.native_decide.ax_1_1,
 ShannonBounds.C11R6Tables.inside_9b70f31dd1696e52e328._native.native_decide.ax_1_1,
 ShannonBounds.C11R6Tables.inside_a40f1a6f9aa075037da0._native.native_decide.ax_1_1,
 ShannonBounds.C11R6Tables.inside_bc598aabfc397b015309._native.native_decide.ax_1_1,
 ShannonBounds.C11R6Tables.inside_c166eae8054ce1f6ee50._native.native_decide.ax_1_1,
 ShannonBounds.C11R6Tables.inside_c28c6dd5607aacbad7ef._native.native_decide.ax_1_1,
 ShannonBounds.C11R6Tables.inside_cc72ba3cc3d211951e7b._native.native_decide.ax_1_1,
 ShannonBounds.C11R6Tables.inside_e6624479a4e7b8218273._native.native_decide.ax_1_1,
 ShannonBounds.C11R6Tables.inside_eb2a8ddaf8495ec01f08._native.native_decide.ax_1_1,
 ShannonBounds.C11R6Tables.inside_ece408aa34da4a12a217._native.native_decide.ax_1_1]
'ShannonBounds.C11R6D213.root_bracket' depends on axioms: [propext,
 Classical.choice.{u},
 Quot.sound.{u},
 ShannonBounds.C11R6D213.decimal_lower_integer._native.native_decide.ax_1_1,
 ShannonBounds.C11R6D213.decimal_upper_integer._native.native_decide.ax_1_1]
'ShannonBounds.C11R6D213.capacity_lower' depends on axioms: [propext,
 Classical.choice.{u},
 Quot.sound.{u},
 ShannonBounds.BaseC11.sconf_iff_conflict._native.native_decide.ax_1_1,
 ShannonBounds.BaseC11.sconf_refl._native.native_decide.ax_1_1,
 ShannonBounds.BaseC11.sconf_symm._native.native_decide.ax_1_1,
 ShannonBounds.C11R6Base.base_between._native.native_decide.ax_1_1,
 ShannonBounds.C11R6Base.base_inside._native.native_decide.ax_1_1,
 ShannonBounds.C11R6Base.base_weights._native.native_decide.ax_1_1,
 ShannonBounds.C11R6D213.decimal_lower_integer._native.native_decide.ax_1_1,
 ShannonBounds.C11R6D213.decimal_upper_integer._native.native_decide.ax_1_1,
 ShannonBounds.C11R6D213.polynomial_n1._native.native_decide.ax_1_1,
 ShannonBounds.C11R6D213.polynomial_n10._native.native_decide.ax_1_1,
 ShannonBounds.C11R6D213.polynomial_n11._native.native_decide.ax_1_1,
 ShannonBounds.C11R6D213.polynomial_n12._native.native_decide.ax_1_1,
 ShannonBounds.C11R6D213.polynomial_n13._native.native_decide.ax_1_1,
 ShannonBounds.C11R6D213.polynomial_n14._native.native_decide.ax_1_1,
 ShannonBounds.C11R6D213.polynomial_n15._native.native_decide.ax_1_1,
 ShannonBounds.C11R6D213.polynomial_n16._native.native_decide.ax_1_1,
 ShannonBounds.C11R6D213.polynomial_n17._native.native_decide.ax_1_1,
 ShannonBounds.C11R6D213.polynomial_n18._native.native_decide.ax_1_1,
 ShannonBounds.C11R6D213.polynomial_n19._native.native_decide.ax_1_1,
 ShannonBounds.C11R6D213.polynomial_n2._native.native_decide.ax_1_1,
 ShannonBounds.C11R6D213.polynomial_n20._native.native_decide.ax_1_1,
 ShannonBounds.C11R6D213.polynomial_n21._native.native_decide.ax_1_1,
 ShannonBounds.C11R6D213.polynomial_n22._native.native_decide.ax_1_1,
 ShannonBounds.C11R6D213.polynomial_n23._native.native_decide.ax_1_1,
 ShannonBounds.C11R6D213.polynomial_n24._native.native_decide.ax_1_1,
 ShannonBounds.C11R6D213.polynomial_n25._native.native_decide.ax_1_1,
 ShannonBounds.C11R6D213.polynomial_n26._native.native_decide.ax_1_1,
 ShannonBounds.C11R6D213.polynomial_n27._native.native_decide.ax_1_1,
 ShannonBounds.C11R6D213.polynomial_n28._native.native_decide.ax_1_1,
 ShannonBounds.C11R6D213.polynomial_n29._native.native_decide.ax_1_1,
 ShannonBounds.C11R6D213.polynomial_n3._native.native_decide.ax_1_1,
 ShannonBounds.C11R6D213.polynomial_n30._native.native_decide.ax_1_1,
 ShannonBounds.C11R6D213.polynomial_n4._native.native_decide.ax_1_1,
 ShannonBounds.C11R6D213.polynomial_n5._native.native_decide.ax_1_1,
 ShannonBounds.C11R6D213.polynomial_n6._native.native_decide.ax_1_1,
 ShannonBounds.C11R6D213.polynomial_n7._native.native_decide.ax_1_1,
 ShannonBounds.C11R6D213.polynomial_n8._native.native_decide.ax_1_1,
 ShannonBounds.C11R6D213.polynomial_n9._native.native_decide.ax_1_1,
 ShannonBounds.C11R6D213.terminal_polynomial._native.native_decide.ax_1_1,
 ShannonBounds.C11R6Tables.cross_01c047685d920c22640e._native.native_decide.ax_1_1,
 ShannonBounds.C11R6Tables.cross_074e7a7a1e957b03d9a5._native.native_decide.ax_1_1,
 ShannonBounds.C11R6Tables.cross_090125a02835a8ea74a1._native.native_decide.ax_1_1,
 ShannonBounds.C11R6Tables.cross_1b00b10f49b6c4e9759e._native.native_decide.ax_1_1,
 ShannonBounds.C11R6Tables.cross_1de129ef1fff89d74bef._native.native_decide.ax_1_1,
 ShannonBounds.C11R6Tables.cross_22cac8b4c63f11109b61._native.native_decide.ax_1_1,
 ShannonBounds.C11R6Tables.cross_275feb4472b545b7b61b._native.native_decide.ax_1_1,
 ShannonBounds.C11R6Tables.cross_2d78eefa50581f5d0332._native.native_decide.ax_1_1,
 ShannonBounds.C11R6Tables.cross_37294a683db0ad79cd1a._native.native_decide.ax_1_1,
 ShannonBounds.C11R6Tables.cross_44a85870cefbc01c28eb._native.native_decide.ax_1_1,
 ShannonBounds.C11R6Tables.cross_51b4bb7e33ca836fee10._native.native_decide.ax_1_1,
 ShannonBounds.C11R6Tables.cross_562e2180d94b76a35d8a._native.native_decide.ax_1_1,
 ShannonBounds.C11R6Tables.cross_564505af0066fa9bc893._native.native_decide.ax_1_1,
 ShannonBounds.C11R6Tables.cross_669343cc17cb8eaf6957._native.native_decide.ax_1_1,
 ShannonBounds.C11R6Tables.cross_73383c091e7d3a586822._native.native_decide.ax_1_1,
 ShannonBounds.C11R6Tables.cross_7461db4595a77df35801._native.native_decide.ax_1_1,
 ShannonBounds.C11R6Tables.cross_8d02c2ed12c9b02124d5._native.native_decide.ax_1_1,
 ShannonBounds.C11R6Tables.cross_95e5655d1469530ce7ff._native.native_decide.ax_1_1,
 ShannonBounds.C11R6Tables.cross_9783e6b9166dfb4049c4._native.native_decide.ax_1_1,
 ShannonBounds.C11R6Tables.cross_988a6e27a74069e613e5._native.native_decide.ax_1_1,
 ShannonBounds.C11R6Tables.cross_9b70f31dd1696e52e328._native.native_decide.ax_1_1,
 ShannonBounds.C11R6Tables.cross_a40f1a6f9aa075037da0._native.native_decide.ax_1_1,
 ShannonBounds.C11R6Tables.cross_bc598aabfc397b015309._native.native_decide.ax_1_1,
 ShannonBounds.C11R6Tables.cross_c166eae8054ce1f6ee50._native.native_decide.ax_1_1,
 ShannonBounds.C11R6Tables.cross_c28c6dd5607aacbad7ef._native.native_decide.ax_1_1,
 ShannonBounds.C11R6Tables.cross_cc72ba3cc3d211951e7b._native.native_decide.ax_1_1,
 ShannonBounds.C11R6Tables.cross_e6624479a4e7b8218273._native.native_decide.ax_1_1,
 ShannonBounds.C11R6Tables.cross_eb2a8ddaf8495ec01f08._native.native_decide.ax_1_1,
 ShannonBounds.C11R6Tables.cross_ece408aa34da4a12a217._native.native_decide.ax_1_1,
 ShannonBounds.C11R6Tables.inside_01c047685d920c22640e._native.native_decide.ax_1_1,
 ShannonBounds.C11R6Tables.inside_074e7a7a1e957b03d9a5._native.native_decide.ax_1_1,
 ShannonBounds.C11R6Tables.inside_090125a02835a8ea74a1._native.native_decide.ax_1_1,
 ShannonBounds.C11R6Tables.inside_1b00b10f49b6c4e9759e._native.native_decide.ax_1_1,
 ShannonBounds.C11R6Tables.inside_1de129ef1fff89d74bef._native.native_decide.ax_1_1,
 ShannonBounds.C11R6Tables.inside_22cac8b4c63f11109b61._native.native_decide.ax_1_1,
 ShannonBounds.C11R6Tables.inside_275feb4472b545b7b61b._native.native_decide.ax_1_1,
 ShannonBounds.C11R6Tables.inside_2d78eefa50581f5d0332._native.native_decide.ax_1_1,
 ShannonBounds.C11R6Tables.inside_37294a683db0ad79cd1a._native.native_decide.ax_1_1,
 ShannonBounds.C11R6Tables.inside_3d79de065120229628e3._native.native_decide.ax_1_1,
 ShannonBounds.C11R6Tables.inside_44a85870cefbc01c28eb._native.native_decide.ax_1_1,
 ShannonBounds.C11R6Tables.inside_51b4bb7e33ca836fee10._native.native_decide.ax_1_1,
 ShannonBounds.C11R6Tables.inside_562e2180d94b76a35d8a._native.native_decide.ax_1_1,
 ShannonBounds.C11R6Tables.inside_564505af0066fa9bc893._native.native_decide.ax_1_1,
 ShannonBounds.C11R6Tables.inside_669343cc17cb8eaf6957._native.native_decide.ax_1_1,
 ShannonBounds.C11R6Tables.inside_73383c091e7d3a586822._native.native_decide.ax_1_1,
 ShannonBounds.C11R6Tables.inside_7461db4595a77df35801._native.native_decide.ax_1_1,
 ShannonBounds.C11R6Tables.inside_8d02c2ed12c9b02124d5._native.native_decide.ax_1_1,
 ShannonBounds.C11R6Tables.inside_95e5655d1469530ce7ff._native.native_decide.ax_1_1,
 ShannonBounds.C11R6Tables.inside_9783e6b9166dfb4049c4._native.native_decide.ax_1_1,
 ShannonBounds.C11R6Tables.inside_988a6e27a74069e613e5._native.native_decide.ax_1_1,
 ShannonBounds.C11R6Tables.inside_9b70f31dd1696e52e328._native.native_decide.ax_1_1,
 ShannonBounds.C11R6Tables.inside_a40f1a6f9aa075037da0._native.native_decide.ax_1_1,
 ShannonBounds.C11R6Tables.inside_bc598aabfc397b015309._native.native_decide.ax_1_1,
 ShannonBounds.C11R6Tables.inside_c166eae8054ce1f6ee50._native.native_decide.ax_1_1,
 ShannonBounds.C11R6Tables.inside_c28c6dd5607aacbad7ef._native.native_decide.ax_1_1,
 ShannonBounds.C11R6Tables.inside_cc72ba3cc3d211951e7b._native.native_decide.ax_1_1,
 ShannonBounds.C11R6Tables.inside_e6624479a4e7b8218273._native.native_decide.ax_1_1,
 ShannonBounds.C11R6Tables.inside_eb2a8ddaf8495ec01f08._native.native_decide.ax_1_1,
 ShannonBounds.C11R6Tables.inside_ece408aa34da4a12a217._native.native_decide.ax_1_1]
'ShannonBounds.C11R6D213.strictly_larger_R5' depends on axioms: [ShannonBounds.C11R6D213.strictly_larger_R5._native.native_decide.ax_1_1]
'ShannonBounds.C11R6D213.cross_power_R5' depends on axioms: [propext,
 ShannonBounds.C11R6D213.cross_power_R5._native.native_decide.ax_1_1]
'ShannonBounds.C11R6D213.strict_root_R5' depends on axioms: [propext,
 Classical.choice.{u},
 Quot.sound.{u},
 ShannonBounds.C11R6D213.cross_power_R5._native.native_decide.ax_1_1]
'ShannonBounds.C11R6D213.step_v' depends on axioms: [propext, Classical.choice.{u}, Quot.sound.{u}]
'ShannonBounds.C11R6D213.step_n1' depends on axioms: [propext,
 Classical.choice.{u},
 Quot.sound.{u},
 ShannonBounds.C11R6D213.polynomial_n1._native.native_decide.ax_1_1,
 ShannonBounds.C11R6Tables.cross_564505af0066fa9bc893._native.native_decide.ax_1_1,
 ShannonBounds.C11R6Tables.inside_564505af0066fa9bc893._native.native_decide.ax_1_1]
'ShannonBounds.C11R6D213.step_n2' depends on axioms: [propext,
 Classical.choice.{u},
 Quot.sound.{u},
 ShannonBounds.C11R6D213.polynomial_n2._native.native_decide.ax_1_1,
 ShannonBounds.C11R6Tables.cross_bc598aabfc397b015309._native.native_decide.ax_1_1,
 ShannonBounds.C11R6Tables.inside_bc598aabfc397b015309._native.native_decide.ax_1_1]
'ShannonBounds.C11R6D213.step_n3' depends on axioms: [propext,
 Classical.choice.{u},
 Quot.sound.{u},
 ShannonBounds.C11R6D213.polynomial_n1._native.native_decide.ax_1_1,
 ShannonBounds.C11R6D213.polynomial_n2._native.native_decide.ax_1_1,
 ShannonBounds.C11R6D213.polynomial_n3._native.native_decide.ax_1_1,
 ShannonBounds.C11R6Tables.cross_1de129ef1fff89d74bef._native.native_decide.ax_1_1,
 ShannonBounds.C11R6Tables.cross_564505af0066fa9bc893._native.native_decide.ax_1_1,
 ShannonBounds.C11R6Tables.cross_bc598aabfc397b015309._native.native_decide.ax_1_1,
 ShannonBounds.C11R6Tables.inside_1de129ef1fff89d74bef._native.native_decide.ax_1_1,
 ShannonBounds.C11R6Tables.inside_564505af0066fa9bc893._native.native_decide.ax_1_1,
 ShannonBounds.C11R6Tables.inside_bc598aabfc397b015309._native.native_decide.ax_1_1]
'ShannonBounds.C11R6D213.step_n4' depends on axioms: [propext,
 Classical.choice.{u},
 Quot.sound.{u},
 ShannonBounds.C11R6D213.polynomial_n4._native.native_decide.ax_1_1,
 ShannonBounds.C11R6Tables.cross_275feb4472b545b7b61b._native.native_decide.ax_1_1,
 ShannonBounds.C11R6Tables.inside_275feb4472b545b7b61b._native.native_decide.ax_1_1]
'ShannonBounds.C11R6D213.step_n5' depends on axioms: [propext,
 Classical.choice.{u},
 Quot.sound.{u},
 ShannonBounds.C11R6D213.polynomial_n4._native.native_decide.ax_1_1,
 ShannonBounds.C11R6D213.polynomial_n5._native.native_decide.ax_1_1,
 ShannonBounds.C11R6Tables.cross_275feb4472b545b7b61b._native.native_decide.ax_1_1,
 ShannonBounds.C11R6Tables.cross_562e2180d94b76a35d8a._native.native_decide.ax_1_1,
 ShannonBounds.C11R6Tables.inside_275feb4472b545b7b61b._native.native_decide.ax_1_1,
 ShannonBounds.C11R6Tables.inside_562e2180d94b76a35d8a._native.native_decide.ax_1_1]
'ShannonBounds.C11R6D213.step_n6' depends on axioms: [propext,
 Classical.choice.{u},
 Quot.sound.{u},
 ShannonBounds.C11R6D213.polynomial_n1._native.native_decide.ax_1_1,
 ShannonBounds.C11R6D213.polynomial_n2._native.native_decide.ax_1_1,
 ShannonBounds.C11R6D213.polynomial_n4._native.native_decide.ax_1_1,
 ShannonBounds.C11R6D213.polynomial_n5._native.native_decide.ax_1_1,
 ShannonBounds.C11R6D213.polynomial_n6._native.native_decide.ax_1_1,
 ShannonBounds.C11R6Tables.cross_275feb4472b545b7b61b._native.native_decide.ax_1_1,
 ShannonBounds.C11R6Tables.cross_562e2180d94b76a35d8a._native.native_decide.ax_1_1,
 ShannonBounds.C11R6Tables.cross_564505af0066fa9bc893._native.native_decide.ax_1_1,
 ShannonBounds.C11R6Tables.cross_bc598aabfc397b015309._native.native_decide.ax_1_1,
 ShannonBounds.C11R6Tables.cross_cc72ba3cc3d211951e7b._native.native_decide.ax_1_1,
 ShannonBounds.C11R6Tables.inside_275feb4472b545b7b61b._native.native_decide.ax_1_1,
 ShannonBounds.C11R6Tables.inside_562e2180d94b76a35d8a._native.native_decide.ax_1_1,
 ShannonBounds.C11R6Tables.inside_564505af0066fa9bc893._native.native_decide.ax_1_1,
 ShannonBounds.C11R6Tables.inside_bc598aabfc397b015309._native.native_decide.ax_1_1,
 ShannonBounds.C11R6Tables.inside_cc72ba3cc3d211951e7b._native.native_decide.ax_1_1]
'ShannonBounds.C11R6D213.step_n7' depends on axioms: [propext,
 Classical.choice.{u},
 Quot.sound.{u},
 ShannonBounds.C11R6D213.polynomial_n1._native.native_decide.ax_1_1,
 ShannonBounds.C11R6D213.polynomial_n7._native.native_decide.ax_1_1,
 ShannonBounds.C11R6Tables.cross_074e7a7a1e957b03d9a5._native.native_decide.ax_1_1,
 ShannonBounds.C11R6Tables.cross_564505af0066fa9bc893._native.native_decide.ax_1_1,
 ShannonBounds.C11R6Tables.inside_074e7a7a1e957b03d9a5._native.native_decide.ax_1_1,
 ShannonBounds.C11R6Tables.inside_564505af0066fa9bc893._native.native_decide.ax_1_1]
'ShannonBounds.C11R6D213.step_n8' depends on axioms: [propext,
 Classical.choice.{u},
 Quot.sound.{u},
 ShannonBounds.C11R6D213.polynomial_n8._native.native_decide.ax_1_1,
 ShannonBounds.C11R6Tables.cross_eb2a8ddaf8495ec01f08._native.native_decide.ax_1_1,
 ShannonBounds.C11R6Tables.inside_eb2a8ddaf8495ec01f08._native.native_decide.ax_1_1]
'ShannonBounds.C11R6D213.step_n9' depends on axioms: [propext,
 Classical.choice.{u},
 Quot.sound.{u},
 ShannonBounds.C11R6D213.polynomial_n1._native.native_decide.ax_1_1,
 ShannonBounds.C11R6D213.polynomial_n7._native.native_decide.ax_1_1,
 ShannonBounds.C11R6D213.polynomial_n8._native.native_decide.ax_1_1,
 ShannonBounds.C11R6D213.polynomial_n9._native.native_decide.ax_1_1,
 ShannonBounds.C11R6Tables.cross_074e7a7a1e957b03d9a5._native.native_decide.ax_1_1,
 ShannonBounds.C11R6Tables.cross_44a85870cefbc01c28eb._native.native_decide.ax_1_1,
 ShannonBounds.C11R6Tables.cross_564505af0066fa9bc893._native.native_decide.ax_1_1,
 ShannonBounds.C11R6Tables.cross_eb2a8ddaf8495ec01f08._native.native_decide.ax_1_1,
 ShannonBounds.C11R6Tables.inside_074e7a7a1e957b03d9a5._native.native_decide.ax_1_1,
 ShannonBounds.C11R6Tables.inside_44a85870cefbc01c28eb._native.native_decide.ax_1_1,
 ShannonBounds.C11R6Tables.inside_564505af0066fa9bc893._native.native_decide.ax_1_1,
 ShannonBounds.C11R6Tables.inside_eb2a8ddaf8495ec01f08._native.native_decide.ax_1_1]
'ShannonBounds.C11R6D213.step_n10' depends on axioms: [propext,
 Classical.choice.{u},
 Quot.sound.{u},
 ShannonBounds.C11R6D213.polynomial_n1._native.native_decide.ax_1_1,
 ShannonBounds.C11R6D213.polynomial_n10._native.native_decide.ax_1_1,
 ShannonBounds.C11R6D213.polynomial_n2._native.native_decide.ax_1_1,
 ShannonBounds.C11R6D213.polynomial_n3._native.native_decide.ax_1_1,
 ShannonBounds.C11R6D213.polynomial_n4._native.native_decide.ax_1_1,
 ShannonBounds.C11R6D213.polynomial_n5._native.native_decide.ax_1_1,
 ShannonBounds.C11R6D213.polynomial_n6._native.native_decide.ax_1_1,
 ShannonBounds.C11R6D213.polynomial_n7._native.native_decide.ax_1_1,
 ShannonBounds.C11R6D213.polynomial_n8._native.native_decide.ax_1_1,
 ShannonBounds.C11R6D213.polynomial_n9._native.native_decide.ax_1_1,
 ShannonBounds.C11R6Tables.cross_01c047685d920c22640e._native.native_decide.ax_1_1,
 ShannonBounds.C11R6Tables.cross_074e7a7a1e957b03d9a5._native.native_decide.ax_1_1,
 ShannonBounds.C11R6Tables.cross_1de129ef1fff89d74bef._native.native_decide.ax_1_1,
 ShannonBounds.C11R6Tables.cross_275feb4472b545b7b61b._native.native_decide.ax_1_1,
 ShannonBounds.C11R6Tables.cross_44a85870cefbc01c28eb._native.native_decide.ax_1_1,
 ShannonBounds.C11R6Tables.cross_562e2180d94b76a35d8a._native.native_decide.ax_1_1,
 ShannonBounds.C11R6Tables.cross_564505af0066fa9bc893._native.native_decide.ax_1_1,
 ShannonBounds.C11R6Tables.cross_bc598aabfc397b015309._native.native_decide.ax_1_1,
 ShannonBounds.C11R6Tables.cross_cc72ba3cc3d211951e7b._native.native_decide.ax_1_1,
 ShannonBounds.C11R6Tables.cross_eb2a8ddaf8495ec01f08._native.native_decide.ax_1_1,
 ShannonBounds.C11R6Tables.inside_01c047685d920c22640e._native.native_decide.ax_1_1,
 ShannonBounds.C11R6Tables.inside_074e7a7a1e957b03d9a5._native.native_decide.ax_1_1,
 ShannonBounds.C11R6Tables.inside_1de129ef1fff89d74bef._native.native_decide.ax_1_1,
 ShannonBounds.C11R6Tables.inside_275feb4472b545b7b61b._native.native_decide.ax_1_1,
 ShannonBounds.C11R6Tables.inside_44a85870cefbc01c28eb._native.native_decide.ax_1_1,
 ShannonBounds.C11R6Tables.inside_562e2180d94b76a35d8a._native.native_decide.ax_1_1,
 ShannonBounds.C11R6Tables.inside_564505af0066fa9bc893._native.native_decide.ax_1_1,
 ShannonBounds.C11R6Tables.inside_bc598aabfc397b015309._native.native_decide.ax_1_1,
 ShannonBounds.C11R6Tables.inside_cc72ba3cc3d211951e7b._native.native_decide.ax_1_1,
 ShannonBounds.C11R6Tables.inside_eb2a8ddaf8495ec01f08._native.native_decide.ax_1_1]
'ShannonBounds.C11R6D213.step_n11' depends on axioms: [propext,
 Classical.choice.{u},
 Quot.sound.{u},
 ShannonBounds.C11R6D213.polynomial_n11._native.native_decide.ax_1_1,
 ShannonBounds.C11R6Tables.cross_51b4bb7e33ca836fee10._native.native_decide.ax_1_1,
 ShannonBounds.C11R6Tables.inside_51b4bb7e33ca836fee10._native.native_decide.ax_1_1]
'ShannonBounds.C11R6D213.step_n12' depends on axioms: [propext,
 Classical.choice.{u},
 Quot.sound.{u},
 ShannonBounds.C11R6D213.polynomial_n11._native.native_decide.ax_1_1,
 ShannonBounds.C11R6D213.polynomial_n12._native.native_decide.ax_1_1,
 ShannonBounds.C11R6Tables.cross_51b4bb7e33ca836fee10._native.native_decide.ax_1_1,
 ShannonBounds.C11R6Tables.cross_7461db4595a77df35801._native.native_decide.ax_1_1,
 ShannonBounds.C11R6Tables.inside_51b4bb7e33ca836fee10._native.native_decide.ax_1_1,
 ShannonBounds.C11R6Tables.inside_7461db4595a77df35801._native.native_decide.ax_1_1]
'ShannonBounds.C11R6D213.step_n13' depends on axioms: [propext,
 Classical.choice.{u},
 Quot.sound.{u},
 ShannonBounds.C11R6D213.polynomial_n11._native.native_decide.ax_1_1,
 ShannonBounds.C11R6D213.polynomial_n12._native.native_decide.ax_1_1,
 ShannonBounds.C11R6D213.polynomial_n13._native.native_decide.ax_1_1,
 ShannonBounds.C11R6Tables.cross_51b4bb7e33ca836fee10._native.native_decide.ax_1_1,
 ShannonBounds.C11R6Tables.cross_669343cc17cb8eaf6957._native.native_decide.ax_1_1,
 ShannonBounds.C11R6Tables.cross_7461db4595a77df35801._native.native_decide.ax_1_1,
 ShannonBounds.C11R6Tables.inside_51b4bb7e33ca836fee10._native.native_decide.ax_1_1,
 ShannonBounds.C11R6Tables.inside_669343cc17cb8eaf6957._native.native_decide.ax_1_1,
 ShannonBounds.C11R6Tables.inside_7461db4595a77df35801._native.native_decide.ax_1_1]
'ShannonBounds.C11R6D213.step_n14' depends on axioms: [propext,
 Classical.choice.{u},
 Quot.sound.{u},
 ShannonBounds.C11R6D213.polynomial_n11._native.native_decide.ax_1_1,
 ShannonBounds.C11R6D213.polynomial_n12._native.native_decide.ax_1_1,
 ShannonBounds.C11R6D213.polynomial_n13._native.native_decide.ax_1_1,
 ShannonBounds.C11R6D213.polynomial_n14._native.native_decide.ax_1_1,
 ShannonBounds.C11R6Tables.cross_51b4bb7e33ca836fee10._native.native_decide.ax_1_1,
 ShannonBounds.C11R6Tables.cross_669343cc17cb8eaf6957._native.native_decide.ax_1_1,
 ShannonBounds.C11R6Tables.cross_7461db4595a77df35801._native.native_decide.ax_1_1,
 ShannonBounds.C11R6Tables.cross_95e5655d1469530ce7ff._native.native_decide.ax_1_1,
 ShannonBounds.C11R6Tables.inside_51b4bb7e33ca836fee10._native.native_decide.ax_1_1,
 ShannonBounds.C11R6Tables.inside_669343cc17cb8eaf6957._native.native_decide.ax_1_1,
 ShannonBounds.C11R6Tables.inside_7461db4595a77df35801._native.native_decide.ax_1_1,
 ShannonBounds.C11R6Tables.inside_95e5655d1469530ce7ff._native.native_decide.ax_1_1]
'ShannonBounds.C11R6D213.step_n15' depends on axioms: [propext,
 Classical.choice.{u},
 Quot.sound.{u},
 ShannonBounds.C11R6D213.polynomial_n11._native.native_decide.ax_1_1,
 ShannonBounds.C11R6D213.polynomial_n12._native.native_decide.ax_1_1,
 ShannonBounds.C11R6D213.polynomial_n13._native.native_decide.ax_1_1,
 ShannonBounds.C11R6D213.polynomial_n14._native.native_decide.ax_1_1,
 ShannonBounds.C11R6D213.polynomial_n15._native.native_decide.ax_1_1,
 ShannonBounds.C11R6Tables.cross_51b4bb7e33ca836fee10._native.native_decide.ax_1_1,
 ShannonBounds.C11R6Tables.cross_669343cc17cb8eaf6957._native.native_decide.ax_1_1,
 ShannonBounds.C11R6Tables.cross_7461db4595a77df35801._native.native_decide.ax_1_1,
 ShannonBounds.C11R6Tables.cross_95e5655d1469530ce7ff._native.native_decide.ax_1_1,
 ShannonBounds.C11R6Tables.cross_a40f1a6f9aa075037da0._native.native_decide.ax_1_1,
 ShannonBounds.C11R6Tables.inside_51b4bb7e33ca836fee10._native.native_decide.ax_1_1,
 ShannonBounds.C11R6Tables.inside_669343cc17cb8eaf6957._native.native_decide.ax_1_1,
 ShannonBounds.C11R6Tables.inside_7461db4595a77df35801._native.native_decide.ax_1_1,
 ShannonBounds.C11R6Tables.inside_95e5655d1469530ce7ff._native.native_decide.ax_1_1,
 ShannonBounds.C11R6Tables.inside_a40f1a6f9aa075037da0._native.native_decide.ax_1_1]
'ShannonBounds.C11R6D213.step_n16' depends on axioms: [propext,
 Classical.choice.{u},
 Quot.sound.{u},
 ShannonBounds.C11R6D213.polynomial_n16._native.native_decide.ax_1_1,
 ShannonBounds.C11R6Tables.cross_9783e6b9166dfb4049c4._native.native_decide.ax_1_1,
 ShannonBounds.C11R6Tables.inside_9783e6b9166dfb4049c4._native.native_decide.ax_1_1]
'ShannonBounds.C11R6D213.step_n17' depends on axioms: [propext,
 Classical.choice.{u},
 Quot.sound.{u},
 ShannonBounds.C11R6D213.polynomial_n16._native.native_decide.ax_1_1,
 ShannonBounds.C11R6D213.polynomial_n17._native.native_decide.ax_1_1,
 ShannonBounds.C11R6Tables.cross_9783e6b9166dfb4049c4._native.native_decide.ax_1_1,
 ShannonBounds.C11R6Tables.cross_988a6e27a74069e613e5._native.native_decide.ax_1_1,
 ShannonBounds.C11R6Tables.inside_9783e6b9166dfb4049c4._native.native_decide.ax_1_1,
 ShannonBounds.C11R6Tables.inside_988a6e27a74069e613e5._native.native_decide.ax_1_1]
'ShannonBounds.C11R6D213.step_n18' depends on axioms: [propext,
 Classical.choice.{u},
 Quot.sound.{u},
 ShannonBounds.C11R6D213.polynomial_n16._native.native_decide.ax_1_1,
 ShannonBounds.C11R6D213.polynomial_n17._native.native_decide.ax_1_1,
 ShannonBounds.C11R6D213.polynomial_n18._native.native_decide.ax_1_1,
 ShannonBounds.C11R6Tables.cross_9783e6b9166dfb4049c4._native.native_decide.ax_1_1,
 ShannonBounds.C11R6Tables.cross_988a6e27a74069e613e5._native.native_decide.ax_1_1,
 ShannonBounds.C11R6Tables.cross_e6624479a4e7b8218273._native.native_decide.ax_1_1,
 ShannonBounds.C11R6Tables.inside_9783e6b9166dfb4049c4._native.native_decide.ax_1_1,
 ShannonBounds.C11R6Tables.inside_988a6e27a74069e613e5._native.native_decide.ax_1_1,
 ShannonBounds.C11R6Tables.inside_e6624479a4e7b8218273._native.native_decide.ax_1_1]
'ShannonBounds.C11R6D213.step_n19' depends on axioms: [propext,
 Classical.choice.{u},
 Quot.sound.{u},
 ShannonBounds.C11R6D213.polynomial_n16._native.native_decide.ax_1_1,
 ShannonBounds.C11R6D213.polynomial_n17._native.native_decide.ax_1_1,
 ShannonBounds.C11R6D213.polynomial_n18._native.native_decide.ax_1_1,
 ShannonBounds.C11R6D213.polynomial_n19._native.native_decide.ax_1_1,
 ShannonBounds.C11R6Tables.cross_22cac8b4c63f11109b61._native.native_decide.ax_1_1,
 ShannonBounds.C11R6Tables.cross_9783e6b9166dfb4049c4._native.native_decide.ax_1_1,
 ShannonBounds.C11R6Tables.cross_988a6e27a74069e613e5._native.native_decide.ax_1_1,
 ShannonBounds.C11R6Tables.cross_e6624479a4e7b8218273._native.native_decide.ax_1_1,
 ShannonBounds.C11R6Tables.inside_22cac8b4c63f11109b61._native.native_decide.ax_1_1,
 ShannonBounds.C11R6Tables.inside_9783e6b9166dfb4049c4._native.native_decide.ax_1_1,
 ShannonBounds.C11R6Tables.inside_988a6e27a74069e613e5._native.native_decide.ax_1_1,
 ShannonBounds.C11R6Tables.inside_e6624479a4e7b8218273._native.native_decide.ax_1_1]
'ShannonBounds.C11R6D213.step_n20' depends on axioms: [propext,
 Classical.choice.{u},
 Quot.sound.{u},
 ShannonBounds.C11R6D213.polynomial_n1._native.native_decide.ax_1_1,
 ShannonBounds.C11R6D213.polynomial_n16._native.native_decide.ax_1_1,
 ShannonBounds.C11R6D213.polynomial_n17._native.native_decide.ax_1_1,
 ShannonBounds.C11R6D213.polynomial_n20._native.native_decide.ax_1_1,
 ShannonBounds.C11R6Tables.cross_564505af0066fa9bc893._native.native_decide.ax_1_1,
 ShannonBounds.C11R6Tables.cross_8d02c2ed12c9b02124d5._native.native_decide.ax_1_1,
 ShannonBounds.C11R6Tables.cross_9783e6b9166dfb4049c4._native.native_decide.ax_1_1,
 ShannonBounds.C11R6Tables.cross_988a6e27a74069e613e5._native.native_decide.ax_1_1,
 ShannonBounds.C11R6Tables.inside_564505af0066fa9bc893._native.native_decide.ax_1_1,
 ShannonBounds.C11R6Tables.inside_8d02c2ed12c9b02124d5._native.native_decide.ax_1_1,
 ShannonBounds.C11R6Tables.inside_9783e6b9166dfb4049c4._native.native_decide.ax_1_1,
 ShannonBounds.C11R6Tables.inside_988a6e27a74069e613e5._native.native_decide.ax_1_1]
'ShannonBounds.C11R6D213.step_n21' depends on axioms: [propext,
 Classical.choice.{u},
 Quot.sound.{u},
 ShannonBounds.C11R6D213.polynomial_n1._native.native_decide.ax_1_1,
 ShannonBounds.C11R6D213.polynomial_n16._native.native_decide.ax_1_1,
 ShannonBounds.C11R6D213.polynomial_n17._native.native_decide.ax_1_1,
 ShannonBounds.C11R6D213.polynomial_n20._native.native_decide.ax_1_1,
 ShannonBounds.C11R6D213.polynomial_n21._native.native_decide.ax_1_1,
 ShannonBounds.C11R6Tables.cross_1b00b10f49b6c4e9759e._native.native_decide.ax_1_1,
 ShannonBounds.C11R6Tables.cross_564505af0066fa9bc893._native.native_decide.ax_1_1,
 ShannonBounds.C11R6Tables.cross_8d02c2ed12c9b02124d5._native.native_decide.ax_1_1,
 ShannonBounds.C11R6Tables.cross_9783e6b9166dfb4049c4._native.native_decide.ax_1_1,
 ShannonBounds.C11R6Tables.cross_988a6e27a74069e613e5._native.native_decide.ax_1_1,
 ShannonBounds.C11R6Tables.inside_1b00b10f49b6c4e9759e._native.native_decide.ax_1_1,
 ShannonBounds.C11R6Tables.inside_564505af0066fa9bc893._native.native_decide.ax_1_1,
 ShannonBounds.C11R6Tables.inside_8d02c2ed12c9b02124d5._native.native_decide.ax_1_1,
 ShannonBounds.C11R6Tables.inside_9783e6b9166dfb4049c4._native.native_decide.ax_1_1,
 ShannonBounds.C11R6Tables.inside_988a6e27a74069e613e5._native.native_decide.ax_1_1]
'ShannonBounds.C11R6D213.step_n22' depends on axioms: [propext,
 Classical.choice.{u},
 Quot.sound.{u},
 ShannonBounds.C11R6D213.polynomial_n1._native.native_decide.ax_1_1,
 ShannonBounds.C11R6D213.polynomial_n16._native.native_decide.ax_1_1,
 ShannonBounds.C11R6D213.polynomial_n17._native.native_decide.ax_1_1,
 ShannonBounds.C11R6D213.polynomial_n20._native.native_decide.ax_1_1,
 ShannonBounds.C11R6D213.polynomial_n21._native.native_decide.ax_1_1,
 ShannonBounds.C11R6D213.polynomial_n22._native.native_decide.ax_1_1,
 ShannonBounds.C11R6Tables.cross_090125a02835a8ea74a1._native.native_decide.ax_1_1,
 ShannonBounds.C11R6Tables.cross_1b00b10f49b6c4e9759e._native.native_decide.ax_1_1,
 ShannonBounds.C11R6Tables.cross_564505af0066fa9bc893._native.native_decide.ax_1_1,
 ShannonBounds.C11R6Tables.cross_8d02c2ed12c9b02124d5._native.native_decide.ax_1_1,
 ShannonBounds.C11R6Tables.cross_9783e6b9166dfb4049c4._native.native_decide.ax_1_1,
 ShannonBounds.C11R6Tables.cross_988a6e27a74069e613e5._native.native_decide.ax_1_1,
 ShannonBounds.C11R6Tables.inside_090125a02835a8ea74a1._native.native_decide.ax_1_1,
 ShannonBounds.C11R6Tables.inside_1b00b10f49b6c4e9759e._native.native_decide.ax_1_1,
 ShannonBounds.C11R6Tables.inside_564505af0066fa9bc893._native.native_decide.ax_1_1,
 ShannonBounds.C11R6Tables.inside_8d02c2ed12c9b02124d5._native.native_decide.ax_1_1,
 ShannonBounds.C11R6Tables.inside_9783e6b9166dfb4049c4._native.native_decide.ax_1_1,
 ShannonBounds.C11R6Tables.inside_988a6e27a74069e613e5._native.native_decide.ax_1_1]
'ShannonBounds.C11R6D213.step_n23' depends on axioms: [propext,
 Classical.choice.{u},
 Quot.sound.{u},
 ShannonBounds.C11R6D213.polynomial_n1._native.native_decide.ax_1_1,
 ShannonBounds.C11R6D213.polynomial_n16._native.native_decide.ax_1_1,
 ShannonBounds.C11R6D213.polynomial_n17._native.native_decide.ax_1_1,
 ShannonBounds.C11R6D213.polynomial_n20._native.native_decide.ax_1_1,
 ShannonBounds.C11R6D213.polynomial_n21._native.native_decide.ax_1_1,
 ShannonBounds.C11R6D213.polynomial_n22._native.native_decide.ax_1_1,
 ShannonBounds.C11R6D213.polynomial_n23._native.native_decide.ax_1_1,
 ShannonBounds.C11R6Tables.cross_090125a02835a8ea74a1._native.native_decide.ax_1_1,
 ShannonBounds.C11R6Tables.cross_1b00b10f49b6c4e9759e._native.native_decide.ax_1_1,
 ShannonBounds.C11R6Tables.cross_564505af0066fa9bc893._native.native_decide.ax_1_1,
 ShannonBounds.C11R6Tables.cross_73383c091e7d3a586822._native.native_decide.ax_1_1,
 ShannonBounds.C11R6Tables.cross_8d02c2ed12c9b02124d5._native.native_decide.ax_1_1,
 ShannonBounds.C11R6Tables.cross_9783e6b9166dfb4049c4._native.native_decide.ax_1_1,
 ShannonBounds.C11R6Tables.cross_988a6e27a74069e613e5._native.native_decide.ax_1_1,
 ShannonBounds.C11R6Tables.inside_090125a02835a8ea74a1._native.native_decide.ax_1_1,
 ShannonBounds.C11R6Tables.inside_1b00b10f49b6c4e9759e._native.native_decide.ax_1_1,
 ShannonBounds.C11R6Tables.inside_564505af0066fa9bc893._native.native_decide.ax_1_1,
 ShannonBounds.C11R6Tables.inside_73383c091e7d3a586822._native.native_decide.ax_1_1,
 ShannonBounds.C11R6Tables.inside_8d02c2ed12c9b02124d5._native.native_decide.ax_1_1,
 ShannonBounds.C11R6Tables.inside_9783e6b9166dfb4049c4._native.native_decide.ax_1_1,
 ShannonBounds.C11R6Tables.inside_988a6e27a74069e613e5._native.native_decide.ax_1_1]
'ShannonBounds.C11R6D213.step_n24' depends on axioms: [propext,
 Classical.choice.{u},
 Quot.sound.{u},
 ShannonBounds.C11R6D213.polynomial_n1._native.native_decide.ax_1_1,
 ShannonBounds.C11R6D213.polynomial_n16._native.native_decide.ax_1_1,
 ShannonBounds.C11R6D213.polynomial_n17._native.native_decide.ax_1_1,
 ShannonBounds.C11R6D213.polynomial_n20._native.native_decide.ax_1_1,
 ShannonBounds.C11R6D213.polynomial_n21._native.native_decide.ax_1_1,
 ShannonBounds.C11R6D213.polynomial_n22._native.native_decide.ax_1_1,
 ShannonBounds.C11R6D213.polynomial_n23._native.native_decide.ax_1_1,
 ShannonBounds.C11R6D213.polynomial_n24._native.native_decide.ax_1_1,
 ShannonBounds.C11R6Tables.cross_090125a02835a8ea74a1._native.native_decide.ax_1_1,
 ShannonBounds.C11R6Tables.cross_1b00b10f49b6c4e9759e._native.native_decide.ax_1_1,
 ShannonBounds.C11R6Tables.cross_564505af0066fa9bc893._native.native_decide.ax_1_1,
 ShannonBounds.C11R6Tables.cross_73383c091e7d3a586822._native.native_decide.ax_1_1,
 ShannonBounds.C11R6Tables.cross_8d02c2ed12c9b02124d5._native.native_decide.ax_1_1,
 ShannonBounds.C11R6Tables.cross_9783e6b9166dfb4049c4._native.native_decide.ax_1_1,
 ShannonBounds.C11R6Tables.cross_988a6e27a74069e613e5._native.native_decide.ax_1_1,
 ShannonBounds.C11R6Tables.inside_090125a02835a8ea74a1._native.native_decide.ax_1_1,
 ShannonBounds.C11R6Tables.inside_1b00b10f49b6c4e9759e._native.native_decide.ax_1_1,
 ShannonBounds.C11R6Tables.inside_564505af0066fa9bc893._native.native_decide.ax_1_1,
 ShannonBounds.C11R6Tables.inside_73383c091e7d3a586822._native.native_decide.ax_1_1,
 ShannonBounds.C11R6Tables.inside_8d02c2ed12c9b02124d5._native.native_decide.ax_1_1,
 ShannonBounds.C11R6Tables.inside_9783e6b9166dfb4049c4._native.native_decide.ax_1_1,
 ShannonBounds.C11R6Tables.inside_988a6e27a74069e613e5._native.native_decide.ax_1_1]
'ShannonBounds.C11R6D213.step_n25' depends on axioms: [propext,
 Classical.choice.{u},
 Quot.sound.{u},
 ShannonBounds.C11R6D213.polynomial_n1._native.native_decide.ax_1_1,
 ShannonBounds.C11R6D213.polynomial_n25._native.native_decide.ax_1_1,
 ShannonBounds.C11R6Tables.cross_2d78eefa50581f5d0332._native.native_decide.ax_1_1,
 ShannonBounds.C11R6Tables.cross_564505af0066fa9bc893._native.native_decide.ax_1_1,
 ShannonBounds.C11R6Tables.inside_2d78eefa50581f5d0332._native.native_decide.ax_1_1,
 ShannonBounds.C11R6Tables.inside_564505af0066fa9bc893._native.native_decide.ax_1_1]
'ShannonBounds.C11R6D213.step_n26' depends on axioms: [propext,
 Classical.choice.{u},
 Quot.sound.{u},
 ShannonBounds.C11R6D213.polynomial_n1._native.native_decide.ax_1_1,
 ShannonBounds.C11R6D213.polynomial_n11._native.native_decide.ax_1_1,
 ShannonBounds.C11R6D213.polynomial_n25._native.native_decide.ax_1_1,
 ShannonBounds.C11R6D213.polynomial_n26._native.native_decide.ax_1_1,
 ShannonBounds.C11R6D213.polynomial_n4._native.native_decide.ax_1_1,
 ShannonBounds.C11R6Tables.cross_275feb4472b545b7b61b._native.native_decide.ax_1_1,
 ShannonBounds.C11R6Tables.cross_2d78eefa50581f5d0332._native.native_decide.ax_1_1,
 ShannonBounds.C11R6Tables.cross_51b4bb7e33ca836fee10._native.native_decide.ax_1_1,
 ShannonBounds.C11R6Tables.cross_564505af0066fa9bc893._native.native_decide.ax_1_1,
 ShannonBounds.C11R6Tables.cross_ece408aa34da4a12a217._native.native_decide.ax_1_1,
 ShannonBounds.C11R6Tables.inside_275feb4472b545b7b61b._native.native_decide.ax_1_1,
 ShannonBounds.C11R6Tables.inside_2d78eefa50581f5d0332._native.native_decide.ax_1_1,
 ShannonBounds.C11R6Tables.inside_51b4bb7e33ca836fee10._native.native_decide.ax_1_1,
 ShannonBounds.C11R6Tables.inside_564505af0066fa9bc893._native.native_decide.ax_1_1,
 ShannonBounds.C11R6Tables.inside_ece408aa34da4a12a217._native.native_decide.ax_1_1]
'ShannonBounds.C11R6D213.step_n27' depends on axioms: [propext,
 Classical.choice.{u},
 Quot.sound.{u},
 ShannonBounds.C11R6D213.polynomial_n27._native.native_decide.ax_1_1,
 ShannonBounds.C11R6Tables.cross_9b70f31dd1696e52e328._native.native_decide.ax_1_1,
 ShannonBounds.C11R6Tables.inside_9b70f31dd1696e52e328._native.native_decide.ax_1_1]
'ShannonBounds.C11R6D213.step_n28' depends on axioms: [propext,
 Classical.choice.{u},
 Quot.sound.{u},
 ShannonBounds.C11R6D213.polynomial_n27._native.native_decide.ax_1_1,
 ShannonBounds.C11R6D213.polynomial_n28._native.native_decide.ax_1_1,
 ShannonBounds.C11R6Tables.cross_9b70f31dd1696e52e328._native.native_decide.ax_1_1,
 ShannonBounds.C11R6Tables.cross_c28c6dd5607aacbad7ef._native.native_decide.ax_1_1,
 ShannonBounds.C11R6Tables.inside_9b70f31dd1696e52e328._native.native_decide.ax_1_1,
 ShannonBounds.C11R6Tables.inside_c28c6dd5607aacbad7ef._native.native_decide.ax_1_1]
'ShannonBounds.C11R6D213.step_n29' depends on axioms: [propext,
 Classical.choice.{u},
 Quot.sound.{u},
 ShannonBounds.C11R6D213.polynomial_n27._native.native_decide.ax_1_1,
 ShannonBounds.C11R6D213.polynomial_n28._native.native_decide.ax_1_1,
 ShannonBounds.C11R6D213.polynomial_n29._native.native_decide.ax_1_1,
 ShannonBounds.C11R6Tables.cross_37294a683db0ad79cd1a._native.native_decide.ax_1_1,
 ShannonBounds.C11R6Tables.cross_9b70f31dd1696e52e328._native.native_decide.ax_1_1,
 ShannonBounds.C11R6Tables.cross_c28c6dd5607aacbad7ef._native.native_decide.ax_1_1,
 ShannonBounds.C11R6Tables.inside_37294a683db0ad79cd1a._native.native_decide.ax_1_1,
 ShannonBounds.C11R6Tables.inside_9b70f31dd1696e52e328._native.native_decide.ax_1_1,
 ShannonBounds.C11R6Tables.inside_c28c6dd5607aacbad7ef._native.native_decide.ax_1_1]
'ShannonBounds.C11R6D213.step_n30' depends on axioms: [propext,
 Classical.choice.{u},
 Quot.sound.{u},
 ShannonBounds.C11R6D213.polynomial_n1._native.native_decide.ax_1_1,
 ShannonBounds.C11R6D213.polynomial_n11._native.native_decide.ax_1_1,
 ShannonBounds.C11R6D213.polynomial_n16._native.native_decide.ax_1_1,
 ShannonBounds.C11R6D213.polynomial_n17._native.native_decide.ax_1_1,
 ShannonBounds.C11R6D213.polynomial_n20._native.native_decide.ax_1_1,
 ShannonBounds.C11R6D213.polynomial_n21._native.native_decide.ax_1_1,
 ShannonBounds.C11R6D213.polynomial_n22._native.native_decide.ax_1_1,
 ShannonBounds.C11R6D213.polynomial_n23._native.native_decide.ax_1_1,
 ShannonBounds.C11R6D213.polynomial_n24._native.native_decide.ax_1_1,
 ShannonBounds.C11R6D213.polynomial_n25._native.native_decide.ax_1_1,
 ShannonBounds.C11R6D213.polynomial_n26._native.native_decide.ax_1_1,
 ShannonBounds.C11R6D213.polynomial_n27._native.native_decide.ax_1_1,
 ShannonBounds.C11R6D213.polynomial_n28._native.native_decide.ax_1_1,
 ShannonBounds.C11R6D213.polynomial_n29._native.native_decide.ax_1_1,
 ShannonBounds.C11R6D213.polynomial_n30._native.native_decide.ax_1_1,
 ShannonBounds.C11R6D213.polynomial_n4._native.native_decide.ax_1_1,
 ShannonBounds.C11R6Tables.cross_090125a02835a8ea74a1._native.native_decide.ax_1_1,
 ShannonBounds.C11R6Tables.cross_1b00b10f49b6c4e9759e._native.native_decide.ax_1_1,
 ShannonBounds.C11R6Tables.cross_275feb4472b545b7b61b._native.native_decide.ax_1_1,
 ShannonBounds.C11R6Tables.cross_2d78eefa50581f5d0332._native.native_decide.ax_1_1,
 ShannonBounds.C11R6Tables.cross_37294a683db0ad79cd1a._native.native_decide.ax_1_1,
 ShannonBounds.C11R6Tables.cross_51b4bb7e33ca836fee10._native.native_decide.ax_1_1,
 ShannonBounds.C11R6Tables.cross_564505af0066fa9bc893._native.native_decide.ax_1_1,
 ShannonBounds.C11R6Tables.cross_73383c091e7d3a586822._native.native_decide.ax_1_1,
 ShannonBounds.C11R6Tables.cross_8d02c2ed12c9b02124d5._native.native_decide.ax_1_1,
 ShannonBounds.C11R6Tables.cross_9783e6b9166dfb4049c4._native.native_decide.ax_1_1,
 ShannonBounds.C11R6Tables.cross_988a6e27a74069e613e5._native.native_decide.ax_1_1,
 ShannonBounds.C11R6Tables.cross_9b70f31dd1696e52e328._native.native_decide.ax_1_1,
 ShannonBounds.C11R6Tables.cross_c166eae8054ce1f6ee50._native.native_decide.ax_1_1,
 ShannonBounds.C11R6Tables.cross_c28c6dd5607aacbad7ef._native.native_decide.ax_1_1,
 ShannonBounds.C11R6Tables.cross_ece408aa34da4a12a217._native.native_decide.ax_1_1,
 ShannonBounds.C11R6Tables.inside_090125a02835a8ea74a1._native.native_decide.ax_1_1,
 ShannonBounds.C11R6Tables.inside_1b00b10f49b6c4e9759e._native.native_decide.ax_1_1,
 ShannonBounds.C11R6Tables.inside_275feb4472b545b7b61b._native.native_decide.ax_1_1,
 ShannonBounds.C11R6Tables.inside_2d78eefa50581f5d0332._native.native_decide.ax_1_1,
 ShannonBounds.C11R6Tables.inside_37294a683db0ad79cd1a._native.native_decide.ax_1_1,
 ShannonBounds.C11R6Tables.inside_51b4bb7e33ca836fee10._native.native_decide.ax_1_1,
 ShannonBounds.C11R6Tables.inside_564505af0066fa9bc893._native.native_decide.ax_1_1,
 ShannonBounds.C11R6Tables.inside_73383c091e7d3a586822._native.native_decide.ax_1_1,
 ShannonBounds.C11R6Tables.inside_8d02c2ed12c9b02124d5._native.native_decide.ax_1_1,
 ShannonBounds.C11R6Tables.inside_9783e6b9166dfb4049c4._native.native_decide.ax_1_1,
 ShannonBounds.C11R6Tables.inside_988a6e27a74069e613e5._native.native_decide.ax_1_1,
 ShannonBounds.C11R6Tables.inside_9b70f31dd1696e52e328._native.native_decide.ax_1_1,
 ShannonBounds.C11R6Tables.inside_c166eae8054ce1f6ee50._native.native_decide.ax_1_1,
 ShannonBounds.C11R6Tables.inside_c28c6dd5607aacbad7ef._native.native_decide.ax_1_1,
 ShannonBounds.C11R6Tables.inside_ece408aa34da4a12a217._native.native_decide.ax_1_1]
'ShannonBounds.C11R6D213.cross_power_BPZ_207' depends on axioms: [propext,
 ShannonBounds.C11R6D213.cross_power_BPZ_207._native.native_decide.ax_1_1]
'ShannonBounds.C11R6D213.strict_root_BPZ_207' depends on axioms: [propext,
 Classical.choice.{u},
 Quot.sound.{u},
 ShannonBounds.C11R6D213.cross_power_BPZ_207._native.native_decide.ax_1_1]
'ShannonBounds.C11R6D213.cross_power_R3_207' depends on axioms: [propext,
 ShannonBounds.C11R6D213.cross_power_R3_207._native.native_decide.ax_1_1]
'ShannonBounds.C11R6D213.strict_root_R3_207' depends on axioms: [propext,
 Classical.choice.{u},
 Quot.sound.{u},
 ShannonBounds.C11R6D213.cross_power_R3_207._native.native_decide.ax_1_1]
'ShannonBounds.C11R6D213.cross_power_R4_201' depends on axioms: [propext,
 ShannonBounds.C11R6D213.cross_power_R4_201._native.native_decide.ax_1_1]
'ShannonBounds.C11R6D213.strict_root_R4_201' depends on axioms: [propext,
 Classical.choice.{u},
 Quot.sound.{u},
 ShannonBounds.C11R6D213.cross_power_R4_201._native.native_decide.ax_1_1]
'ShannonBounds.C11R6D213.cross_power_R4_210' depends on axioms: [propext,
 ShannonBounds.C11R6D213.cross_power_R4_210._native.native_decide.ax_1_1]
'ShannonBounds.C11R6D213.strict_root_R4_210' depends on axioms: [propext,
 Classical.choice.{u},
 Quot.sound.{u},
 ShannonBounds.C11R6D213.cross_power_R4_210._native.native_decide.ax_1_1]
'R6_scope_set_186' depends on axioms: [propext,
 Classical.choice.{u},
 Quot.sound.{u},
 ShannonBounds.BaseC11.sconf_iff_conflict._native.native_decide.ax_1_1,
 ShannonBounds.BaseC11.sconf_refl._native.native_decide.ax_1_1,
 ShannonBounds.BaseC11.sconf_symm._native.native_decide.ax_1_1,
 ShannonBounds.C11R6Base.base_between._native.native_decide.ax_1_1,
 ShannonBounds.C11R6Base.base_inside._native.native_decide.ax_1_1,
 ShannonBounds.C11R6Base.base_weights._native.native_decide.ax_1_1,
 ShannonBounds.C11R6D186.polynomial_n1._native.native_decide.ax_1_1,
 ShannonBounds.C11R6D186.polynomial_n10._native.native_decide.ax_1_1,
 ShannonBounds.C11R6D186.polynomial_n11._native.native_decide.ax_1_1,
 ShannonBounds.C11R6D186.polynomial_n12._native.native_decide.ax_1_1,
 ShannonBounds.C11R6D186.polynomial_n13._native.native_decide.ax_1_1,
 ShannonBounds.C11R6D186.polynomial_n14._native.native_decide.ax_1_1,
 ShannonBounds.C11R6D186.polynomial_n15._native.native_decide.ax_1_1,
 ShannonBounds.C11R6D186.polynomial_n16._native.native_decide.ax_1_1,
 ShannonBounds.C11R6D186.polynomial_n17._native.native_decide.ax_1_1,
 ShannonBounds.C11R6D186.polynomial_n18._native.native_decide.ax_1_1,
 ShannonBounds.C11R6D186.polynomial_n19._native.native_decide.ax_1_1,
 ShannonBounds.C11R6D186.polynomial_n2._native.native_decide.ax_1_1,
 ShannonBounds.C11R6D186.polynomial_n20._native.native_decide.ax_1_1,
 ShannonBounds.C11R6D186.polynomial_n21._native.native_decide.ax_1_1,
 ShannonBounds.C11R6D186.polynomial_n22._native.native_decide.ax_1_1,
 ShannonBounds.C11R6D186.polynomial_n23._native.native_decide.ax_1_1,
 ShannonBounds.C11R6D186.polynomial_n24._native.native_decide.ax_1_1,
 ShannonBounds.C11R6D186.polynomial_n25._native.native_decide.ax_1_1,
 ShannonBounds.C11R6D186.polynomial_n26._native.native_decide.ax_1_1,
 ShannonBounds.C11R6D186.polynomial_n3._native.native_decide.ax_1_1,
 ShannonBounds.C11R6D186.polynomial_n4._native.native_decide.ax_1_1,
 ShannonBounds.C11R6D186.polynomial_n5._native.native_decide.ax_1_1,
 ShannonBounds.C11R6D186.polynomial_n6._native.native_decide.ax_1_1,
 ShannonBounds.C11R6D186.polynomial_n7._native.native_decide.ax_1_1,
 ShannonBounds.C11R6D186.polynomial_n8._native.native_decide.ax_1_1,
 ShannonBounds.C11R6D186.polynomial_n9._native.native_decide.ax_1_1,
 ShannonBounds.C11R6D186.terminal_polynomial._native.native_decide.ax_1_1,
 ShannonBounds.C11R6Tables.cross_22cac8b4c63f11109b61._native.native_decide.ax_1_1,
 ShannonBounds.C11R6Tables.cross_25f0774c2afeeb30a0e8._native.native_decide.ax_1_1,
 ShannonBounds.C11R6Tables.cross_275feb4472b545b7b61b._native.native_decide.ax_1_1,
 ShannonBounds.C11R6Tables.cross_2d78eefa50581f5d0332._native.native_decide.ax_1_1,
 ShannonBounds.C11R6Tables.cross_564505af0066fa9bc893._native.native_decide.ax_1_1,
 ShannonBounds.C11R6Tables.cross_5c2653637645ea08c462._native.native_decide.ax_1_1,
 ShannonBounds.C11R6Tables.cross_5ca90dee5abae9298a15._native.native_decide.ax_1_1,
 ShannonBounds.C11R6Tables.cross_6d1e67cc209acfd23ff3._native.native_decide.ax_1_1,
 ShannonBounds.C11R6Tables.cross_73383c091e7d3a586822._native.native_decide.ax_1_1,
 ShannonBounds.C11R6Tables.cross_953611f4b154a3d6901c._native.native_decide.ax_1_1,
 ShannonBounds.C11R6Tables.cross_9783e6b9166dfb4049c4._native.native_decide.ax_1_1,
 ShannonBounds.C11R6Tables.cross_988a6e27a74069e613e5._native.native_decide.ax_1_1,
 ShannonBounds.C11R6Tables.cross_bd87a4825e888e5d22f9._native.native_decide.ax_1_1,
 ShannonBounds.C11R6Tables.cross_bed27dc006b01fbbbcf8._native.native_decide.ax_1_1,
 ShannonBounds.C11R6Tables.cross_cc72ba3cc3d211951e7b._native.native_decide.ax_1_1,
 ShannonBounds.C11R6Tables.cross_cf346b778e5d726ffeff._native.native_decide.ax_1_1,
 ShannonBounds.C11R6Tables.cross_d49651680030e3710982._native.native_decide.ax_1_1,
 ShannonBounds.C11R6Tables.cross_e6624479a4e7b8218273._native.native_decide.ax_1_1,
 ShannonBounds.C11R6Tables.cross_ece408aa34da4a12a217._native.native_decide.ax_1_1,
 ShannonBounds.C11R6Tables.cross_f7172ffe1ee10decfde4._native.native_decide.ax_1_1,
 ShannonBounds.C11R6Tables.inside_22cac8b4c63f11109b61._native.native_decide.ax_1_1,
 ShannonBounds.C11R6Tables.inside_25f0774c2afeeb30a0e8._native.native_decide.ax_1_1,
 ShannonBounds.C11R6Tables.inside_275feb4472b545b7b61b._native.native_decide.ax_1_1,
 ShannonBounds.C11R6Tables.inside_2d78eefa50581f5d0332._native.native_decide.ax_1_1,
 ShannonBounds.C11R6Tables.inside_564505af0066fa9bc893._native.native_decide.ax_1_1,
 ShannonBounds.C11R6Tables.inside_5c2653637645ea08c462._native.native_decide.ax_1_1,
 ShannonBounds.C11R6Tables.inside_5ca90dee5abae9298a15._native.native_decide.ax_1_1,
 ShannonBounds.C11R6Tables.inside_6d1e67cc209acfd23ff3._native.native_decide.ax_1_1,
 ShannonBounds.C11R6Tables.inside_73383c091e7d3a586822._native.native_decide.ax_1_1,
 ShannonBounds.C11R6Tables.inside_953611f4b154a3d6901c._native.native_decide.ax_1_1,
 ShannonBounds.C11R6Tables.inside_9783e6b9166dfb4049c4._native.native_decide.ax_1_1,
 ShannonBounds.C11R6Tables.inside_988a6e27a74069e613e5._native.native_decide.ax_1_1,
 ShannonBounds.C11R6Tables.inside_bd87a4825e888e5d22f9._native.native_decide.ax_1_1,
 ShannonBounds.C11R6Tables.inside_bed27dc006b01fbbbcf8._native.native_decide.ax_1_1,
 ShannonBounds.C11R6Tables.inside_cc72ba3cc3d211951e7b._native.native_decide.ax_1_1,
 ShannonBounds.C11R6Tables.inside_cf346b778e5d726ffeff._native.native_decide.ax_1_1,
 ShannonBounds.C11R6Tables.inside_d101ee426b09eceb0f46._native.native_decide.ax_1_1,
 ShannonBounds.C11R6Tables.inside_d49651680030e3710982._native.native_decide.ax_1_1,
 ShannonBounds.C11R6Tables.inside_e6624479a4e7b8218273._native.native_decide.ax_1_1,
 ShannonBounds.C11R6Tables.inside_ece408aa34da4a12a217._native.native_decide.ax_1_1,
 ShannonBounds.C11R6Tables.inside_f7172ffe1ee10decfde4._native.native_decide.ax_1_1]
'R6_scope_capacity_186' depends on axioms: [propext,
 Classical.choice.{u},
 Quot.sound.{u},
 ShannonBounds.BaseC11.sconf_iff_conflict._native.native_decide.ax_1_1,
 ShannonBounds.BaseC11.sconf_refl._native.native_decide.ax_1_1,
 ShannonBounds.BaseC11.sconf_symm._native.native_decide.ax_1_1,
 ShannonBounds.C11R6Base.base_between._native.native_decide.ax_1_1,
 ShannonBounds.C11R6Base.base_inside._native.native_decide.ax_1_1,
 ShannonBounds.C11R6Base.base_weights._native.native_decide.ax_1_1,
 ShannonBounds.C11R6D186.decimal_lower_integer._native.native_decide.ax_1_1,
 ShannonBounds.C11R6D186.decimal_upper_integer._native.native_decide.ax_1_1,
 ShannonBounds.C11R6D186.polynomial_n1._native.native_decide.ax_1_1,
 ShannonBounds.C11R6D186.polynomial_n10._native.native_decide.ax_1_1,
 ShannonBounds.C11R6D186.polynomial_n11._native.native_decide.ax_1_1,
 ShannonBounds.C11R6D186.polynomial_n12._native.native_decide.ax_1_1,
 ShannonBounds.C11R6D186.polynomial_n13._native.native_decide.ax_1_1,
 ShannonBounds.C11R6D186.polynomial_n14._native.native_decide.ax_1_1,
 ShannonBounds.C11R6D186.polynomial_n15._native.native_decide.ax_1_1,
 ShannonBounds.C11R6D186.polynomial_n16._native.native_decide.ax_1_1,
 ShannonBounds.C11R6D186.polynomial_n17._native.native_decide.ax_1_1,
 ShannonBounds.C11R6D186.polynomial_n18._native.native_decide.ax_1_1,
 ShannonBounds.C11R6D186.polynomial_n19._native.native_decide.ax_1_1,
 ShannonBounds.C11R6D186.polynomial_n2._native.native_decide.ax_1_1,
 ShannonBounds.C11R6D186.polynomial_n20._native.native_decide.ax_1_1,
 ShannonBounds.C11R6D186.polynomial_n21._native.native_decide.ax_1_1,
 ShannonBounds.C11R6D186.polynomial_n22._native.native_decide.ax_1_1,
 ShannonBounds.C11R6D186.polynomial_n23._native.native_decide.ax_1_1,
 ShannonBounds.C11R6D186.polynomial_n24._native.native_decide.ax_1_1,
 ShannonBounds.C11R6D186.polynomial_n25._native.native_decide.ax_1_1,
 ShannonBounds.C11R6D186.polynomial_n26._native.native_decide.ax_1_1,
 ShannonBounds.C11R6D186.polynomial_n3._native.native_decide.ax_1_1,
 ShannonBounds.C11R6D186.polynomial_n4._native.native_decide.ax_1_1,
 ShannonBounds.C11R6D186.polynomial_n5._native.native_decide.ax_1_1,
 ShannonBounds.C11R6D186.polynomial_n6._native.native_decide.ax_1_1,
 ShannonBounds.C11R6D186.polynomial_n7._native.native_decide.ax_1_1,
 ShannonBounds.C11R6D186.polynomial_n8._native.native_decide.ax_1_1,
 ShannonBounds.C11R6D186.polynomial_n9._native.native_decide.ax_1_1,
 ShannonBounds.C11R6D186.terminal_polynomial._native.native_decide.ax_1_1,
 ShannonBounds.C11R6Tables.cross_22cac8b4c63f11109b61._native.native_decide.ax_1_1,
 ShannonBounds.C11R6Tables.cross_25f0774c2afeeb30a0e8._native.native_decide.ax_1_1,
 ShannonBounds.C11R6Tables.cross_275feb4472b545b7b61b._native.native_decide.ax_1_1,
 ShannonBounds.C11R6Tables.cross_2d78eefa50581f5d0332._native.native_decide.ax_1_1,
 ShannonBounds.C11R6Tables.cross_564505af0066fa9bc893._native.native_decide.ax_1_1,
 ShannonBounds.C11R6Tables.cross_5c2653637645ea08c462._native.native_decide.ax_1_1,
 ShannonBounds.C11R6Tables.cross_5ca90dee5abae9298a15._native.native_decide.ax_1_1,
 ShannonBounds.C11R6Tables.cross_6d1e67cc209acfd23ff3._native.native_decide.ax_1_1,
 ShannonBounds.C11R6Tables.cross_73383c091e7d3a586822._native.native_decide.ax_1_1,
 ShannonBounds.C11R6Tables.cross_953611f4b154a3d6901c._native.native_decide.ax_1_1,
 ShannonBounds.C11R6Tables.cross_9783e6b9166dfb4049c4._native.native_decide.ax_1_1,
 ShannonBounds.C11R6Tables.cross_988a6e27a74069e613e5._native.native_decide.ax_1_1,
 ShannonBounds.C11R6Tables.cross_bd87a4825e888e5d22f9._native.native_decide.ax_1_1,
 ShannonBounds.C11R6Tables.cross_bed27dc006b01fbbbcf8._native.native_decide.ax_1_1,
 ShannonBounds.C11R6Tables.cross_cc72ba3cc3d211951e7b._native.native_decide.ax_1_1,
 ShannonBounds.C11R6Tables.cross_cf346b778e5d726ffeff._native.native_decide.ax_1_1,
 ShannonBounds.C11R6Tables.cross_d49651680030e3710982._native.native_decide.ax_1_1,
 ShannonBounds.C11R6Tables.cross_e6624479a4e7b8218273._native.native_decide.ax_1_1,
 ShannonBounds.C11R6Tables.cross_ece408aa34da4a12a217._native.native_decide.ax_1_1,
 ShannonBounds.C11R6Tables.cross_f7172ffe1ee10decfde4._native.native_decide.ax_1_1,
 ShannonBounds.C11R6Tables.inside_22cac8b4c63f11109b61._native.native_decide.ax_1_1,
 ShannonBounds.C11R6Tables.inside_25f0774c2afeeb30a0e8._native.native_decide.ax_1_1,
 ShannonBounds.C11R6Tables.inside_275feb4472b545b7b61b._native.native_decide.ax_1_1,
 ShannonBounds.C11R6Tables.inside_2d78eefa50581f5d0332._native.native_decide.ax_1_1,
 ShannonBounds.C11R6Tables.inside_564505af0066fa9bc893._native.native_decide.ax_1_1,
 ShannonBounds.C11R6Tables.inside_5c2653637645ea08c462._native.native_decide.ax_1_1,
 ShannonBounds.C11R6Tables.inside_5ca90dee5abae9298a15._native.native_decide.ax_1_1,
 ShannonBounds.C11R6Tables.inside_6d1e67cc209acfd23ff3._native.native_decide.ax_1_1,
 ShannonBounds.C11R6Tables.inside_73383c091e7d3a586822._native.native_decide.ax_1_1,
 ShannonBounds.C11R6Tables.inside_953611f4b154a3d6901c._native.native_decide.ax_1_1,
 ShannonBounds.C11R6Tables.inside_9783e6b9166dfb4049c4._native.native_decide.ax_1_1,
 ShannonBounds.C11R6Tables.inside_988a6e27a74069e613e5._native.native_decide.ax_1_1,
 ShannonBounds.C11R6Tables.inside_bd87a4825e888e5d22f9._native.native_decide.ax_1_1,
 ShannonBounds.C11R6Tables.inside_bed27dc006b01fbbbcf8._native.native_decide.ax_1_1,
 ShannonBounds.C11R6Tables.inside_cc72ba3cc3d211951e7b._native.native_decide.ax_1_1,
 ShannonBounds.C11R6Tables.inside_cf346b778e5d726ffeff._native.native_decide.ax_1_1,
 ShannonBounds.C11R6Tables.inside_d101ee426b09eceb0f46._native.native_decide.ax_1_1,
 ShannonBounds.C11R6Tables.inside_d49651680030e3710982._native.native_decide.ax_1_1,
 ShannonBounds.C11R6Tables.inside_e6624479a4e7b8218273._native.native_decide.ax_1_1,
 ShannonBounds.C11R6Tables.inside_ece408aa34da4a12a217._native.native_decide.ax_1_1,
 ShannonBounds.C11R6Tables.inside_f7172ffe1ee10decfde4._native.native_decide.ax_1_1]
'R6_scope_bracket_186' depends on axioms: [propext,
 Classical.choice.{u},
 Quot.sound.{u},
 ShannonBounds.C11R6D186.decimal_lower_integer._native.native_decide.ax_1_1,
 ShannonBounds.C11R6D186.decimal_upper_integer._native.native_decide.ax_1_1]
'R6_scope_comparison_186_BPZ_207' depends on axioms: [propext,
 Classical.choice.{u},
 Quot.sound.{u},
 ShannonBounds.C11R6D186.cross_power_BPZ_207._native.native_decide.ax_1_1]
'R6_scope_comparison_186_R3_207' depends on axioms: [propext,
 Classical.choice.{u},
 Quot.sound.{u},
 ShannonBounds.C11R6D186.cross_power_R3_207._native.native_decide.ax_1_1]
'R6_scope_comparison_186_R4_201' depends on axioms: [propext,
 Classical.choice.{u},
 Quot.sound.{u},
 ShannonBounds.C11R6D186.cross_power_R4_201._native.native_decide.ax_1_1]
'R6_scope_comparison_186_R4_210' depends on axioms: [propext,
 Classical.choice.{u},
 Quot.sound.{u},
 ShannonBounds.C11R6D186.cross_power_R4_210._native.native_decide.ax_1_1]
'R6_scope_comparison_186_R5' depends on axioms: [propext,
 Classical.choice.{u},
 Quot.sound.{u},
 ShannonBounds.C11R6D186.cross_power_R5._native.native_decide.ax_1_1]
'R6_scope_set_198' depends on axioms: [propext,
 Classical.choice.{u},
 Quot.sound.{u},
 ShannonBounds.BaseC11.sconf_iff_conflict._native.native_decide.ax_1_1,
 ShannonBounds.BaseC11.sconf_refl._native.native_decide.ax_1_1,
 ShannonBounds.BaseC11.sconf_symm._native.native_decide.ax_1_1,
 ShannonBounds.C11R6Base.base_between._native.native_decide.ax_1_1,
 ShannonBounds.C11R6Base.base_inside._native.native_decide.ax_1_1,
 ShannonBounds.C11R6Base.base_weights._native.native_decide.ax_1_1,
 ShannonBounds.C11R6D198.polynomial_n1._native.native_decide.ax_1_1,
 ShannonBounds.C11R6D198.polynomial_n10._native.native_decide.ax_1_1,
 ShannonBounds.C11R6D198.polynomial_n11._native.native_decide.ax_1_1,
 ShannonBounds.C11R6D198.polynomial_n12._native.native_decide.ax_1_1,
 ShannonBounds.C11R6D198.polynomial_n13._native.native_decide.ax_1_1,
 ShannonBounds.C11R6D198.polynomial_n14._native.native_decide.ax_1_1,
 ShannonBounds.C11R6D198.polynomial_n15._native.native_decide.ax_1_1,
 ShannonBounds.C11R6D198.polynomial_n16._native.native_decide.ax_1_1,
 ShannonBounds.C11R6D198.polynomial_n17._native.native_decide.ax_1_1,
 ShannonBounds.C11R6D198.polynomial_n18._native.native_decide.ax_1_1,
 ShannonBounds.C11R6D198.polynomial_n19._native.native_decide.ax_1_1,
 ShannonBounds.C11R6D198.polynomial_n2._native.native_decide.ax_1_1,
 ShannonBounds.C11R6D198.polynomial_n20._native.native_decide.ax_1_1,
 ShannonBounds.C11R6D198.polynomial_n21._native.native_decide.ax_1_1,
 ShannonBounds.C11R6D198.polynomial_n22._native.native_decide.ax_1_1,
 ShannonBounds.C11R6D198.polynomial_n23._native.native_decide.ax_1_1,
 ShannonBounds.C11R6D198.polynomial_n24._native.native_decide.ax_1_1,
 ShannonBounds.C11R6D198.polynomial_n25._native.native_decide.ax_1_1,
 ShannonBounds.C11R6D198.polynomial_n26._native.native_decide.ax_1_1,
 ShannonBounds.C11R6D198.polynomial_n27._native.native_decide.ax_1_1,
 ShannonBounds.C11R6D198.polynomial_n28._native.native_decide.ax_1_1,
 ShannonBounds.C11R6D198.polynomial_n29._native.native_decide.ax_1_1,
 ShannonBounds.C11R6D198.polynomial_n3._native.native_decide.ax_1_1,
 ShannonBounds.C11R6D198.polynomial_n4._native.native_decide.ax_1_1,
 ShannonBounds.C11R6D198.polynomial_n5._native.native_decide.ax_1_1,
 ShannonBounds.C11R6D198.polynomial_n6._native.native_decide.ax_1_1,
 ShannonBounds.C11R6D198.polynomial_n7._native.native_decide.ax_1_1,
 ShannonBounds.C11R6D198.polynomial_n8._native.native_decide.ax_1_1,
 ShannonBounds.C11R6D198.polynomial_n9._native.native_decide.ax_1_1,
 ShannonBounds.C11R6D198.terminal_polynomial._native.native_decide.ax_1_1,
 ShannonBounds.C11R6Tables.cross_01c047685d920c22640e._native.native_decide.ax_1_1,
 ShannonBounds.C11R6Tables.cross_1de129ef1fff89d74bef._native.native_decide.ax_1_1,
 ShannonBounds.C11R6Tables.cross_275feb4472b545b7b61b._native.native_decide.ax_1_1,
 ShannonBounds.C11R6Tables.cross_2d78eefa50581f5d0332._native.native_decide.ax_1_1,
 ShannonBounds.C11R6Tables.cross_2ed8d12cfe031f31782c._native.native_decide.ax_1_1,
 ShannonBounds.C11R6Tables.cross_37294a683db0ad79cd1a._native.native_decide.ax_1_1,
 ShannonBounds.C11R6Tables.cross_51b4bb7e33ca836fee10._native.native_decide.ax_1_1,
 ShannonBounds.C11R6Tables.cross_562e2180d94b76a35d8a._native.native_decide.ax_1_1,
 ShannonBounds.C11R6Tables.cross_564505af0066fa9bc893._native.native_decide.ax_1_1,
 ShannonBounds.C11R6Tables.cross_669343cc17cb8eaf6957._native.native_decide.ax_1_1,
 ShannonBounds.C11R6Tables.cross_73383c091e7d3a586822._native.native_decide.ax_1_1,
 ShannonBounds.C11R6Tables.cross_7461db4595a77df35801._native.native_decide.ax_1_1,
 ShannonBounds.C11R6Tables.cross_7586a2b6c341612c9fdc._native.native_decide.ax_1_1,
 ShannonBounds.C11R6Tables.cross_960de25190a3bed445b8._native.native_decide.ax_1_1,
 ShannonBounds.C11R6Tables.cross_9783e6b9166dfb4049c4._native.native_decide.ax_1_1,
 ShannonBounds.C11R6Tables.cross_988a6e27a74069e613e5._native.native_decide.ax_1_1,
 ShannonBounds.C11R6Tables.cross_9b70f31dd1696e52e328._native.native_decide.ax_1_1,
 ShannonBounds.C11R6Tables.cross_b0b2c46dc9f8db336b46._native.native_decide.ax_1_1,
 ShannonBounds.C11R6Tables.cross_bc598aabfc397b015309._native.native_decide.ax_1_1,
 ShannonBounds.C11R6Tables.cross_bfd644574c544c933581._native.native_decide.ax_1_1,
 ShannonBounds.C11R6Tables.cross_c28c6dd5607aacbad7ef._native.native_decide.ax_1_1,
 ShannonBounds.C11R6Tables.cross_cc72ba3cc3d211951e7b._native.native_decide.ax_1_1,
 ShannonBounds.C11R6Tables.cross_e6624479a4e7b8218273._native.native_decide.ax_1_1,
 ShannonBounds.C11R6Tables.cross_e91967edd2b512831205._native.native_decide.ax_1_1,
 ShannonBounds.C11R6Tables.cross_ece408aa34da4a12a217._native.native_decide.ax_1_1,
 ShannonBounds.C11R6Tables.cross_f95d1e072279bb3bfc11._native.native_decide.ax_1_1,
 ShannonBounds.C11R6Tables.inside_01c047685d920c22640e._native.native_decide.ax_1_1,
 ShannonBounds.C11R6Tables.inside_1de129ef1fff89d74bef._native.native_decide.ax_1_1,
 ShannonBounds.C11R6Tables.inside_275feb4472b545b7b61b._native.native_decide.ax_1_1,
 ShannonBounds.C11R6Tables.inside_2d78eefa50581f5d0332._native.native_decide.ax_1_1,
 ShannonBounds.C11R6Tables.inside_2ed8d12cfe031f31782c._native.native_decide.ax_1_1,
 ShannonBounds.C11R6Tables.inside_37294a683db0ad79cd1a._native.native_decide.ax_1_1,
 ShannonBounds.C11R6Tables.inside_51b4bb7e33ca836fee10._native.native_decide.ax_1_1,
 ShannonBounds.C11R6Tables.inside_562e2180d94b76a35d8a._native.native_decide.ax_1_1,
 ShannonBounds.C11R6Tables.inside_564505af0066fa9bc893._native.native_decide.ax_1_1,
 ShannonBounds.C11R6Tables.inside_669343cc17cb8eaf6957._native.native_decide.ax_1_1,
 ShannonBounds.C11R6Tables.inside_73383c091e7d3a586822._native.native_decide.ax_1_1,
 ShannonBounds.C11R6Tables.inside_7461db4595a77df35801._native.native_decide.ax_1_1,
 ShannonBounds.C11R6Tables.inside_7586a2b6c341612c9fdc._native.native_decide.ax_1_1,
 ShannonBounds.C11R6Tables.inside_960de25190a3bed445b8._native.native_decide.ax_1_1,
 ShannonBounds.C11R6Tables.inside_9783e6b9166dfb4049c4._native.native_decide.ax_1_1,
 ShannonBounds.C11R6Tables.inside_988a6e27a74069e613e5._native.native_decide.ax_1_1,
 ShannonBounds.C11R6Tables.inside_9b70f31dd1696e52e328._native.native_decide.ax_1_1,
 ShannonBounds.C11R6Tables.inside_b0b2c46dc9f8db336b46._native.native_decide.ax_1_1,
 ShannonBounds.C11R6Tables.inside_bc598aabfc397b015309._native.native_decide.ax_1_1,
 ShannonBounds.C11R6Tables.inside_bfd644574c544c933581._native.native_decide.ax_1_1,
 ShannonBounds.C11R6Tables.inside_c28c6dd5607aacbad7ef._native.native_decide.ax_1_1,
 ShannonBounds.C11R6Tables.inside_cc72ba3cc3d211951e7b._native.native_decide.ax_1_1,
 ShannonBounds.C11R6Tables.inside_d1d88f72dc4352a983e3._native.native_decide.ax_1_1,
 ShannonBounds.C11R6Tables.inside_e6624479a4e7b8218273._native.native_decide.ax_1_1,
 ShannonBounds.C11R6Tables.inside_e91967edd2b512831205._native.native_decide.ax_1_1,
 ShannonBounds.C11R6Tables.inside_ece408aa34da4a12a217._native.native_decide.ax_1_1,
 ShannonBounds.C11R6Tables.inside_f95d1e072279bb3bfc11._native.native_decide.ax_1_1]
'R6_scope_capacity_198' depends on axioms: [propext,
 Classical.choice.{u},
 Quot.sound.{u},
 ShannonBounds.BaseC11.sconf_iff_conflict._native.native_decide.ax_1_1,
 ShannonBounds.BaseC11.sconf_refl._native.native_decide.ax_1_1,
 ShannonBounds.BaseC11.sconf_symm._native.native_decide.ax_1_1,
 ShannonBounds.C11R6Base.base_between._native.native_decide.ax_1_1,
 ShannonBounds.C11R6Base.base_inside._native.native_decide.ax_1_1,
 ShannonBounds.C11R6Base.base_weights._native.native_decide.ax_1_1,
 ShannonBounds.C11R6D198.decimal_lower_integer._native.native_decide.ax_1_1,
 ShannonBounds.C11R6D198.decimal_upper_integer._native.native_decide.ax_1_1,
 ShannonBounds.C11R6D198.polynomial_n1._native.native_decide.ax_1_1,
 ShannonBounds.C11R6D198.polynomial_n10._native.native_decide.ax_1_1,
 ShannonBounds.C11R6D198.polynomial_n11._native.native_decide.ax_1_1,
 ShannonBounds.C11R6D198.polynomial_n12._native.native_decide.ax_1_1,
 ShannonBounds.C11R6D198.polynomial_n13._native.native_decide.ax_1_1,
 ShannonBounds.C11R6D198.polynomial_n14._native.native_decide.ax_1_1,
 ShannonBounds.C11R6D198.polynomial_n15._native.native_decide.ax_1_1,
 ShannonBounds.C11R6D198.polynomial_n16._native.native_decide.ax_1_1,
 ShannonBounds.C11R6D198.polynomial_n17._native.native_decide.ax_1_1,
 ShannonBounds.C11R6D198.polynomial_n18._native.native_decide.ax_1_1,
 ShannonBounds.C11R6D198.polynomial_n19._native.native_decide.ax_1_1,
 ShannonBounds.C11R6D198.polynomial_n2._native.native_decide.ax_1_1,
 ShannonBounds.C11R6D198.polynomial_n20._native.native_decide.ax_1_1,
 ShannonBounds.C11R6D198.polynomial_n21._native.native_decide.ax_1_1,
 ShannonBounds.C11R6D198.polynomial_n22._native.native_decide.ax_1_1,
 ShannonBounds.C11R6D198.polynomial_n23._native.native_decide.ax_1_1,
 ShannonBounds.C11R6D198.polynomial_n24._native.native_decide.ax_1_1,
 ShannonBounds.C11R6D198.polynomial_n25._native.native_decide.ax_1_1,
 ShannonBounds.C11R6D198.polynomial_n26._native.native_decide.ax_1_1,
 ShannonBounds.C11R6D198.polynomial_n27._native.native_decide.ax_1_1,
 ShannonBounds.C11R6D198.polynomial_n28._native.native_decide.ax_1_1,
 ShannonBounds.C11R6D198.polynomial_n29._native.native_decide.ax_1_1,
 ShannonBounds.C11R6D198.polynomial_n3._native.native_decide.ax_1_1,
 ShannonBounds.C11R6D198.polynomial_n4._native.native_decide.ax_1_1,
 ShannonBounds.C11R6D198.polynomial_n5._native.native_decide.ax_1_1,
 ShannonBounds.C11R6D198.polynomial_n6._native.native_decide.ax_1_1,
 ShannonBounds.C11R6D198.polynomial_n7._native.native_decide.ax_1_1,
 ShannonBounds.C11R6D198.polynomial_n8._native.native_decide.ax_1_1,
 ShannonBounds.C11R6D198.polynomial_n9._native.native_decide.ax_1_1,
 ShannonBounds.C11R6D198.terminal_polynomial._native.native_decide.ax_1_1,
 ShannonBounds.C11R6Tables.cross_01c047685d920c22640e._native.native_decide.ax_1_1,
 ShannonBounds.C11R6Tables.cross_1de129ef1fff89d74bef._native.native_decide.ax_1_1,
 ShannonBounds.C11R6Tables.cross_275feb4472b545b7b61b._native.native_decide.ax_1_1,
 ShannonBounds.C11R6Tables.cross_2d78eefa50581f5d0332._native.native_decide.ax_1_1,
 ShannonBounds.C11R6Tables.cross_2ed8d12cfe031f31782c._native.native_decide.ax_1_1,
 ShannonBounds.C11R6Tables.cross_37294a683db0ad79cd1a._native.native_decide.ax_1_1,
 ShannonBounds.C11R6Tables.cross_51b4bb7e33ca836fee10._native.native_decide.ax_1_1,
 ShannonBounds.C11R6Tables.cross_562e2180d94b76a35d8a._native.native_decide.ax_1_1,
 ShannonBounds.C11R6Tables.cross_564505af0066fa9bc893._native.native_decide.ax_1_1,
 ShannonBounds.C11R6Tables.cross_669343cc17cb8eaf6957._native.native_decide.ax_1_1,
 ShannonBounds.C11R6Tables.cross_73383c091e7d3a586822._native.native_decide.ax_1_1,
 ShannonBounds.C11R6Tables.cross_7461db4595a77df35801._native.native_decide.ax_1_1,
 ShannonBounds.C11R6Tables.cross_7586a2b6c341612c9fdc._native.native_decide.ax_1_1,
 ShannonBounds.C11R6Tables.cross_960de25190a3bed445b8._native.native_decide.ax_1_1,
 ShannonBounds.C11R6Tables.cross_9783e6b9166dfb4049c4._native.native_decide.ax_1_1,
 ShannonBounds.C11R6Tables.cross_988a6e27a74069e613e5._native.native_decide.ax_1_1,
 ShannonBounds.C11R6Tables.cross_9b70f31dd1696e52e328._native.native_decide.ax_1_1,
 ShannonBounds.C11R6Tables.cross_b0b2c46dc9f8db336b46._native.native_decide.ax_1_1,
 ShannonBounds.C11R6Tables.cross_bc598aabfc397b015309._native.native_decide.ax_1_1,
 ShannonBounds.C11R6Tables.cross_bfd644574c544c933581._native.native_decide.ax_1_1,
 ShannonBounds.C11R6Tables.cross_c28c6dd5607aacbad7ef._native.native_decide.ax_1_1,
 ShannonBounds.C11R6Tables.cross_cc72ba3cc3d211951e7b._native.native_decide.ax_1_1,
 ShannonBounds.C11R6Tables.cross_e6624479a4e7b8218273._native.native_decide.ax_1_1,
 ShannonBounds.C11R6Tables.cross_e91967edd2b512831205._native.native_decide.ax_1_1,
 ShannonBounds.C11R6Tables.cross_ece408aa34da4a12a217._native.native_decide.ax_1_1,
 ShannonBounds.C11R6Tables.cross_f95d1e072279bb3bfc11._native.native_decide.ax_1_1,
 ShannonBounds.C11R6Tables.inside_01c047685d920c22640e._native.native_decide.ax_1_1,
 ShannonBounds.C11R6Tables.inside_1de129ef1fff89d74bef._native.native_decide.ax_1_1,
 ShannonBounds.C11R6Tables.inside_275feb4472b545b7b61b._native.native_decide.ax_1_1,
 ShannonBounds.C11R6Tables.inside_2d78eefa50581f5d0332._native.native_decide.ax_1_1,
 ShannonBounds.C11R6Tables.inside_2ed8d12cfe031f31782c._native.native_decide.ax_1_1,
 ShannonBounds.C11R6Tables.inside_37294a683db0ad79cd1a._native.native_decide.ax_1_1,
 ShannonBounds.C11R6Tables.inside_51b4bb7e33ca836fee10._native.native_decide.ax_1_1,
 ShannonBounds.C11R6Tables.inside_562e2180d94b76a35d8a._native.native_decide.ax_1_1,
 ShannonBounds.C11R6Tables.inside_564505af0066fa9bc893._native.native_decide.ax_1_1,
 ShannonBounds.C11R6Tables.inside_669343cc17cb8eaf6957._native.native_decide.ax_1_1,
 ShannonBounds.C11R6Tables.inside_73383c091e7d3a586822._native.native_decide.ax_1_1,
 ShannonBounds.C11R6Tables.inside_7461db4595a77df35801._native.native_decide.ax_1_1,
 ShannonBounds.C11R6Tables.inside_7586a2b6c341612c9fdc._native.native_decide.ax_1_1,
 ShannonBounds.C11R6Tables.inside_960de25190a3bed445b8._native.native_decide.ax_1_1,
 ShannonBounds.C11R6Tables.inside_9783e6b9166dfb4049c4._native.native_decide.ax_1_1,
 ShannonBounds.C11R6Tables.inside_988a6e27a74069e613e5._native.native_decide.ax_1_1,
 ShannonBounds.C11R6Tables.inside_9b70f31dd1696e52e328._native.native_decide.ax_1_1,
 ShannonBounds.C11R6Tables.inside_b0b2c46dc9f8db336b46._native.native_decide.ax_1_1,
 ShannonBounds.C11R6Tables.inside_bc598aabfc397b015309._native.native_decide.ax_1_1,
 ShannonBounds.C11R6Tables.inside_bfd644574c544c933581._native.native_decide.ax_1_1,
 ShannonBounds.C11R6Tables.inside_c28c6dd5607aacbad7ef._native.native_decide.ax_1_1,
 ShannonBounds.C11R6Tables.inside_cc72ba3cc3d211951e7b._native.native_decide.ax_1_1,
 ShannonBounds.C11R6Tables.inside_d1d88f72dc4352a983e3._native.native_decide.ax_1_1,
 ShannonBounds.C11R6Tables.inside_e6624479a4e7b8218273._native.native_decide.ax_1_1,
 ShannonBounds.C11R6Tables.inside_e91967edd2b512831205._native.native_decide.ax_1_1,
 ShannonBounds.C11R6Tables.inside_ece408aa34da4a12a217._native.native_decide.ax_1_1,
 ShannonBounds.C11R6Tables.inside_f95d1e072279bb3bfc11._native.native_decide.ax_1_1]
'R6_scope_bracket_198' depends on axioms: [propext,
 Classical.choice.{u},
 Quot.sound.{u},
 ShannonBounds.C11R6D198.decimal_lower_integer._native.native_decide.ax_1_1,
 ShannonBounds.C11R6D198.decimal_upper_integer._native.native_decide.ax_1_1]
'R6_scope_comparison_198_BPZ_207' depends on axioms: [propext,
 Classical.choice.{u},
 Quot.sound.{u},
 ShannonBounds.C11R6D198.cross_power_BPZ_207._native.native_decide.ax_1_1]
'R6_scope_comparison_198_R3_207' depends on axioms: [propext,
 Classical.choice.{u},
 Quot.sound.{u},
 ShannonBounds.C11R6D198.cross_power_R3_207._native.native_decide.ax_1_1]
'R6_scope_comparison_198_R4_201' depends on axioms: [propext,
 Classical.choice.{u},
 Quot.sound.{u},
 ShannonBounds.C11R6D198.cross_power_R4_201._native.native_decide.ax_1_1]
'R6_scope_comparison_198_R4_210' depends on axioms: [propext,
 Classical.choice.{u},
 Quot.sound.{u},
 ShannonBounds.C11R6D198.cross_power_R4_210._native.native_decide.ax_1_1]
'R6_scope_comparison_198_R5' depends on axioms: [propext,
 Classical.choice.{u},
 Quot.sound.{u},
 ShannonBounds.C11R6D198.cross_power_R5._native.native_decide.ax_1_1]
'R6_scope_set_213' depends on axioms: [propext,
 Classical.choice.{u},
 Quot.sound.{u},
 ShannonBounds.BaseC11.sconf_iff_conflict._native.native_decide.ax_1_1,
 ShannonBounds.BaseC11.sconf_refl._native.native_decide.ax_1_1,
 ShannonBounds.BaseC11.sconf_symm._native.native_decide.ax_1_1,
 ShannonBounds.C11R6Base.base_between._native.native_decide.ax_1_1,
 ShannonBounds.C11R6Base.base_inside._native.native_decide.ax_1_1,
 ShannonBounds.C11R6Base.base_weights._native.native_decide.ax_1_1,
 ShannonBounds.C11R6D213.polynomial_n1._native.native_decide.ax_1_1,
 ShannonBounds.C11R6D213.polynomial_n10._native.native_decide.ax_1_1,
 ShannonBounds.C11R6D213.polynomial_n11._native.native_decide.ax_1_1,
 ShannonBounds.C11R6D213.polynomial_n12._native.native_decide.ax_1_1,
 ShannonBounds.C11R6D213.polynomial_n13._native.native_decide.ax_1_1,
 ShannonBounds.C11R6D213.polynomial_n14._native.native_decide.ax_1_1,
 ShannonBounds.C11R6D213.polynomial_n15._native.native_decide.ax_1_1,
 ShannonBounds.C11R6D213.polynomial_n16._native.native_decide.ax_1_1,
 ShannonBounds.C11R6D213.polynomial_n17._native.native_decide.ax_1_1,
 ShannonBounds.C11R6D213.polynomial_n18._native.native_decide.ax_1_1,
 ShannonBounds.C11R6D213.polynomial_n19._native.native_decide.ax_1_1,
 ShannonBounds.C11R6D213.polynomial_n2._native.native_decide.ax_1_1,
 ShannonBounds.C11R6D213.polynomial_n20._native.native_decide.ax_1_1,
 ShannonBounds.C11R6D213.polynomial_n21._native.native_decide.ax_1_1,
 ShannonBounds.C11R6D213.polynomial_n22._native.native_decide.ax_1_1,
 ShannonBounds.C11R6D213.polynomial_n23._native.native_decide.ax_1_1,
 ShannonBounds.C11R6D213.polynomial_n24._native.native_decide.ax_1_1,
 ShannonBounds.C11R6D213.polynomial_n25._native.native_decide.ax_1_1,
 ShannonBounds.C11R6D213.polynomial_n26._native.native_decide.ax_1_1,
 ShannonBounds.C11R6D213.polynomial_n27._native.native_decide.ax_1_1,
 ShannonBounds.C11R6D213.polynomial_n28._native.native_decide.ax_1_1,
 ShannonBounds.C11R6D213.polynomial_n29._native.native_decide.ax_1_1,
 ShannonBounds.C11R6D213.polynomial_n3._native.native_decide.ax_1_1,
 ShannonBounds.C11R6D213.polynomial_n30._native.native_decide.ax_1_1,
 ShannonBounds.C11R6D213.polynomial_n4._native.native_decide.ax_1_1,
 ShannonBounds.C11R6D213.polynomial_n5._native.native_decide.ax_1_1,
 ShannonBounds.C11R6D213.polynomial_n6._native.native_decide.ax_1_1,
 ShannonBounds.C11R6D213.polynomial_n7._native.native_decide.ax_1_1,
 ShannonBounds.C11R6D213.polynomial_n8._native.native_decide.ax_1_1,
 ShannonBounds.C11R6D213.polynomial_n9._native.native_decide.ax_1_1,
 ShannonBounds.C11R6D213.terminal_polynomial._native.native_decide.ax_1_1,
 ShannonBounds.C11R6Tables.cross_01c047685d920c22640e._native.native_decide.ax_1_1,
 ShannonBounds.C11R6Tables.cross_074e7a7a1e957b03d9a5._native.native_decide.ax_1_1,
 ShannonBounds.C11R6Tables.cross_090125a02835a8ea74a1._native.native_decide.ax_1_1,
 ShannonBounds.C11R6Tables.cross_1b00b10f49b6c4e9759e._native.native_decide.ax_1_1,
 ShannonBounds.C11R6Tables.cross_1de129ef1fff89d74bef._native.native_decide.ax_1_1,
 ShannonBounds.C11R6Tables.cross_22cac8b4c63f11109b61._native.native_decide.ax_1_1,
 ShannonBounds.C11R6Tables.cross_275feb4472b545b7b61b._native.native_decide.ax_1_1,
 ShannonBounds.C11R6Tables.cross_2d78eefa50581f5d0332._native.native_decide.ax_1_1,
 ShannonBounds.C11R6Tables.cross_37294a683db0ad79cd1a._native.native_decide.ax_1_1,
 ShannonBounds.C11R6Tables.cross_44a85870cefbc01c28eb._native.native_decide.ax_1_1,
 ShannonBounds.C11R6Tables.cross_51b4bb7e33ca836fee10._native.native_decide.ax_1_1,
 ShannonBounds.C11R6Tables.cross_562e2180d94b76a35d8a._native.native_decide.ax_1_1,
 ShannonBounds.C11R6Tables.cross_564505af0066fa9bc893._native.native_decide.ax_1_1,
 ShannonBounds.C11R6Tables.cross_669343cc17cb8eaf6957._native.native_decide.ax_1_1,
 ShannonBounds.C11R6Tables.cross_73383c091e7d3a586822._native.native_decide.ax_1_1,
 ShannonBounds.C11R6Tables.cross_7461db4595a77df35801._native.native_decide.ax_1_1,
 ShannonBounds.C11R6Tables.cross_8d02c2ed12c9b02124d5._native.native_decide.ax_1_1,
 ShannonBounds.C11R6Tables.cross_95e5655d1469530ce7ff._native.native_decide.ax_1_1,
 ShannonBounds.C11R6Tables.cross_9783e6b9166dfb4049c4._native.native_decide.ax_1_1,
 ShannonBounds.C11R6Tables.cross_988a6e27a74069e613e5._native.native_decide.ax_1_1,
 ShannonBounds.C11R6Tables.cross_9b70f31dd1696e52e328._native.native_decide.ax_1_1,
 ShannonBounds.C11R6Tables.cross_a40f1a6f9aa075037da0._native.native_decide.ax_1_1,
 ShannonBounds.C11R6Tables.cross_bc598aabfc397b015309._native.native_decide.ax_1_1,
 ShannonBounds.C11R6Tables.cross_c166eae8054ce1f6ee50._native.native_decide.ax_1_1,
 ShannonBounds.C11R6Tables.cross_c28c6dd5607aacbad7ef._native.native_decide.ax_1_1,
 ShannonBounds.C11R6Tables.cross_cc72ba3cc3d211951e7b._native.native_decide.ax_1_1,
 ShannonBounds.C11R6Tables.cross_e6624479a4e7b8218273._native.native_decide.ax_1_1,
 ShannonBounds.C11R6Tables.cross_eb2a8ddaf8495ec01f08._native.native_decide.ax_1_1,
 ShannonBounds.C11R6Tables.cross_ece408aa34da4a12a217._native.native_decide.ax_1_1,
 ShannonBounds.C11R6Tables.inside_01c047685d920c22640e._native.native_decide.ax_1_1,
 ShannonBounds.C11R6Tables.inside_074e7a7a1e957b03d9a5._native.native_decide.ax_1_1,
 ShannonBounds.C11R6Tables.inside_090125a02835a8ea74a1._native.native_decide.ax_1_1,
 ShannonBounds.C11R6Tables.inside_1b00b10f49b6c4e9759e._native.native_decide.ax_1_1,
 ShannonBounds.C11R6Tables.inside_1de129ef1fff89d74bef._native.native_decide.ax_1_1,
 ShannonBounds.C11R6Tables.inside_22cac8b4c63f11109b61._native.native_decide.ax_1_1,
 ShannonBounds.C11R6Tables.inside_275feb4472b545b7b61b._native.native_decide.ax_1_1,
 ShannonBounds.C11R6Tables.inside_2d78eefa50581f5d0332._native.native_decide.ax_1_1,
 ShannonBounds.C11R6Tables.inside_37294a683db0ad79cd1a._native.native_decide.ax_1_1,
 ShannonBounds.C11R6Tables.inside_3d79de065120229628e3._native.native_decide.ax_1_1,
 ShannonBounds.C11R6Tables.inside_44a85870cefbc01c28eb._native.native_decide.ax_1_1,
 ShannonBounds.C11R6Tables.inside_51b4bb7e33ca836fee10._native.native_decide.ax_1_1,
 ShannonBounds.C11R6Tables.inside_562e2180d94b76a35d8a._native.native_decide.ax_1_1,
 ShannonBounds.C11R6Tables.inside_564505af0066fa9bc893._native.native_decide.ax_1_1,
 ShannonBounds.C11R6Tables.inside_669343cc17cb8eaf6957._native.native_decide.ax_1_1,
 ShannonBounds.C11R6Tables.inside_73383c091e7d3a586822._native.native_decide.ax_1_1,
 ShannonBounds.C11R6Tables.inside_7461db4595a77df35801._native.native_decide.ax_1_1,
 ShannonBounds.C11R6Tables.inside_8d02c2ed12c9b02124d5._native.native_decide.ax_1_1,
 ShannonBounds.C11R6Tables.inside_95e5655d1469530ce7ff._native.native_decide.ax_1_1,
 ShannonBounds.C11R6Tables.inside_9783e6b9166dfb4049c4._native.native_decide.ax_1_1,
 ShannonBounds.C11R6Tables.inside_988a6e27a74069e613e5._native.native_decide.ax_1_1,
 ShannonBounds.C11R6Tables.inside_9b70f31dd1696e52e328._native.native_decide.ax_1_1,
 ShannonBounds.C11R6Tables.inside_a40f1a6f9aa075037da0._native.native_decide.ax_1_1,
 ShannonBounds.C11R6Tables.inside_bc598aabfc397b015309._native.native_decide.ax_1_1,
 ShannonBounds.C11R6Tables.inside_c166eae8054ce1f6ee50._native.native_decide.ax_1_1,
 ShannonBounds.C11R6Tables.inside_c28c6dd5607aacbad7ef._native.native_decide.ax_1_1,
 ShannonBounds.C11R6Tables.inside_cc72ba3cc3d211951e7b._native.native_decide.ax_1_1,
 ShannonBounds.C11R6Tables.inside_e6624479a4e7b8218273._native.native_decide.ax_1_1,
 ShannonBounds.C11R6Tables.inside_eb2a8ddaf8495ec01f08._native.native_decide.ax_1_1,
 ShannonBounds.C11R6Tables.inside_ece408aa34da4a12a217._native.native_decide.ax_1_1]
'R6_scope_capacity_213' depends on axioms: [propext,
 Classical.choice.{u},
 Quot.sound.{u},
 ShannonBounds.BaseC11.sconf_iff_conflict._native.native_decide.ax_1_1,
 ShannonBounds.BaseC11.sconf_refl._native.native_decide.ax_1_1,
 ShannonBounds.BaseC11.sconf_symm._native.native_decide.ax_1_1,
 ShannonBounds.C11R6Base.base_between._native.native_decide.ax_1_1,
 ShannonBounds.C11R6Base.base_inside._native.native_decide.ax_1_1,
 ShannonBounds.C11R6Base.base_weights._native.native_decide.ax_1_1,
 ShannonBounds.C11R6D213.decimal_lower_integer._native.native_decide.ax_1_1,
 ShannonBounds.C11R6D213.decimal_upper_integer._native.native_decide.ax_1_1,
 ShannonBounds.C11R6D213.polynomial_n1._native.native_decide.ax_1_1,
 ShannonBounds.C11R6D213.polynomial_n10._native.native_decide.ax_1_1,
 ShannonBounds.C11R6D213.polynomial_n11._native.native_decide.ax_1_1,
 ShannonBounds.C11R6D213.polynomial_n12._native.native_decide.ax_1_1,
 ShannonBounds.C11R6D213.polynomial_n13._native.native_decide.ax_1_1,
 ShannonBounds.C11R6D213.polynomial_n14._native.native_decide.ax_1_1,
 ShannonBounds.C11R6D213.polynomial_n15._native.native_decide.ax_1_1,
 ShannonBounds.C11R6D213.polynomial_n16._native.native_decide.ax_1_1,
 ShannonBounds.C11R6D213.polynomial_n17._native.native_decide.ax_1_1,
 ShannonBounds.C11R6D213.polynomial_n18._native.native_decide.ax_1_1,
 ShannonBounds.C11R6D213.polynomial_n19._native.native_decide.ax_1_1,
 ShannonBounds.C11R6D213.polynomial_n2._native.native_decide.ax_1_1,
 ShannonBounds.C11R6D213.polynomial_n20._native.native_decide.ax_1_1,
 ShannonBounds.C11R6D213.polynomial_n21._native.native_decide.ax_1_1,
 ShannonBounds.C11R6D213.polynomial_n22._native.native_decide.ax_1_1,
 ShannonBounds.C11R6D213.polynomial_n23._native.native_decide.ax_1_1,
 ShannonBounds.C11R6D213.polynomial_n24._native.native_decide.ax_1_1,
 ShannonBounds.C11R6D213.polynomial_n25._native.native_decide.ax_1_1,
 ShannonBounds.C11R6D213.polynomial_n26._native.native_decide.ax_1_1,
 ShannonBounds.C11R6D213.polynomial_n27._native.native_decide.ax_1_1,
 ShannonBounds.C11R6D213.polynomial_n28._native.native_decide.ax_1_1,
 ShannonBounds.C11R6D213.polynomial_n29._native.native_decide.ax_1_1,
 ShannonBounds.C11R6D213.polynomial_n3._native.native_decide.ax_1_1,
 ShannonBounds.C11R6D213.polynomial_n30._native.native_decide.ax_1_1,
 ShannonBounds.C11R6D213.polynomial_n4._native.native_decide.ax_1_1,
 ShannonBounds.C11R6D213.polynomial_n5._native.native_decide.ax_1_1,
 ShannonBounds.C11R6D213.polynomial_n6._native.native_decide.ax_1_1,
 ShannonBounds.C11R6D213.polynomial_n7._native.native_decide.ax_1_1,
 ShannonBounds.C11R6D213.polynomial_n8._native.native_decide.ax_1_1,
 ShannonBounds.C11R6D213.polynomial_n9._native.native_decide.ax_1_1,
 ShannonBounds.C11R6D213.terminal_polynomial._native.native_decide.ax_1_1,
 ShannonBounds.C11R6Tables.cross_01c047685d920c22640e._native.native_decide.ax_1_1,
 ShannonBounds.C11R6Tables.cross_074e7a7a1e957b03d9a5._native.native_decide.ax_1_1,
 ShannonBounds.C11R6Tables.cross_090125a02835a8ea74a1._native.native_decide.ax_1_1,
 ShannonBounds.C11R6Tables.cross_1b00b10f49b6c4e9759e._native.native_decide.ax_1_1,
 ShannonBounds.C11R6Tables.cross_1de129ef1fff89d74bef._native.native_decide.ax_1_1,
 ShannonBounds.C11R6Tables.cross_22cac8b4c63f11109b61._native.native_decide.ax_1_1,
 ShannonBounds.C11R6Tables.cross_275feb4472b545b7b61b._native.native_decide.ax_1_1,
 ShannonBounds.C11R6Tables.cross_2d78eefa50581f5d0332._native.native_decide.ax_1_1,
 ShannonBounds.C11R6Tables.cross_37294a683db0ad79cd1a._native.native_decide.ax_1_1,
 ShannonBounds.C11R6Tables.cross_44a85870cefbc01c28eb._native.native_decide.ax_1_1,
 ShannonBounds.C11R6Tables.cross_51b4bb7e33ca836fee10._native.native_decide.ax_1_1,
 ShannonBounds.C11R6Tables.cross_562e2180d94b76a35d8a._native.native_decide.ax_1_1,
 ShannonBounds.C11R6Tables.cross_564505af0066fa9bc893._native.native_decide.ax_1_1,
 ShannonBounds.C11R6Tables.cross_669343cc17cb8eaf6957._native.native_decide.ax_1_1,
 ShannonBounds.C11R6Tables.cross_73383c091e7d3a586822._native.native_decide.ax_1_1,
 ShannonBounds.C11R6Tables.cross_7461db4595a77df35801._native.native_decide.ax_1_1,
 ShannonBounds.C11R6Tables.cross_8d02c2ed12c9b02124d5._native.native_decide.ax_1_1,
 ShannonBounds.C11R6Tables.cross_95e5655d1469530ce7ff._native.native_decide.ax_1_1,
 ShannonBounds.C11R6Tables.cross_9783e6b9166dfb4049c4._native.native_decide.ax_1_1,
 ShannonBounds.C11R6Tables.cross_988a6e27a74069e613e5._native.native_decide.ax_1_1,
 ShannonBounds.C11R6Tables.cross_9b70f31dd1696e52e328._native.native_decide.ax_1_1,
 ShannonBounds.C11R6Tables.cross_a40f1a6f9aa075037da0._native.native_decide.ax_1_1,
 ShannonBounds.C11R6Tables.cross_bc598aabfc397b015309._native.native_decide.ax_1_1,
 ShannonBounds.C11R6Tables.cross_c166eae8054ce1f6ee50._native.native_decide.ax_1_1,
 ShannonBounds.C11R6Tables.cross_c28c6dd5607aacbad7ef._native.native_decide.ax_1_1,
 ShannonBounds.C11R6Tables.cross_cc72ba3cc3d211951e7b._native.native_decide.ax_1_1,
 ShannonBounds.C11R6Tables.cross_e6624479a4e7b8218273._native.native_decide.ax_1_1,
 ShannonBounds.C11R6Tables.cross_eb2a8ddaf8495ec01f08._native.native_decide.ax_1_1,
 ShannonBounds.C11R6Tables.cross_ece408aa34da4a12a217._native.native_decide.ax_1_1,
 ShannonBounds.C11R6Tables.inside_01c047685d920c22640e._native.native_decide.ax_1_1,
 ShannonBounds.C11R6Tables.inside_074e7a7a1e957b03d9a5._native.native_decide.ax_1_1,
 ShannonBounds.C11R6Tables.inside_090125a02835a8ea74a1._native.native_decide.ax_1_1,
 ShannonBounds.C11R6Tables.inside_1b00b10f49b6c4e9759e._native.native_decide.ax_1_1,
 ShannonBounds.C11R6Tables.inside_1de129ef1fff89d74bef._native.native_decide.ax_1_1,
 ShannonBounds.C11R6Tables.inside_22cac8b4c63f11109b61._native.native_decide.ax_1_1,
 ShannonBounds.C11R6Tables.inside_275feb4472b545b7b61b._native.native_decide.ax_1_1,
 ShannonBounds.C11R6Tables.inside_2d78eefa50581f5d0332._native.native_decide.ax_1_1,
 ShannonBounds.C11R6Tables.inside_37294a683db0ad79cd1a._native.native_decide.ax_1_1,
 ShannonBounds.C11R6Tables.inside_3d79de065120229628e3._native.native_decide.ax_1_1,
 ShannonBounds.C11R6Tables.inside_44a85870cefbc01c28eb._native.native_decide.ax_1_1,
 ShannonBounds.C11R6Tables.inside_51b4bb7e33ca836fee10._native.native_decide.ax_1_1,
 ShannonBounds.C11R6Tables.inside_562e2180d94b76a35d8a._native.native_decide.ax_1_1,
 ShannonBounds.C11R6Tables.inside_564505af0066fa9bc893._native.native_decide.ax_1_1,
 ShannonBounds.C11R6Tables.inside_669343cc17cb8eaf6957._native.native_decide.ax_1_1,
 ShannonBounds.C11R6Tables.inside_73383c091e7d3a586822._native.native_decide.ax_1_1,
 ShannonBounds.C11R6Tables.inside_7461db4595a77df35801._native.native_decide.ax_1_1,
 ShannonBounds.C11R6Tables.inside_8d02c2ed12c9b02124d5._native.native_decide.ax_1_1,
 ShannonBounds.C11R6Tables.inside_95e5655d1469530ce7ff._native.native_decide.ax_1_1,
 ShannonBounds.C11R6Tables.inside_9783e6b9166dfb4049c4._native.native_decide.ax_1_1,
 ShannonBounds.C11R6Tables.inside_988a6e27a74069e613e5._native.native_decide.ax_1_1,
 ShannonBounds.C11R6Tables.inside_9b70f31dd1696e52e328._native.native_decide.ax_1_1,
 ShannonBounds.C11R6Tables.inside_a40f1a6f9aa075037da0._native.native_decide.ax_1_1,
 ShannonBounds.C11R6Tables.inside_bc598aabfc397b015309._native.native_decide.ax_1_1,
 ShannonBounds.C11R6Tables.inside_c166eae8054ce1f6ee50._native.native_decide.ax_1_1,
 ShannonBounds.C11R6Tables.inside_c28c6dd5607aacbad7ef._native.native_decide.ax_1_1,
 ShannonBounds.C11R6Tables.inside_cc72ba3cc3d211951e7b._native.native_decide.ax_1_1,
 ShannonBounds.C11R6Tables.inside_e6624479a4e7b8218273._native.native_decide.ax_1_1,
 ShannonBounds.C11R6Tables.inside_eb2a8ddaf8495ec01f08._native.native_decide.ax_1_1,
 ShannonBounds.C11R6Tables.inside_ece408aa34da4a12a217._native.native_decide.ax_1_1]
'R6_scope_bracket_213' depends on axioms: [propext,
 Classical.choice.{u},
 Quot.sound.{u},
 ShannonBounds.C11R6D213.decimal_lower_integer._native.native_decide.ax_1_1,
 ShannonBounds.C11R6D213.decimal_upper_integer._native.native_decide.ax_1_1]
'R6_scope_comparison_213_BPZ_207' depends on axioms: [propext,
 Classical.choice.{u},
 Quot.sound.{u},
 ShannonBounds.C11R6D213.cross_power_BPZ_207._native.native_decide.ax_1_1]
'R6_scope_comparison_213_R3_207' depends on axioms: [propext,
 Classical.choice.{u},
 Quot.sound.{u},
 ShannonBounds.C11R6D213.cross_power_R3_207._native.native_decide.ax_1_1]
'R6_scope_comparison_213_R4_201' depends on axioms: [propext,
 Classical.choice.{u},
 Quot.sound.{u},
 ShannonBounds.C11R6D213.cross_power_R4_201._native.native_decide.ax_1_1]
'R6_scope_comparison_213_R4_210' depends on axioms: [propext,
 Classical.choice.{u},
 Quot.sound.{u},
 ShannonBounds.C11R6D213.cross_power_R4_210._native.native_decide.ax_1_1]
'R6_scope_comparison_213_R5' depends on axioms: [propext,
 Classical.choice.{u},
 Quot.sound.{u},
 ShannonBounds.C11R6D213.cross_power_R5._native.native_decide.ax_1_1]
