$ lake env lean -o C11R5_NativeAxiomAudit.olean C11R5_NativeAxiomAudit.lean
NATIVE_BOOL_AXIOM_CHECKED: ShannonBounds.BaseC11.IlenCheck._native.native_decide.ax_1_1
NATIVE_BOOL_AXIOM_TYPE: Eq.{1} (Decidable.decide (Eq.{1} (List.length.{0} ShannonBounds.BaseC11.Ilist) 148)) Bool.true
NATIVE_BOOL_AXIOM_CHECKED: ShannonBounds.BaseC11.Iset._native.native_decide.ax_1
NATIVE_BOOL_AXIOM_TYPE: Eq.{1} (Decidable.decide (Multiset.Nodup.{0} ↑ShannonBounds.BaseC11.Ilist)) Bool.true
NATIVE_BOOL_AXIOM_CHECKED: ShannonBounds.BaseC11.XcFalseLenCheck._native.native_decide.ax_1_1
NATIVE_BOOL_AXIOM_TYPE: Eq.{1}
  (Decidable.decide
    (Eq.{1} (List.length.{0} (List.filter.{0} (ShannonBounds.BaseC11.fpB Bool.false) ShannonBounds.BaseC11.Xlist)) 3))
  Bool.true
NATIVE_BOOL_AXIOM_CHECKED: ShannonBounds.BaseC11.XcTrueLenCheck._native.native_decide.ax_1_1
NATIVE_BOOL_AXIOM_TYPE: Eq.{1}
  (Decidable.decide
    (Eq.{1} (List.length.{0} (List.filter.{0} (ShannonBounds.BaseC11.fpB Bool.true) ShannonBounds.BaseC11.Xlist)) 3))
  Bool.true
NATIVE_BOOL_AXIOM_CHECKED: ShannonBounds.BaseC11.XlenCheck._native.native_decide.ax_1_1
NATIVE_BOOL_AXIOM_TYPE: Eq.{1} (Decidable.decide (Eq.{1} (List.length.{0} ShannonBounds.BaseC11.Xlist) 148)) Bool.true
NATIVE_BOOL_AXIOM_CHECKED: ShannonBounds.BaseC11.Xset._native.native_decide.ax_1
NATIVE_BOOL_AXIOM_TYPE: Eq.{1} (Decidable.decide (Multiset.Nodup.{0} ↑ShannonBounds.BaseC11.Xlist)) Bool.true
NATIVE_BOOL_AXIOM_CHECKED: ShannonBounds.BaseC11.altInjCheck._native.native_decide.ax_1_1
NATIVE_BOOL_AXIOM_TYPE: Eq.{1}
  (Decidable.decide
    (Eq.{1}
      (List.all.{0} ShannonBounds.BaseC11.portsList fun r =>
        List.all.{0} ShannonBounds.BaseC11.portsList fun s =>
          !BEq.beq.{0} (ShannonBounds.BaseC11.bep (!ShannonBounds.BaseC11.bside r) r)
                (ShannonBounds.BaseC11.bep (!ShannonBounds.BaseC11.bside s) s) ||
            BEq.beq.{0} r s)
      Bool.true))
  Bool.true
NATIVE_BOOL_AXIOM_CHECKED: ShannonBounds.BaseC11.altNotCheck._native.native_decide.ax_1_1
NATIVE_BOOL_AXIOM_TYPE: Eq.{1}
  (Decidable.decide
    (Eq.{1}
      (List.all.{0} ShannonBounds.BaseC11.portsList fun r =>
        !List.contains.{0} ShannonBounds.BaseC11.Ilist (ShannonBounds.BaseC11.bep (!ShannonBounds.BaseC11.bside r) r))
      Bool.true))
  Bool.true
NATIVE_BOOL_AXIOM_CHECKED: ShannonBounds.BaseC11.epParentCheck._native.native_decide.ax_1_1
NATIVE_BOOL_AXIOM_TYPE: Eq.{1}
  (Decidable.decide
    (Eq.{1}
      (List.all.{0} ShannonBounds.BaseC11.portsList fun r =>
        BEq.beq.{0} (ShannonBounds.BaseC11.bep (ShannonBounds.BaseC11.bside r) r) r)
      Bool.true))
  Bool.true
NATIVE_BOOL_AXIOM_CHECKED: ShannonBounds.BaseC11.pFalseCheck._native.native_decide.ax_1_1
NATIVE_BOOL_AXIOM_TYPE: Eq.{1}
  (Decidable.decide
    (Eq.{1}
      (List.all.{0} ShannonBounds.BaseC11.portsList fun r =>
        List.all.{0} ShannonBounds.BaseC11.portsList fun s =>
          BEq.beq.{0} r s ||
            !ShannonBounds.BaseC11.wconf (ShannonBounds.BaseC11.bep Bool.false r)
                (ShannonBounds.BaseC11.bep Bool.false s))
      Bool.true))
  Bool.true
NATIVE_BOOL_AXIOM_CHECKED: ShannonBounds.BaseC11.pTrueCheck._native.native_decide.ax_1_1
NATIVE_BOOL_AXIOM_TYPE: Eq.{1}
  (Decidable.decide
    (Eq.{1}
      (List.all.{0} ShannonBounds.BaseC11.portsList fun r =>
        List.all.{0} ShannonBounds.BaseC11.portsList fun s =>
          BEq.beq.{0} r s ||
            !ShannonBounds.BaseC11.wconf (ShannonBounds.BaseC11.bep Bool.true r)
                (ShannonBounds.BaseC11.bep Bool.true s))
      Bool.true))
  Bool.true
NATIVE_BOOL_AXIOM_CHECKED: ShannonBounds.BaseC11.pairConflict._native.native_decide.ax_1_1
NATIVE_BOOL_AXIOM_TYPE: Eq.{1}
  (Decidable.decide
    (Eq.{1}
      (List.all.{0} ShannonBounds.BaseC11.portsList fun r =>
        ShannonBounds.BaseC11.wconf (ShannonBounds.BaseC11.bep Bool.false r) (ShannonBounds.BaseC11.bep Bool.true r))
      Bool.true))
  Bool.true
NATIVE_BOOL_AXIOM_CHECKED: ShannonBounds.BaseC11.pairwiseOK_I._native.native_decide.ax_1_1
NATIVE_BOOL_AXIOM_TYPE: Eq.{1}
  (Decidable.decide (Eq.{1} (ShannonBounds.BaseC11.pairwiseOK ShannonBounds.BaseC11.Ilist) Bool.true)) Bool.true
NATIVE_BOOL_AXIOM_CHECKED: ShannonBounds.BaseC11.pairwiseOK_X._native.native_decide.ax_1_1
NATIVE_BOOL_AXIOM_TYPE: Eq.{1}
  (Decidable.decide (Eq.{1} (ShannonBounds.BaseC11.pairwiseOK ShannonBounds.BaseC11.Xlist) Bool.true)) Bool.true
NATIVE_BOOL_AXIOM_CHECKED: ShannonBounds.BaseC11.portsCheck._native.native_decide.ax_1_1
NATIVE_BOOL_AXIOM_TYPE: Eq.{1}
  (Decidable.decide
    (Eq.{1} (List.all.{0} ShannonBounds.BaseC11.portsList fun r => List.contains.{0} ShannonBounds.BaseC11.Ilist r)
      Bool.true))
  Bool.true
NATIVE_BOOL_AXIOM_CHECKED: ShannonBounds.BaseC11.portsLenCheck._native.native_decide.ax_1_1
NATIVE_BOOL_AXIOM_TYPE: Eq.{1} (Decidable.decide (Eq.{1} (List.length.{0} ShannonBounds.BaseC11.portsList) 3)) Bool.true
NATIVE_BOOL_AXIOM_CHECKED: ShannonBounds.BaseC11.portsSet._native.native_decide.ax_1
NATIVE_BOOL_AXIOM_TYPE: Eq.{1} (Decidable.decide (Multiset.Nodup.{0} ↑ShannonBounds.BaseC11.portsList)) Bool.true
NATIVE_BOOL_AXIOM_CHECKED: ShannonBounds.BaseC11.privCheck._native.native_decide.ax_1_1
NATIVE_BOOL_AXIOM_TYPE: Eq.{1}
  (Decidable.decide
    (Eq.{1}
      (List.all.{0} ShannonBounds.BaseC11.portsList fun r =>
        List.all.{0} ShannonBounds.BaseC11.Ilist fun w =>
          !ShannonBounds.BaseC11.wconf (ShannonBounds.BaseC11.bep (!ShannonBounds.BaseC11.bside r) r) w ||
            BEq.beq.{0} w r)
      Bool.true))
  Bool.true
NATIVE_BOOL_AXIOM_CHECKED: ShannonBounds.BaseC11.sconf_iff_conflict._native.native_decide.ax_1_1
NATIVE_BOOL_AXIOM_TYPE: Eq.{1}
  (Decidable.decide
    (∀ (a b : Fin 11),
      Eq.{1} (ShannonBounds.BaseC11.sconf ↑a ↑b) Bool.true ↔
        ShannonBounds.conflict.{0} ShannonBounds.BaseC11.Cyc11 a b))
  Bool.true
NATIVE_BOOL_AXIOM_CHECKED: ShannonBounds.BaseC11.sconf_refl._native.native_decide.ax_1_1
NATIVE_BOOL_AXIOM_TYPE: Eq.{1}
  (Decidable.decide (∀ (a : ℕ), LT.lt.{0} a 11 → Eq.{1} (ShannonBounds.BaseC11.sconf a a) Bool.true)) Bool.true
NATIVE_BOOL_AXIOM_CHECKED: ShannonBounds.BaseC11.sconf_symm._native.native_decide.ax_1_1
NATIVE_BOOL_AXIOM_TYPE: Eq.{1}
  (Decidable.decide
    (∀ (a : ℕ),
      LT.lt.{0} a 11 →
        ∀ (b : ℕ), LT.lt.{0} b 11 → Eq.{1} (ShannonBounds.BaseC11.sconf a b) (ShannonBounds.BaseC11.sconf b a)))
  Bool.true
NATIVE_BOOL_AXIOM_CHECKED: ShannonBounds.BaseC11.sepCheck._native.native_decide.ax_1_1
NATIVE_BOOL_AXIOM_TYPE: Eq.{1}
  (Decidable.decide
    (Eq.{1}
      (List.all.{0} ShannonBounds.BaseC11.Xlist fun x =>
        !(ShannonBounds.BaseC11.fpB Bool.false x && ShannonBounds.BaseC11.fpB Bool.true x))
      Bool.true))
  Bool.true
NATIVE_BOOL_AXIOM_CHECKED: ShannonBounds.C11R5D186.cross_power_BPZ_207._native.native_decide.ax_1_1
NATIVE_BOOL_AXIOM_TYPE: Eq.{1}
  (Decidable.decide
    (LT.lt.{0} (HPow.hPow.{0, 0, 0} ShannonBounds.C11R5History.BPZ_207 186)
      (HPow.hPow.{0, 0, 0} ShannonBounds.C11R5D186.N 207)))
  Bool.true
NATIVE_BOOL_AXIOM_CHECKED: ShannonBounds.C11R5D186.cross_power_R3_207._native.native_decide.ax_1_1
NATIVE_BOOL_AXIOM_TYPE: Eq.{1}
  (Decidable.decide
    (LT.lt.{0} (HPow.hPow.{0, 0, 0} ShannonBounds.C11R5History.R3_207 186)
      (HPow.hPow.{0, 0, 0} ShannonBounds.C11R5D186.N 207)))
  Bool.true
NATIVE_BOOL_AXIOM_CHECKED: ShannonBounds.C11R5D186.cross_power_R4_201._native.native_decide.ax_1_1
NATIVE_BOOL_AXIOM_TYPE: Eq.{1}
  (Decidable.decide
    (LT.lt.{0} (HPow.hPow.{0, 0, 0} ShannonBounds.C11R5History.R4_201 186)
      (HPow.hPow.{0, 0, 0} ShannonBounds.C11R5D186.N 201)))
  Bool.true
NATIVE_BOOL_AXIOM_CHECKED: ShannonBounds.C11R5D186.cross_power_R4_210._native.native_decide.ax_1_1
NATIVE_BOOL_AXIOM_TYPE: Eq.{1}
  (Decidable.decide
    (LT.lt.{0} (HPow.hPow.{0, 0, 0} ShannonBounds.C11R5History.R4_210 186)
      (HPow.hPow.{0, 0, 0} ShannonBounds.C11R5D186.N 210)))
  Bool.true
NATIVE_BOOL_AXIOM_CHECKED: ShannonBounds.C11R5D186.decimal_lower_integer._native.native_decide.ax_1_1
NATIVE_BOOL_AXIOM_TYPE: Eq.{1}
  (Decidable.decide
    (LE.le.{0} (HPow.hPow.{0, 0, 0} 5295498140339058 186)
      (HMul.hMul.{0, 0, 0} ShannonBounds.C11R5D186.N (HPow.hPow.{0, 0, 0} 1000000000000000 186))))
  Bool.true
NATIVE_BOOL_AXIOM_CHECKED: ShannonBounds.C11R5D186.decimal_upper_integer._native.native_decide.ax_1_1
NATIVE_BOOL_AXIOM_TYPE: Eq.{1}
  (Decidable.decide
    (LT.lt.{0} (HMul.hMul.{0, 0, 0} ShannonBounds.C11R5D186.N (HPow.hPow.{0, 0, 0} 1000000000000000 186))
      (HPow.hPow.{0, 0, 0} 5295498140339059 186)))
  Bool.true
NATIVE_BOOL_AXIOM_CHECKED: ShannonBounds.C11R5D186.step_n1._native.native_decide.ax_1_1
NATIVE_BOOL_AXIOM_TYPE: Eq.{1}
  (Decidable.decide
    (Eq.{1}
      (∑ x ∈ ShannonBounds.Subst.T.{0} ShannonBounds.C11R5Tables.S_0ac0bf4804630912 ShannonBounds.Letter.B,
        HMul.hMul.{0, 0, 0}
          (HMul.hMul.{0, 0, 0} (ShannonBounds.C11R5D186.w_v (x 0)) (ShannonBounds.C11R5D186.w_v (x 1)))
          (ShannonBounds.C11R5D186.w_v (x 2)))
      (ShannonBounds.C11R5D186.w_n1 ShannonBounds.Letter.B)))
  Bool.true
NATIVE_BOOL_AXIOM_CHECKED: ShannonBounds.C11R5D186.step_n1._native.native_decide.ax_1_2
NATIVE_BOOL_AXIOM_TYPE: Eq.{1}
  (Decidable.decide
    (Eq.{1}
      (∑ x ∈ ShannonBounds.Subst.T.{0} ShannonBounds.C11R5Tables.S_0ac0bf4804630912 ShannonBounds.Letter.N,
        HMul.hMul.{0, 0, 0}
          (HMul.hMul.{0, 0, 0} (ShannonBounds.C11R5D186.w_v (x 0)) (ShannonBounds.C11R5D186.w_v (x 1)))
          (ShannonBounds.C11R5D186.w_v (x 2)))
      (ShannonBounds.C11R5D186.w_n1 ShannonBounds.Letter.N)))
  Bool.true
NATIVE_BOOL_AXIOM_CHECKED: ShannonBounds.C11R5D186.step_n1._native.native_decide.ax_1_3
NATIVE_BOOL_AXIOM_TYPE: Eq.{1}
  (Decidable.decide
    (Eq.{1}
      (∑ x ∈ ShannonBounds.Subst.T.{0} ShannonBounds.C11R5Tables.S_0ac0bf4804630912 ShannonBounds.Letter.A,
        HMul.hMul.{0, 0, 0}
          (HMul.hMul.{0, 0, 0} (ShannonBounds.C11R5D186.w_v (x 0)) (ShannonBounds.C11R5D186.w_v (x 1)))
          (ShannonBounds.C11R5D186.w_v (x 2)))
      (ShannonBounds.C11R5D186.w_n1 ShannonBounds.Letter.A)))
  Bool.true
NATIVE_BOOL_AXIOM_CHECKED: ShannonBounds.C11R5D186.step_n1._native.native_decide.ax_1_4
NATIVE_BOOL_AXIOM_TYPE: Eq.{1}
  (Decidable.decide
    (Eq.{1}
      (∑ x ∈ ShannonBounds.Subst.T.{0} ShannonBounds.C11R5Tables.S_0ac0bf4804630912 ShannonBounds.Letter.D,
        HMul.hMul.{0, 0, 0}
          (HMul.hMul.{0, 0, 0} (ShannonBounds.C11R5D186.w_v (x 0)) (ShannonBounds.C11R5D186.w_v (x 1)))
          (ShannonBounds.C11R5D186.w_v (x 2)))
      (ShannonBounds.C11R5D186.w_n1 ShannonBounds.Letter.D)))
  Bool.true
NATIVE_BOOL_AXIOM_CHECKED: ShannonBounds.C11R5D186.step_n1._native.native_decide.ax_1_5
NATIVE_BOOL_AXIOM_TYPE: Eq.{1}
  (Decidable.decide
    (Eq.{1}
      (∑ x ∈ ShannonBounds.Subst.T.{0} ShannonBounds.C11R5Tables.S_0ac0bf4804630912 ShannonBounds.Letter.O,
        HMul.hMul.{0, 0, 0}
          (HMul.hMul.{0, 0, 0} (ShannonBounds.C11R5D186.w_v (x 0)) (ShannonBounds.C11R5D186.w_v (x 1)))
          (ShannonBounds.C11R5D186.w_v (x 2)))
      (ShannonBounds.C11R5D186.w_n1 ShannonBounds.Letter.O)))
  Bool.true
NATIVE_BOOL_AXIOM_CHECKED: ShannonBounds.C11R5D186.step_n1._native.native_decide.ax_1_6
NATIVE_BOOL_AXIOM_TYPE: Eq.{1}
  (Decidable.decide
    (Eq.{1}
      (∑ x ∈ ShannonBounds.Subst.T.{0} ShannonBounds.C11R5Tables.S_0ac0bf4804630912 ShannonBounds.Letter.H,
        HMul.hMul.{0, 0, 0}
          (HMul.hMul.{0, 0, 0} (ShannonBounds.C11R5D186.w_v (x 0)) (ShannonBounds.C11R5D186.w_v (x 1)))
          (ShannonBounds.C11R5D186.w_v (x 2)))
      (ShannonBounds.C11R5D186.w_n1 ShannonBounds.Letter.H)))
  Bool.true
NATIVE_BOOL_AXIOM_CHECKED: ShannonBounds.C11R5D186.step_n1._native.native_decide.ax_1_7
NATIVE_BOOL_AXIOM_TYPE: Eq.{1}
  (Decidable.decide
    (Eq.{1}
      (∑ x ∈ ShannonBounds.Subst.T.{0} ShannonBounds.C11R5Tables.S_0ac0bf4804630912 ShannonBounds.Letter.V,
        HMul.hMul.{0, 0, 0}
          (HMul.hMul.{0, 0, 0} (ShannonBounds.C11R5D186.w_v (x 0)) (ShannonBounds.C11R5D186.w_v (x 1)))
          (ShannonBounds.C11R5D186.w_v (x 2)))
      (ShannonBounds.C11R5D186.w_n1 ShannonBounds.Letter.V)))
  Bool.true
NATIVE_BOOL_AXIOM_CHECKED: ShannonBounds.C11R5D186.step_n10._native.native_decide.ax_1_1
NATIVE_BOOL_AXIOM_TYPE: Eq.{1}
  (Decidable.decide
    (Eq.{1}
      (∑ x ∈ ShannonBounds.Subst.T.{0} ShannonBounds.C11R5Tables.S_e788020168e26abb ShannonBounds.Letter.B,
        HMul.hMul.{0, 0, 0} (ShannonBounds.C11R5D186.w_v (x 0)) (ShannonBounds.C11R5D186.w_v (x 1)))
      (ShannonBounds.C11R5D186.w_n10 ShannonBounds.Letter.B)))
  Bool.true
NATIVE_BOOL_AXIOM_CHECKED: ShannonBounds.C11R5D186.step_n10._native.native_decide.ax_1_2
NATIVE_BOOL_AXIOM_TYPE: Eq.{1}
  (Decidable.decide
    (Eq.{1}
      (∑ x ∈ ShannonBounds.Subst.T.{0} ShannonBounds.C11R5Tables.S_e788020168e26abb ShannonBounds.Letter.N,
        HMul.hMul.{0, 0, 0} (ShannonBounds.C11R5D186.w_v (x 0)) (ShannonBounds.C11R5D186.w_v (x 1)))
      (ShannonBounds.C11R5D186.w_n10 ShannonBounds.Letter.N)))
  Bool.true
NATIVE_BOOL_AXIOM_CHECKED: ShannonBounds.C11R5D186.step_n10._native.native_decide.ax_1_3
NATIVE_BOOL_AXIOM_TYPE: Eq.{1}
  (Decidable.decide
    (Eq.{1}
      (∑ x ∈ ShannonBounds.Subst.T.{0} ShannonBounds.C11R5Tables.S_e788020168e26abb ShannonBounds.Letter.A,
        HMul.hMul.{0, 0, 0} (ShannonBounds.C11R5D186.w_v (x 0)) (ShannonBounds.C11R5D186.w_v (x 1)))
      (ShannonBounds.C11R5D186.w_n10 ShannonBounds.Letter.A)))
  Bool.true
NATIVE_BOOL_AXIOM_CHECKED: ShannonBounds.C11R5D186.step_n10._native.native_decide.ax_1_4
NATIVE_BOOL_AXIOM_TYPE: Eq.{1}
  (Decidable.decide
    (Eq.{1}
      (∑ x ∈ ShannonBounds.Subst.T.{0} ShannonBounds.C11R5Tables.S_e788020168e26abb ShannonBounds.Letter.D,
        HMul.hMul.{0, 0, 0} (ShannonBounds.C11R5D186.w_v (x 0)) (ShannonBounds.C11R5D186.w_v (x 1)))
      (ShannonBounds.C11R5D186.w_n10 ShannonBounds.Letter.D)))
  Bool.true
NATIVE_BOOL_AXIOM_CHECKED: ShannonBounds.C11R5D186.step_n10._native.native_decide.ax_1_5
NATIVE_BOOL_AXIOM_TYPE: Eq.{1}
  (Decidable.decide
    (Eq.{1}
      (∑ x ∈ ShannonBounds.Subst.T.{0} ShannonBounds.C11R5Tables.S_e788020168e26abb ShannonBounds.Letter.O,
        HMul.hMul.{0, 0, 0} (ShannonBounds.C11R5D186.w_v (x 0)) (ShannonBounds.C11R5D186.w_v (x 1)))
      (ShannonBounds.C11R5D186.w_n10 ShannonBounds.Letter.O)))
  Bool.true
NATIVE_BOOL_AXIOM_CHECKED: ShannonBounds.C11R5D186.step_n10._native.native_decide.ax_1_6
NATIVE_BOOL_AXIOM_TYPE: Eq.{1}
  (Decidable.decide
    (Eq.{1}
      (∑ x ∈ ShannonBounds.Subst.T.{0} ShannonBounds.C11R5Tables.S_e788020168e26abb ShannonBounds.Letter.H,
        HMul.hMul.{0, 0, 0} (ShannonBounds.C11R5D186.w_v (x 0)) (ShannonBounds.C11R5D186.w_v (x 1)))
      (ShannonBounds.C11R5D186.w_n10 ShannonBounds.Letter.H)))
  Bool.true
NATIVE_BOOL_AXIOM_CHECKED: ShannonBounds.C11R5D186.step_n10._native.native_decide.ax_1_7
NATIVE_BOOL_AXIOM_TYPE: Eq.{1}
  (Decidable.decide
    (Eq.{1}
      (∑ x ∈ ShannonBounds.Subst.T.{0} ShannonBounds.C11R5Tables.S_e788020168e26abb ShannonBounds.Letter.V,
        HMul.hMul.{0, 0, 0} (ShannonBounds.C11R5D186.w_v (x 0)) (ShannonBounds.C11R5D186.w_v (x 1)))
      (ShannonBounds.C11R5D186.w_n10 ShannonBounds.Letter.V)))
  Bool.true
NATIVE_BOOL_AXIOM_CHECKED: ShannonBounds.C11R5D186.step_n11._native.native_decide.ax_1_1
NATIVE_BOOL_AXIOM_TYPE: Eq.{1}
  (Decidable.decide
    (Eq.{1}
      (∑ x ∈ ShannonBounds.Subst.T.{0} ShannonBounds.C11R5Tables.S_3e8694d6a5bfe173 ShannonBounds.Letter.B,
        HMul.hMul.{0, 0, 0}
          (HMul.hMul.{0, 0, 0} (ShannonBounds.C11R5D186.w_n9 (x 0)) (ShannonBounds.C11R5D186.w_n10 (x 1)))
          (ShannonBounds.C11R5D186.w_n10 (x 2)))
      (ShannonBounds.C11R5D186.w_n11 ShannonBounds.Letter.B)))
  Bool.true
NATIVE_BOOL_AXIOM_CHECKED: ShannonBounds.C11R5D186.step_n11._native.native_decide.ax_1_2
NATIVE_BOOL_AXIOM_TYPE: Eq.{1}
  (Decidable.decide
    (Eq.{1}
      (∑ x ∈ ShannonBounds.Subst.T.{0} ShannonBounds.C11R5Tables.S_3e8694d6a5bfe173 ShannonBounds.Letter.N,
        HMul.hMul.{0, 0, 0}
          (HMul.hMul.{0, 0, 0} (ShannonBounds.C11R5D186.w_n9 (x 0)) (ShannonBounds.C11R5D186.w_n10 (x 1)))
          (ShannonBounds.C11R5D186.w_n10 (x 2)))
      (ShannonBounds.C11R5D186.w_n11 ShannonBounds.Letter.N)))
  Bool.true
NATIVE_BOOL_AXIOM_CHECKED: ShannonBounds.C11R5D186.step_n11._native.native_decide.ax_1_3
NATIVE_BOOL_AXIOM_TYPE: Eq.{1}
  (Decidable.decide
    (Eq.{1}
      (∑ x ∈ ShannonBounds.Subst.T.{0} ShannonBounds.C11R5Tables.S_3e8694d6a5bfe173 ShannonBounds.Letter.A,
        HMul.hMul.{0, 0, 0}
          (HMul.hMul.{0, 0, 0} (ShannonBounds.C11R5D186.w_n9 (x 0)) (ShannonBounds.C11R5D186.w_n10 (x 1)))
          (ShannonBounds.C11R5D186.w_n10 (x 2)))
      (ShannonBounds.C11R5D186.w_n11 ShannonBounds.Letter.A)))
  Bool.true
NATIVE_BOOL_AXIOM_CHECKED: ShannonBounds.C11R5D186.step_n11._native.native_decide.ax_1_4
NATIVE_BOOL_AXIOM_TYPE: Eq.{1}
  (Decidable.decide
    (Eq.{1}
      (∑ x ∈ ShannonBounds.Subst.T.{0} ShannonBounds.C11R5Tables.S_3e8694d6a5bfe173 ShannonBounds.Letter.D,
        HMul.hMul.{0, 0, 0}
          (HMul.hMul.{0, 0, 0} (ShannonBounds.C11R5D186.w_n9 (x 0)) (ShannonBounds.C11R5D186.w_n10 (x 1)))
          (ShannonBounds.C11R5D186.w_n10 (x 2)))
      (ShannonBounds.C11R5D186.w_n11 ShannonBounds.Letter.D)))
  Bool.true
NATIVE_BOOL_AXIOM_CHECKED: ShannonBounds.C11R5D186.step_n11._native.native_decide.ax_1_5
NATIVE_BOOL_AXIOM_TYPE: Eq.{1}
  (Decidable.decide
    (Eq.{1}
      (∑ x ∈ ShannonBounds.Subst.T.{0} ShannonBounds.C11R5Tables.S_3e8694d6a5bfe173 ShannonBounds.Letter.O,
        HMul.hMul.{0, 0, 0}
          (HMul.hMul.{0, 0, 0} (ShannonBounds.C11R5D186.w_n9 (x 0)) (ShannonBounds.C11R5D186.w_n10 (x 1)))
          (ShannonBounds.C11R5D186.w_n10 (x 2)))
      (ShannonBounds.C11R5D186.w_n11 ShannonBounds.Letter.O)))
  Bool.true
NATIVE_BOOL_AXIOM_CHECKED: ShannonBounds.C11R5D186.step_n11._native.native_decide.ax_1_6
NATIVE_BOOL_AXIOM_TYPE: Eq.{1}
  (Decidable.decide
    (Eq.{1}
      (∑ x ∈ ShannonBounds.Subst.T.{0} ShannonBounds.C11R5Tables.S_3e8694d6a5bfe173 ShannonBounds.Letter.H,
        HMul.hMul.{0, 0, 0}
          (HMul.hMul.{0, 0, 0} (ShannonBounds.C11R5D186.w_n9 (x 0)) (ShannonBounds.C11R5D186.w_n10 (x 1)))
          (ShannonBounds.C11R5D186.w_n10 (x 2)))
      (ShannonBounds.C11R5D186.w_n11 ShannonBounds.Letter.H)))
  Bool.true
NATIVE_BOOL_AXIOM_CHECKED: ShannonBounds.C11R5D186.step_n11._native.native_decide.ax_1_7
NATIVE_BOOL_AXIOM_TYPE: Eq.{1}
  (Decidable.decide
    (Eq.{1}
      (∑ x ∈ ShannonBounds.Subst.T.{0} ShannonBounds.C11R5Tables.S_3e8694d6a5bfe173 ShannonBounds.Letter.V,
        HMul.hMul.{0, 0, 0}
          (HMul.hMul.{0, 0, 0} (ShannonBounds.C11R5D186.w_n9 (x 0)) (ShannonBounds.C11R5D186.w_n10 (x 1)))
          (ShannonBounds.C11R5D186.w_n10 (x 2)))
      (ShannonBounds.C11R5D186.w_n11 ShannonBounds.Letter.V)))
  Bool.true
NATIVE_BOOL_AXIOM_CHECKED: ShannonBounds.C11R5D186.step_n12._native.native_decide.ax_1_1
NATIVE_BOOL_AXIOM_TYPE: Eq.{1}
  (Decidable.decide
    (Eq.{1}
      (∑ x ∈ ShannonBounds.Subst.T.{0} ShannonBounds.C11R5Tables.S_04339297651c9c49 ShannonBounds.Letter.B,
        HMul.hMul.{0, 0, 0}
          (HMul.hMul.{0, 0, 0} (ShannonBounds.C11R5D186.w_v (x 0)) (ShannonBounds.C11R5D186.w_v (x 1)))
          (ShannonBounds.C11R5D186.w_n8 (x 2)))
      (ShannonBounds.C11R5D186.w_n12 ShannonBounds.Letter.B)))
  Bool.true
NATIVE_BOOL_AXIOM_CHECKED: ShannonBounds.C11R5D186.step_n12._native.native_decide.ax_1_2
NATIVE_BOOL_AXIOM_TYPE: Eq.{1}
  (Decidable.decide
    (Eq.{1}
      (∑ x ∈ ShannonBounds.Subst.T.{0} ShannonBounds.C11R5Tables.S_04339297651c9c49 ShannonBounds.Letter.N,
        HMul.hMul.{0, 0, 0}
          (HMul.hMul.{0, 0, 0} (ShannonBounds.C11R5D186.w_v (x 0)) (ShannonBounds.C11R5D186.w_v (x 1)))
          (ShannonBounds.C11R5D186.w_n8 (x 2)))
      (ShannonBounds.C11R5D186.w_n12 ShannonBounds.Letter.N)))
  Bool.true
NATIVE_BOOL_AXIOM_CHECKED: ShannonBounds.C11R5D186.step_n12._native.native_decide.ax_1_3
NATIVE_BOOL_AXIOM_TYPE: Eq.{1}
  (Decidable.decide
    (Eq.{1}
      (∑ x ∈ ShannonBounds.Subst.T.{0} ShannonBounds.C11R5Tables.S_04339297651c9c49 ShannonBounds.Letter.A,
        HMul.hMul.{0, 0, 0}
          (HMul.hMul.{0, 0, 0} (ShannonBounds.C11R5D186.w_v (x 0)) (ShannonBounds.C11R5D186.w_v (x 1)))
          (ShannonBounds.C11R5D186.w_n8 (x 2)))
      (ShannonBounds.C11R5D186.w_n12 ShannonBounds.Letter.A)))
  Bool.true
NATIVE_BOOL_AXIOM_CHECKED: ShannonBounds.C11R5D186.step_n12._native.native_decide.ax_1_4
NATIVE_BOOL_AXIOM_TYPE: Eq.{1}
  (Decidable.decide
    (Eq.{1}
      (∑ x ∈ ShannonBounds.Subst.T.{0} ShannonBounds.C11R5Tables.S_04339297651c9c49 ShannonBounds.Letter.D,
        HMul.hMul.{0, 0, 0}
          (HMul.hMul.{0, 0, 0} (ShannonBounds.C11R5D186.w_v (x 0)) (ShannonBounds.C11R5D186.w_v (x 1)))
          (ShannonBounds.C11R5D186.w_n8 (x 2)))
      (ShannonBounds.C11R5D186.w_n12 ShannonBounds.Letter.D)))
  Bool.true
NATIVE_BOOL_AXIOM_CHECKED: ShannonBounds.C11R5D186.step_n12._native.native_decide.ax_1_5
NATIVE_BOOL_AXIOM_TYPE: Eq.{1}
  (Decidable.decide
    (Eq.{1}
      (∑ x ∈ ShannonBounds.Subst.T.{0} ShannonBounds.C11R5Tables.S_04339297651c9c49 ShannonBounds.Letter.O,
        HMul.hMul.{0, 0, 0}
          (HMul.hMul.{0, 0, 0} (ShannonBounds.C11R5D186.w_v (x 0)) (ShannonBounds.C11R5D186.w_v (x 1)))
          (ShannonBounds.C11R5D186.w_n8 (x 2)))
      (ShannonBounds.C11R5D186.w_n12 ShannonBounds.Letter.O)))
  Bool.true
NATIVE_BOOL_AXIOM_CHECKED: ShannonBounds.C11R5D186.step_n12._native.native_decide.ax_1_6
NATIVE_BOOL_AXIOM_TYPE: Eq.{1}
  (Decidable.decide
    (Eq.{1}
      (∑ x ∈ ShannonBounds.Subst.T.{0} ShannonBounds.C11R5Tables.S_04339297651c9c49 ShannonBounds.Letter.H,
        HMul.hMul.{0, 0, 0}
          (HMul.hMul.{0, 0, 0} (ShannonBounds.C11R5D186.w_v (x 0)) (ShannonBounds.C11R5D186.w_v (x 1)))
          (ShannonBounds.C11R5D186.w_n8 (x 2)))
      (ShannonBounds.C11R5D186.w_n12 ShannonBounds.Letter.H)))
  Bool.true
NATIVE_BOOL_AXIOM_CHECKED: ShannonBounds.C11R5D186.step_n12._native.native_decide.ax_1_7
NATIVE_BOOL_AXIOM_TYPE: Eq.{1}
  (Decidable.decide
    (Eq.{1}
      (∑ x ∈ ShannonBounds.Subst.T.{0} ShannonBounds.C11R5Tables.S_04339297651c9c49 ShannonBounds.Letter.V,
        HMul.hMul.{0, 0, 0}
          (HMul.hMul.{0, 0, 0} (ShannonBounds.C11R5D186.w_v (x 0)) (ShannonBounds.C11R5D186.w_v (x 1)))
          (ShannonBounds.C11R5D186.w_n8 (x 2)))
      (ShannonBounds.C11R5D186.w_n12 ShannonBounds.Letter.V)))
  Bool.true
NATIVE_BOOL_AXIOM_CHECKED: ShannonBounds.C11R5D186.step_n13._native.native_decide.ax_1_1
NATIVE_BOOL_AXIOM_TYPE: Eq.{1}
  (Decidable.decide
    (Eq.{1}
      (∑ x ∈ ShannonBounds.Subst.T.{0} ShannonBounds.C11R5Tables.S_e9ef2871c79d62be ShannonBounds.Letter.B,
        HMul.hMul.{0, 0, 0} (ShannonBounds.C11R5D186.w_v (x 0)) (ShannonBounds.C11R5D186.w_v (x 1)))
      (ShannonBounds.C11R5D186.w_n13 ShannonBounds.Letter.B)))
  Bool.true
NATIVE_BOOL_AXIOM_CHECKED: ShannonBounds.C11R5D186.step_n13._native.native_decide.ax_1_2
NATIVE_BOOL_AXIOM_TYPE: Eq.{1}
  (Decidable.decide
    (Eq.{1}
      (∑ x ∈ ShannonBounds.Subst.T.{0} ShannonBounds.C11R5Tables.S_e9ef2871c79d62be ShannonBounds.Letter.N,
        HMul.hMul.{0, 0, 0} (ShannonBounds.C11R5D186.w_v (x 0)) (ShannonBounds.C11R5D186.w_v (x 1)))
      (ShannonBounds.C11R5D186.w_n13 ShannonBounds.Letter.N)))
  Bool.true
NATIVE_BOOL_AXIOM_CHECKED: ShannonBounds.C11R5D186.step_n13._native.native_decide.ax_1_3
NATIVE_BOOL_AXIOM_TYPE: Eq.{1}
  (Decidable.decide
    (Eq.{1}
      (∑ x ∈ ShannonBounds.Subst.T.{0} ShannonBounds.C11R5Tables.S_e9ef2871c79d62be ShannonBounds.Letter.A,
        HMul.hMul.{0, 0, 0} (ShannonBounds.C11R5D186.w_v (x 0)) (ShannonBounds.C11R5D186.w_v (x 1)))
      (ShannonBounds.C11R5D186.w_n13 ShannonBounds.Letter.A)))
  Bool.true
NATIVE_BOOL_AXIOM_CHECKED: ShannonBounds.C11R5D186.step_n13._native.native_decide.ax_1_4
NATIVE_BOOL_AXIOM_TYPE: Eq.{1}
  (Decidable.decide
    (Eq.{1}
      (∑ x ∈ ShannonBounds.Subst.T.{0} ShannonBounds.C11R5Tables.S_e9ef2871c79d62be ShannonBounds.Letter.D,
        HMul.hMul.{0, 0, 0} (ShannonBounds.C11R5D186.w_v (x 0)) (ShannonBounds.C11R5D186.w_v (x 1)))
      (ShannonBounds.C11R5D186.w_n13 ShannonBounds.Letter.D)))
  Bool.true
NATIVE_BOOL_AXIOM_CHECKED: ShannonBounds.C11R5D186.step_n13._native.native_decide.ax_1_5
NATIVE_BOOL_AXIOM_TYPE: Eq.{1}
  (Decidable.decide
    (Eq.{1}
      (∑ x ∈ ShannonBounds.Subst.T.{0} ShannonBounds.C11R5Tables.S_e9ef2871c79d62be ShannonBounds.Letter.O,
        HMul.hMul.{0, 0, 0} (ShannonBounds.C11R5D186.w_v (x 0)) (ShannonBounds.C11R5D186.w_v (x 1)))
      (ShannonBounds.C11R5D186.w_n13 ShannonBounds.Letter.O)))
  Bool.true
NATIVE_BOOL_AXIOM_CHECKED: ShannonBounds.C11R5D186.step_n13._native.native_decide.ax_1_6
NATIVE_BOOL_AXIOM_TYPE: Eq.{1}
  (Decidable.decide
    (Eq.{1}
      (∑ x ∈ ShannonBounds.Subst.T.{0} ShannonBounds.C11R5Tables.S_e9ef2871c79d62be ShannonBounds.Letter.H,
        HMul.hMul.{0, 0, 0} (ShannonBounds.C11R5D186.w_v (x 0)) (ShannonBounds.C11R5D186.w_v (x 1)))
      (ShannonBounds.C11R5D186.w_n13 ShannonBounds.Letter.H)))
  Bool.true
NATIVE_BOOL_AXIOM_CHECKED: ShannonBounds.C11R5D186.step_n13._native.native_decide.ax_1_7
NATIVE_BOOL_AXIOM_TYPE: Eq.{1}
  (Decidable.decide
    (Eq.{1}
      (∑ x ∈ ShannonBounds.Subst.T.{0} ShannonBounds.C11R5Tables.S_e9ef2871c79d62be ShannonBounds.Letter.V,
        HMul.hMul.{0, 0, 0} (ShannonBounds.C11R5D186.w_v (x 0)) (ShannonBounds.C11R5D186.w_v (x 1)))
      (ShannonBounds.C11R5D186.w_n13 ShannonBounds.Letter.V)))
  Bool.true
NATIVE_BOOL_AXIOM_CHECKED: ShannonBounds.C11R5D186.step_n14._native.native_decide.ax_1_1
NATIVE_BOOL_AXIOM_TYPE: Eq.{1}
  (Decidable.decide
    (Eq.{1}
      (∑ x ∈ ShannonBounds.Subst.T.{0} ShannonBounds.C11R5Tables.S_7b6c163f0dc4b608 ShannonBounds.Letter.B,
        HMul.hMul.{0, 0, 0}
          (HMul.hMul.{0, 0, 0} (ShannonBounds.C11R5D186.w_n12 (x 0)) (ShannonBounds.C11R5D186.w_n13 (x 1)))
          (ShannonBounds.C11R5D186.w_n10 (x 2)))
      (ShannonBounds.C11R5D186.w_n14 ShannonBounds.Letter.B)))
  Bool.true
NATIVE_BOOL_AXIOM_CHECKED: ShannonBounds.C11R5D186.step_n14._native.native_decide.ax_1_2
NATIVE_BOOL_AXIOM_TYPE: Eq.{1}
  (Decidable.decide
    (Eq.{1}
      (∑ x ∈ ShannonBounds.Subst.T.{0} ShannonBounds.C11R5Tables.S_7b6c163f0dc4b608 ShannonBounds.Letter.N,
        HMul.hMul.{0, 0, 0}
          (HMul.hMul.{0, 0, 0} (ShannonBounds.C11R5D186.w_n12 (x 0)) (ShannonBounds.C11R5D186.w_n13 (x 1)))
          (ShannonBounds.C11R5D186.w_n10 (x 2)))
      (ShannonBounds.C11R5D186.w_n14 ShannonBounds.Letter.N)))
  Bool.true
NATIVE_BOOL_AXIOM_CHECKED: ShannonBounds.C11R5D186.step_n14._native.native_decide.ax_1_3
NATIVE_BOOL_AXIOM_TYPE: Eq.{1}
  (Decidable.decide
    (Eq.{1}
      (∑ x ∈ ShannonBounds.Subst.T.{0} ShannonBounds.C11R5Tables.S_7b6c163f0dc4b608 ShannonBounds.Letter.A,
        HMul.hMul.{0, 0, 0}
          (HMul.hMul.{0, 0, 0} (ShannonBounds.C11R5D186.w_n12 (x 0)) (ShannonBounds.C11R5D186.w_n13 (x 1)))
          (ShannonBounds.C11R5D186.w_n10 (x 2)))
      (ShannonBounds.C11R5D186.w_n14 ShannonBounds.Letter.A)))
  Bool.true
NATIVE_BOOL_AXIOM_CHECKED: ShannonBounds.C11R5D186.step_n14._native.native_decide.ax_1_4
NATIVE_BOOL_AXIOM_TYPE: Eq.{1}
  (Decidable.decide
    (Eq.{1}
      (∑ x ∈ ShannonBounds.Subst.T.{0} ShannonBounds.C11R5Tables.S_7b6c163f0dc4b608 ShannonBounds.Letter.D,
        HMul.hMul.{0, 0, 0}
          (HMul.hMul.{0, 0, 0} (ShannonBounds.C11R5D186.w_n12 (x 0)) (ShannonBounds.C11R5D186.w_n13 (x 1)))
          (ShannonBounds.C11R5D186.w_n10 (x 2)))
      (ShannonBounds.C11R5D186.w_n14 ShannonBounds.Letter.D)))
  Bool.true
NATIVE_BOOL_AXIOM_CHECKED: ShannonBounds.C11R5D186.step_n14._native.native_decide.ax_1_5
NATIVE_BOOL_AXIOM_TYPE: Eq.{1}
  (Decidable.decide
    (Eq.{1}
      (∑ x ∈ ShannonBounds.Subst.T.{0} ShannonBounds.C11R5Tables.S_7b6c163f0dc4b608 ShannonBounds.Letter.O,
        HMul.hMul.{0, 0, 0}
          (HMul.hMul.{0, 0, 0} (ShannonBounds.C11R5D186.w_n12 (x 0)) (ShannonBounds.C11R5D186.w_n13 (x 1)))
          (ShannonBounds.C11R5D186.w_n10 (x 2)))
      (ShannonBounds.C11R5D186.w_n14 ShannonBounds.Letter.O)))
  Bool.true
NATIVE_BOOL_AXIOM_CHECKED: ShannonBounds.C11R5D186.step_n14._native.native_decide.ax_1_6
NATIVE_BOOL_AXIOM_TYPE: Eq.{1}
  (Decidable.decide
    (Eq.{1}
      (∑ x ∈ ShannonBounds.Subst.T.{0} ShannonBounds.C11R5Tables.S_7b6c163f0dc4b608 ShannonBounds.Letter.H,
        HMul.hMul.{0, 0, 0}
          (HMul.hMul.{0, 0, 0} (ShannonBounds.C11R5D186.w_n12 (x 0)) (ShannonBounds.C11R5D186.w_n13 (x 1)))
          (ShannonBounds.C11R5D186.w_n10 (x 2)))
      (ShannonBounds.C11R5D186.w_n14 ShannonBounds.Letter.H)))
  Bool.true
NATIVE_BOOL_AXIOM_CHECKED: ShannonBounds.C11R5D186.step_n14._native.native_decide.ax_1_7
NATIVE_BOOL_AXIOM_TYPE: Eq.{1}
  (Decidable.decide
    (Eq.{1}
      (∑ x ∈ ShannonBounds.Subst.T.{0} ShannonBounds.C11R5Tables.S_7b6c163f0dc4b608 ShannonBounds.Letter.V,
        HMul.hMul.{0, 0, 0}
          (HMul.hMul.{0, 0, 0} (ShannonBounds.C11R5D186.w_n12 (x 0)) (ShannonBounds.C11R5D186.w_n13 (x 1)))
          (ShannonBounds.C11R5D186.w_n10 (x 2)))
      (ShannonBounds.C11R5D186.w_n14 ShannonBounds.Letter.V)))
  Bool.true
NATIVE_BOOL_AXIOM_CHECKED: ShannonBounds.C11R5D186.step_n15._native.native_decide.ax_1_1
NATIVE_BOOL_AXIOM_TYPE: Eq.{1}
  (Decidable.decide
    (Eq.{1}
      (∑ x ∈ ShannonBounds.Subst.T.{0} ShannonBounds.C11R5Tables.S_04339297651c9c49 ShannonBounds.Letter.B,
        HMul.hMul.{0, 0, 0}
          (HMul.hMul.{0, 0, 0} (ShannonBounds.C11R5D186.w_v (x 0)) (ShannonBounds.C11R5D186.w_v (x 1)))
          (ShannonBounds.C11R5D186.w_n10 (x 2)))
      (ShannonBounds.C11R5D186.w_n15 ShannonBounds.Letter.B)))
  Bool.true
NATIVE_BOOL_AXIOM_CHECKED: ShannonBounds.C11R5D186.step_n15._native.native_decide.ax_1_2
NATIVE_BOOL_AXIOM_TYPE: Eq.{1}
  (Decidable.decide
    (Eq.{1}
      (∑ x ∈ ShannonBounds.Subst.T.{0} ShannonBounds.C11R5Tables.S_04339297651c9c49 ShannonBounds.Letter.N,
        HMul.hMul.{0, 0, 0}
          (HMul.hMul.{0, 0, 0} (ShannonBounds.C11R5D186.w_v (x 0)) (ShannonBounds.C11R5D186.w_v (x 1)))
          (ShannonBounds.C11R5D186.w_n10 (x 2)))
      (ShannonBounds.C11R5D186.w_n15 ShannonBounds.Letter.N)))
  Bool.true
NATIVE_BOOL_AXIOM_CHECKED: ShannonBounds.C11R5D186.step_n15._native.native_decide.ax_1_3
NATIVE_BOOL_AXIOM_TYPE: Eq.{1}
  (Decidable.decide
    (Eq.{1}
      (∑ x ∈ ShannonBounds.Subst.T.{0} ShannonBounds.C11R5Tables.S_04339297651c9c49 ShannonBounds.Letter.A,
        HMul.hMul.{0, 0, 0}
          (HMul.hMul.{0, 0, 0} (ShannonBounds.C11R5D186.w_v (x 0)) (ShannonBounds.C11R5D186.w_v (x 1)))
          (ShannonBounds.C11R5D186.w_n10 (x 2)))
      (ShannonBounds.C11R5D186.w_n15 ShannonBounds.Letter.A)))
  Bool.true
NATIVE_BOOL_AXIOM_CHECKED: ShannonBounds.C11R5D186.step_n15._native.native_decide.ax_1_4
NATIVE_BOOL_AXIOM_TYPE: Eq.{1}
  (Decidable.decide
    (Eq.{1}
      (∑ x ∈ ShannonBounds.Subst.T.{0} ShannonBounds.C11R5Tables.S_04339297651c9c49 ShannonBounds.Letter.D,
        HMul.hMul.{0, 0, 0}
          (HMul.hMul.{0, 0, 0} (ShannonBounds.C11R5D186.w_v (x 0)) (ShannonBounds.C11R5D186.w_v (x 1)))
          (ShannonBounds.C11R5D186.w_n10 (x 2)))
      (ShannonBounds.C11R5D186.w_n15 ShannonBounds.Letter.D)))
  Bool.true
NATIVE_BOOL_AXIOM_CHECKED: ShannonBounds.C11R5D186.step_n15._native.native_decide.ax_1_5
NATIVE_BOOL_AXIOM_TYPE: Eq.{1}
  (Decidable.decide
    (Eq.{1}
      (∑ x ∈ ShannonBounds.Subst.T.{0} ShannonBounds.C11R5Tables.S_04339297651c9c49 ShannonBounds.Letter.O,
        HMul.hMul.{0, 0, 0}
          (HMul.hMul.{0, 0, 0} (ShannonBounds.C11R5D186.w_v (x 0)) (ShannonBounds.C11R5D186.w_v (x 1)))
          (ShannonBounds.C11R5D186.w_n10 (x 2)))
      (ShannonBounds.C11R5D186.w_n15 ShannonBounds.Letter.O)))
  Bool.true
NATIVE_BOOL_AXIOM_CHECKED: ShannonBounds.C11R5D186.step_n15._native.native_decide.ax_1_6
NATIVE_BOOL_AXIOM_TYPE: Eq.{1}
  (Decidable.decide
    (Eq.{1}
      (∑ x ∈ ShannonBounds.Subst.T.{0} ShannonBounds.C11R5Tables.S_04339297651c9c49 ShannonBounds.Letter.H,
        HMul.hMul.{0, 0, 0}
          (HMul.hMul.{0, 0, 0} (ShannonBounds.C11R5D186.w_v (x 0)) (ShannonBounds.C11R5D186.w_v (x 1)))
          (ShannonBounds.C11R5D186.w_n10 (x 2)))
      (ShannonBounds.C11R5D186.w_n15 ShannonBounds.Letter.H)))
  Bool.true
NATIVE_BOOL_AXIOM_CHECKED: ShannonBounds.C11R5D186.step_n15._native.native_decide.ax_1_7
NATIVE_BOOL_AXIOM_TYPE: Eq.{1}
  (Decidable.decide
    (Eq.{1}
      (∑ x ∈ ShannonBounds.Subst.T.{0} ShannonBounds.C11R5Tables.S_04339297651c9c49 ShannonBounds.Letter.V,
        HMul.hMul.{0, 0, 0}
          (HMul.hMul.{0, 0, 0} (ShannonBounds.C11R5D186.w_v (x 0)) (ShannonBounds.C11R5D186.w_v (x 1)))
          (ShannonBounds.C11R5D186.w_n10 (x 2)))
      (ShannonBounds.C11R5D186.w_n15 ShannonBounds.Letter.V)))
  Bool.true
NATIVE_BOOL_AXIOM_CHECKED: ShannonBounds.C11R5D186.step_n16._native.native_decide.ax_1_1
NATIVE_BOOL_AXIOM_TYPE: Eq.{1}
  (Decidable.decide
    (Eq.{1}
      (∑ x ∈ ShannonBounds.Subst.T.{0} ShannonBounds.C11R5Tables.S_01f11d8929277edb ShannonBounds.Letter.B,
        HMul.hMul.{0, 0, 0}
          (HMul.hMul.{0, 0, 0} (ShannonBounds.C11R5D186.w_n15 (x 0)) (ShannonBounds.C11R5D186.w_v (x 1)))
          (ShannonBounds.C11R5D186.w_v (x 2)))
      (ShannonBounds.C11R5D186.w_n16 ShannonBounds.Letter.B)))
  Bool.true
NATIVE_BOOL_AXIOM_CHECKED: ShannonBounds.C11R5D186.step_n16._native.native_decide.ax_1_2
NATIVE_BOOL_AXIOM_TYPE: Eq.{1}
  (Decidable.decide
    (Eq.{1}
      (∑ x ∈ ShannonBounds.Subst.T.{0} ShannonBounds.C11R5Tables.S_01f11d8929277edb ShannonBounds.Letter.N,
        HMul.hMul.{0, 0, 0}
          (HMul.hMul.{0, 0, 0} (ShannonBounds.C11R5D186.w_n15 (x 0)) (ShannonBounds.C11R5D186.w_v (x 1)))
          (ShannonBounds.C11R5D186.w_v (x 2)))
      (ShannonBounds.C11R5D186.w_n16 ShannonBounds.Letter.N)))
  Bool.true
NATIVE_BOOL_AXIOM_CHECKED: ShannonBounds.C11R5D186.step_n16._native.native_decide.ax_1_3
NATIVE_BOOL_AXIOM_TYPE: Eq.{1}
  (Decidable.decide
    (Eq.{1}
      (∑ x ∈ ShannonBounds.Subst.T.{0} ShannonBounds.C11R5Tables.S_01f11d8929277edb ShannonBounds.Letter.A,
        HMul.hMul.{0, 0, 0}
          (HMul.hMul.{0, 0, 0} (ShannonBounds.C11R5D186.w_n15 (x 0)) (ShannonBounds.C11R5D186.w_v (x 1)))
          (ShannonBounds.C11R5D186.w_v (x 2)))
      (ShannonBounds.C11R5D186.w_n16 ShannonBounds.Letter.A)))
  Bool.true
NATIVE_BOOL_AXIOM_CHECKED: ShannonBounds.C11R5D186.step_n16._native.native_decide.ax_1_4
NATIVE_BOOL_AXIOM_TYPE: Eq.{1}
  (Decidable.decide
    (Eq.{1}
      (∑ x ∈ ShannonBounds.Subst.T.{0} ShannonBounds.C11R5Tables.S_01f11d8929277edb ShannonBounds.Letter.D,
        HMul.hMul.{0, 0, 0}
          (HMul.hMul.{0, 0, 0} (ShannonBounds.C11R5D186.w_n15 (x 0)) (ShannonBounds.C11R5D186.w_v (x 1)))
          (ShannonBounds.C11R5D186.w_v (x 2)))
      (ShannonBounds.C11R5D186.w_n16 ShannonBounds.Letter.D)))
  Bool.true
NATIVE_BOOL_AXIOM_CHECKED: ShannonBounds.C11R5D186.step_n16._native.native_decide.ax_1_5
NATIVE_BOOL_AXIOM_TYPE: Eq.{1}
  (Decidable.decide
    (Eq.{1}
      (∑ x ∈ ShannonBounds.Subst.T.{0} ShannonBounds.C11R5Tables.S_01f11d8929277edb ShannonBounds.Letter.O,
        HMul.hMul.{0, 0, 0}
          (HMul.hMul.{0, 0, 0} (ShannonBounds.C11R5D186.w_n15 (x 0)) (ShannonBounds.C11R5D186.w_v (x 1)))
          (ShannonBounds.C11R5D186.w_v (x 2)))
      (ShannonBounds.C11R5D186.w_n16 ShannonBounds.Letter.O)))
  Bool.true
NATIVE_BOOL_AXIOM_CHECKED: ShannonBounds.C11R5D186.step_n16._native.native_decide.ax_1_6
NATIVE_BOOL_AXIOM_TYPE: Eq.{1}
  (Decidable.decide
    (Eq.{1}
      (∑ x ∈ ShannonBounds.Subst.T.{0} ShannonBounds.C11R5Tables.S_01f11d8929277edb ShannonBounds.Letter.H,
        HMul.hMul.{0, 0, 0}
          (HMul.hMul.{0, 0, 0} (ShannonBounds.C11R5D186.w_n15 (x 0)) (ShannonBounds.C11R5D186.w_v (x 1)))
          (ShannonBounds.C11R5D186.w_v (x 2)))
      (ShannonBounds.C11R5D186.w_n16 ShannonBounds.Letter.H)))
  Bool.true
NATIVE_BOOL_AXIOM_CHECKED: ShannonBounds.C11R5D186.step_n16._native.native_decide.ax_1_7
NATIVE_BOOL_AXIOM_TYPE: Eq.{1}
  (Decidable.decide
    (Eq.{1}
      (∑ x ∈ ShannonBounds.Subst.T.{0} ShannonBounds.C11R5Tables.S_01f11d8929277edb ShannonBounds.Letter.V,
        HMul.hMul.{0, 0, 0}
          (HMul.hMul.{0, 0, 0} (ShannonBounds.C11R5D186.w_n15 (x 0)) (ShannonBounds.C11R5D186.w_v (x 1)))
          (ShannonBounds.C11R5D186.w_v (x 2)))
      (ShannonBounds.C11R5D186.w_n16 ShannonBounds.Letter.V)))
  Bool.true
NATIVE_BOOL_AXIOM_CHECKED: ShannonBounds.C11R5D186.step_n17._native.native_decide.ax_1_1
NATIVE_BOOL_AXIOM_TYPE: Eq.{1}
  (Decidable.decide
    (Eq.{1}
      (∑ x ∈ ShannonBounds.Subst.T.{0} ShannonBounds.C11R5Tables.S_787c56f586779bfd ShannonBounds.Letter.B,
        HMul.hMul.{0, 0, 0}
          (HMul.hMul.{0, 0, 0} (ShannonBounds.C11R5D186.w_n11 (x 0)) (ShannonBounds.C11R5D186.w_n14 (x 1)))
          (ShannonBounds.C11R5D186.w_n16 (x 2)))
      (ShannonBounds.C11R5D186.w_n17 ShannonBounds.Letter.B)))
  Bool.true
NATIVE_BOOL_AXIOM_CHECKED: ShannonBounds.C11R5D186.step_n17._native.native_decide.ax_1_2
NATIVE_BOOL_AXIOM_TYPE: Eq.{1}
  (Decidable.decide
    (Eq.{1}
      (∑ x ∈ ShannonBounds.Subst.T.{0} ShannonBounds.C11R5Tables.S_787c56f586779bfd ShannonBounds.Letter.N,
        HMul.hMul.{0, 0, 0}
          (HMul.hMul.{0, 0, 0} (ShannonBounds.C11R5D186.w_n11 (x 0)) (ShannonBounds.C11R5D186.w_n14 (x 1)))
          (ShannonBounds.C11R5D186.w_n16 (x 2)))
      (ShannonBounds.C11R5D186.w_n17 ShannonBounds.Letter.N)))
  Bool.true
NATIVE_BOOL_AXIOM_CHECKED: ShannonBounds.C11R5D186.step_n17._native.native_decide.ax_1_3
NATIVE_BOOL_AXIOM_TYPE: Eq.{1}
  (Decidable.decide
    (Eq.{1}
      (∑ x ∈ ShannonBounds.Subst.T.{0} ShannonBounds.C11R5Tables.S_787c56f586779bfd ShannonBounds.Letter.A,
        HMul.hMul.{0, 0, 0}
          (HMul.hMul.{0, 0, 0} (ShannonBounds.C11R5D186.w_n11 (x 0)) (ShannonBounds.C11R5D186.w_n14 (x 1)))
          (ShannonBounds.C11R5D186.w_n16 (x 2)))
      (ShannonBounds.C11R5D186.w_n17 ShannonBounds.Letter.A)))
  Bool.true
NATIVE_BOOL_AXIOM_CHECKED: ShannonBounds.C11R5D186.step_n17._native.native_decide.ax_1_4
NATIVE_BOOL_AXIOM_TYPE: Eq.{1}
  (Decidable.decide
    (Eq.{1}
      (∑ x ∈ ShannonBounds.Subst.T.{0} ShannonBounds.C11R5Tables.S_787c56f586779bfd ShannonBounds.Letter.D,
        HMul.hMul.{0, 0, 0}
          (HMul.hMul.{0, 0, 0} (ShannonBounds.C11R5D186.w_n11 (x 0)) (ShannonBounds.C11R5D186.w_n14 (x 1)))
          (ShannonBounds.C11R5D186.w_n16 (x 2)))
      (ShannonBounds.C11R5D186.w_n17 ShannonBounds.Letter.D)))
  Bool.true
NATIVE_BOOL_AXIOM_CHECKED: ShannonBounds.C11R5D186.step_n17._native.native_decide.ax_1_5
NATIVE_BOOL_AXIOM_TYPE: Eq.{1}
  (Decidable.decide
    (Eq.{1}
      (∑ x ∈ ShannonBounds.Subst.T.{0} ShannonBounds.C11R5Tables.S_787c56f586779bfd ShannonBounds.Letter.O,
        HMul.hMul.{0, 0, 0}
          (HMul.hMul.{0, 0, 0} (ShannonBounds.C11R5D186.w_n11 (x 0)) (ShannonBounds.C11R5D186.w_n14 (x 1)))
          (ShannonBounds.C11R5D186.w_n16 (x 2)))
      (ShannonBounds.C11R5D186.w_n17 ShannonBounds.Letter.O)))
  Bool.true
NATIVE_BOOL_AXIOM_CHECKED: ShannonBounds.C11R5D186.step_n17._native.native_decide.ax_1_6
NATIVE_BOOL_AXIOM_TYPE: Eq.{1}
  (Decidable.decide
    (Eq.{1}
      (∑ x ∈ ShannonBounds.Subst.T.{0} ShannonBounds.C11R5Tables.S_787c56f586779bfd ShannonBounds.Letter.H,
        HMul.hMul.{0, 0, 0}
          (HMul.hMul.{0, 0, 0} (ShannonBounds.C11R5D186.w_n11 (x 0)) (ShannonBounds.C11R5D186.w_n14 (x 1)))
          (ShannonBounds.C11R5D186.w_n16 (x 2)))
      (ShannonBounds.C11R5D186.w_n17 ShannonBounds.Letter.H)))
  Bool.true
NATIVE_BOOL_AXIOM_CHECKED: ShannonBounds.C11R5D186.step_n17._native.native_decide.ax_1_7
NATIVE_BOOL_AXIOM_TYPE: Eq.{1}
  (Decidable.decide
    (Eq.{1}
      (∑ x ∈ ShannonBounds.Subst.T.{0} ShannonBounds.C11R5Tables.S_787c56f586779bfd ShannonBounds.Letter.V,
        HMul.hMul.{0, 0, 0}
          (HMul.hMul.{0, 0, 0} (ShannonBounds.C11R5D186.w_n11 (x 0)) (ShannonBounds.C11R5D186.w_n14 (x 1)))
          (ShannonBounds.C11R5D186.w_n16 (x 2)))
      (ShannonBounds.C11R5D186.w_n17 ShannonBounds.Letter.V)))
  Bool.true
NATIVE_BOOL_AXIOM_CHECKED: ShannonBounds.C11R5D186.step_n18._native.native_decide.ax_1_1
NATIVE_BOOL_AXIOM_TYPE: Eq.{1}
  (Decidable.decide
    (Eq.{1}
      (∑ x ∈ ShannonBounds.Subst.T.{0} ShannonBounds.C11R5Tables.S_f97d79adc1a9e27c ShannonBounds.Letter.B,
        HMul.hMul.{0, 0, 0}
          (HMul.hMul.{0, 0, 0} (ShannonBounds.C11R5D186.w_n8 (x 0)) (ShannonBounds.C11R5D186.w_v (x 1)))
          (ShannonBounds.C11R5D186.w_v (x 2)))
      (ShannonBounds.C11R5D186.w_n18 ShannonBounds.Letter.B)))
  Bool.true
NATIVE_BOOL_AXIOM_CHECKED: ShannonBounds.C11R5D186.step_n18._native.native_decide.ax_1_2
NATIVE_BOOL_AXIOM_TYPE: Eq.{1}
  (Decidable.decide
    (Eq.{1}
      (∑ x ∈ ShannonBounds.Subst.T.{0} ShannonBounds.C11R5Tables.S_f97d79adc1a9e27c ShannonBounds.Letter.N,
        HMul.hMul.{0, 0, 0}
          (HMul.hMul.{0, 0, 0} (ShannonBounds.C11R5D186.w_n8 (x 0)) (ShannonBounds.C11R5D186.w_v (x 1)))
          (ShannonBounds.C11R5D186.w_v (x 2)))
      (ShannonBounds.C11R5D186.w_n18 ShannonBounds.Letter.N)))
  Bool.true
NATIVE_BOOL_AXIOM_CHECKED: ShannonBounds.C11R5D186.step_n18._native.native_decide.ax_1_3
NATIVE_BOOL_AXIOM_TYPE: Eq.{1}
  (Decidable.decide
    (Eq.{1}
      (∑ x ∈ ShannonBounds.Subst.T.{0} ShannonBounds.C11R5Tables.S_f97d79adc1a9e27c ShannonBounds.Letter.A,
        HMul.hMul.{0, 0, 0}
          (HMul.hMul.{0, 0, 0} (ShannonBounds.C11R5D186.w_n8 (x 0)) (ShannonBounds.C11R5D186.w_v (x 1)))
          (ShannonBounds.C11R5D186.w_v (x 2)))
      (ShannonBounds.C11R5D186.w_n18 ShannonBounds.Letter.A)))
  Bool.true
NATIVE_BOOL_AXIOM_CHECKED: ShannonBounds.C11R5D186.step_n18._native.native_decide.ax_1_4
NATIVE_BOOL_AXIOM_TYPE: Eq.{1}
  (Decidable.decide
    (Eq.{1}
      (∑ x ∈ ShannonBounds.Subst.T.{0} ShannonBounds.C11R5Tables.S_f97d79adc1a9e27c ShannonBounds.Letter.D,
        HMul.hMul.{0, 0, 0}
          (HMul.hMul.{0, 0, 0} (ShannonBounds.C11R5D186.w_n8 (x 0)) (ShannonBounds.C11R5D186.w_v (x 1)))
          (ShannonBounds.C11R5D186.w_v (x 2)))
      (ShannonBounds.C11R5D186.w_n18 ShannonBounds.Letter.D)))
  Bool.true
NATIVE_BOOL_AXIOM_CHECKED: ShannonBounds.C11R5D186.step_n18._native.native_decide.ax_1_5
NATIVE_BOOL_AXIOM_TYPE: Eq.{1}
  (Decidable.decide
    (Eq.{1}
      (∑ x ∈ ShannonBounds.Subst.T.{0} ShannonBounds.C11R5Tables.S_f97d79adc1a9e27c ShannonBounds.Letter.O,
        HMul.hMul.{0, 0, 0}
          (HMul.hMul.{0, 0, 0} (ShannonBounds.C11R5D186.w_n8 (x 0)) (ShannonBounds.C11R5D186.w_v (x 1)))
          (ShannonBounds.C11R5D186.w_v (x 2)))
      (ShannonBounds.C11R5D186.w_n18 ShannonBounds.Letter.O)))
  Bool.true
NATIVE_BOOL_AXIOM_CHECKED: ShannonBounds.C11R5D186.step_n18._native.native_decide.ax_1_6
NATIVE_BOOL_AXIOM_TYPE: Eq.{1}
  (Decidable.decide
    (Eq.{1}
      (∑ x ∈ ShannonBounds.Subst.T.{0} ShannonBounds.C11R5Tables.S_f97d79adc1a9e27c ShannonBounds.Letter.H,
        HMul.hMul.{0, 0, 0}
          (HMul.hMul.{0, 0, 0} (ShannonBounds.C11R5D186.w_n8 (x 0)) (ShannonBounds.C11R5D186.w_v (x 1)))
          (ShannonBounds.C11R5D186.w_v (x 2)))
      (ShannonBounds.C11R5D186.w_n18 ShannonBounds.Letter.H)))
  Bool.true
NATIVE_BOOL_AXIOM_CHECKED: ShannonBounds.C11R5D186.step_n18._native.native_decide.ax_1_7
NATIVE_BOOL_AXIOM_TYPE: Eq.{1}
  (Decidable.decide
    (Eq.{1}
      (∑ x ∈ ShannonBounds.Subst.T.{0} ShannonBounds.C11R5Tables.S_f97d79adc1a9e27c ShannonBounds.Letter.V,
        HMul.hMul.{0, 0, 0}
          (HMul.hMul.{0, 0, 0} (ShannonBounds.C11R5D186.w_n8 (x 0)) (ShannonBounds.C11R5D186.w_v (x 1)))
          (ShannonBounds.C11R5D186.w_v (x 2)))
      (ShannonBounds.C11R5D186.w_n18 ShannonBounds.Letter.V)))
  Bool.true
NATIVE_BOOL_AXIOM_CHECKED: ShannonBounds.C11R5D186.step_n19._native.native_decide.ax_1_1
NATIVE_BOOL_AXIOM_TYPE: Eq.{1}
  (Decidable.decide
    (Eq.{1}
      (∑ x ∈ ShannonBounds.Subst.T.{0} ShannonBounds.C11R5Tables.S_7b6c163f0dc4b608 ShannonBounds.Letter.B,
        HMul.hMul.{0, 0, 0}
          (HMul.hMul.{0, 0, 0} (ShannonBounds.C11R5D186.w_n6 (x 0)) (ShannonBounds.C11R5D186.w_v (x 1)))
          (ShannonBounds.C11R5D186.w_v (x 2)))
      (ShannonBounds.C11R5D186.w_n19 ShannonBounds.Letter.B)))
  Bool.true
NATIVE_BOOL_AXIOM_CHECKED: ShannonBounds.C11R5D186.step_n19._native.native_decide.ax_1_2
NATIVE_BOOL_AXIOM_TYPE: Eq.{1}
  (Decidable.decide
    (Eq.{1}
      (∑ x ∈ ShannonBounds.Subst.T.{0} ShannonBounds.C11R5Tables.S_7b6c163f0dc4b608 ShannonBounds.Letter.N,
        HMul.hMul.{0, 0, 0}
          (HMul.hMul.{0, 0, 0} (ShannonBounds.C11R5D186.w_n6 (x 0)) (ShannonBounds.C11R5D186.w_v (x 1)))
          (ShannonBounds.C11R5D186.w_v (x 2)))
      (ShannonBounds.C11R5D186.w_n19 ShannonBounds.Letter.N)))
  Bool.true
NATIVE_BOOL_AXIOM_CHECKED: ShannonBounds.C11R5D186.step_n19._native.native_decide.ax_1_3
NATIVE_BOOL_AXIOM_TYPE: Eq.{1}
  (Decidable.decide
    (Eq.{1}
      (∑ x ∈ ShannonBounds.Subst.T.{0} ShannonBounds.C11R5Tables.S_7b6c163f0dc4b608 ShannonBounds.Letter.A,
        HMul.hMul.{0, 0, 0}
          (HMul.hMul.{0, 0, 0} (ShannonBounds.C11R5D186.w_n6 (x 0)) (ShannonBounds.C11R5D186.w_v (x 1)))
          (ShannonBounds.C11R5D186.w_v (x 2)))
      (ShannonBounds.C11R5D186.w_n19 ShannonBounds.Letter.A)))
  Bool.true
NATIVE_BOOL_AXIOM_CHECKED: ShannonBounds.C11R5D186.step_n19._native.native_decide.ax_1_4
NATIVE_BOOL_AXIOM_TYPE: Eq.{1}
  (Decidable.decide
    (Eq.{1}
      (∑ x ∈ ShannonBounds.Subst.T.{0} ShannonBounds.C11R5Tables.S_7b6c163f0dc4b608 ShannonBounds.Letter.D,
        HMul.hMul.{0, 0, 0}
          (HMul.hMul.{0, 0, 0} (ShannonBounds.C11R5D186.w_n6 (x 0)) (ShannonBounds.C11R5D186.w_v (x 1)))
          (ShannonBounds.C11R5D186.w_v (x 2)))
      (ShannonBounds.C11R5D186.w_n19 ShannonBounds.Letter.D)))
  Bool.true
NATIVE_BOOL_AXIOM_CHECKED: ShannonBounds.C11R5D186.step_n19._native.native_decide.ax_1_5
NATIVE_BOOL_AXIOM_TYPE: Eq.{1}
  (Decidable.decide
    (Eq.{1}
      (∑ x ∈ ShannonBounds.Subst.T.{0} ShannonBounds.C11R5Tables.S_7b6c163f0dc4b608 ShannonBounds.Letter.O,
        HMul.hMul.{0, 0, 0}
          (HMul.hMul.{0, 0, 0} (ShannonBounds.C11R5D186.w_n6 (x 0)) (ShannonBounds.C11R5D186.w_v (x 1)))
          (ShannonBounds.C11R5D186.w_v (x 2)))
      (ShannonBounds.C11R5D186.w_n19 ShannonBounds.Letter.O)))
  Bool.true
NATIVE_BOOL_AXIOM_CHECKED: ShannonBounds.C11R5D186.step_n19._native.native_decide.ax_1_6
NATIVE_BOOL_AXIOM_TYPE: Eq.{1}
  (Decidable.decide
    (Eq.{1}
      (∑ x ∈ ShannonBounds.Subst.T.{0} ShannonBounds.C11R5Tables.S_7b6c163f0dc4b608 ShannonBounds.Letter.H,
        HMul.hMul.{0, 0, 0}
          (HMul.hMul.{0, 0, 0} (ShannonBounds.C11R5D186.w_n6 (x 0)) (ShannonBounds.C11R5D186.w_v (x 1)))
          (ShannonBounds.C11R5D186.w_v (x 2)))
      (ShannonBounds.C11R5D186.w_n19 ShannonBounds.Letter.H)))
  Bool.true
NATIVE_BOOL_AXIOM_CHECKED: ShannonBounds.C11R5D186.step_n19._native.native_decide.ax_1_7
NATIVE_BOOL_AXIOM_TYPE: Eq.{1}
  (Decidable.decide
    (Eq.{1}
      (∑ x ∈ ShannonBounds.Subst.T.{0} ShannonBounds.C11R5Tables.S_7b6c163f0dc4b608 ShannonBounds.Letter.V,
        HMul.hMul.{0, 0, 0}
          (HMul.hMul.{0, 0, 0} (ShannonBounds.C11R5D186.w_n6 (x 0)) (ShannonBounds.C11R5D186.w_v (x 1)))
          (ShannonBounds.C11R5D186.w_v (x 2)))
      (ShannonBounds.C11R5D186.w_n19 ShannonBounds.Letter.V)))
  Bool.true
NATIVE_BOOL_AXIOM_CHECKED: ShannonBounds.C11R5D186.step_n2._native.native_decide.ax_1_1
NATIVE_BOOL_AXIOM_TYPE: Eq.{1}
  (Decidable.decide
    (Eq.{1}
      (∑ x ∈ ShannonBounds.Subst.T.{0} ShannonBounds.C11R5Tables.S_0c7cb632d1153343 ShannonBounds.Letter.B,
        HMul.hMul.{0, 0, 0}
          (HMul.hMul.{0, 0, 0} (ShannonBounds.C11R5D186.w_v (x 0)) (ShannonBounds.C11R5D186.w_v (x 1)))
          (ShannonBounds.C11R5D186.w_n1 (x 2)))
      (ShannonBounds.C11R5D186.w_n2 ShannonBounds.Letter.B)))
  Bool.true
NATIVE_BOOL_AXIOM_CHECKED: ShannonBounds.C11R5D186.step_n2._native.native_decide.ax_1_2
NATIVE_BOOL_AXIOM_TYPE: Eq.{1}
  (Decidable.decide
    (Eq.{1}
      (∑ x ∈ ShannonBounds.Subst.T.{0} ShannonBounds.C11R5Tables.S_0c7cb632d1153343 ShannonBounds.Letter.N,
        HMul.hMul.{0, 0, 0}
          (HMul.hMul.{0, 0, 0} (ShannonBounds.C11R5D186.w_v (x 0)) (ShannonBounds.C11R5D186.w_v (x 1)))
          (ShannonBounds.C11R5D186.w_n1 (x 2)))
      (ShannonBounds.C11R5D186.w_n2 ShannonBounds.Letter.N)))
  Bool.true
NATIVE_BOOL_AXIOM_CHECKED: ShannonBounds.C11R5D186.step_n2._native.native_decide.ax_1_3
NATIVE_BOOL_AXIOM_TYPE: Eq.{1}
  (Decidable.decide
    (Eq.{1}
      (∑ x ∈ ShannonBounds.Subst.T.{0} ShannonBounds.C11R5Tables.S_0c7cb632d1153343 ShannonBounds.Letter.A,
        HMul.hMul.{0, 0, 0}
          (HMul.hMul.{0, 0, 0} (ShannonBounds.C11R5D186.w_v (x 0)) (ShannonBounds.C11R5D186.w_v (x 1)))
          (ShannonBounds.C11R5D186.w_n1 (x 2)))
      (ShannonBounds.C11R5D186.w_n2 ShannonBounds.Letter.A)))
  Bool.true
NATIVE_BOOL_AXIOM_CHECKED: ShannonBounds.C11R5D186.step_n2._native.native_decide.ax_1_4
NATIVE_BOOL_AXIOM_TYPE: Eq.{1}
  (Decidable.decide
    (Eq.{1}
      (∑ x ∈ ShannonBounds.Subst.T.{0} ShannonBounds.C11R5Tables.S_0c7cb632d1153343 ShannonBounds.Letter.D,
        HMul.hMul.{0, 0, 0}
          (HMul.hMul.{0, 0, 0} (ShannonBounds.C11R5D186.w_v (x 0)) (ShannonBounds.C11R5D186.w_v (x 1)))
          (ShannonBounds.C11R5D186.w_n1 (x 2)))
      (ShannonBounds.C11R5D186.w_n2 ShannonBounds.Letter.D)))
  Bool.true
NATIVE_BOOL_AXIOM_CHECKED: ShannonBounds.C11R5D186.step_n2._native.native_decide.ax_1_5
NATIVE_BOOL_AXIOM_TYPE: Eq.{1}
  (Decidable.decide
    (Eq.{1}
      (∑ x ∈ ShannonBounds.Subst.T.{0} ShannonBounds.C11R5Tables.S_0c7cb632d1153343 ShannonBounds.Letter.O,
        HMul.hMul.{0, 0, 0}
          (HMul.hMul.{0, 0, 0} (ShannonBounds.C11R5D186.w_v (x 0)) (ShannonBounds.C11R5D186.w_v (x 1)))
          (ShannonBounds.C11R5D186.w_n1 (x 2)))
      (ShannonBounds.C11R5D186.w_n2 ShannonBounds.Letter.O)))
  Bool.true
NATIVE_BOOL_AXIOM_CHECKED: ShannonBounds.C11R5D186.step_n2._native.native_decide.ax_1_6
NATIVE_BOOL_AXIOM_TYPE: Eq.{1}
  (Decidable.decide
    (Eq.{1}
      (∑ x ∈ ShannonBounds.Subst.T.{0} ShannonBounds.C11R5Tables.S_0c7cb632d1153343 ShannonBounds.Letter.H,
        HMul.hMul.{0, 0, 0}
          (HMul.hMul.{0, 0, 0} (ShannonBounds.C11R5D186.w_v (x 0)) (ShannonBounds.C11R5D186.w_v (x 1)))
          (ShannonBounds.C11R5D186.w_n1 (x 2)))
      (ShannonBounds.C11R5D186.w_n2 ShannonBounds.Letter.H)))
  Bool.true
NATIVE_BOOL_AXIOM_CHECKED: ShannonBounds.C11R5D186.step_n2._native.native_decide.ax_1_7
NATIVE_BOOL_AXIOM_TYPE: Eq.{1}
  (Decidable.decide
    (Eq.{1}
      (∑ x ∈ ShannonBounds.Subst.T.{0} ShannonBounds.C11R5Tables.S_0c7cb632d1153343 ShannonBounds.Letter.V,
        HMul.hMul.{0, 0, 0}
          (HMul.hMul.{0, 0, 0} (ShannonBounds.C11R5D186.w_v (x 0)) (ShannonBounds.C11R5D186.w_v (x 1)))
          (ShannonBounds.C11R5D186.w_n1 (x 2)))
      (ShannonBounds.C11R5D186.w_n2 ShannonBounds.Letter.V)))
  Bool.true
NATIVE_BOOL_AXIOM_CHECKED: ShannonBounds.C11R5D186.step_n20._native.native_decide.ax_1_1
NATIVE_BOOL_AXIOM_TYPE: Eq.{1}
  (Decidable.decide
    (Eq.{1}
      (∑ x ∈ ShannonBounds.Subst.T.{0} ShannonBounds.C11R5Tables.S_e788020168e26abb ShannonBounds.Letter.B,
        HMul.hMul.{0, 0, 0} (ShannonBounds.C11R5D186.w_n19 (x 0)) (ShannonBounds.C11R5D186.w_v (x 1)))
      (ShannonBounds.C11R5D186.w_n20 ShannonBounds.Letter.B)))
  Bool.true
NATIVE_BOOL_AXIOM_CHECKED: ShannonBounds.C11R5D186.step_n20._native.native_decide.ax_1_2
NATIVE_BOOL_AXIOM_TYPE: Eq.{1}
  (Decidable.decide
    (Eq.{1}
      (∑ x ∈ ShannonBounds.Subst.T.{0} ShannonBounds.C11R5Tables.S_e788020168e26abb ShannonBounds.Letter.N,
        HMul.hMul.{0, 0, 0} (ShannonBounds.C11R5D186.w_n19 (x 0)) (ShannonBounds.C11R5D186.w_v (x 1)))
      (ShannonBounds.C11R5D186.w_n20 ShannonBounds.Letter.N)))
  Bool.true
NATIVE_BOOL_AXIOM_CHECKED: ShannonBounds.C11R5D186.step_n20._native.native_decide.ax_1_3
NATIVE_BOOL_AXIOM_TYPE: Eq.{1}
  (Decidable.decide
    (Eq.{1}
      (∑ x ∈ ShannonBounds.Subst.T.{0} ShannonBounds.C11R5Tables.S_e788020168e26abb ShannonBounds.Letter.A,
        HMul.hMul.{0, 0, 0} (ShannonBounds.C11R5D186.w_n19 (x 0)) (ShannonBounds.C11R5D186.w_v (x 1)))
      (ShannonBounds.C11R5D186.w_n20 ShannonBounds.Letter.A)))
  Bool.true
NATIVE_BOOL_AXIOM_CHECKED: ShannonBounds.C11R5D186.step_n20._native.native_decide.ax_1_4
NATIVE_BOOL_AXIOM_TYPE: Eq.{1}
  (Decidable.decide
    (Eq.{1}
      (∑ x ∈ ShannonBounds.Subst.T.{0} ShannonBounds.C11R5Tables.S_e788020168e26abb ShannonBounds.Letter.D,
        HMul.hMul.{0, 0, 0} (ShannonBounds.C11R5D186.w_n19 (x 0)) (ShannonBounds.C11R5D186.w_v (x 1)))
      (ShannonBounds.C11R5D186.w_n20 ShannonBounds.Letter.D)))
  Bool.true
NATIVE_BOOL_AXIOM_CHECKED: ShannonBounds.C11R5D186.step_n20._native.native_decide.ax_1_5
NATIVE_BOOL_AXIOM_TYPE: Eq.{1}
  (Decidable.decide
    (Eq.{1}
      (∑ x ∈ ShannonBounds.Subst.T.{0} ShannonBounds.C11R5Tables.S_e788020168e26abb ShannonBounds.Letter.O,
        HMul.hMul.{0, 0, 0} (ShannonBounds.C11R5D186.w_n19 (x 0)) (ShannonBounds.C11R5D186.w_v (x 1)))
      (ShannonBounds.C11R5D186.w_n20 ShannonBounds.Letter.O)))
  Bool.true
NATIVE_BOOL_AXIOM_CHECKED: ShannonBounds.C11R5D186.step_n20._native.native_decide.ax_1_6
NATIVE_BOOL_AXIOM_TYPE: Eq.{1}
  (Decidable.decide
    (Eq.{1}
      (∑ x ∈ ShannonBounds.Subst.T.{0} ShannonBounds.C11R5Tables.S_e788020168e26abb ShannonBounds.Letter.H,
        HMul.hMul.{0, 0, 0} (ShannonBounds.C11R5D186.w_n19 (x 0)) (ShannonBounds.C11R5D186.w_v (x 1)))
      (ShannonBounds.C11R5D186.w_n20 ShannonBounds.Letter.H)))
  Bool.true
NATIVE_BOOL_AXIOM_CHECKED: ShannonBounds.C11R5D186.step_n20._native.native_decide.ax_1_7
NATIVE_BOOL_AXIOM_TYPE: Eq.{1}
  (Decidable.decide
    (Eq.{1}
      (∑ x ∈ ShannonBounds.Subst.T.{0} ShannonBounds.C11R5Tables.S_e788020168e26abb ShannonBounds.Letter.V,
        HMul.hMul.{0, 0, 0} (ShannonBounds.C11R5D186.w_n19 (x 0)) (ShannonBounds.C11R5D186.w_v (x 1)))
      (ShannonBounds.C11R5D186.w_n20 ShannonBounds.Letter.V)))
  Bool.true
NATIVE_BOOL_AXIOM_CHECKED: ShannonBounds.C11R5D186.step_n21._native.native_decide.ax_1_1
NATIVE_BOOL_AXIOM_TYPE: Eq.{1}
  (Decidable.decide
    (Eq.{1}
      (∑ x ∈ ShannonBounds.Subst.T.{0} ShannonBounds.C11R5Tables.S_e788020168e26abb ShannonBounds.Letter.B,
        HMul.hMul.{0, 0, 0} (ShannonBounds.C11R5D186.w_n20 (x 0)) (ShannonBounds.C11R5D186.w_v (x 1)))
      (ShannonBounds.C11R5D186.w_n21 ShannonBounds.Letter.B)))
  Bool.true
NATIVE_BOOL_AXIOM_CHECKED: ShannonBounds.C11R5D186.step_n21._native.native_decide.ax_1_2
NATIVE_BOOL_AXIOM_TYPE: Eq.{1}
  (Decidable.decide
    (Eq.{1}
      (∑ x ∈ ShannonBounds.Subst.T.{0} ShannonBounds.C11R5Tables.S_e788020168e26abb ShannonBounds.Letter.N,
        HMul.hMul.{0, 0, 0} (ShannonBounds.C11R5D186.w_n20 (x 0)) (ShannonBounds.C11R5D186.w_v (x 1)))
      (ShannonBounds.C11R5D186.w_n21 ShannonBounds.Letter.N)))
  Bool.true
NATIVE_BOOL_AXIOM_CHECKED: ShannonBounds.C11R5D186.step_n21._native.native_decide.ax_1_3
NATIVE_BOOL_AXIOM_TYPE: Eq.{1}
  (Decidable.decide
    (Eq.{1}
      (∑ x ∈ ShannonBounds.Subst.T.{0} ShannonBounds.C11R5Tables.S_e788020168e26abb ShannonBounds.Letter.A,
        HMul.hMul.{0, 0, 0} (ShannonBounds.C11R5D186.w_n20 (x 0)) (ShannonBounds.C11R5D186.w_v (x 1)))
      (ShannonBounds.C11R5D186.w_n21 ShannonBounds.Letter.A)))
  Bool.true
NATIVE_BOOL_AXIOM_CHECKED: ShannonBounds.C11R5D186.step_n21._native.native_decide.ax_1_4
NATIVE_BOOL_AXIOM_TYPE: Eq.{1}
  (Decidable.decide
    (Eq.{1}
      (∑ x ∈ ShannonBounds.Subst.T.{0} ShannonBounds.C11R5Tables.S_e788020168e26abb ShannonBounds.Letter.D,
        HMul.hMul.{0, 0, 0} (ShannonBounds.C11R5D186.w_n20 (x 0)) (ShannonBounds.C11R5D186.w_v (x 1)))
      (ShannonBounds.C11R5D186.w_n21 ShannonBounds.Letter.D)))
  Bool.true
NATIVE_BOOL_AXIOM_CHECKED: ShannonBounds.C11R5D186.step_n21._native.native_decide.ax_1_5
NATIVE_BOOL_AXIOM_TYPE: Eq.{1}
  (Decidable.decide
    (Eq.{1}
      (∑ x ∈ ShannonBounds.Subst.T.{0} ShannonBounds.C11R5Tables.S_e788020168e26abb ShannonBounds.Letter.O,
        HMul.hMul.{0, 0, 0} (ShannonBounds.C11R5D186.w_n20 (x 0)) (ShannonBounds.C11R5D186.w_v (x 1)))
      (ShannonBounds.C11R5D186.w_n21 ShannonBounds.Letter.O)))
  Bool.true
NATIVE_BOOL_AXIOM_CHECKED: ShannonBounds.C11R5D186.step_n21._native.native_decide.ax_1_6
NATIVE_BOOL_AXIOM_TYPE: Eq.{1}
  (Decidable.decide
    (Eq.{1}
      (∑ x ∈ ShannonBounds.Subst.T.{0} ShannonBounds.C11R5Tables.S_e788020168e26abb ShannonBounds.Letter.H,
        HMul.hMul.{0, 0, 0} (ShannonBounds.C11R5D186.w_n20 (x 0)) (ShannonBounds.C11R5D186.w_v (x 1)))
      (ShannonBounds.C11R5D186.w_n21 ShannonBounds.Letter.H)))
  Bool.true
NATIVE_BOOL_AXIOM_CHECKED: ShannonBounds.C11R5D186.step_n21._native.native_decide.ax_1_7
NATIVE_BOOL_AXIOM_TYPE: Eq.{1}
  (Decidable.decide
    (Eq.{1}
      (∑ x ∈ ShannonBounds.Subst.T.{0} ShannonBounds.C11R5Tables.S_e788020168e26abb ShannonBounds.Letter.V,
        HMul.hMul.{0, 0, 0} (ShannonBounds.C11R5D186.w_n20 (x 0)) (ShannonBounds.C11R5D186.w_v (x 1)))
      (ShannonBounds.C11R5D186.w_n21 ShannonBounds.Letter.V)))
  Bool.true
NATIVE_BOOL_AXIOM_CHECKED: ShannonBounds.C11R5D186.step_n22._native.native_decide.ax_1_1
NATIVE_BOOL_AXIOM_TYPE: Eq.{1}
  (Decidable.decide
    (Eq.{1}
      (∑ x ∈ ShannonBounds.Subst.T.{0} ShannonBounds.C11R5Tables.S_e788020168e26abb ShannonBounds.Letter.B,
        HMul.hMul.{0, 0, 0} (ShannonBounds.C11R5D186.w_n21 (x 0)) (ShannonBounds.C11R5D186.w_v (x 1)))
      (ShannonBounds.C11R5D186.w_n22 ShannonBounds.Letter.B)))
  Bool.true
NATIVE_BOOL_AXIOM_CHECKED: ShannonBounds.C11R5D186.step_n22._native.native_decide.ax_1_2
NATIVE_BOOL_AXIOM_TYPE: Eq.{1}
  (Decidable.decide
    (Eq.{1}
      (∑ x ∈ ShannonBounds.Subst.T.{0} ShannonBounds.C11R5Tables.S_e788020168e26abb ShannonBounds.Letter.N,
        HMul.hMul.{0, 0, 0} (ShannonBounds.C11R5D186.w_n21 (x 0)) (ShannonBounds.C11R5D186.w_v (x 1)))
      (ShannonBounds.C11R5D186.w_n22 ShannonBounds.Letter.N)))
  Bool.true
NATIVE_BOOL_AXIOM_CHECKED: ShannonBounds.C11R5D186.step_n22._native.native_decide.ax_1_3
NATIVE_BOOL_AXIOM_TYPE: Eq.{1}
  (Decidable.decide
    (Eq.{1}
      (∑ x ∈ ShannonBounds.Subst.T.{0} ShannonBounds.C11R5Tables.S_e788020168e26abb ShannonBounds.Letter.A,
        HMul.hMul.{0, 0, 0} (ShannonBounds.C11R5D186.w_n21 (x 0)) (ShannonBounds.C11R5D186.w_v (x 1)))
      (ShannonBounds.C11R5D186.w_n22 ShannonBounds.Letter.A)))
  Bool.true
NATIVE_BOOL_AXIOM_CHECKED: ShannonBounds.C11R5D186.step_n22._native.native_decide.ax_1_4
NATIVE_BOOL_AXIOM_TYPE: Eq.{1}
  (Decidable.decide
    (Eq.{1}
      (∑ x ∈ ShannonBounds.Subst.T.{0} ShannonBounds.C11R5Tables.S_e788020168e26abb ShannonBounds.Letter.D,
        HMul.hMul.{0, 0, 0} (ShannonBounds.C11R5D186.w_n21 (x 0)) (ShannonBounds.C11R5D186.w_v (x 1)))
      (ShannonBounds.C11R5D186.w_n22 ShannonBounds.Letter.D)))
  Bool.true
NATIVE_BOOL_AXIOM_CHECKED: ShannonBounds.C11R5D186.step_n22._native.native_decide.ax_1_5
NATIVE_BOOL_AXIOM_TYPE: Eq.{1}
  (Decidable.decide
    (Eq.{1}
      (∑ x ∈ ShannonBounds.Subst.T.{0} ShannonBounds.C11R5Tables.S_e788020168e26abb ShannonBounds.Letter.O,
        HMul.hMul.{0, 0, 0} (ShannonBounds.C11R5D186.w_n21 (x 0)) (ShannonBounds.C11R5D186.w_v (x 1)))
      (ShannonBounds.C11R5D186.w_n22 ShannonBounds.Letter.O)))
  Bool.true
NATIVE_BOOL_AXIOM_CHECKED: ShannonBounds.C11R5D186.step_n22._native.native_decide.ax_1_6
NATIVE_BOOL_AXIOM_TYPE: Eq.{1}
  (Decidable.decide
    (Eq.{1}
      (∑ x ∈ ShannonBounds.Subst.T.{0} ShannonBounds.C11R5Tables.S_e788020168e26abb ShannonBounds.Letter.H,
        HMul.hMul.{0, 0, 0} (ShannonBounds.C11R5D186.w_n21 (x 0)) (ShannonBounds.C11R5D186.w_v (x 1)))
      (ShannonBounds.C11R5D186.w_n22 ShannonBounds.Letter.H)))
  Bool.true
NATIVE_BOOL_AXIOM_CHECKED: ShannonBounds.C11R5D186.step_n22._native.native_decide.ax_1_7
NATIVE_BOOL_AXIOM_TYPE: Eq.{1}
  (Decidable.decide
    (Eq.{1}
      (∑ x ∈ ShannonBounds.Subst.T.{0} ShannonBounds.C11R5Tables.S_e788020168e26abb ShannonBounds.Letter.V,
        HMul.hMul.{0, 0, 0} (ShannonBounds.C11R5D186.w_n21 (x 0)) (ShannonBounds.C11R5D186.w_v (x 1)))
      (ShannonBounds.C11R5D186.w_n22 ShannonBounds.Letter.V)))
  Bool.true
NATIVE_BOOL_AXIOM_CHECKED: ShannonBounds.C11R5D186.step_n23._native.native_decide.ax_1_1
NATIVE_BOOL_AXIOM_TYPE: Eq.{1}
  (Decidable.decide
    (Eq.{1}
      (∑ x ∈ ShannonBounds.Subst.T.{0} ShannonBounds.C11R5Tables.S_e788020168e26abb ShannonBounds.Letter.B,
        HMul.hMul.{0, 0, 0} (ShannonBounds.C11R5D186.w_n22 (x 0)) (ShannonBounds.C11R5D186.w_v (x 1)))
      (ShannonBounds.C11R5D186.w_n23 ShannonBounds.Letter.B)))
  Bool.true
NATIVE_BOOL_AXIOM_CHECKED: ShannonBounds.C11R5D186.step_n23._native.native_decide.ax_1_2
NATIVE_BOOL_AXIOM_TYPE: Eq.{1}
  (Decidable.decide
    (Eq.{1}
      (∑ x ∈ ShannonBounds.Subst.T.{0} ShannonBounds.C11R5Tables.S_e788020168e26abb ShannonBounds.Letter.N,
        HMul.hMul.{0, 0, 0} (ShannonBounds.C11R5D186.w_n22 (x 0)) (ShannonBounds.C11R5D186.w_v (x 1)))
      (ShannonBounds.C11R5D186.w_n23 ShannonBounds.Letter.N)))
  Bool.true
NATIVE_BOOL_AXIOM_CHECKED: ShannonBounds.C11R5D186.step_n23._native.native_decide.ax_1_3
NATIVE_BOOL_AXIOM_TYPE: Eq.{1}
  (Decidable.decide
    (Eq.{1}
      (∑ x ∈ ShannonBounds.Subst.T.{0} ShannonBounds.C11R5Tables.S_e788020168e26abb ShannonBounds.Letter.A,
        HMul.hMul.{0, 0, 0} (ShannonBounds.C11R5D186.w_n22 (x 0)) (ShannonBounds.C11R5D186.w_v (x 1)))
      (ShannonBounds.C11R5D186.w_n23 ShannonBounds.Letter.A)))
  Bool.true
NATIVE_BOOL_AXIOM_CHECKED: ShannonBounds.C11R5D186.step_n23._native.native_decide.ax_1_4
NATIVE_BOOL_AXIOM_TYPE: Eq.{1}
  (Decidable.decide
    (Eq.{1}
      (∑ x ∈ ShannonBounds.Subst.T.{0} ShannonBounds.C11R5Tables.S_e788020168e26abb ShannonBounds.Letter.D,
        HMul.hMul.{0, 0, 0} (ShannonBounds.C11R5D186.w_n22 (x 0)) (ShannonBounds.C11R5D186.w_v (x 1)))
      (ShannonBounds.C11R5D186.w_n23 ShannonBounds.Letter.D)))
  Bool.true
NATIVE_BOOL_AXIOM_CHECKED: ShannonBounds.C11R5D186.step_n23._native.native_decide.ax_1_5
NATIVE_BOOL_AXIOM_TYPE: Eq.{1}
  (Decidable.decide
    (Eq.{1}
      (∑ x ∈ ShannonBounds.Subst.T.{0} ShannonBounds.C11R5Tables.S_e788020168e26abb ShannonBounds.Letter.O,
        HMul.hMul.{0, 0, 0} (ShannonBounds.C11R5D186.w_n22 (x 0)) (ShannonBounds.C11R5D186.w_v (x 1)))
      (ShannonBounds.C11R5D186.w_n23 ShannonBounds.Letter.O)))
  Bool.true
NATIVE_BOOL_AXIOM_CHECKED: ShannonBounds.C11R5D186.step_n23._native.native_decide.ax_1_6
NATIVE_BOOL_AXIOM_TYPE: Eq.{1}
  (Decidable.decide
    (Eq.{1}
      (∑ x ∈ ShannonBounds.Subst.T.{0} ShannonBounds.C11R5Tables.S_e788020168e26abb ShannonBounds.Letter.H,
        HMul.hMul.{0, 0, 0} (ShannonBounds.C11R5D186.w_n22 (x 0)) (ShannonBounds.C11R5D186.w_v (x 1)))
      (ShannonBounds.C11R5D186.w_n23 ShannonBounds.Letter.H)))
  Bool.true
NATIVE_BOOL_AXIOM_CHECKED: ShannonBounds.C11R5D186.step_n23._native.native_decide.ax_1_7
NATIVE_BOOL_AXIOM_TYPE: Eq.{1}
  (Decidable.decide
    (Eq.{1}
      (∑ x ∈ ShannonBounds.Subst.T.{0} ShannonBounds.C11R5Tables.S_e788020168e26abb ShannonBounds.Letter.V,
        HMul.hMul.{0, 0, 0} (ShannonBounds.C11R5D186.w_n22 (x 0)) (ShannonBounds.C11R5D186.w_v (x 1)))
      (ShannonBounds.C11R5D186.w_n23 ShannonBounds.Letter.V)))
  Bool.true
NATIVE_BOOL_AXIOM_CHECKED: ShannonBounds.C11R5D186.step_n24._native.native_decide.ax_1_1
NATIVE_BOOL_AXIOM_TYPE: Eq.{1}
  (Decidable.decide
    (Eq.{1}
      (∑ x ∈ ShannonBounds.Subst.T.{0} ShannonBounds.C11R5Tables.S_e788020168e26abb ShannonBounds.Letter.B,
        HMul.hMul.{0, 0, 0} (ShannonBounds.C11R5D186.w_n23 (x 0)) (ShannonBounds.C11R5D186.w_v (x 1)))
      (ShannonBounds.C11R5D186.w_n24 ShannonBounds.Letter.B)))
  Bool.true
NATIVE_BOOL_AXIOM_CHECKED: ShannonBounds.C11R5D186.step_n24._native.native_decide.ax_1_2
NATIVE_BOOL_AXIOM_TYPE: Eq.{1}
  (Decidable.decide
    (Eq.{1}
      (∑ x ∈ ShannonBounds.Subst.T.{0} ShannonBounds.C11R5Tables.S_e788020168e26abb ShannonBounds.Letter.N,
        HMul.hMul.{0, 0, 0} (ShannonBounds.C11R5D186.w_n23 (x 0)) (ShannonBounds.C11R5D186.w_v (x 1)))
      (ShannonBounds.C11R5D186.w_n24 ShannonBounds.Letter.N)))
  Bool.true
NATIVE_BOOL_AXIOM_CHECKED: ShannonBounds.C11R5D186.step_n24._native.native_decide.ax_1_3
NATIVE_BOOL_AXIOM_TYPE: Eq.{1}
  (Decidable.decide
    (Eq.{1}
      (∑ x ∈ ShannonBounds.Subst.T.{0} ShannonBounds.C11R5Tables.S_e788020168e26abb ShannonBounds.Letter.A,
        HMul.hMul.{0, 0, 0} (ShannonBounds.C11R5D186.w_n23 (x 0)) (ShannonBounds.C11R5D186.w_v (x 1)))
      (ShannonBounds.C11R5D186.w_n24 ShannonBounds.Letter.A)))
  Bool.true
NATIVE_BOOL_AXIOM_CHECKED: ShannonBounds.C11R5D186.step_n24._native.native_decide.ax_1_4
NATIVE_BOOL_AXIOM_TYPE: Eq.{1}
  (Decidable.decide
    (Eq.{1}
      (∑ x ∈ ShannonBounds.Subst.T.{0} ShannonBounds.C11R5Tables.S_e788020168e26abb ShannonBounds.Letter.D,
        HMul.hMul.{0, 0, 0} (ShannonBounds.C11R5D186.w_n23 (x 0)) (ShannonBounds.C11R5D186.w_v (x 1)))
      (ShannonBounds.C11R5D186.w_n24 ShannonBounds.Letter.D)))
  Bool.true
NATIVE_BOOL_AXIOM_CHECKED: ShannonBounds.C11R5D186.step_n24._native.native_decide.ax_1_5
NATIVE_BOOL_AXIOM_TYPE: Eq.{1}
  (Decidable.decide
    (Eq.{1}
      (∑ x ∈ ShannonBounds.Subst.T.{0} ShannonBounds.C11R5Tables.S_e788020168e26abb ShannonBounds.Letter.O,
        HMul.hMul.{0, 0, 0} (ShannonBounds.C11R5D186.w_n23 (x 0)) (ShannonBounds.C11R5D186.w_v (x 1)))
      (ShannonBounds.C11R5D186.w_n24 ShannonBounds.Letter.O)))
  Bool.true
NATIVE_BOOL_AXIOM_CHECKED: ShannonBounds.C11R5D186.step_n24._native.native_decide.ax_1_6
NATIVE_BOOL_AXIOM_TYPE: Eq.{1}
  (Decidable.decide
    (Eq.{1}
      (∑ x ∈ ShannonBounds.Subst.T.{0} ShannonBounds.C11R5Tables.S_e788020168e26abb ShannonBounds.Letter.H,
        HMul.hMul.{0, 0, 0} (ShannonBounds.C11R5D186.w_n23 (x 0)) (ShannonBounds.C11R5D186.w_v (x 1)))
      (ShannonBounds.C11R5D186.w_n24 ShannonBounds.Letter.H)))
  Bool.true
NATIVE_BOOL_AXIOM_CHECKED: ShannonBounds.C11R5D186.step_n24._native.native_decide.ax_1_7
NATIVE_BOOL_AXIOM_TYPE: Eq.{1}
  (Decidable.decide
    (Eq.{1}
      (∑ x ∈ ShannonBounds.Subst.T.{0} ShannonBounds.C11R5Tables.S_e788020168e26abb ShannonBounds.Letter.V,
        HMul.hMul.{0, 0, 0} (ShannonBounds.C11R5D186.w_n23 (x 0)) (ShannonBounds.C11R5D186.w_v (x 1)))
      (ShannonBounds.C11R5D186.w_n24 ShannonBounds.Letter.V)))
  Bool.true
NATIVE_BOOL_AXIOM_CHECKED: ShannonBounds.C11R5D186.step_n25._native.native_decide.ax_1_1
NATIVE_BOOL_AXIOM_TYPE: Eq.{1}
  (Decidable.decide
    (Eq.{1}
      (∑ x ∈ ShannonBounds.Subst.T.{0} ShannonBounds.C11R5Tables.S_7b6c163f0dc4b608 ShannonBounds.Letter.B,
        HMul.hMul.{0, 0, 0}
          (HMul.hMul.{0, 0, 0} (ShannonBounds.C11R5D186.w_n15 (x 0)) (ShannonBounds.C11R5D186.w_n13 (x 1)))
          (ShannonBounds.C11R5D186.w_n10 (x 2)))
      (ShannonBounds.C11R5D186.w_n25 ShannonBounds.Letter.B)))
  Bool.true
NATIVE_BOOL_AXIOM_CHECKED: ShannonBounds.C11R5D186.step_n25._native.native_decide.ax_1_2
NATIVE_BOOL_AXIOM_TYPE: Eq.{1}
  (Decidable.decide
    (Eq.{1}
      (∑ x ∈ ShannonBounds.Subst.T.{0} ShannonBounds.C11R5Tables.S_7b6c163f0dc4b608 ShannonBounds.Letter.N,
        HMul.hMul.{0, 0, 0}
          (HMul.hMul.{0, 0, 0} (ShannonBounds.C11R5D186.w_n15 (x 0)) (ShannonBounds.C11R5D186.w_n13 (x 1)))
          (ShannonBounds.C11R5D186.w_n10 (x 2)))
      (ShannonBounds.C11R5D186.w_n25 ShannonBounds.Letter.N)))
  Bool.true
NATIVE_BOOL_AXIOM_CHECKED: ShannonBounds.C11R5D186.step_n25._native.native_decide.ax_1_3
NATIVE_BOOL_AXIOM_TYPE: Eq.{1}
  (Decidable.decide
    (Eq.{1}
      (∑ x ∈ ShannonBounds.Subst.T.{0} ShannonBounds.C11R5Tables.S_7b6c163f0dc4b608 ShannonBounds.Letter.A,
        HMul.hMul.{0, 0, 0}
          (HMul.hMul.{0, 0, 0} (ShannonBounds.C11R5D186.w_n15 (x 0)) (ShannonBounds.C11R5D186.w_n13 (x 1)))
          (ShannonBounds.C11R5D186.w_n10 (x 2)))
      (ShannonBounds.C11R5D186.w_n25 ShannonBounds.Letter.A)))
  Bool.true
NATIVE_BOOL_AXIOM_CHECKED: ShannonBounds.C11R5D186.step_n25._native.native_decide.ax_1_4
NATIVE_BOOL_AXIOM_TYPE: Eq.{1}
  (Decidable.decide
    (Eq.{1}
      (∑ x ∈ ShannonBounds.Subst.T.{0} ShannonBounds.C11R5Tables.S_7b6c163f0dc4b608 ShannonBounds.Letter.D,
        HMul.hMul.{0, 0, 0}
          (HMul.hMul.{0, 0, 0} (ShannonBounds.C11R5D186.w_n15 (x 0)) (ShannonBounds.C11R5D186.w_n13 (x 1)))
          (ShannonBounds.C11R5D186.w_n10 (x 2)))
      (ShannonBounds.C11R5D186.w_n25 ShannonBounds.Letter.D)))
  Bool.true
NATIVE_BOOL_AXIOM_CHECKED: ShannonBounds.C11R5D186.step_n25._native.native_decide.ax_1_5
NATIVE_BOOL_AXIOM_TYPE: Eq.{1}
  (Decidable.decide
    (Eq.{1}
      (∑ x ∈ ShannonBounds.Subst.T.{0} ShannonBounds.C11R5Tables.S_7b6c163f0dc4b608 ShannonBounds.Letter.O,
        HMul.hMul.{0, 0, 0}
          (HMul.hMul.{0, 0, 0} (ShannonBounds.C11R5D186.w_n15 (x 0)) (ShannonBounds.C11R5D186.w_n13 (x 1)))
          (ShannonBounds.C11R5D186.w_n10 (x 2)))
      (ShannonBounds.C11R5D186.w_n25 ShannonBounds.Letter.O)))
  Bool.true
NATIVE_BOOL_AXIOM_CHECKED: ShannonBounds.C11R5D186.step_n25._native.native_decide.ax_1_6
NATIVE_BOOL_AXIOM_TYPE: Eq.{1}
  (Decidable.decide
    (Eq.{1}
      (∑ x ∈ ShannonBounds.Subst.T.{0} ShannonBounds.C11R5Tables.S_7b6c163f0dc4b608 ShannonBounds.Letter.H,
        HMul.hMul.{0, 0, 0}
          (HMul.hMul.{0, 0, 0} (ShannonBounds.C11R5D186.w_n15 (x 0)) (ShannonBounds.C11R5D186.w_n13 (x 1)))
          (ShannonBounds.C11R5D186.w_n10 (x 2)))
      (ShannonBounds.C11R5D186.w_n25 ShannonBounds.Letter.H)))
  Bool.true
NATIVE_BOOL_AXIOM_CHECKED: ShannonBounds.C11R5D186.step_n25._native.native_decide.ax_1_7
NATIVE_BOOL_AXIOM_TYPE: Eq.{1}
  (Decidable.decide
    (Eq.{1}
      (∑ x ∈ ShannonBounds.Subst.T.{0} ShannonBounds.C11R5Tables.S_7b6c163f0dc4b608 ShannonBounds.Letter.V,
        HMul.hMul.{0, 0, 0}
          (HMul.hMul.{0, 0, 0} (ShannonBounds.C11R5D186.w_n15 (x 0)) (ShannonBounds.C11R5D186.w_n13 (x 1)))
          (ShannonBounds.C11R5D186.w_n10 (x 2)))
      (ShannonBounds.C11R5D186.w_n25 ShannonBounds.Letter.V)))
  Bool.true
NATIVE_BOOL_AXIOM_CHECKED: ShannonBounds.C11R5D186.step_n26._native.native_decide.ax_1_1
NATIVE_BOOL_AXIOM_TYPE: Eq.{1}
  (Decidable.decide
    (Eq.{1}
      (∑ x ∈ ShannonBounds.Subst.T.{0} ShannonBounds.C11R5Tables.S_0058d965adce02f4 ShannonBounds.Letter.B,
        HMul.hMul.{0, 0, 0}
          (HMul.hMul.{0, 0, 0} (ShannonBounds.C11R5D186.w_n18 (x 0)) (ShannonBounds.C11R5D186.w_n24 (x 1)))
          (ShannonBounds.C11R5D186.w_n25 (x 2)))
      (ShannonBounds.C11R5D186.w_n26 ShannonBounds.Letter.B)))
  Bool.true
NATIVE_BOOL_AXIOM_CHECKED: ShannonBounds.C11R5D186.step_n26._native.native_decide.ax_1_2
NATIVE_BOOL_AXIOM_TYPE: Eq.{1}
  (Decidable.decide
    (Eq.{1}
      (∑ x ∈ ShannonBounds.Subst.T.{0} ShannonBounds.C11R5Tables.S_0058d965adce02f4 ShannonBounds.Letter.N,
        HMul.hMul.{0, 0, 0}
          (HMul.hMul.{0, 0, 0} (ShannonBounds.C11R5D186.w_n18 (x 0)) (ShannonBounds.C11R5D186.w_n24 (x 1)))
          (ShannonBounds.C11R5D186.w_n25 (x 2)))
      (ShannonBounds.C11R5D186.w_n26 ShannonBounds.Letter.N)))
  Bool.true
NATIVE_BOOL_AXIOM_CHECKED: ShannonBounds.C11R5D186.step_n26._native.native_decide.ax_1_3
NATIVE_BOOL_AXIOM_TYPE: Eq.{1}
  (Decidable.decide
    (Eq.{1}
      (∑ x ∈ ShannonBounds.Subst.T.{0} ShannonBounds.C11R5Tables.S_0058d965adce02f4 ShannonBounds.Letter.A,
        HMul.hMul.{0, 0, 0}
          (HMul.hMul.{0, 0, 0} (ShannonBounds.C11R5D186.w_n18 (x 0)) (ShannonBounds.C11R5D186.w_n24 (x 1)))
          (ShannonBounds.C11R5D186.w_n25 (x 2)))
      (ShannonBounds.C11R5D186.w_n26 ShannonBounds.Letter.A)))
  Bool.true
NATIVE_BOOL_AXIOM_CHECKED: ShannonBounds.C11R5D186.step_n26._native.native_decide.ax_1_4
NATIVE_BOOL_AXIOM_TYPE: Eq.{1}
  (Decidable.decide
    (Eq.{1}
      (∑ x ∈ ShannonBounds.Subst.T.{0} ShannonBounds.C11R5Tables.S_0058d965adce02f4 ShannonBounds.Letter.D,
        HMul.hMul.{0, 0, 0}
          (HMul.hMul.{0, 0, 0} (ShannonBounds.C11R5D186.w_n18 (x 0)) (ShannonBounds.C11R5D186.w_n24 (x 1)))
          (ShannonBounds.C11R5D186.w_n25 (x 2)))
      (ShannonBounds.C11R5D186.w_n26 ShannonBounds.Letter.D)))
  Bool.true
NATIVE_BOOL_AXIOM_CHECKED: ShannonBounds.C11R5D186.step_n26._native.native_decide.ax_1_5
NATIVE_BOOL_AXIOM_TYPE: Eq.{1}
  (Decidable.decide
    (Eq.{1}
      (∑ x ∈ ShannonBounds.Subst.T.{0} ShannonBounds.C11R5Tables.S_0058d965adce02f4 ShannonBounds.Letter.O,
        HMul.hMul.{0, 0, 0}
          (HMul.hMul.{0, 0, 0} (ShannonBounds.C11R5D186.w_n18 (x 0)) (ShannonBounds.C11R5D186.w_n24 (x 1)))
          (ShannonBounds.C11R5D186.w_n25 (x 2)))
      (ShannonBounds.C11R5D186.w_n26 ShannonBounds.Letter.O)))
  Bool.true
NATIVE_BOOL_AXIOM_CHECKED: ShannonBounds.C11R5D186.step_n26._native.native_decide.ax_1_6
NATIVE_BOOL_AXIOM_TYPE: Eq.{1}
  (Decidable.decide
    (Eq.{1}
      (∑ x ∈ ShannonBounds.Subst.T.{0} ShannonBounds.C11R5Tables.S_0058d965adce02f4 ShannonBounds.Letter.H,
        HMul.hMul.{0, 0, 0}
          (HMul.hMul.{0, 0, 0} (ShannonBounds.C11R5D186.w_n18 (x 0)) (ShannonBounds.C11R5D186.w_n24 (x 1)))
          (ShannonBounds.C11R5D186.w_n25 (x 2)))
      (ShannonBounds.C11R5D186.w_n26 ShannonBounds.Letter.H)))
  Bool.true
NATIVE_BOOL_AXIOM_CHECKED: ShannonBounds.C11R5D186.step_n26._native.native_decide.ax_1_7
NATIVE_BOOL_AXIOM_TYPE: Eq.{1}
  (Decidable.decide
    (Eq.{1}
      (∑ x ∈ ShannonBounds.Subst.T.{0} ShannonBounds.C11R5Tables.S_0058d965adce02f4 ShannonBounds.Letter.V,
        HMul.hMul.{0, 0, 0}
          (HMul.hMul.{0, 0, 0} (ShannonBounds.C11R5D186.w_n18 (x 0)) (ShannonBounds.C11R5D186.w_n24 (x 1)))
          (ShannonBounds.C11R5D186.w_n25 (x 2)))
      (ShannonBounds.C11R5D186.w_n26 ShannonBounds.Letter.V)))
  Bool.true
NATIVE_BOOL_AXIOM_CHECKED: ShannonBounds.C11R5D186.step_n3._native.native_decide.ax_1_1
NATIVE_BOOL_AXIOM_TYPE: Eq.{1}
  (Decidable.decide
    (Eq.{1}
      (∑ x ∈ ShannonBounds.Subst.T.{0} ShannonBounds.C11R5Tables.S_e9ef2871c79d62be ShannonBounds.Letter.B,
        HMul.hMul.{0, 0, 0} (ShannonBounds.C11R5D186.w_n2 (x 0)) (ShannonBounds.C11R5D186.w_v (x 1)))
      (ShannonBounds.C11R5D186.w_n3 ShannonBounds.Letter.B)))
  Bool.true
NATIVE_BOOL_AXIOM_CHECKED: ShannonBounds.C11R5D186.step_n3._native.native_decide.ax_1_2
NATIVE_BOOL_AXIOM_TYPE: Eq.{1}
  (Decidable.decide
    (Eq.{1}
      (∑ x ∈ ShannonBounds.Subst.T.{0} ShannonBounds.C11R5Tables.S_e9ef2871c79d62be ShannonBounds.Letter.N,
        HMul.hMul.{0, 0, 0} (ShannonBounds.C11R5D186.w_n2 (x 0)) (ShannonBounds.C11R5D186.w_v (x 1)))
      (ShannonBounds.C11R5D186.w_n3 ShannonBounds.Letter.N)))
  Bool.true
NATIVE_BOOL_AXIOM_CHECKED: ShannonBounds.C11R5D186.step_n3._native.native_decide.ax_1_3
NATIVE_BOOL_AXIOM_TYPE: Eq.{1}
  (Decidable.decide
    (Eq.{1}
      (∑ x ∈ ShannonBounds.Subst.T.{0} ShannonBounds.C11R5Tables.S_e9ef2871c79d62be ShannonBounds.Letter.A,
        HMul.hMul.{0, 0, 0} (ShannonBounds.C11R5D186.w_n2 (x 0)) (ShannonBounds.C11R5D186.w_v (x 1)))
      (ShannonBounds.C11R5D186.w_n3 ShannonBounds.Letter.A)))
  Bool.true
NATIVE_BOOL_AXIOM_CHECKED: ShannonBounds.C11R5D186.step_n3._native.native_decide.ax_1_4
NATIVE_BOOL_AXIOM_TYPE: Eq.{1}
  (Decidable.decide
    (Eq.{1}
      (∑ x ∈ ShannonBounds.Subst.T.{0} ShannonBounds.C11R5Tables.S_e9ef2871c79d62be ShannonBounds.Letter.D,
        HMul.hMul.{0, 0, 0} (ShannonBounds.C11R5D186.w_n2 (x 0)) (ShannonBounds.C11R5D186.w_v (x 1)))
      (ShannonBounds.C11R5D186.w_n3 ShannonBounds.Letter.D)))
  Bool.true
NATIVE_BOOL_AXIOM_CHECKED: ShannonBounds.C11R5D186.step_n3._native.native_decide.ax_1_5
NATIVE_BOOL_AXIOM_TYPE: Eq.{1}
  (Decidable.decide
    (Eq.{1}
      (∑ x ∈ ShannonBounds.Subst.T.{0} ShannonBounds.C11R5Tables.S_e9ef2871c79d62be ShannonBounds.Letter.O,
        HMul.hMul.{0, 0, 0} (ShannonBounds.C11R5D186.w_n2 (x 0)) (ShannonBounds.C11R5D186.w_v (x 1)))
      (ShannonBounds.C11R5D186.w_n3 ShannonBounds.Letter.O)))
  Bool.true
NATIVE_BOOL_AXIOM_CHECKED: ShannonBounds.C11R5D186.step_n3._native.native_decide.ax_1_6
NATIVE_BOOL_AXIOM_TYPE: Eq.{1}
  (Decidable.decide
    (Eq.{1}
      (∑ x ∈ ShannonBounds.Subst.T.{0} ShannonBounds.C11R5Tables.S_e9ef2871c79d62be ShannonBounds.Letter.H,
        HMul.hMul.{0, 0, 0} (ShannonBounds.C11R5D186.w_n2 (x 0)) (ShannonBounds.C11R5D186.w_v (x 1)))
      (ShannonBounds.C11R5D186.w_n3 ShannonBounds.Letter.H)))
  Bool.true
NATIVE_BOOL_AXIOM_CHECKED: ShannonBounds.C11R5D186.step_n3._native.native_decide.ax_1_7
NATIVE_BOOL_AXIOM_TYPE: Eq.{1}
  (Decidable.decide
    (Eq.{1}
      (∑ x ∈ ShannonBounds.Subst.T.{0} ShannonBounds.C11R5Tables.S_e9ef2871c79d62be ShannonBounds.Letter.V,
        HMul.hMul.{0, 0, 0} (ShannonBounds.C11R5D186.w_n2 (x 0)) (ShannonBounds.C11R5D186.w_v (x 1)))
      (ShannonBounds.C11R5D186.w_n3 ShannonBounds.Letter.V)))
  Bool.true
NATIVE_BOOL_AXIOM_CHECKED: ShannonBounds.C11R5D186.step_n4._native.native_decide.ax_1_1
NATIVE_BOOL_AXIOM_TYPE: Eq.{1}
  (Decidable.decide
    (Eq.{1}
      (∑ x ∈ ShannonBounds.Subst.T.{0} ShannonBounds.C11R5Tables.S_e788020168e26abb ShannonBounds.Letter.B,
        HMul.hMul.{0, 0, 0} (ShannonBounds.C11R5D186.w_n3 (x 0)) (ShannonBounds.C11R5D186.w_v (x 1)))
      (ShannonBounds.C11R5D186.w_n4 ShannonBounds.Letter.B)))
  Bool.true
NATIVE_BOOL_AXIOM_CHECKED: ShannonBounds.C11R5D186.step_n4._native.native_decide.ax_1_2
NATIVE_BOOL_AXIOM_TYPE: Eq.{1}
  (Decidable.decide
    (Eq.{1}
      (∑ x ∈ ShannonBounds.Subst.T.{0} ShannonBounds.C11R5Tables.S_e788020168e26abb ShannonBounds.Letter.N,
        HMul.hMul.{0, 0, 0} (ShannonBounds.C11R5D186.w_n3 (x 0)) (ShannonBounds.C11R5D186.w_v (x 1)))
      (ShannonBounds.C11R5D186.w_n4 ShannonBounds.Letter.N)))
  Bool.true
NATIVE_BOOL_AXIOM_CHECKED: ShannonBounds.C11R5D186.step_n4._native.native_decide.ax_1_3
NATIVE_BOOL_AXIOM_TYPE: Eq.{1}
  (Decidable.decide
    (Eq.{1}
      (∑ x ∈ ShannonBounds.Subst.T.{0} ShannonBounds.C11R5Tables.S_e788020168e26abb ShannonBounds.Letter.A,
        HMul.hMul.{0, 0, 0} (ShannonBounds.C11R5D186.w_n3 (x 0)) (ShannonBounds.C11R5D186.w_v (x 1)))
      (ShannonBounds.C11R5D186.w_n4 ShannonBounds.Letter.A)))
  Bool.true
NATIVE_BOOL_AXIOM_CHECKED: ShannonBounds.C11R5D186.step_n4._native.native_decide.ax_1_4
NATIVE_BOOL_AXIOM_TYPE: Eq.{1}
  (Decidable.decide
    (Eq.{1}
      (∑ x ∈ ShannonBounds.Subst.T.{0} ShannonBounds.C11R5Tables.S_e788020168e26abb ShannonBounds.Letter.D,
        HMul.hMul.{0, 0, 0} (ShannonBounds.C11R5D186.w_n3 (x 0)) (ShannonBounds.C11R5D186.w_v (x 1)))
      (ShannonBounds.C11R5D186.w_n4 ShannonBounds.Letter.D)))
  Bool.true
NATIVE_BOOL_AXIOM_CHECKED: ShannonBounds.C11R5D186.step_n4._native.native_decide.ax_1_5
NATIVE_BOOL_AXIOM_TYPE: Eq.{1}
  (Decidable.decide
    (Eq.{1}
      (∑ x ∈ ShannonBounds.Subst.T.{0} ShannonBounds.C11R5Tables.S_e788020168e26abb ShannonBounds.Letter.O,
        HMul.hMul.{0, 0, 0} (ShannonBounds.C11R5D186.w_n3 (x 0)) (ShannonBounds.C11R5D186.w_v (x 1)))
      (ShannonBounds.C11R5D186.w_n4 ShannonBounds.Letter.O)))
  Bool.true
NATIVE_BOOL_AXIOM_CHECKED: ShannonBounds.C11R5D186.step_n4._native.native_decide.ax_1_6
NATIVE_BOOL_AXIOM_TYPE: Eq.{1}
  (Decidable.decide
    (Eq.{1}
      (∑ x ∈ ShannonBounds.Subst.T.{0} ShannonBounds.C11R5Tables.S_e788020168e26abb ShannonBounds.Letter.H,
        HMul.hMul.{0, 0, 0} (ShannonBounds.C11R5D186.w_n3 (x 0)) (ShannonBounds.C11R5D186.w_v (x 1)))
      (ShannonBounds.C11R5D186.w_n4 ShannonBounds.Letter.H)))
  Bool.true
NATIVE_BOOL_AXIOM_CHECKED: ShannonBounds.C11R5D186.step_n4._native.native_decide.ax_1_7
NATIVE_BOOL_AXIOM_TYPE: Eq.{1}
  (Decidable.decide
    (Eq.{1}
      (∑ x ∈ ShannonBounds.Subst.T.{0} ShannonBounds.C11R5Tables.S_e788020168e26abb ShannonBounds.Letter.V,
        HMul.hMul.{0, 0, 0} (ShannonBounds.C11R5D186.w_n3 (x 0)) (ShannonBounds.C11R5D186.w_v (x 1)))
      (ShannonBounds.C11R5D186.w_n4 ShannonBounds.Letter.V)))
  Bool.true
NATIVE_BOOL_AXIOM_CHECKED: ShannonBounds.C11R5D186.step_n5._native.native_decide.ax_1_1
NATIVE_BOOL_AXIOM_TYPE: Eq.{1}
  (Decidable.decide
    (Eq.{1}
      (∑ x ∈ ShannonBounds.Subst.T.{0} ShannonBounds.C11R5Tables.S_18277b0c484b4c41 ShannonBounds.Letter.B,
        HMul.hMul.{0, 0, 0}
          (HMul.hMul.{0, 0, 0} (ShannonBounds.C11R5D186.w_v (x 0)) (ShannonBounds.C11R5D186.w_v (x 1)))
          (ShannonBounds.C11R5D186.w_v (x 2)))
      (ShannonBounds.C11R5D186.w_n5 ShannonBounds.Letter.B)))
  Bool.true
NATIVE_BOOL_AXIOM_CHECKED: ShannonBounds.C11R5D186.step_n5._native.native_decide.ax_1_2
NATIVE_BOOL_AXIOM_TYPE: Eq.{1}
  (Decidable.decide
    (Eq.{1}
      (∑ x ∈ ShannonBounds.Subst.T.{0} ShannonBounds.C11R5Tables.S_18277b0c484b4c41 ShannonBounds.Letter.N,
        HMul.hMul.{0, 0, 0}
          (HMul.hMul.{0, 0, 0} (ShannonBounds.C11R5D186.w_v (x 0)) (ShannonBounds.C11R5D186.w_v (x 1)))
          (ShannonBounds.C11R5D186.w_v (x 2)))
      (ShannonBounds.C11R5D186.w_n5 ShannonBounds.Letter.N)))
  Bool.true
NATIVE_BOOL_AXIOM_CHECKED: ShannonBounds.C11R5D186.step_n5._native.native_decide.ax_1_3
NATIVE_BOOL_AXIOM_TYPE: Eq.{1}
  (Decidable.decide
    (Eq.{1}
      (∑ x ∈ ShannonBounds.Subst.T.{0} ShannonBounds.C11R5Tables.S_18277b0c484b4c41 ShannonBounds.Letter.A,
        HMul.hMul.{0, 0, 0}
          (HMul.hMul.{0, 0, 0} (ShannonBounds.C11R5D186.w_v (x 0)) (ShannonBounds.C11R5D186.w_v (x 1)))
          (ShannonBounds.C11R5D186.w_v (x 2)))
      (ShannonBounds.C11R5D186.w_n5 ShannonBounds.Letter.A)))
  Bool.true
NATIVE_BOOL_AXIOM_CHECKED: ShannonBounds.C11R5D186.step_n5._native.native_decide.ax_1_4
NATIVE_BOOL_AXIOM_TYPE: Eq.{1}
  (Decidable.decide
    (Eq.{1}
      (∑ x ∈ ShannonBounds.Subst.T.{0} ShannonBounds.C11R5Tables.S_18277b0c484b4c41 ShannonBounds.Letter.D,
        HMul.hMul.{0, 0, 0}
          (HMul.hMul.{0, 0, 0} (ShannonBounds.C11R5D186.w_v (x 0)) (ShannonBounds.C11R5D186.w_v (x 1)))
          (ShannonBounds.C11R5D186.w_v (x 2)))
      (ShannonBounds.C11R5D186.w_n5 ShannonBounds.Letter.D)))
  Bool.true
NATIVE_BOOL_AXIOM_CHECKED: ShannonBounds.C11R5D186.step_n5._native.native_decide.ax_1_5
NATIVE_BOOL_AXIOM_TYPE: Eq.{1}
  (Decidable.decide
    (Eq.{1}
      (∑ x ∈ ShannonBounds.Subst.T.{0} ShannonBounds.C11R5Tables.S_18277b0c484b4c41 ShannonBounds.Letter.O,
        HMul.hMul.{0, 0, 0}
          (HMul.hMul.{0, 0, 0} (ShannonBounds.C11R5D186.w_v (x 0)) (ShannonBounds.C11R5D186.w_v (x 1)))
          (ShannonBounds.C11R5D186.w_v (x 2)))
      (ShannonBounds.C11R5D186.w_n5 ShannonBounds.Letter.O)))
  Bool.true
NATIVE_BOOL_AXIOM_CHECKED: ShannonBounds.C11R5D186.step_n5._native.native_decide.ax_1_6
NATIVE_BOOL_AXIOM_TYPE: Eq.{1}
  (Decidable.decide
    (Eq.{1}
      (∑ x ∈ ShannonBounds.Subst.T.{0} ShannonBounds.C11R5Tables.S_18277b0c484b4c41 ShannonBounds.Letter.H,
        HMul.hMul.{0, 0, 0}
          (HMul.hMul.{0, 0, 0} (ShannonBounds.C11R5D186.w_v (x 0)) (ShannonBounds.C11R5D186.w_v (x 1)))
          (ShannonBounds.C11R5D186.w_v (x 2)))
      (ShannonBounds.C11R5D186.w_n5 ShannonBounds.Letter.H)))
  Bool.true
NATIVE_BOOL_AXIOM_CHECKED: ShannonBounds.C11R5D186.step_n5._native.native_decide.ax_1_7
NATIVE_BOOL_AXIOM_TYPE: Eq.{1}
  (Decidable.decide
    (Eq.{1}
      (∑ x ∈ ShannonBounds.Subst.T.{0} ShannonBounds.C11R5Tables.S_18277b0c484b4c41 ShannonBounds.Letter.V,
        HMul.hMul.{0, 0, 0}
          (HMul.hMul.{0, 0, 0} (ShannonBounds.C11R5D186.w_v (x 0)) (ShannonBounds.C11R5D186.w_v (x 1)))
          (ShannonBounds.C11R5D186.w_v (x 2)))
      (ShannonBounds.C11R5D186.w_n5 ShannonBounds.Letter.V)))
  Bool.true
NATIVE_BOOL_AXIOM_CHECKED: ShannonBounds.C11R5D186.step_n6._native.native_decide.ax_1_1
NATIVE_BOOL_AXIOM_TYPE: Eq.{1}
  (Decidable.decide
    (Eq.{1}
      (∑ x ∈ ShannonBounds.Subst.T.{0} ShannonBounds.C11R5Tables.S_3daf90758a80fbb9 ShannonBounds.Letter.B,
        HMul.hMul.{0, 0, 0}
          (HMul.hMul.{0, 0, 0} (ShannonBounds.C11R5D186.w_n5 (x 0)) (ShannonBounds.C11R5D186.w_v (x 1)))
          (ShannonBounds.C11R5D186.w_v (x 2)))
      (ShannonBounds.C11R5D186.w_n6 ShannonBounds.Letter.B)))
  Bool.true
NATIVE_BOOL_AXIOM_CHECKED: ShannonBounds.C11R5D186.step_n6._native.native_decide.ax_1_2
NATIVE_BOOL_AXIOM_TYPE: Eq.{1}
  (Decidable.decide
    (Eq.{1}
      (∑ x ∈ ShannonBounds.Subst.T.{0} ShannonBounds.C11R5Tables.S_3daf90758a80fbb9 ShannonBounds.Letter.N,
        HMul.hMul.{0, 0, 0}
          (HMul.hMul.{0, 0, 0} (ShannonBounds.C11R5D186.w_n5 (x 0)) (ShannonBounds.C11R5D186.w_v (x 1)))
          (ShannonBounds.C11R5D186.w_v (x 2)))
      (ShannonBounds.C11R5D186.w_n6 ShannonBounds.Letter.N)))
  Bool.true
NATIVE_BOOL_AXIOM_CHECKED: ShannonBounds.C11R5D186.step_n6._native.native_decide.ax_1_3
NATIVE_BOOL_AXIOM_TYPE: Eq.{1}
  (Decidable.decide
    (Eq.{1}
      (∑ x ∈ ShannonBounds.Subst.T.{0} ShannonBounds.C11R5Tables.S_3daf90758a80fbb9 ShannonBounds.Letter.A,
        HMul.hMul.{0, 0, 0}
          (HMul.hMul.{0, 0, 0} (ShannonBounds.C11R5D186.w_n5 (x 0)) (ShannonBounds.C11R5D186.w_v (x 1)))
          (ShannonBounds.C11R5D186.w_v (x 2)))
      (ShannonBounds.C11R5D186.w_n6 ShannonBounds.Letter.A)))
  Bool.true
NATIVE_BOOL_AXIOM_CHECKED: ShannonBounds.C11R5D186.step_n6._native.native_decide.ax_1_4
NATIVE_BOOL_AXIOM_TYPE: Eq.{1}
  (Decidable.decide
    (Eq.{1}
      (∑ x ∈ ShannonBounds.Subst.T.{0} ShannonBounds.C11R5Tables.S_3daf90758a80fbb9 ShannonBounds.Letter.D,
        HMul.hMul.{0, 0, 0}
          (HMul.hMul.{0, 0, 0} (ShannonBounds.C11R5D186.w_n5 (x 0)) (ShannonBounds.C11R5D186.w_v (x 1)))
          (ShannonBounds.C11R5D186.w_v (x 2)))
      (ShannonBounds.C11R5D186.w_n6 ShannonBounds.Letter.D)))
  Bool.true
NATIVE_BOOL_AXIOM_CHECKED: ShannonBounds.C11R5D186.step_n6._native.native_decide.ax_1_5
NATIVE_BOOL_AXIOM_TYPE: Eq.{1}
  (Decidable.decide
    (Eq.{1}
      (∑ x ∈ ShannonBounds.Subst.T.{0} ShannonBounds.C11R5Tables.S_3daf90758a80fbb9 ShannonBounds.Letter.O,
        HMul.hMul.{0, 0, 0}
          (HMul.hMul.{0, 0, 0} (ShannonBounds.C11R5D186.w_n5 (x 0)) (ShannonBounds.C11R5D186.w_v (x 1)))
          (ShannonBounds.C11R5D186.w_v (x 2)))
      (ShannonBounds.C11R5D186.w_n6 ShannonBounds.Letter.O)))
  Bool.true
NATIVE_BOOL_AXIOM_CHECKED: ShannonBounds.C11R5D186.step_n6._native.native_decide.ax_1_6
NATIVE_BOOL_AXIOM_TYPE: Eq.{1}
  (Decidable.decide
    (Eq.{1}
      (∑ x ∈ ShannonBounds.Subst.T.{0} ShannonBounds.C11R5Tables.S_3daf90758a80fbb9 ShannonBounds.Letter.H,
        HMul.hMul.{0, 0, 0}
          (HMul.hMul.{0, 0, 0} (ShannonBounds.C11R5D186.w_n5 (x 0)) (ShannonBounds.C11R5D186.w_v (x 1)))
          (ShannonBounds.C11R5D186.w_v (x 2)))
      (ShannonBounds.C11R5D186.w_n6 ShannonBounds.Letter.H)))
  Bool.true
NATIVE_BOOL_AXIOM_CHECKED: ShannonBounds.C11R5D186.step_n6._native.native_decide.ax_1_7
NATIVE_BOOL_AXIOM_TYPE: Eq.{1}
  (Decidable.decide
    (Eq.{1}
      (∑ x ∈ ShannonBounds.Subst.T.{0} ShannonBounds.C11R5Tables.S_3daf90758a80fbb9 ShannonBounds.Letter.V,
        HMul.hMul.{0, 0, 0}
          (HMul.hMul.{0, 0, 0} (ShannonBounds.C11R5D186.w_n5 (x 0)) (ShannonBounds.C11R5D186.w_v (x 1)))
          (ShannonBounds.C11R5D186.w_v (x 2)))
      (ShannonBounds.C11R5D186.w_n6 ShannonBounds.Letter.V)))
  Bool.true
NATIVE_BOOL_AXIOM_CHECKED: ShannonBounds.C11R5D186.step_n7._native.native_decide.ax_1_1
NATIVE_BOOL_AXIOM_TYPE: Eq.{1}
  (Decidable.decide
    (Eq.{1}
      (∑ x ∈ ShannonBounds.Subst.T.{0} ShannonBounds.C11R5Tables.S_e788020168e26abb ShannonBounds.Letter.B,
        HMul.hMul.{0, 0, 0} (ShannonBounds.C11R5D186.w_n6 (x 0)) (ShannonBounds.C11R5D186.w_v (x 1)))
      (ShannonBounds.C11R5D186.w_n7 ShannonBounds.Letter.B)))
  Bool.true
NATIVE_BOOL_AXIOM_CHECKED: ShannonBounds.C11R5D186.step_n7._native.native_decide.ax_1_2
NATIVE_BOOL_AXIOM_TYPE: Eq.{1}
  (Decidable.decide
    (Eq.{1}
      (∑ x ∈ ShannonBounds.Subst.T.{0} ShannonBounds.C11R5Tables.S_e788020168e26abb ShannonBounds.Letter.N,
        HMul.hMul.{0, 0, 0} (ShannonBounds.C11R5D186.w_n6 (x 0)) (ShannonBounds.C11R5D186.w_v (x 1)))
      (ShannonBounds.C11R5D186.w_n7 ShannonBounds.Letter.N)))
  Bool.true
NATIVE_BOOL_AXIOM_CHECKED: ShannonBounds.C11R5D186.step_n7._native.native_decide.ax_1_3
NATIVE_BOOL_AXIOM_TYPE: Eq.{1}
  (Decidable.decide
    (Eq.{1}
      (∑ x ∈ ShannonBounds.Subst.T.{0} ShannonBounds.C11R5Tables.S_e788020168e26abb ShannonBounds.Letter.A,
        HMul.hMul.{0, 0, 0} (ShannonBounds.C11R5D186.w_n6 (x 0)) (ShannonBounds.C11R5D186.w_v (x 1)))
      (ShannonBounds.C11R5D186.w_n7 ShannonBounds.Letter.A)))
  Bool.true
NATIVE_BOOL_AXIOM_CHECKED: ShannonBounds.C11R5D186.step_n7._native.native_decide.ax_1_4
NATIVE_BOOL_AXIOM_TYPE: Eq.{1}
  (Decidable.decide
    (Eq.{1}
      (∑ x ∈ ShannonBounds.Subst.T.{0} ShannonBounds.C11R5Tables.S_e788020168e26abb ShannonBounds.Letter.D,
        HMul.hMul.{0, 0, 0} (ShannonBounds.C11R5D186.w_n6 (x 0)) (ShannonBounds.C11R5D186.w_v (x 1)))
      (ShannonBounds.C11R5D186.w_n7 ShannonBounds.Letter.D)))
  Bool.true
NATIVE_BOOL_AXIOM_CHECKED: ShannonBounds.C11R5D186.step_n7._native.native_decide.ax_1_5
NATIVE_BOOL_AXIOM_TYPE: Eq.{1}
  (Decidable.decide
    (Eq.{1}
      (∑ x ∈ ShannonBounds.Subst.T.{0} ShannonBounds.C11R5Tables.S_e788020168e26abb ShannonBounds.Letter.O,
        HMul.hMul.{0, 0, 0} (ShannonBounds.C11R5D186.w_n6 (x 0)) (ShannonBounds.C11R5D186.w_v (x 1)))
      (ShannonBounds.C11R5D186.w_n7 ShannonBounds.Letter.O)))
  Bool.true
NATIVE_BOOL_AXIOM_CHECKED: ShannonBounds.C11R5D186.step_n7._native.native_decide.ax_1_6
NATIVE_BOOL_AXIOM_TYPE: Eq.{1}
  (Decidable.decide
    (Eq.{1}
      (∑ x ∈ ShannonBounds.Subst.T.{0} ShannonBounds.C11R5Tables.S_e788020168e26abb ShannonBounds.Letter.H,
        HMul.hMul.{0, 0, 0} (ShannonBounds.C11R5D186.w_n6 (x 0)) (ShannonBounds.C11R5D186.w_v (x 1)))
      (ShannonBounds.C11R5D186.w_n7 ShannonBounds.Letter.H)))
  Bool.true
NATIVE_BOOL_AXIOM_CHECKED: ShannonBounds.C11R5D186.step_n7._native.native_decide.ax_1_7
NATIVE_BOOL_AXIOM_TYPE: Eq.{1}
  (Decidable.decide
    (Eq.{1}
      (∑ x ∈ ShannonBounds.Subst.T.{0} ShannonBounds.C11R5Tables.S_e788020168e26abb ShannonBounds.Letter.V,
        HMul.hMul.{0, 0, 0} (ShannonBounds.C11R5D186.w_n6 (x 0)) (ShannonBounds.C11R5D186.w_v (x 1)))
      (ShannonBounds.C11R5D186.w_n7 ShannonBounds.Letter.V)))
  Bool.true
NATIVE_BOOL_AXIOM_CHECKED: ShannonBounds.C11R5D186.step_n8._native.native_decide.ax_1_1
NATIVE_BOOL_AXIOM_TYPE: Eq.{1}
  (Decidable.decide
    (Eq.{1}
      (∑ x ∈ ShannonBounds.Subst.T.{0} ShannonBounds.C11R5Tables.S_6859b0ec25991d42 ShannonBounds.Letter.B,
        HMul.hMul.{0, 0, 0}
          (HMul.hMul.{0, 0, 0} (ShannonBounds.C11R5D186.w_v (x 0)) (ShannonBounds.C11R5D186.w_v (x 1)))
          (ShannonBounds.C11R5D186.w_v (x 2)))
      (ShannonBounds.C11R5D186.w_n8 ShannonBounds.Letter.B)))
  Bool.true
NATIVE_BOOL_AXIOM_CHECKED: ShannonBounds.C11R5D186.step_n8._native.native_decide.ax_1_2
NATIVE_BOOL_AXIOM_TYPE: Eq.{1}
  (Decidable.decide
    (Eq.{1}
      (∑ x ∈ ShannonBounds.Subst.T.{0} ShannonBounds.C11R5Tables.S_6859b0ec25991d42 ShannonBounds.Letter.N,
        HMul.hMul.{0, 0, 0}
          (HMul.hMul.{0, 0, 0} (ShannonBounds.C11R5D186.w_v (x 0)) (ShannonBounds.C11R5D186.w_v (x 1)))
          (ShannonBounds.C11R5D186.w_v (x 2)))
      (ShannonBounds.C11R5D186.w_n8 ShannonBounds.Letter.N)))
  Bool.true
NATIVE_BOOL_AXIOM_CHECKED: ShannonBounds.C11R5D186.step_n8._native.native_decide.ax_1_3
NATIVE_BOOL_AXIOM_TYPE: Eq.{1}
  (Decidable.decide
    (Eq.{1}
      (∑ x ∈ ShannonBounds.Subst.T.{0} ShannonBounds.C11R5Tables.S_6859b0ec25991d42 ShannonBounds.Letter.A,
        HMul.hMul.{0, 0, 0}
          (HMul.hMul.{0, 0, 0} (ShannonBounds.C11R5D186.w_v (x 0)) (ShannonBounds.C11R5D186.w_v (x 1)))
          (ShannonBounds.C11R5D186.w_v (x 2)))
      (ShannonBounds.C11R5D186.w_n8 ShannonBounds.Letter.A)))
  Bool.true
NATIVE_BOOL_AXIOM_CHECKED: ShannonBounds.C11R5D186.step_n8._native.native_decide.ax_1_4
NATIVE_BOOL_AXIOM_TYPE: Eq.{1}
  (Decidable.decide
    (Eq.{1}
      (∑ x ∈ ShannonBounds.Subst.T.{0} ShannonBounds.C11R5Tables.S_6859b0ec25991d42 ShannonBounds.Letter.D,
        HMul.hMul.{0, 0, 0}
          (HMul.hMul.{0, 0, 0} (ShannonBounds.C11R5D186.w_v (x 0)) (ShannonBounds.C11R5D186.w_v (x 1)))
          (ShannonBounds.C11R5D186.w_v (x 2)))
      (ShannonBounds.C11R5D186.w_n8 ShannonBounds.Letter.D)))
  Bool.true
NATIVE_BOOL_AXIOM_CHECKED: ShannonBounds.C11R5D186.step_n8._native.native_decide.ax_1_5
NATIVE_BOOL_AXIOM_TYPE: Eq.{1}
  (Decidable.decide
    (Eq.{1}
      (∑ x ∈ ShannonBounds.Subst.T.{0} ShannonBounds.C11R5Tables.S_6859b0ec25991d42 ShannonBounds.Letter.O,
        HMul.hMul.{0, 0, 0}
          (HMul.hMul.{0, 0, 0} (ShannonBounds.C11R5D186.w_v (x 0)) (ShannonBounds.C11R5D186.w_v (x 1)))
          (ShannonBounds.C11R5D186.w_v (x 2)))
      (ShannonBounds.C11R5D186.w_n8 ShannonBounds.Letter.O)))
  Bool.true
NATIVE_BOOL_AXIOM_CHECKED: ShannonBounds.C11R5D186.step_n8._native.native_decide.ax_1_6
NATIVE_BOOL_AXIOM_TYPE: Eq.{1}
  (Decidable.decide
    (Eq.{1}
      (∑ x ∈ ShannonBounds.Subst.T.{0} ShannonBounds.C11R5Tables.S_6859b0ec25991d42 ShannonBounds.Letter.H,
        HMul.hMul.{0, 0, 0}
          (HMul.hMul.{0, 0, 0} (ShannonBounds.C11R5D186.w_v (x 0)) (ShannonBounds.C11R5D186.w_v (x 1)))
          (ShannonBounds.C11R5D186.w_v (x 2)))
      (ShannonBounds.C11R5D186.w_n8 ShannonBounds.Letter.H)))
  Bool.true
NATIVE_BOOL_AXIOM_CHECKED: ShannonBounds.C11R5D186.step_n8._native.native_decide.ax_1_7
NATIVE_BOOL_AXIOM_TYPE: Eq.{1}
  (Decidable.decide
    (Eq.{1}
      (∑ x ∈ ShannonBounds.Subst.T.{0} ShannonBounds.C11R5Tables.S_6859b0ec25991d42 ShannonBounds.Letter.V,
        HMul.hMul.{0, 0, 0}
          (HMul.hMul.{0, 0, 0} (ShannonBounds.C11R5D186.w_v (x 0)) (ShannonBounds.C11R5D186.w_v (x 1)))
          (ShannonBounds.C11R5D186.w_v (x 2)))
      (ShannonBounds.C11R5D186.w_n8 ShannonBounds.Letter.V)))
  Bool.true
NATIVE_BOOL_AXIOM_CHECKED: ShannonBounds.C11R5D186.step_n9._native.native_decide.ax_1_1
NATIVE_BOOL_AXIOM_TYPE: Eq.{1}
  (Decidable.decide
    (Eq.{1}
      (∑ x ∈ ShannonBounds.Subst.T.{0} ShannonBounds.C11R5Tables.S_f621e9dcab9f974c ShannonBounds.Letter.B,
        HMul.hMul.{0, 0, 0}
          (HMul.hMul.{0, 0, 0} (ShannonBounds.C11R5D186.w_v (x 0)) (ShannonBounds.C11R5D186.w_v (x 1)))
          (ShannonBounds.C11R5D186.w_n8 (x 2)))
      (ShannonBounds.C11R5D186.w_n9 ShannonBounds.Letter.B)))
  Bool.true
NATIVE_BOOL_AXIOM_CHECKED: ShannonBounds.C11R5D186.step_n9._native.native_decide.ax_1_2
NATIVE_BOOL_AXIOM_TYPE: Eq.{1}
  (Decidable.decide
    (Eq.{1}
      (∑ x ∈ ShannonBounds.Subst.T.{0} ShannonBounds.C11R5Tables.S_f621e9dcab9f974c ShannonBounds.Letter.N,
        HMul.hMul.{0, 0, 0}
          (HMul.hMul.{0, 0, 0} (ShannonBounds.C11R5D186.w_v (x 0)) (ShannonBounds.C11R5D186.w_v (x 1)))
          (ShannonBounds.C11R5D186.w_n8 (x 2)))
      (ShannonBounds.C11R5D186.w_n9 ShannonBounds.Letter.N)))
  Bool.true
NATIVE_BOOL_AXIOM_CHECKED: ShannonBounds.C11R5D186.step_n9._native.native_decide.ax_1_3
NATIVE_BOOL_AXIOM_TYPE: Eq.{1}
  (Decidable.decide
    (Eq.{1}
      (∑ x ∈ ShannonBounds.Subst.T.{0} ShannonBounds.C11R5Tables.S_f621e9dcab9f974c ShannonBounds.Letter.A,
        HMul.hMul.{0, 0, 0}
          (HMul.hMul.{0, 0, 0} (ShannonBounds.C11R5D186.w_v (x 0)) (ShannonBounds.C11R5D186.w_v (x 1)))
          (ShannonBounds.C11R5D186.w_n8 (x 2)))
      (ShannonBounds.C11R5D186.w_n9 ShannonBounds.Letter.A)))
  Bool.true
NATIVE_BOOL_AXIOM_CHECKED: ShannonBounds.C11R5D186.step_n9._native.native_decide.ax_1_4
NATIVE_BOOL_AXIOM_TYPE: Eq.{1}
  (Decidable.decide
    (Eq.{1}
      (∑ x ∈ ShannonBounds.Subst.T.{0} ShannonBounds.C11R5Tables.S_f621e9dcab9f974c ShannonBounds.Letter.D,
        HMul.hMul.{0, 0, 0}
          (HMul.hMul.{0, 0, 0} (ShannonBounds.C11R5D186.w_v (x 0)) (ShannonBounds.C11R5D186.w_v (x 1)))
          (ShannonBounds.C11R5D186.w_n8 (x 2)))
      (ShannonBounds.C11R5D186.w_n9 ShannonBounds.Letter.D)))
  Bool.true
NATIVE_BOOL_AXIOM_CHECKED: ShannonBounds.C11R5D186.step_n9._native.native_decide.ax_1_5
NATIVE_BOOL_AXIOM_TYPE: Eq.{1}
  (Decidable.decide
    (Eq.{1}
      (∑ x ∈ ShannonBounds.Subst.T.{0} ShannonBounds.C11R5Tables.S_f621e9dcab9f974c ShannonBounds.Letter.O,
        HMul.hMul.{0, 0, 0}
          (HMul.hMul.{0, 0, 0} (ShannonBounds.C11R5D186.w_v (x 0)) (ShannonBounds.C11R5D186.w_v (x 1)))
          (ShannonBounds.C11R5D186.w_n8 (x 2)))
      (ShannonBounds.C11R5D186.w_n9 ShannonBounds.Letter.O)))
  Bool.true
NATIVE_BOOL_AXIOM_CHECKED: ShannonBounds.C11R5D186.step_n9._native.native_decide.ax_1_6
NATIVE_BOOL_AXIOM_TYPE: Eq.{1}
  (Decidable.decide
    (Eq.{1}
      (∑ x ∈ ShannonBounds.Subst.T.{0} ShannonBounds.C11R5Tables.S_f621e9dcab9f974c ShannonBounds.Letter.H,
        HMul.hMul.{0, 0, 0}
          (HMul.hMul.{0, 0, 0} (ShannonBounds.C11R5D186.w_v (x 0)) (ShannonBounds.C11R5D186.w_v (x 1)))
          (ShannonBounds.C11R5D186.w_n8 (x 2)))
      (ShannonBounds.C11R5D186.w_n9 ShannonBounds.Letter.H)))
  Bool.true
NATIVE_BOOL_AXIOM_CHECKED: ShannonBounds.C11R5D186.step_n9._native.native_decide.ax_1_7
NATIVE_BOOL_AXIOM_TYPE: Eq.{1}
  (Decidable.decide
    (Eq.{1}
      (∑ x ∈ ShannonBounds.Subst.T.{0} ShannonBounds.C11R5Tables.S_f621e9dcab9f974c ShannonBounds.Letter.V,
        HMul.hMul.{0, 0, 0}
          (HMul.hMul.{0, 0, 0} (ShannonBounds.C11R5D186.w_v (x 0)) (ShannonBounds.C11R5D186.w_v (x 1)))
          (ShannonBounds.C11R5D186.w_n8 (x 2)))
      (ShannonBounds.C11R5D186.w_n9 ShannonBounds.Letter.V)))
  Bool.true
NATIVE_BOOL_AXIOM_CHECKED: ShannonBounds.C11R5D186.terminal_value._native.native_decide.ax_1_1
NATIVE_BOOL_AXIOM_TYPE: Eq.{1}
  (Decidable.decide
    (Eq.{1}
      (∑ x ∈ ShannonBounds.Code.C.{0} ShannonBounds.C11R5Tables.S_adfa0199080b0c49,
        HMul.hMul.{0, 0, 0}
          (HMul.hMul.{0, 0, 0}
            (HMul.hMul.{0, 0, 0} (ShannonBounds.C11R5D186.w_n4 (x 0)) (ShannonBounds.C11R5D186.w_n7 (x 1)))
            (ShannonBounds.C11R5D186.w_n17 (x 2)))
          (ShannonBounds.C11R5D186.w_n26 (x 3)))
      ShannonBounds.C11R5D186.N))
  Bool.true
NATIVE_BOOL_AXIOM_CHECKED: ShannonBounds.C11R5D198.cross_power_BPZ_207._native.native_decide.ax_1_1
NATIVE_BOOL_AXIOM_TYPE: Eq.{1}
  (Decidable.decide
    (LT.lt.{0} (HPow.hPow.{0, 0, 0} ShannonBounds.C11R5History.BPZ_207 198)
      (HPow.hPow.{0, 0, 0} ShannonBounds.C11R5D198.N 207)))
  Bool.true
NATIVE_BOOL_AXIOM_CHECKED: ShannonBounds.C11R5D198.cross_power_R3_207._native.native_decide.ax_1_1
NATIVE_BOOL_AXIOM_TYPE: Eq.{1}
  (Decidable.decide
    (LT.lt.{0} (HPow.hPow.{0, 0, 0} ShannonBounds.C11R5History.R3_207 198)
      (HPow.hPow.{0, 0, 0} ShannonBounds.C11R5D198.N 207)))
  Bool.true
NATIVE_BOOL_AXIOM_CHECKED: ShannonBounds.C11R5D198.cross_power_R4_201._native.native_decide.ax_1_1
NATIVE_BOOL_AXIOM_TYPE: Eq.{1}
  (Decidable.decide
    (LT.lt.{0} (HPow.hPow.{0, 0, 0} ShannonBounds.C11R5History.R4_201 198)
      (HPow.hPow.{0, 0, 0} ShannonBounds.C11R5D198.N 201)))
  Bool.true
NATIVE_BOOL_AXIOM_CHECKED: ShannonBounds.C11R5D198.cross_power_R4_210._native.native_decide.ax_1_1
NATIVE_BOOL_AXIOM_TYPE: Eq.{1}
  (Decidable.decide
    (LT.lt.{0} (HPow.hPow.{0, 0, 0} ShannonBounds.C11R5History.R4_210 198)
      (HPow.hPow.{0, 0, 0} ShannonBounds.C11R5D198.N 210)))
  Bool.true
NATIVE_BOOL_AXIOM_CHECKED: ShannonBounds.C11R5D198.decimal_lower_integer._native.native_decide.ax_1_1
NATIVE_BOOL_AXIOM_TYPE: Eq.{1}
  (Decidable.decide
    (LE.le.{0} (HPow.hPow.{0, 0, 0} 5295509919114478 198)
      (HMul.hMul.{0, 0, 0} ShannonBounds.C11R5D198.N (HPow.hPow.{0, 0, 0} 1000000000000000 198))))
  Bool.true
NATIVE_BOOL_AXIOM_CHECKED: ShannonBounds.C11R5D198.decimal_upper_integer._native.native_decide.ax_1_1
NATIVE_BOOL_AXIOM_TYPE: Eq.{1}
  (Decidable.decide
    (LT.lt.{0} (HMul.hMul.{0, 0, 0} ShannonBounds.C11R5D198.N (HPow.hPow.{0, 0, 0} 1000000000000000 198))
      (HPow.hPow.{0, 0, 0} 5295509919114479 198)))
  Bool.true
NATIVE_BOOL_AXIOM_CHECKED: ShannonBounds.C11R5D198.step_n1._native.native_decide.ax_1_1
NATIVE_BOOL_AXIOM_TYPE: Eq.{1}
  (Decidable.decide
    (Eq.{1}
      (∑ x ∈ ShannonBounds.Subst.T.{0} ShannonBounds.C11R5Tables.S_36518f191584a644 ShannonBounds.Letter.B,
        HMul.hMul.{0, 0, 0}
          (HMul.hMul.{0, 0, 0} (ShannonBounds.C11R5D198.w_v (x 0)) (ShannonBounds.C11R5D198.w_v (x 1)))
          (ShannonBounds.C11R5D198.w_v (x 2)))
      (ShannonBounds.C11R5D198.w_n1 ShannonBounds.Letter.B)))
  Bool.true
NATIVE_BOOL_AXIOM_CHECKED: ShannonBounds.C11R5D198.step_n1._native.native_decide.ax_1_2
NATIVE_BOOL_AXIOM_TYPE: Eq.{1}
  (Decidable.decide
    (Eq.{1}
      (∑ x ∈ ShannonBounds.Subst.T.{0} ShannonBounds.C11R5Tables.S_36518f191584a644 ShannonBounds.Letter.N,
        HMul.hMul.{0, 0, 0}
          (HMul.hMul.{0, 0, 0} (ShannonBounds.C11R5D198.w_v (x 0)) (ShannonBounds.C11R5D198.w_v (x 1)))
          (ShannonBounds.C11R5D198.w_v (x 2)))
      (ShannonBounds.C11R5D198.w_n1 ShannonBounds.Letter.N)))
  Bool.true
NATIVE_BOOL_AXIOM_CHECKED: ShannonBounds.C11R5D198.step_n1._native.native_decide.ax_1_3
NATIVE_BOOL_AXIOM_TYPE: Eq.{1}
  (Decidable.decide
    (Eq.{1}
      (∑ x ∈ ShannonBounds.Subst.T.{0} ShannonBounds.C11R5Tables.S_36518f191584a644 ShannonBounds.Letter.A,
        HMul.hMul.{0, 0, 0}
          (HMul.hMul.{0, 0, 0} (ShannonBounds.C11R5D198.w_v (x 0)) (ShannonBounds.C11R5D198.w_v (x 1)))
          (ShannonBounds.C11R5D198.w_v (x 2)))
      (ShannonBounds.C11R5D198.w_n1 ShannonBounds.Letter.A)))
  Bool.true
NATIVE_BOOL_AXIOM_CHECKED: ShannonBounds.C11R5D198.step_n1._native.native_decide.ax_1_4
NATIVE_BOOL_AXIOM_TYPE: Eq.{1}
  (Decidable.decide
    (Eq.{1}
      (∑ x ∈ ShannonBounds.Subst.T.{0} ShannonBounds.C11R5Tables.S_36518f191584a644 ShannonBounds.Letter.D,
        HMul.hMul.{0, 0, 0}
          (HMul.hMul.{0, 0, 0} (ShannonBounds.C11R5D198.w_v (x 0)) (ShannonBounds.C11R5D198.w_v (x 1)))
          (ShannonBounds.C11R5D198.w_v (x 2)))
      (ShannonBounds.C11R5D198.w_n1 ShannonBounds.Letter.D)))
  Bool.true
NATIVE_BOOL_AXIOM_CHECKED: ShannonBounds.C11R5D198.step_n1._native.native_decide.ax_1_5
NATIVE_BOOL_AXIOM_TYPE: Eq.{1}
  (Decidable.decide
    (Eq.{1}
      (∑ x ∈ ShannonBounds.Subst.T.{0} ShannonBounds.C11R5Tables.S_36518f191584a644 ShannonBounds.Letter.O,
        HMul.hMul.{0, 0, 0}
          (HMul.hMul.{0, 0, 0} (ShannonBounds.C11R5D198.w_v (x 0)) (ShannonBounds.C11R5D198.w_v (x 1)))
          (ShannonBounds.C11R5D198.w_v (x 2)))
      (ShannonBounds.C11R5D198.w_n1 ShannonBounds.Letter.O)))
  Bool.true
NATIVE_BOOL_AXIOM_CHECKED: ShannonBounds.C11R5D198.step_n1._native.native_decide.ax_1_6
NATIVE_BOOL_AXIOM_TYPE: Eq.{1}
  (Decidable.decide
    (Eq.{1}
      (∑ x ∈ ShannonBounds.Subst.T.{0} ShannonBounds.C11R5Tables.S_36518f191584a644 ShannonBounds.Letter.H,
        HMul.hMul.{0, 0, 0}
          (HMul.hMul.{0, 0, 0} (ShannonBounds.C11R5D198.w_v (x 0)) (ShannonBounds.C11R5D198.w_v (x 1)))
          (ShannonBounds.C11R5D198.w_v (x 2)))
      (ShannonBounds.C11R5D198.w_n1 ShannonBounds.Letter.H)))
  Bool.true
NATIVE_BOOL_AXIOM_CHECKED: ShannonBounds.C11R5D198.step_n1._native.native_decide.ax_1_7
NATIVE_BOOL_AXIOM_TYPE: Eq.{1}
  (Decidable.decide
    (Eq.{1}
      (∑ x ∈ ShannonBounds.Subst.T.{0} ShannonBounds.C11R5Tables.S_36518f191584a644 ShannonBounds.Letter.V,
        HMul.hMul.{0, 0, 0}
          (HMul.hMul.{0, 0, 0} (ShannonBounds.C11R5D198.w_v (x 0)) (ShannonBounds.C11R5D198.w_v (x 1)))
          (ShannonBounds.C11R5D198.w_v (x 2)))
      (ShannonBounds.C11R5D198.w_n1 ShannonBounds.Letter.V)))
  Bool.true
NATIVE_BOOL_AXIOM_CHECKED: ShannonBounds.C11R5D198.step_n10._native.native_decide.ax_1_1
NATIVE_BOOL_AXIOM_TYPE: Eq.{1}
  (Decidable.decide
    (Eq.{1}
      (∑ x ∈ ShannonBounds.Subst.T.{0} ShannonBounds.C11R5Tables.S_e788020168e26abb ShannonBounds.Letter.B,
        HMul.hMul.{0, 0, 0} (ShannonBounds.C11R5D198.w_v (x 0)) (ShannonBounds.C11R5D198.w_v (x 1)))
      (ShannonBounds.C11R5D198.w_n10 ShannonBounds.Letter.B)))
  Bool.true
NATIVE_BOOL_AXIOM_CHECKED: ShannonBounds.C11R5D198.step_n10._native.native_decide.ax_1_2
NATIVE_BOOL_AXIOM_TYPE: Eq.{1}
  (Decidable.decide
    (Eq.{1}
      (∑ x ∈ ShannonBounds.Subst.T.{0} ShannonBounds.C11R5Tables.S_e788020168e26abb ShannonBounds.Letter.N,
        HMul.hMul.{0, 0, 0} (ShannonBounds.C11R5D198.w_v (x 0)) (ShannonBounds.C11R5D198.w_v (x 1)))
      (ShannonBounds.C11R5D198.w_n10 ShannonBounds.Letter.N)))
  Bool.true
NATIVE_BOOL_AXIOM_CHECKED: ShannonBounds.C11R5D198.step_n10._native.native_decide.ax_1_3
NATIVE_BOOL_AXIOM_TYPE: Eq.{1}
  (Decidable.decide
    (Eq.{1}
      (∑ x ∈ ShannonBounds.Subst.T.{0} ShannonBounds.C11R5Tables.S_e788020168e26abb ShannonBounds.Letter.A,
        HMul.hMul.{0, 0, 0} (ShannonBounds.C11R5D198.w_v (x 0)) (ShannonBounds.C11R5D198.w_v (x 1)))
      (ShannonBounds.C11R5D198.w_n10 ShannonBounds.Letter.A)))
  Bool.true
NATIVE_BOOL_AXIOM_CHECKED: ShannonBounds.C11R5D198.step_n10._native.native_decide.ax_1_4
NATIVE_BOOL_AXIOM_TYPE: Eq.{1}
  (Decidable.decide
    (Eq.{1}
      (∑ x ∈ ShannonBounds.Subst.T.{0} ShannonBounds.C11R5Tables.S_e788020168e26abb ShannonBounds.Letter.D,
        HMul.hMul.{0, 0, 0} (ShannonBounds.C11R5D198.w_v (x 0)) (ShannonBounds.C11R5D198.w_v (x 1)))
      (ShannonBounds.C11R5D198.w_n10 ShannonBounds.Letter.D)))
  Bool.true
NATIVE_BOOL_AXIOM_CHECKED: ShannonBounds.C11R5D198.step_n10._native.native_decide.ax_1_5
NATIVE_BOOL_AXIOM_TYPE: Eq.{1}
  (Decidable.decide
    (Eq.{1}
      (∑ x ∈ ShannonBounds.Subst.T.{0} ShannonBounds.C11R5Tables.S_e788020168e26abb ShannonBounds.Letter.O,
        HMul.hMul.{0, 0, 0} (ShannonBounds.C11R5D198.w_v (x 0)) (ShannonBounds.C11R5D198.w_v (x 1)))
      (ShannonBounds.C11R5D198.w_n10 ShannonBounds.Letter.O)))
  Bool.true
NATIVE_BOOL_AXIOM_CHECKED: ShannonBounds.C11R5D198.step_n10._native.native_decide.ax_1_6
NATIVE_BOOL_AXIOM_TYPE: Eq.{1}
  (Decidable.decide
    (Eq.{1}
      (∑ x ∈ ShannonBounds.Subst.T.{0} ShannonBounds.C11R5Tables.S_e788020168e26abb ShannonBounds.Letter.H,
        HMul.hMul.{0, 0, 0} (ShannonBounds.C11R5D198.w_v (x 0)) (ShannonBounds.C11R5D198.w_v (x 1)))
      (ShannonBounds.C11R5D198.w_n10 ShannonBounds.Letter.H)))
  Bool.true
NATIVE_BOOL_AXIOM_CHECKED: ShannonBounds.C11R5D198.step_n10._native.native_decide.ax_1_7
NATIVE_BOOL_AXIOM_TYPE: Eq.{1}
  (Decidable.decide
    (Eq.{1}
      (∑ x ∈ ShannonBounds.Subst.T.{0} ShannonBounds.C11R5Tables.S_e788020168e26abb ShannonBounds.Letter.V,
        HMul.hMul.{0, 0, 0} (ShannonBounds.C11R5D198.w_v (x 0)) (ShannonBounds.C11R5D198.w_v (x 1)))
      (ShannonBounds.C11R5D198.w_n10 ShannonBounds.Letter.V)))
  Bool.true
NATIVE_BOOL_AXIOM_CHECKED: ShannonBounds.C11R5D198.step_n11._native.native_decide.ax_1_1
NATIVE_BOOL_AXIOM_TYPE: Eq.{1}
  (Decidable.decide
    (Eq.{1}
      (∑ x ∈ ShannonBounds.Subst.T.{0} ShannonBounds.C11R5Tables.S_3b145410351af05c ShannonBounds.Letter.B,
        HMul.hMul.{0, 0, 0}
          (HMul.hMul.{0, 0, 0} (ShannonBounds.C11R5D198.w_v (x 0)) (ShannonBounds.C11R5D198.w_v (x 1)))
          (ShannonBounds.C11R5D198.w_v (x 2)))
      (ShannonBounds.C11R5D198.w_n11 ShannonBounds.Letter.B)))
  Bool.true
NATIVE_BOOL_AXIOM_CHECKED: ShannonBounds.C11R5D198.step_n11._native.native_decide.ax_1_2
NATIVE_BOOL_AXIOM_TYPE: Eq.{1}
  (Decidable.decide
    (Eq.{1}
      (∑ x ∈ ShannonBounds.Subst.T.{0} ShannonBounds.C11R5Tables.S_3b145410351af05c ShannonBounds.Letter.N,
        HMul.hMul.{0, 0, 0}
          (HMul.hMul.{0, 0, 0} (ShannonBounds.C11R5D198.w_v (x 0)) (ShannonBounds.C11R5D198.w_v (x 1)))
          (ShannonBounds.C11R5D198.w_v (x 2)))
      (ShannonBounds.C11R5D198.w_n11 ShannonBounds.Letter.N)))
  Bool.true
NATIVE_BOOL_AXIOM_CHECKED: ShannonBounds.C11R5D198.step_n11._native.native_decide.ax_1_3
NATIVE_BOOL_AXIOM_TYPE: Eq.{1}
  (Decidable.decide
    (Eq.{1}
      (∑ x ∈ ShannonBounds.Subst.T.{0} ShannonBounds.C11R5Tables.S_3b145410351af05c ShannonBounds.Letter.A,
        HMul.hMul.{0, 0, 0}
          (HMul.hMul.{0, 0, 0} (ShannonBounds.C11R5D198.w_v (x 0)) (ShannonBounds.C11R5D198.w_v (x 1)))
          (ShannonBounds.C11R5D198.w_v (x 2)))
      (ShannonBounds.C11R5D198.w_n11 ShannonBounds.Letter.A)))
  Bool.true
NATIVE_BOOL_AXIOM_CHECKED: ShannonBounds.C11R5D198.step_n11._native.native_decide.ax_1_4
NATIVE_BOOL_AXIOM_TYPE: Eq.{1}
  (Decidable.decide
    (Eq.{1}
      (∑ x ∈ ShannonBounds.Subst.T.{0} ShannonBounds.C11R5Tables.S_3b145410351af05c ShannonBounds.Letter.D,
        HMul.hMul.{0, 0, 0}
          (HMul.hMul.{0, 0, 0} (ShannonBounds.C11R5D198.w_v (x 0)) (ShannonBounds.C11R5D198.w_v (x 1)))
          (ShannonBounds.C11R5D198.w_v (x 2)))
      (ShannonBounds.C11R5D198.w_n11 ShannonBounds.Letter.D)))
  Bool.true
NATIVE_BOOL_AXIOM_CHECKED: ShannonBounds.C11R5D198.step_n11._native.native_decide.ax_1_5
NATIVE_BOOL_AXIOM_TYPE: Eq.{1}
  (Decidable.decide
    (Eq.{1}
      (∑ x ∈ ShannonBounds.Subst.T.{0} ShannonBounds.C11R5Tables.S_3b145410351af05c ShannonBounds.Letter.O,
        HMul.hMul.{0, 0, 0}
          (HMul.hMul.{0, 0, 0} (ShannonBounds.C11R5D198.w_v (x 0)) (ShannonBounds.C11R5D198.w_v (x 1)))
          (ShannonBounds.C11R5D198.w_v (x 2)))
      (ShannonBounds.C11R5D198.w_n11 ShannonBounds.Letter.O)))
  Bool.true
NATIVE_BOOL_AXIOM_CHECKED: ShannonBounds.C11R5D198.step_n11._native.native_decide.ax_1_6
NATIVE_BOOL_AXIOM_TYPE: Eq.{1}
  (Decidable.decide
    (Eq.{1}
      (∑ x ∈ ShannonBounds.Subst.T.{0} ShannonBounds.C11R5Tables.S_3b145410351af05c ShannonBounds.Letter.H,
        HMul.hMul.{0, 0, 0}
          (HMul.hMul.{0, 0, 0} (ShannonBounds.C11R5D198.w_v (x 0)) (ShannonBounds.C11R5D198.w_v (x 1)))
          (ShannonBounds.C11R5D198.w_v (x 2)))
      (ShannonBounds.C11R5D198.w_n11 ShannonBounds.Letter.H)))
  Bool.true
NATIVE_BOOL_AXIOM_CHECKED: ShannonBounds.C11R5D198.step_n11._native.native_decide.ax_1_7
NATIVE_BOOL_AXIOM_TYPE: Eq.{1}
  (Decidable.decide
    (Eq.{1}
      (∑ x ∈ ShannonBounds.Subst.T.{0} ShannonBounds.C11R5Tables.S_3b145410351af05c ShannonBounds.Letter.V,
        HMul.hMul.{0, 0, 0}
          (HMul.hMul.{0, 0, 0} (ShannonBounds.C11R5D198.w_v (x 0)) (ShannonBounds.C11R5D198.w_v (x 1)))
          (ShannonBounds.C11R5D198.w_v (x 2)))
      (ShannonBounds.C11R5D198.w_n11 ShannonBounds.Letter.V)))
  Bool.true
NATIVE_BOOL_AXIOM_CHECKED: ShannonBounds.C11R5D198.step_n12._native.native_decide.ax_1_1
NATIVE_BOOL_AXIOM_TYPE: Eq.{1}
  (Decidable.decide
    (Eq.{1}
      (∑ x ∈ ShannonBounds.Subst.T.{0} ShannonBounds.C11R5Tables.S_6859b0ec25991d42 ShannonBounds.Letter.B,
        HMul.hMul.{0, 0, 0}
          (HMul.hMul.{0, 0, 0} (ShannonBounds.C11R5D198.w_n10 (x 0)) (ShannonBounds.C11R5D198.w_n11 (x 1)))
          (ShannonBounds.C11R5D198.w_n10 (x 2)))
      (ShannonBounds.C11R5D198.w_n12 ShannonBounds.Letter.B)))
  Bool.true
NATIVE_BOOL_AXIOM_CHECKED: ShannonBounds.C11R5D198.step_n12._native.native_decide.ax_1_2
NATIVE_BOOL_AXIOM_TYPE: Eq.{1}
  (Decidable.decide
    (Eq.{1}
      (∑ x ∈ ShannonBounds.Subst.T.{0} ShannonBounds.C11R5Tables.S_6859b0ec25991d42 ShannonBounds.Letter.N,
        HMul.hMul.{0, 0, 0}
          (HMul.hMul.{0, 0, 0} (ShannonBounds.C11R5D198.w_n10 (x 0)) (ShannonBounds.C11R5D198.w_n11 (x 1)))
          (ShannonBounds.C11R5D198.w_n10 (x 2)))
      (ShannonBounds.C11R5D198.w_n12 ShannonBounds.Letter.N)))
  Bool.true
NATIVE_BOOL_AXIOM_CHECKED: ShannonBounds.C11R5D198.step_n12._native.native_decide.ax_1_3
NATIVE_BOOL_AXIOM_TYPE: Eq.{1}
  (Decidable.decide
    (Eq.{1}
      (∑ x ∈ ShannonBounds.Subst.T.{0} ShannonBounds.C11R5Tables.S_6859b0ec25991d42 ShannonBounds.Letter.A,
        HMul.hMul.{0, 0, 0}
          (HMul.hMul.{0, 0, 0} (ShannonBounds.C11R5D198.w_n10 (x 0)) (ShannonBounds.C11R5D198.w_n11 (x 1)))
          (ShannonBounds.C11R5D198.w_n10 (x 2)))
      (ShannonBounds.C11R5D198.w_n12 ShannonBounds.Letter.A)))
  Bool.true
NATIVE_BOOL_AXIOM_CHECKED: ShannonBounds.C11R5D198.step_n12._native.native_decide.ax_1_4
NATIVE_BOOL_AXIOM_TYPE: Eq.{1}
  (Decidable.decide
    (Eq.{1}
      (∑ x ∈ ShannonBounds.Subst.T.{0} ShannonBounds.C11R5Tables.S_6859b0ec25991d42 ShannonBounds.Letter.D,
        HMul.hMul.{0, 0, 0}
          (HMul.hMul.{0, 0, 0} (ShannonBounds.C11R5D198.w_n10 (x 0)) (ShannonBounds.C11R5D198.w_n11 (x 1)))
          (ShannonBounds.C11R5D198.w_n10 (x 2)))
      (ShannonBounds.C11R5D198.w_n12 ShannonBounds.Letter.D)))
  Bool.true
NATIVE_BOOL_AXIOM_CHECKED: ShannonBounds.C11R5D198.step_n12._native.native_decide.ax_1_5
NATIVE_BOOL_AXIOM_TYPE: Eq.{1}
  (Decidable.decide
    (Eq.{1}
      (∑ x ∈ ShannonBounds.Subst.T.{0} ShannonBounds.C11R5Tables.S_6859b0ec25991d42 ShannonBounds.Letter.O,
        HMul.hMul.{0, 0, 0}
          (HMul.hMul.{0, 0, 0} (ShannonBounds.C11R5D198.w_n10 (x 0)) (ShannonBounds.C11R5D198.w_n11 (x 1)))
          (ShannonBounds.C11R5D198.w_n10 (x 2)))
      (ShannonBounds.C11R5D198.w_n12 ShannonBounds.Letter.O)))
  Bool.true
NATIVE_BOOL_AXIOM_CHECKED: ShannonBounds.C11R5D198.step_n12._native.native_decide.ax_1_6
NATIVE_BOOL_AXIOM_TYPE: Eq.{1}
  (Decidable.decide
    (Eq.{1}
      (∑ x ∈ ShannonBounds.Subst.T.{0} ShannonBounds.C11R5Tables.S_6859b0ec25991d42 ShannonBounds.Letter.H,
        HMul.hMul.{0, 0, 0}
          (HMul.hMul.{0, 0, 0} (ShannonBounds.C11R5D198.w_n10 (x 0)) (ShannonBounds.C11R5D198.w_n11 (x 1)))
          (ShannonBounds.C11R5D198.w_n10 (x 2)))
      (ShannonBounds.C11R5D198.w_n12 ShannonBounds.Letter.H)))
  Bool.true
NATIVE_BOOL_AXIOM_CHECKED: ShannonBounds.C11R5D198.step_n12._native.native_decide.ax_1_7
NATIVE_BOOL_AXIOM_TYPE: Eq.{1}
  (Decidable.decide
    (Eq.{1}
      (∑ x ∈ ShannonBounds.Subst.T.{0} ShannonBounds.C11R5Tables.S_6859b0ec25991d42 ShannonBounds.Letter.V,
        HMul.hMul.{0, 0, 0}
          (HMul.hMul.{0, 0, 0} (ShannonBounds.C11R5D198.w_n10 (x 0)) (ShannonBounds.C11R5D198.w_n11 (x 1)))
          (ShannonBounds.C11R5D198.w_n10 (x 2)))
      (ShannonBounds.C11R5D198.w_n12 ShannonBounds.Letter.V)))
  Bool.true
NATIVE_BOOL_AXIOM_CHECKED: ShannonBounds.C11R5D198.step_n13._native.native_decide.ax_1_1
NATIVE_BOOL_AXIOM_TYPE: Eq.{1}
  (Decidable.decide
    (Eq.{1}
      (∑ x ∈ ShannonBounds.Subst.T.{0} ShannonBounds.C11R5Tables.S_6859b0ec25991d42 ShannonBounds.Letter.B,
        HMul.hMul.{0, 0, 0}
          (HMul.hMul.{0, 0, 0} (ShannonBounds.C11R5D198.w_v (x 0)) (ShannonBounds.C11R5D198.w_v (x 1)))
          (ShannonBounds.C11R5D198.w_v (x 2)))
      (ShannonBounds.C11R5D198.w_n13 ShannonBounds.Letter.B)))
  Bool.true
NATIVE_BOOL_AXIOM_CHECKED: ShannonBounds.C11R5D198.step_n13._native.native_decide.ax_1_2
NATIVE_BOOL_AXIOM_TYPE: Eq.{1}
  (Decidable.decide
    (Eq.{1}
      (∑ x ∈ ShannonBounds.Subst.T.{0} ShannonBounds.C11R5Tables.S_6859b0ec25991d42 ShannonBounds.Letter.N,
        HMul.hMul.{0, 0, 0}
          (HMul.hMul.{0, 0, 0} (ShannonBounds.C11R5D198.w_v (x 0)) (ShannonBounds.C11R5D198.w_v (x 1)))
          (ShannonBounds.C11R5D198.w_v (x 2)))
      (ShannonBounds.C11R5D198.w_n13 ShannonBounds.Letter.N)))
  Bool.true
NATIVE_BOOL_AXIOM_CHECKED: ShannonBounds.C11R5D198.step_n13._native.native_decide.ax_1_3
NATIVE_BOOL_AXIOM_TYPE: Eq.{1}
  (Decidable.decide
    (Eq.{1}
      (∑ x ∈ ShannonBounds.Subst.T.{0} ShannonBounds.C11R5Tables.S_6859b0ec25991d42 ShannonBounds.Letter.A,
        HMul.hMul.{0, 0, 0}
          (HMul.hMul.{0, 0, 0} (ShannonBounds.C11R5D198.w_v (x 0)) (ShannonBounds.C11R5D198.w_v (x 1)))
          (ShannonBounds.C11R5D198.w_v (x 2)))
      (ShannonBounds.C11R5D198.w_n13 ShannonBounds.Letter.A)))
  Bool.true
NATIVE_BOOL_AXIOM_CHECKED: ShannonBounds.C11R5D198.step_n13._native.native_decide.ax_1_4
NATIVE_BOOL_AXIOM_TYPE: Eq.{1}
  (Decidable.decide
    (Eq.{1}
      (∑ x ∈ ShannonBounds.Subst.T.{0} ShannonBounds.C11R5Tables.S_6859b0ec25991d42 ShannonBounds.Letter.D,
        HMul.hMul.{0, 0, 0}
          (HMul.hMul.{0, 0, 0} (ShannonBounds.C11R5D198.w_v (x 0)) (ShannonBounds.C11R5D198.w_v (x 1)))
          (ShannonBounds.C11R5D198.w_v (x 2)))
      (ShannonBounds.C11R5D198.w_n13 ShannonBounds.Letter.D)))
  Bool.true
NATIVE_BOOL_AXIOM_CHECKED: ShannonBounds.C11R5D198.step_n13._native.native_decide.ax_1_5
NATIVE_BOOL_AXIOM_TYPE: Eq.{1}
  (Decidable.decide
    (Eq.{1}
      (∑ x ∈ ShannonBounds.Subst.T.{0} ShannonBounds.C11R5Tables.S_6859b0ec25991d42 ShannonBounds.Letter.O,
        HMul.hMul.{0, 0, 0}
          (HMul.hMul.{0, 0, 0} (ShannonBounds.C11R5D198.w_v (x 0)) (ShannonBounds.C11R5D198.w_v (x 1)))
          (ShannonBounds.C11R5D198.w_v (x 2)))
      (ShannonBounds.C11R5D198.w_n13 ShannonBounds.Letter.O)))
  Bool.true
NATIVE_BOOL_AXIOM_CHECKED: ShannonBounds.C11R5D198.step_n13._native.native_decide.ax_1_6
NATIVE_BOOL_AXIOM_TYPE: Eq.{1}
  (Decidable.decide
    (Eq.{1}
      (∑ x ∈ ShannonBounds.Subst.T.{0} ShannonBounds.C11R5Tables.S_6859b0ec25991d42 ShannonBounds.Letter.H,
        HMul.hMul.{0, 0, 0}
          (HMul.hMul.{0, 0, 0} (ShannonBounds.C11R5D198.w_v (x 0)) (ShannonBounds.C11R5D198.w_v (x 1)))
          (ShannonBounds.C11R5D198.w_v (x 2)))
      (ShannonBounds.C11R5D198.w_n13 ShannonBounds.Letter.H)))
  Bool.true
NATIVE_BOOL_AXIOM_CHECKED: ShannonBounds.C11R5D198.step_n13._native.native_decide.ax_1_7
NATIVE_BOOL_AXIOM_TYPE: Eq.{1}
  (Decidable.decide
    (Eq.{1}
      (∑ x ∈ ShannonBounds.Subst.T.{0} ShannonBounds.C11R5Tables.S_6859b0ec25991d42 ShannonBounds.Letter.V,
        HMul.hMul.{0, 0, 0}
          (HMul.hMul.{0, 0, 0} (ShannonBounds.C11R5D198.w_v (x 0)) (ShannonBounds.C11R5D198.w_v (x 1)))
          (ShannonBounds.C11R5D198.w_v (x 2)))
      (ShannonBounds.C11R5D198.w_n13 ShannonBounds.Letter.V)))
  Bool.true
NATIVE_BOOL_AXIOM_CHECKED: ShannonBounds.C11R5D198.step_n14._native.native_decide.ax_1_1
NATIVE_BOOL_AXIOM_TYPE: Eq.{1}
  (Decidable.decide
    (Eq.{1}
      (∑ x ∈ ShannonBounds.Subst.T.{0} ShannonBounds.C11R5Tables.S_a41106e52a48b9a6 ShannonBounds.Letter.B,
        HMul.hMul.{0, 0, 0}
          (HMul.hMul.{0, 0, 0} (ShannonBounds.C11R5D198.w_v (x 0)) (ShannonBounds.C11R5D198.w_v (x 1)))
          (ShannonBounds.C11R5D198.w_n13 (x 2)))
      (ShannonBounds.C11R5D198.w_n14 ShannonBounds.Letter.B)))
  Bool.true
NATIVE_BOOL_AXIOM_CHECKED: ShannonBounds.C11R5D198.step_n14._native.native_decide.ax_1_2
NATIVE_BOOL_AXIOM_TYPE: Eq.{1}
  (Decidable.decide
    (Eq.{1}
      (∑ x ∈ ShannonBounds.Subst.T.{0} ShannonBounds.C11R5Tables.S_a41106e52a48b9a6 ShannonBounds.Letter.N,
        HMul.hMul.{0, 0, 0}
          (HMul.hMul.{0, 0, 0} (ShannonBounds.C11R5D198.w_v (x 0)) (ShannonBounds.C11R5D198.w_v (x 1)))
          (ShannonBounds.C11R5D198.w_n13 (x 2)))
      (ShannonBounds.C11R5D198.w_n14 ShannonBounds.Letter.N)))
  Bool.true
NATIVE_BOOL_AXIOM_CHECKED: ShannonBounds.C11R5D198.step_n14._native.native_decide.ax_1_3
NATIVE_BOOL_AXIOM_TYPE: Eq.{1}
  (Decidable.decide
    (Eq.{1}
      (∑ x ∈ ShannonBounds.Subst.T.{0} ShannonBounds.C11R5Tables.S_a41106e52a48b9a6 ShannonBounds.Letter.A,
        HMul.hMul.{0, 0, 0}
          (HMul.hMul.{0, 0, 0} (ShannonBounds.C11R5D198.w_v (x 0)) (ShannonBounds.C11R5D198.w_v (x 1)))
          (ShannonBounds.C11R5D198.w_n13 (x 2)))
      (ShannonBounds.C11R5D198.w_n14 ShannonBounds.Letter.A)))
  Bool.true
NATIVE_BOOL_AXIOM_CHECKED: ShannonBounds.C11R5D198.step_n14._native.native_decide.ax_1_4
NATIVE_BOOL_AXIOM_TYPE: Eq.{1}
  (Decidable.decide
    (Eq.{1}
      (∑ x ∈ ShannonBounds.Subst.T.{0} ShannonBounds.C11R5Tables.S_a41106e52a48b9a6 ShannonBounds.Letter.D,
        HMul.hMul.{0, 0, 0}
          (HMul.hMul.{0, 0, 0} (ShannonBounds.C11R5D198.w_v (x 0)) (ShannonBounds.C11R5D198.w_v (x 1)))
          (ShannonBounds.C11R5D198.w_n13 (x 2)))
      (ShannonBounds.C11R5D198.w_n14 ShannonBounds.Letter.D)))
  Bool.true
NATIVE_BOOL_AXIOM_CHECKED: ShannonBounds.C11R5D198.step_n14._native.native_decide.ax_1_5
NATIVE_BOOL_AXIOM_TYPE: Eq.{1}
  (Decidable.decide
    (Eq.{1}
      (∑ x ∈ ShannonBounds.Subst.T.{0} ShannonBounds.C11R5Tables.S_a41106e52a48b9a6 ShannonBounds.Letter.O,
        HMul.hMul.{0, 0, 0}
          (HMul.hMul.{0, 0, 0} (ShannonBounds.C11R5D198.w_v (x 0)) (ShannonBounds.C11R5D198.w_v (x 1)))
          (ShannonBounds.C11R5D198.w_n13 (x 2)))
      (ShannonBounds.C11R5D198.w_n14 ShannonBounds.Letter.O)))
  Bool.true
NATIVE_BOOL_AXIOM_CHECKED: ShannonBounds.C11R5D198.step_n14._native.native_decide.ax_1_6
NATIVE_BOOL_AXIOM_TYPE: Eq.{1}
  (Decidable.decide
    (Eq.{1}
      (∑ x ∈ ShannonBounds.Subst.T.{0} ShannonBounds.C11R5Tables.S_a41106e52a48b9a6 ShannonBounds.Letter.H,
        HMul.hMul.{0, 0, 0}
          (HMul.hMul.{0, 0, 0} (ShannonBounds.C11R5D198.w_v (x 0)) (ShannonBounds.C11R5D198.w_v (x 1)))
          (ShannonBounds.C11R5D198.w_n13 (x 2)))
      (ShannonBounds.C11R5D198.w_n14 ShannonBounds.Letter.H)))
  Bool.true
NATIVE_BOOL_AXIOM_CHECKED: ShannonBounds.C11R5D198.step_n14._native.native_decide.ax_1_7
NATIVE_BOOL_AXIOM_TYPE: Eq.{1}
  (Decidable.decide
    (Eq.{1}
      (∑ x ∈ ShannonBounds.Subst.T.{0} ShannonBounds.C11R5Tables.S_a41106e52a48b9a6 ShannonBounds.Letter.V,
        HMul.hMul.{0, 0, 0}
          (HMul.hMul.{0, 0, 0} (ShannonBounds.C11R5D198.w_v (x 0)) (ShannonBounds.C11R5D198.w_v (x 1)))
          (ShannonBounds.C11R5D198.w_n13 (x 2)))
      (ShannonBounds.C11R5D198.w_n14 ShannonBounds.Letter.V)))
  Bool.true
NATIVE_BOOL_AXIOM_CHECKED: ShannonBounds.C11R5D198.step_n15._native.native_decide.ax_1_1
NATIVE_BOOL_AXIOM_TYPE: Eq.{1}
  (Decidable.decide
    (Eq.{1}
      (∑ x ∈ ShannonBounds.Subst.T.{0} ShannonBounds.C11R5Tables.S_3e8694d6a5bfe173 ShannonBounds.Letter.B,
        HMul.hMul.{0, 0, 0}
          (HMul.hMul.{0, 0, 0} (ShannonBounds.C11R5D198.w_n14 (x 0)) (ShannonBounds.C11R5D198.w_n10 (x 1)))
          (ShannonBounds.C11R5D198.w_n11 (x 2)))
      (ShannonBounds.C11R5D198.w_n15 ShannonBounds.Letter.B)))
  Bool.true
NATIVE_BOOL_AXIOM_CHECKED: ShannonBounds.C11R5D198.step_n15._native.native_decide.ax_1_2
NATIVE_BOOL_AXIOM_TYPE: Eq.{1}
  (Decidable.decide
    (Eq.{1}
      (∑ x ∈ ShannonBounds.Subst.T.{0} ShannonBounds.C11R5Tables.S_3e8694d6a5bfe173 ShannonBounds.Letter.N,
        HMul.hMul.{0, 0, 0}
          (HMul.hMul.{0, 0, 0} (ShannonBounds.C11R5D198.w_n14 (x 0)) (ShannonBounds.C11R5D198.w_n10 (x 1)))
          (ShannonBounds.C11R5D198.w_n11 (x 2)))
      (ShannonBounds.C11R5D198.w_n15 ShannonBounds.Letter.N)))
  Bool.true
NATIVE_BOOL_AXIOM_CHECKED: ShannonBounds.C11R5D198.step_n15._native.native_decide.ax_1_3
NATIVE_BOOL_AXIOM_TYPE: Eq.{1}
  (Decidable.decide
    (Eq.{1}
      (∑ x ∈ ShannonBounds.Subst.T.{0} ShannonBounds.C11R5Tables.S_3e8694d6a5bfe173 ShannonBounds.Letter.A,
        HMul.hMul.{0, 0, 0}
          (HMul.hMul.{0, 0, 0} (ShannonBounds.C11R5D198.w_n14 (x 0)) (ShannonBounds.C11R5D198.w_n10 (x 1)))
          (ShannonBounds.C11R5D198.w_n11 (x 2)))
      (ShannonBounds.C11R5D198.w_n15 ShannonBounds.Letter.A)))
  Bool.true
NATIVE_BOOL_AXIOM_CHECKED: ShannonBounds.C11R5D198.step_n15._native.native_decide.ax_1_4
NATIVE_BOOL_AXIOM_TYPE: Eq.{1}
  (Decidable.decide
    (Eq.{1}
      (∑ x ∈ ShannonBounds.Subst.T.{0} ShannonBounds.C11R5Tables.S_3e8694d6a5bfe173 ShannonBounds.Letter.D,
        HMul.hMul.{0, 0, 0}
          (HMul.hMul.{0, 0, 0} (ShannonBounds.C11R5D198.w_n14 (x 0)) (ShannonBounds.C11R5D198.w_n10 (x 1)))
          (ShannonBounds.C11R5D198.w_n11 (x 2)))
      (ShannonBounds.C11R5D198.w_n15 ShannonBounds.Letter.D)))
  Bool.true
NATIVE_BOOL_AXIOM_CHECKED: ShannonBounds.C11R5D198.step_n15._native.native_decide.ax_1_5
NATIVE_BOOL_AXIOM_TYPE: Eq.{1}
  (Decidable.decide
    (Eq.{1}
      (∑ x ∈ ShannonBounds.Subst.T.{0} ShannonBounds.C11R5Tables.S_3e8694d6a5bfe173 ShannonBounds.Letter.O,
        HMul.hMul.{0, 0, 0}
          (HMul.hMul.{0, 0, 0} (ShannonBounds.C11R5D198.w_n14 (x 0)) (ShannonBounds.C11R5D198.w_n10 (x 1)))
          (ShannonBounds.C11R5D198.w_n11 (x 2)))
      (ShannonBounds.C11R5D198.w_n15 ShannonBounds.Letter.O)))
  Bool.true
NATIVE_BOOL_AXIOM_CHECKED: ShannonBounds.C11R5D198.step_n15._native.native_decide.ax_1_6
NATIVE_BOOL_AXIOM_TYPE: Eq.{1}
  (Decidable.decide
    (Eq.{1}
      (∑ x ∈ ShannonBounds.Subst.T.{0} ShannonBounds.C11R5Tables.S_3e8694d6a5bfe173 ShannonBounds.Letter.H,
        HMul.hMul.{0, 0, 0}
          (HMul.hMul.{0, 0, 0} (ShannonBounds.C11R5D198.w_n14 (x 0)) (ShannonBounds.C11R5D198.w_n10 (x 1)))
          (ShannonBounds.C11R5D198.w_n11 (x 2)))
      (ShannonBounds.C11R5D198.w_n15 ShannonBounds.Letter.H)))
  Bool.true
NATIVE_BOOL_AXIOM_CHECKED: ShannonBounds.C11R5D198.step_n15._native.native_decide.ax_1_7
NATIVE_BOOL_AXIOM_TYPE: Eq.{1}
  (Decidable.decide
    (Eq.{1}
      (∑ x ∈ ShannonBounds.Subst.T.{0} ShannonBounds.C11R5Tables.S_3e8694d6a5bfe173 ShannonBounds.Letter.V,
        HMul.hMul.{0, 0, 0}
          (HMul.hMul.{0, 0, 0} (ShannonBounds.C11R5D198.w_n14 (x 0)) (ShannonBounds.C11R5D198.w_n10 (x 1)))
          (ShannonBounds.C11R5D198.w_n11 (x 2)))
      (ShannonBounds.C11R5D198.w_n15 ShannonBounds.Letter.V)))
  Bool.true
NATIVE_BOOL_AXIOM_CHECKED: ShannonBounds.C11R5D198.step_n16._native.native_decide.ax_1_1
NATIVE_BOOL_AXIOM_TYPE: Eq.{1}
  (Decidable.decide
    (Eq.{1}
      (∑ x ∈ ShannonBounds.Subst.T.{0} ShannonBounds.C11R5Tables.S_cd41b86686c50a10 ShannonBounds.Letter.B,
        HMul.hMul.{0, 0, 0} (ShannonBounds.C11R5D198.w_v (x 0)) (ShannonBounds.C11R5D198.w_v (x 1)))
      (ShannonBounds.C11R5D198.w_n16 ShannonBounds.Letter.B)))
  Bool.true
NATIVE_BOOL_AXIOM_CHECKED: ShannonBounds.C11R5D198.step_n16._native.native_decide.ax_1_2
NATIVE_BOOL_AXIOM_TYPE: Eq.{1}
  (Decidable.decide
    (Eq.{1}
      (∑ x ∈ ShannonBounds.Subst.T.{0} ShannonBounds.C11R5Tables.S_cd41b86686c50a10 ShannonBounds.Letter.N,
        HMul.hMul.{0, 0, 0} (ShannonBounds.C11R5D198.w_v (x 0)) (ShannonBounds.C11R5D198.w_v (x 1)))
      (ShannonBounds.C11R5D198.w_n16 ShannonBounds.Letter.N)))
  Bool.true
NATIVE_BOOL_AXIOM_CHECKED: ShannonBounds.C11R5D198.step_n16._native.native_decide.ax_1_3
NATIVE_BOOL_AXIOM_TYPE: Eq.{1}
  (Decidable.decide
    (Eq.{1}
      (∑ x ∈ ShannonBounds.Subst.T.{0} ShannonBounds.C11R5Tables.S_cd41b86686c50a10 ShannonBounds.Letter.A,
        HMul.hMul.{0, 0, 0} (ShannonBounds.C11R5D198.w_v (x 0)) (ShannonBounds.C11R5D198.w_v (x 1)))
      (ShannonBounds.C11R5D198.w_n16 ShannonBounds.Letter.A)))
  Bool.true
NATIVE_BOOL_AXIOM_CHECKED: ShannonBounds.C11R5D198.step_n16._native.native_decide.ax_1_4
NATIVE_BOOL_AXIOM_TYPE: Eq.{1}
  (Decidable.decide
    (Eq.{1}
      (∑ x ∈ ShannonBounds.Subst.T.{0} ShannonBounds.C11R5Tables.S_cd41b86686c50a10 ShannonBounds.Letter.D,
        HMul.hMul.{0, 0, 0} (ShannonBounds.C11R5D198.w_v (x 0)) (ShannonBounds.C11R5D198.w_v (x 1)))
      (ShannonBounds.C11R5D198.w_n16 ShannonBounds.Letter.D)))
  Bool.true
NATIVE_BOOL_AXIOM_CHECKED: ShannonBounds.C11R5D198.step_n16._native.native_decide.ax_1_5
NATIVE_BOOL_AXIOM_TYPE: Eq.{1}
  (Decidable.decide
    (Eq.{1}
      (∑ x ∈ ShannonBounds.Subst.T.{0} ShannonBounds.C11R5Tables.S_cd41b86686c50a10 ShannonBounds.Letter.O,
        HMul.hMul.{0, 0, 0} (ShannonBounds.C11R5D198.w_v (x 0)) (ShannonBounds.C11R5D198.w_v (x 1)))
      (ShannonBounds.C11R5D198.w_n16 ShannonBounds.Letter.O)))
  Bool.true
NATIVE_BOOL_AXIOM_CHECKED: ShannonBounds.C11R5D198.step_n16._native.native_decide.ax_1_6
NATIVE_BOOL_AXIOM_TYPE: Eq.{1}
  (Decidable.decide
    (Eq.{1}
      (∑ x ∈ ShannonBounds.Subst.T.{0} ShannonBounds.C11R5Tables.S_cd41b86686c50a10 ShannonBounds.Letter.H,
        HMul.hMul.{0, 0, 0} (ShannonBounds.C11R5D198.w_v (x 0)) (ShannonBounds.C11R5D198.w_v (x 1)))
      (ShannonBounds.C11R5D198.w_n16 ShannonBounds.Letter.H)))
  Bool.true
NATIVE_BOOL_AXIOM_CHECKED: ShannonBounds.C11R5D198.step_n16._native.native_decide.ax_1_7
NATIVE_BOOL_AXIOM_TYPE: Eq.{1}
  (Decidable.decide
    (Eq.{1}
      (∑ x ∈ ShannonBounds.Subst.T.{0} ShannonBounds.C11R5Tables.S_cd41b86686c50a10 ShannonBounds.Letter.V,
        HMul.hMul.{0, 0, 0} (ShannonBounds.C11R5D198.w_v (x 0)) (ShannonBounds.C11R5D198.w_v (x 1)))
      (ShannonBounds.C11R5D198.w_n16 ShannonBounds.Letter.V)))
  Bool.true
NATIVE_BOOL_AXIOM_CHECKED: ShannonBounds.C11R5D198.step_n17._native.native_decide.ax_1_1
NATIVE_BOOL_AXIOM_TYPE: Eq.{1}
  (Decidable.decide
    (Eq.{1}
      (∑ x ∈ ShannonBounds.Subst.T.{0} ShannonBounds.C11R5Tables.S_6356700cb05251b5 ShannonBounds.Letter.B,
        HMul.hMul.{0, 0, 0}
          (HMul.hMul.{0, 0, 0} (ShannonBounds.C11R5D198.w_v (x 0)) (ShannonBounds.C11R5D198.w_n16 (x 1)))
          (ShannonBounds.C11R5D198.w_v (x 2)))
      (ShannonBounds.C11R5D198.w_n17 ShannonBounds.Letter.B)))
  Bool.true
NATIVE_BOOL_AXIOM_CHECKED: ShannonBounds.C11R5D198.step_n17._native.native_decide.ax_1_2
NATIVE_BOOL_AXIOM_TYPE: Eq.{1}
  (Decidable.decide
    (Eq.{1}
      (∑ x ∈ ShannonBounds.Subst.T.{0} ShannonBounds.C11R5Tables.S_6356700cb05251b5 ShannonBounds.Letter.N,
        HMul.hMul.{0, 0, 0}
          (HMul.hMul.{0, 0, 0} (ShannonBounds.C11R5D198.w_v (x 0)) (ShannonBounds.C11R5D198.w_n16 (x 1)))
          (ShannonBounds.C11R5D198.w_v (x 2)))
      (ShannonBounds.C11R5D198.w_n17 ShannonBounds.Letter.N)))
  Bool.true
NATIVE_BOOL_AXIOM_CHECKED: ShannonBounds.C11R5D198.step_n17._native.native_decide.ax_1_3
NATIVE_BOOL_AXIOM_TYPE: Eq.{1}
  (Decidable.decide
    (Eq.{1}
      (∑ x ∈ ShannonBounds.Subst.T.{0} ShannonBounds.C11R5Tables.S_6356700cb05251b5 ShannonBounds.Letter.A,
        HMul.hMul.{0, 0, 0}
          (HMul.hMul.{0, 0, 0} (ShannonBounds.C11R5D198.w_v (x 0)) (ShannonBounds.C11R5D198.w_n16 (x 1)))
          (ShannonBounds.C11R5D198.w_v (x 2)))
      (ShannonBounds.C11R5D198.w_n17 ShannonBounds.Letter.A)))
  Bool.true
NATIVE_BOOL_AXIOM_CHECKED: ShannonBounds.C11R5D198.step_n17._native.native_decide.ax_1_4
NATIVE_BOOL_AXIOM_TYPE: Eq.{1}
  (Decidable.decide
    (Eq.{1}
      (∑ x ∈ ShannonBounds.Subst.T.{0} ShannonBounds.C11R5Tables.S_6356700cb05251b5 ShannonBounds.Letter.D,
        HMul.hMul.{0, 0, 0}
          (HMul.hMul.{0, 0, 0} (ShannonBounds.C11R5D198.w_v (x 0)) (ShannonBounds.C11R5D198.w_n16 (x 1)))
          (ShannonBounds.C11R5D198.w_v (x 2)))
      (ShannonBounds.C11R5D198.w_n17 ShannonBounds.Letter.D)))
  Bool.true
NATIVE_BOOL_AXIOM_CHECKED: ShannonBounds.C11R5D198.step_n17._native.native_decide.ax_1_5
NATIVE_BOOL_AXIOM_TYPE: Eq.{1}
  (Decidable.decide
    (Eq.{1}
      (∑ x ∈ ShannonBounds.Subst.T.{0} ShannonBounds.C11R5Tables.S_6356700cb05251b5 ShannonBounds.Letter.O,
        HMul.hMul.{0, 0, 0}
          (HMul.hMul.{0, 0, 0} (ShannonBounds.C11R5D198.w_v (x 0)) (ShannonBounds.C11R5D198.w_n16 (x 1)))
          (ShannonBounds.C11R5D198.w_v (x 2)))
      (ShannonBounds.C11R5D198.w_n17 ShannonBounds.Letter.O)))
  Bool.true
NATIVE_BOOL_AXIOM_CHECKED: ShannonBounds.C11R5D198.step_n17._native.native_decide.ax_1_6
NATIVE_BOOL_AXIOM_TYPE: Eq.{1}
  (Decidable.decide
    (Eq.{1}
      (∑ x ∈ ShannonBounds.Subst.T.{0} ShannonBounds.C11R5Tables.S_6356700cb05251b5 ShannonBounds.Letter.H,
        HMul.hMul.{0, 0, 0}
          (HMul.hMul.{0, 0, 0} (ShannonBounds.C11R5D198.w_v (x 0)) (ShannonBounds.C11R5D198.w_n16 (x 1)))
          (ShannonBounds.C11R5D198.w_v (x 2)))
      (ShannonBounds.C11R5D198.w_n17 ShannonBounds.Letter.H)))
  Bool.true
NATIVE_BOOL_AXIOM_CHECKED: ShannonBounds.C11R5D198.step_n17._native.native_decide.ax_1_7
NATIVE_BOOL_AXIOM_TYPE: Eq.{1}
  (Decidable.decide
    (Eq.{1}
      (∑ x ∈ ShannonBounds.Subst.T.{0} ShannonBounds.C11R5Tables.S_6356700cb05251b5 ShannonBounds.Letter.V,
        HMul.hMul.{0, 0, 0}
          (HMul.hMul.{0, 0, 0} (ShannonBounds.C11R5D198.w_v (x 0)) (ShannonBounds.C11R5D198.w_n16 (x 1)))
          (ShannonBounds.C11R5D198.w_v (x 2)))
      (ShannonBounds.C11R5D198.w_n17 ShannonBounds.Letter.V)))
  Bool.true
NATIVE_BOOL_AXIOM_CHECKED: ShannonBounds.C11R5D198.step_n18._native.native_decide.ax_1_1
NATIVE_BOOL_AXIOM_TYPE: Eq.{1}
  (Decidable.decide
    (Eq.{1}
      (∑ x ∈ ShannonBounds.Subst.T.{0} ShannonBounds.C11R5Tables.S_e620baced0654ce9 ShannonBounds.Letter.B,
        HMul.hMul.{0, 0, 0}
          (HMul.hMul.{0, 0, 0} (ShannonBounds.C11R5D198.w_n10 (x 0)) (ShannonBounds.C11R5D198.w_n10 (x 1)))
          (ShannonBounds.C11R5D198.w_n17 (x 2)))
      (ShannonBounds.C11R5D198.w_n18 ShannonBounds.Letter.B)))
  Bool.true
NATIVE_BOOL_AXIOM_CHECKED: ShannonBounds.C11R5D198.step_n18._native.native_decide.ax_1_2
NATIVE_BOOL_AXIOM_TYPE: Eq.{1}
  (Decidable.decide
    (Eq.{1}
      (∑ x ∈ ShannonBounds.Subst.T.{0} ShannonBounds.C11R5Tables.S_e620baced0654ce9 ShannonBounds.Letter.N,
        HMul.hMul.{0, 0, 0}
          (HMul.hMul.{0, 0, 0} (ShannonBounds.C11R5D198.w_n10 (x 0)) (ShannonBounds.C11R5D198.w_n10 (x 1)))
          (ShannonBounds.C11R5D198.w_n17 (x 2)))
      (ShannonBounds.C11R5D198.w_n18 ShannonBounds.Letter.N)))
  Bool.true
NATIVE_BOOL_AXIOM_CHECKED: ShannonBounds.C11R5D198.step_n18._native.native_decide.ax_1_3
NATIVE_BOOL_AXIOM_TYPE: Eq.{1}
  (Decidable.decide
    (Eq.{1}
      (∑ x ∈ ShannonBounds.Subst.T.{0} ShannonBounds.C11R5Tables.S_e620baced0654ce9 ShannonBounds.Letter.A,
        HMul.hMul.{0, 0, 0}
          (HMul.hMul.{0, 0, 0} (ShannonBounds.C11R5D198.w_n10 (x 0)) (ShannonBounds.C11R5D198.w_n10 (x 1)))
          (ShannonBounds.C11R5D198.w_n17 (x 2)))
      (ShannonBounds.C11R5D198.w_n18 ShannonBounds.Letter.A)))
  Bool.true
NATIVE_BOOL_AXIOM_CHECKED: ShannonBounds.C11R5D198.step_n18._native.native_decide.ax_1_4
NATIVE_BOOL_AXIOM_TYPE: Eq.{1}
  (Decidable.decide
    (Eq.{1}
      (∑ x ∈ ShannonBounds.Subst.T.{0} ShannonBounds.C11R5Tables.S_e620baced0654ce9 ShannonBounds.Letter.D,
        HMul.hMul.{0, 0, 0}
          (HMul.hMul.{0, 0, 0} (ShannonBounds.C11R5D198.w_n10 (x 0)) (ShannonBounds.C11R5D198.w_n10 (x 1)))
          (ShannonBounds.C11R5D198.w_n17 (x 2)))
      (ShannonBounds.C11R5D198.w_n18 ShannonBounds.Letter.D)))
  Bool.true
NATIVE_BOOL_AXIOM_CHECKED: ShannonBounds.C11R5D198.step_n18._native.native_decide.ax_1_5
NATIVE_BOOL_AXIOM_TYPE: Eq.{1}
  (Decidable.decide
    (Eq.{1}
      (∑ x ∈ ShannonBounds.Subst.T.{0} ShannonBounds.C11R5Tables.S_e620baced0654ce9 ShannonBounds.Letter.O,
        HMul.hMul.{0, 0, 0}
          (HMul.hMul.{0, 0, 0} (ShannonBounds.C11R5D198.w_n10 (x 0)) (ShannonBounds.C11R5D198.w_n10 (x 1)))
          (ShannonBounds.C11R5D198.w_n17 (x 2)))
      (ShannonBounds.C11R5D198.w_n18 ShannonBounds.Letter.O)))
  Bool.true
NATIVE_BOOL_AXIOM_CHECKED: ShannonBounds.C11R5D198.step_n18._native.native_decide.ax_1_6
NATIVE_BOOL_AXIOM_TYPE: Eq.{1}
  (Decidable.decide
    (Eq.{1}
      (∑ x ∈ ShannonBounds.Subst.T.{0} ShannonBounds.C11R5Tables.S_e620baced0654ce9 ShannonBounds.Letter.H,
        HMul.hMul.{0, 0, 0}
          (HMul.hMul.{0, 0, 0} (ShannonBounds.C11R5D198.w_n10 (x 0)) (ShannonBounds.C11R5D198.w_n10 (x 1)))
          (ShannonBounds.C11R5D198.w_n17 (x 2)))
      (ShannonBounds.C11R5D198.w_n18 ShannonBounds.Letter.H)))
  Bool.true
NATIVE_BOOL_AXIOM_CHECKED: ShannonBounds.C11R5D198.step_n18._native.native_decide.ax_1_7
NATIVE_BOOL_AXIOM_TYPE: Eq.{1}
  (Decidable.decide
    (Eq.{1}
      (∑ x ∈ ShannonBounds.Subst.T.{0} ShannonBounds.C11R5Tables.S_e620baced0654ce9 ShannonBounds.Letter.V,
        HMul.hMul.{0, 0, 0}
          (HMul.hMul.{0, 0, 0} (ShannonBounds.C11R5D198.w_n10 (x 0)) (ShannonBounds.C11R5D198.w_n10 (x 1)))
          (ShannonBounds.C11R5D198.w_n17 (x 2)))
      (ShannonBounds.C11R5D198.w_n18 ShannonBounds.Letter.V)))
  Bool.true
NATIVE_BOOL_AXIOM_CHECKED: ShannonBounds.C11R5D198.step_n19._native.native_decide.ax_1_1
NATIVE_BOOL_AXIOM_TYPE: Eq.{1}
  (Decidable.decide
    (Eq.{1}
      (∑ x ∈ ShannonBounds.Subst.T.{0} ShannonBounds.C11R5Tables.S_0058d965adce02f4 ShannonBounds.Letter.B,
        HMul.hMul.{0, 0, 0}
          (HMul.hMul.{0, 0, 0} (ShannonBounds.C11R5D198.w_n12 (x 0)) (ShannonBounds.C11R5D198.w_n15 (x 1)))
          (ShannonBounds.C11R5D198.w_n18 (x 2)))
      (ShannonBounds.C11R5D198.w_n19 ShannonBounds.Letter.B)))
  Bool.true
NATIVE_BOOL_AXIOM_CHECKED: ShannonBounds.C11R5D198.step_n19._native.native_decide.ax_1_2
NATIVE_BOOL_AXIOM_TYPE: Eq.{1}
  (Decidable.decide
    (Eq.{1}
      (∑ x ∈ ShannonBounds.Subst.T.{0} ShannonBounds.C11R5Tables.S_0058d965adce02f4 ShannonBounds.Letter.N,
        HMul.hMul.{0, 0, 0}
          (HMul.hMul.{0, 0, 0} (ShannonBounds.C11R5D198.w_n12 (x 0)) (ShannonBounds.C11R5D198.w_n15 (x 1)))
          (ShannonBounds.C11R5D198.w_n18 (x 2)))
      (ShannonBounds.C11R5D198.w_n19 ShannonBounds.Letter.N)))
  Bool.true
NATIVE_BOOL_AXIOM_CHECKED: ShannonBounds.C11R5D198.step_n19._native.native_decide.ax_1_3
NATIVE_BOOL_AXIOM_TYPE: Eq.{1}
  (Decidable.decide
    (Eq.{1}
      (∑ x ∈ ShannonBounds.Subst.T.{0} ShannonBounds.C11R5Tables.S_0058d965adce02f4 ShannonBounds.Letter.A,
        HMul.hMul.{0, 0, 0}
          (HMul.hMul.{0, 0, 0} (ShannonBounds.C11R5D198.w_n12 (x 0)) (ShannonBounds.C11R5D198.w_n15 (x 1)))
          (ShannonBounds.C11R5D198.w_n18 (x 2)))
      (ShannonBounds.C11R5D198.w_n19 ShannonBounds.Letter.A)))
  Bool.true
NATIVE_BOOL_AXIOM_CHECKED: ShannonBounds.C11R5D198.step_n19._native.native_decide.ax_1_4
NATIVE_BOOL_AXIOM_TYPE: Eq.{1}
  (Decidable.decide
    (Eq.{1}
      (∑ x ∈ ShannonBounds.Subst.T.{0} ShannonBounds.C11R5Tables.S_0058d965adce02f4 ShannonBounds.Letter.D,
        HMul.hMul.{0, 0, 0}
          (HMul.hMul.{0, 0, 0} (ShannonBounds.C11R5D198.w_n12 (x 0)) (ShannonBounds.C11R5D198.w_n15 (x 1)))
          (ShannonBounds.C11R5D198.w_n18 (x 2)))
      (ShannonBounds.C11R5D198.w_n19 ShannonBounds.Letter.D)))
  Bool.true
NATIVE_BOOL_AXIOM_CHECKED: ShannonBounds.C11R5D198.step_n19._native.native_decide.ax_1_5
NATIVE_BOOL_AXIOM_TYPE: Eq.{1}
  (Decidable.decide
    (Eq.{1}
      (∑ x ∈ ShannonBounds.Subst.T.{0} ShannonBounds.C11R5Tables.S_0058d965adce02f4 ShannonBounds.Letter.O,
        HMul.hMul.{0, 0, 0}
          (HMul.hMul.{0, 0, 0} (ShannonBounds.C11R5D198.w_n12 (x 0)) (ShannonBounds.C11R5D198.w_n15 (x 1)))
          (ShannonBounds.C11R5D198.w_n18 (x 2)))
      (ShannonBounds.C11R5D198.w_n19 ShannonBounds.Letter.O)))
  Bool.true
NATIVE_BOOL_AXIOM_CHECKED: ShannonBounds.C11R5D198.step_n19._native.native_decide.ax_1_6
NATIVE_BOOL_AXIOM_TYPE: Eq.{1}
  (Decidable.decide
    (Eq.{1}
      (∑ x ∈ ShannonBounds.Subst.T.{0} ShannonBounds.C11R5Tables.S_0058d965adce02f4 ShannonBounds.Letter.H,
        HMul.hMul.{0, 0, 0}
          (HMul.hMul.{0, 0, 0} (ShannonBounds.C11R5D198.w_n12 (x 0)) (ShannonBounds.C11R5D198.w_n15 (x 1)))
          (ShannonBounds.C11R5D198.w_n18 (x 2)))
      (ShannonBounds.C11R5D198.w_n19 ShannonBounds.Letter.H)))
  Bool.true
NATIVE_BOOL_AXIOM_CHECKED: ShannonBounds.C11R5D198.step_n19._native.native_decide.ax_1_7
NATIVE_BOOL_AXIOM_TYPE: Eq.{1}
  (Decidable.decide
    (Eq.{1}
      (∑ x ∈ ShannonBounds.Subst.T.{0} ShannonBounds.C11R5Tables.S_0058d965adce02f4 ShannonBounds.Letter.V,
        HMul.hMul.{0, 0, 0}
          (HMul.hMul.{0, 0, 0} (ShannonBounds.C11R5D198.w_n12 (x 0)) (ShannonBounds.C11R5D198.w_n15 (x 1)))
          (ShannonBounds.C11R5D198.w_n18 (x 2)))
      (ShannonBounds.C11R5D198.w_n19 ShannonBounds.Letter.V)))
  Bool.true
NATIVE_BOOL_AXIOM_CHECKED: ShannonBounds.C11R5D198.step_n2._native.native_decide.ax_1_1
NATIVE_BOOL_AXIOM_TYPE: Eq.{1}
  (Decidable.decide
    (Eq.{1}
      (∑ x ∈ ShannonBounds.Subst.T.{0} ShannonBounds.C11R5Tables.S_6859b0ec25991d42 ShannonBounds.Letter.B,
        HMul.hMul.{0, 0, 0}
          (HMul.hMul.{0, 0, 0} (ShannonBounds.C11R5D198.w_v (x 0)) (ShannonBounds.C11R5D198.w_n1 (x 1)))
          (ShannonBounds.C11R5D198.w_v (x 2)))
      (ShannonBounds.C11R5D198.w_n2 ShannonBounds.Letter.B)))
  Bool.true
NATIVE_BOOL_AXIOM_CHECKED: ShannonBounds.C11R5D198.step_n2._native.native_decide.ax_1_2
NATIVE_BOOL_AXIOM_TYPE: Eq.{1}
  (Decidable.decide
    (Eq.{1}
      (∑ x ∈ ShannonBounds.Subst.T.{0} ShannonBounds.C11R5Tables.S_6859b0ec25991d42 ShannonBounds.Letter.N,
        HMul.hMul.{0, 0, 0}
          (HMul.hMul.{0, 0, 0} (ShannonBounds.C11R5D198.w_v (x 0)) (ShannonBounds.C11R5D198.w_n1 (x 1)))
          (ShannonBounds.C11R5D198.w_v (x 2)))
      (ShannonBounds.C11R5D198.w_n2 ShannonBounds.Letter.N)))
  Bool.true
NATIVE_BOOL_AXIOM_CHECKED: ShannonBounds.C11R5D198.step_n2._native.native_decide.ax_1_3
NATIVE_BOOL_AXIOM_TYPE: Eq.{1}
  (Decidable.decide
    (Eq.{1}
      (∑ x ∈ ShannonBounds.Subst.T.{0} ShannonBounds.C11R5Tables.S_6859b0ec25991d42 ShannonBounds.Letter.A,
        HMul.hMul.{0, 0, 0}
          (HMul.hMul.{0, 0, 0} (ShannonBounds.C11R5D198.w_v (x 0)) (ShannonBounds.C11R5D198.w_n1 (x 1)))
          (ShannonBounds.C11R5D198.w_v (x 2)))
      (ShannonBounds.C11R5D198.w_n2 ShannonBounds.Letter.A)))
  Bool.true
NATIVE_BOOL_AXIOM_CHECKED: ShannonBounds.C11R5D198.step_n2._native.native_decide.ax_1_4
NATIVE_BOOL_AXIOM_TYPE: Eq.{1}
  (Decidable.decide
    (Eq.{1}
      (∑ x ∈ ShannonBounds.Subst.T.{0} ShannonBounds.C11R5Tables.S_6859b0ec25991d42 ShannonBounds.Letter.D,
        HMul.hMul.{0, 0, 0}
          (HMul.hMul.{0, 0, 0} (ShannonBounds.C11R5D198.w_v (x 0)) (ShannonBounds.C11R5D198.w_n1 (x 1)))
          (ShannonBounds.C11R5D198.w_v (x 2)))
      (ShannonBounds.C11R5D198.w_n2 ShannonBounds.Letter.D)))
  Bool.true
NATIVE_BOOL_AXIOM_CHECKED: ShannonBounds.C11R5D198.step_n2._native.native_decide.ax_1_5
NATIVE_BOOL_AXIOM_TYPE: Eq.{1}
  (Decidable.decide
    (Eq.{1}
      (∑ x ∈ ShannonBounds.Subst.T.{0} ShannonBounds.C11R5Tables.S_6859b0ec25991d42 ShannonBounds.Letter.O,
        HMul.hMul.{0, 0, 0}
          (HMul.hMul.{0, 0, 0} (ShannonBounds.C11R5D198.w_v (x 0)) (ShannonBounds.C11R5D198.w_n1 (x 1)))
          (ShannonBounds.C11R5D198.w_v (x 2)))
      (ShannonBounds.C11R5D198.w_n2 ShannonBounds.Letter.O)))
  Bool.true
NATIVE_BOOL_AXIOM_CHECKED: ShannonBounds.C11R5D198.step_n2._native.native_decide.ax_1_6
NATIVE_BOOL_AXIOM_TYPE: Eq.{1}
  (Decidable.decide
    (Eq.{1}
      (∑ x ∈ ShannonBounds.Subst.T.{0} ShannonBounds.C11R5Tables.S_6859b0ec25991d42 ShannonBounds.Letter.H,
        HMul.hMul.{0, 0, 0}
          (HMul.hMul.{0, 0, 0} (ShannonBounds.C11R5D198.w_v (x 0)) (ShannonBounds.C11R5D198.w_n1 (x 1)))
          (ShannonBounds.C11R5D198.w_v (x 2)))
      (ShannonBounds.C11R5D198.w_n2 ShannonBounds.Letter.H)))
  Bool.true
NATIVE_BOOL_AXIOM_CHECKED: ShannonBounds.C11R5D198.step_n2._native.native_decide.ax_1_7
NATIVE_BOOL_AXIOM_TYPE: Eq.{1}
  (Decidable.decide
    (Eq.{1}
      (∑ x ∈ ShannonBounds.Subst.T.{0} ShannonBounds.C11R5Tables.S_6859b0ec25991d42 ShannonBounds.Letter.V,
        HMul.hMul.{0, 0, 0}
          (HMul.hMul.{0, 0, 0} (ShannonBounds.C11R5D198.w_v (x 0)) (ShannonBounds.C11R5D198.w_n1 (x 1)))
          (ShannonBounds.C11R5D198.w_v (x 2)))
      (ShannonBounds.C11R5D198.w_n2 ShannonBounds.Letter.V)))
  Bool.true
NATIVE_BOOL_AXIOM_CHECKED: ShannonBounds.C11R5D198.step_n20._native.native_decide.ax_1_1
NATIVE_BOOL_AXIOM_TYPE: Eq.{1}
  (Decidable.decide
    (Eq.{1}
      (∑ x ∈ ShannonBounds.Subst.T.{0} ShannonBounds.C11R5Tables.S_59b3ea5954777333 ShannonBounds.Letter.B,
        HMul.hMul.{0, 0, 0}
          (HMul.hMul.{0, 0, 0} (ShannonBounds.C11R5D198.w_v (x 0)) (ShannonBounds.C11R5D198.w_v (x 1)))
          (ShannonBounds.C11R5D198.w_n8 (x 2)))
      (ShannonBounds.C11R5D198.w_n20 ShannonBounds.Letter.B)))
  Bool.true
NATIVE_BOOL_AXIOM_CHECKED: ShannonBounds.C11R5D198.step_n20._native.native_decide.ax_1_2
NATIVE_BOOL_AXIOM_TYPE: Eq.{1}
  (Decidable.decide
    (Eq.{1}
      (∑ x ∈ ShannonBounds.Subst.T.{0} ShannonBounds.C11R5Tables.S_59b3ea5954777333 ShannonBounds.Letter.N,
        HMul.hMul.{0, 0, 0}
          (HMul.hMul.{0, 0, 0} (ShannonBounds.C11R5D198.w_v (x 0)) (ShannonBounds.C11R5D198.w_v (x 1)))
          (ShannonBounds.C11R5D198.w_n8 (x 2)))
      (ShannonBounds.C11R5D198.w_n20 ShannonBounds.Letter.N)))
  Bool.true
NATIVE_BOOL_AXIOM_CHECKED: ShannonBounds.C11R5D198.step_n20._native.native_decide.ax_1_3
NATIVE_BOOL_AXIOM_TYPE: Eq.{1}
  (Decidable.decide
    (Eq.{1}
      (∑ x ∈ ShannonBounds.Subst.T.{0} ShannonBounds.C11R5Tables.S_59b3ea5954777333 ShannonBounds.Letter.A,
        HMul.hMul.{0, 0, 0}
          (HMul.hMul.{0, 0, 0} (ShannonBounds.C11R5D198.w_v (x 0)) (ShannonBounds.C11R5D198.w_v (x 1)))
          (ShannonBounds.C11R5D198.w_n8 (x 2)))
      (ShannonBounds.C11R5D198.w_n20 ShannonBounds.Letter.A)))
  Bool.true
NATIVE_BOOL_AXIOM_CHECKED: ShannonBounds.C11R5D198.step_n20._native.native_decide.ax_1_4
NATIVE_BOOL_AXIOM_TYPE: Eq.{1}
  (Decidable.decide
    (Eq.{1}
      (∑ x ∈ ShannonBounds.Subst.T.{0} ShannonBounds.C11R5Tables.S_59b3ea5954777333 ShannonBounds.Letter.D,
        HMul.hMul.{0, 0, 0}
          (HMul.hMul.{0, 0, 0} (ShannonBounds.C11R5D198.w_v (x 0)) (ShannonBounds.C11R5D198.w_v (x 1)))
          (ShannonBounds.C11R5D198.w_n8 (x 2)))
      (ShannonBounds.C11R5D198.w_n20 ShannonBounds.Letter.D)))
  Bool.true
NATIVE_BOOL_AXIOM_CHECKED: ShannonBounds.C11R5D198.step_n20._native.native_decide.ax_1_5
NATIVE_BOOL_AXIOM_TYPE: Eq.{1}
  (Decidable.decide
    (Eq.{1}
      (∑ x ∈ ShannonBounds.Subst.T.{0} ShannonBounds.C11R5Tables.S_59b3ea5954777333 ShannonBounds.Letter.O,
        HMul.hMul.{0, 0, 0}
          (HMul.hMul.{0, 0, 0} (ShannonBounds.C11R5D198.w_v (x 0)) (ShannonBounds.C11R5D198.w_v (x 1)))
          (ShannonBounds.C11R5D198.w_n8 (x 2)))
      (ShannonBounds.C11R5D198.w_n20 ShannonBounds.Letter.O)))
  Bool.true
NATIVE_BOOL_AXIOM_CHECKED: ShannonBounds.C11R5D198.step_n20._native.native_decide.ax_1_6
NATIVE_BOOL_AXIOM_TYPE: Eq.{1}
  (Decidable.decide
    (Eq.{1}
      (∑ x ∈ ShannonBounds.Subst.T.{0} ShannonBounds.C11R5Tables.S_59b3ea5954777333 ShannonBounds.Letter.H,
        HMul.hMul.{0, 0, 0}
          (HMul.hMul.{0, 0, 0} (ShannonBounds.C11R5D198.w_v (x 0)) (ShannonBounds.C11R5D198.w_v (x 1)))
          (ShannonBounds.C11R5D198.w_n8 (x 2)))
      (ShannonBounds.C11R5D198.w_n20 ShannonBounds.Letter.H)))
  Bool.true
NATIVE_BOOL_AXIOM_CHECKED: ShannonBounds.C11R5D198.step_n20._native.native_decide.ax_1_7
NATIVE_BOOL_AXIOM_TYPE: Eq.{1}
  (Decidable.decide
    (Eq.{1}
      (∑ x ∈ ShannonBounds.Subst.T.{0} ShannonBounds.C11R5Tables.S_59b3ea5954777333 ShannonBounds.Letter.V,
        HMul.hMul.{0, 0, 0}
          (HMul.hMul.{0, 0, 0} (ShannonBounds.C11R5D198.w_v (x 0)) (ShannonBounds.C11R5D198.w_v (x 1)))
          (ShannonBounds.C11R5D198.w_n8 (x 2)))
      (ShannonBounds.C11R5D198.w_n20 ShannonBounds.Letter.V)))
  Bool.true
NATIVE_BOOL_AXIOM_CHECKED: ShannonBounds.C11R5D198.step_n21._native.native_decide.ax_1_1
NATIVE_BOOL_AXIOM_TYPE: Eq.{1}
  (Decidable.decide
    (Eq.{1}
      (∑ x ∈ ShannonBounds.Subst.T.{0} ShannonBounds.C11R5Tables.S_e9ef2871c79d62be ShannonBounds.Letter.B,
        HMul.hMul.{0, 0, 0} (ShannonBounds.C11R5D198.w_n20 (x 0)) (ShannonBounds.C11R5D198.w_v (x 1)))
      (ShannonBounds.C11R5D198.w_n21 ShannonBounds.Letter.B)))
  Bool.true
NATIVE_BOOL_AXIOM_CHECKED: ShannonBounds.C11R5D198.step_n21._native.native_decide.ax_1_2
NATIVE_BOOL_AXIOM_TYPE: Eq.{1}
  (Decidable.decide
    (Eq.{1}
      (∑ x ∈ ShannonBounds.Subst.T.{0} ShannonBounds.C11R5Tables.S_e9ef2871c79d62be ShannonBounds.Letter.N,
        HMul.hMul.{0, 0, 0} (ShannonBounds.C11R5D198.w_n20 (x 0)) (ShannonBounds.C11R5D198.w_v (x 1)))
      (ShannonBounds.C11R5D198.w_n21 ShannonBounds.Letter.N)))
  Bool.true
NATIVE_BOOL_AXIOM_CHECKED: ShannonBounds.C11R5D198.step_n21._native.native_decide.ax_1_3
NATIVE_BOOL_AXIOM_TYPE: Eq.{1}
  (Decidable.decide
    (Eq.{1}
      (∑ x ∈ ShannonBounds.Subst.T.{0} ShannonBounds.C11R5Tables.S_e9ef2871c79d62be ShannonBounds.Letter.A,
        HMul.hMul.{0, 0, 0} (ShannonBounds.C11R5D198.w_n20 (x 0)) (ShannonBounds.C11R5D198.w_v (x 1)))
      (ShannonBounds.C11R5D198.w_n21 ShannonBounds.Letter.A)))
  Bool.true
NATIVE_BOOL_AXIOM_CHECKED: ShannonBounds.C11R5D198.step_n21._native.native_decide.ax_1_4
NATIVE_BOOL_AXIOM_TYPE: Eq.{1}
  (Decidable.decide
    (Eq.{1}
      (∑ x ∈ ShannonBounds.Subst.T.{0} ShannonBounds.C11R5Tables.S_e9ef2871c79d62be ShannonBounds.Letter.D,
        HMul.hMul.{0, 0, 0} (ShannonBounds.C11R5D198.w_n20 (x 0)) (ShannonBounds.C11R5D198.w_v (x 1)))
      (ShannonBounds.C11R5D198.w_n21 ShannonBounds.Letter.D)))
  Bool.true
NATIVE_BOOL_AXIOM_CHECKED: ShannonBounds.C11R5D198.step_n21._native.native_decide.ax_1_5
NATIVE_BOOL_AXIOM_TYPE: Eq.{1}
  (Decidable.decide
    (Eq.{1}
      (∑ x ∈ ShannonBounds.Subst.T.{0} ShannonBounds.C11R5Tables.S_e9ef2871c79d62be ShannonBounds.Letter.O,
        HMul.hMul.{0, 0, 0} (ShannonBounds.C11R5D198.w_n20 (x 0)) (ShannonBounds.C11R5D198.w_v (x 1)))
      (ShannonBounds.C11R5D198.w_n21 ShannonBounds.Letter.O)))
  Bool.true
NATIVE_BOOL_AXIOM_CHECKED: ShannonBounds.C11R5D198.step_n21._native.native_decide.ax_1_6
NATIVE_BOOL_AXIOM_TYPE: Eq.{1}
  (Decidable.decide
    (Eq.{1}
      (∑ x ∈ ShannonBounds.Subst.T.{0} ShannonBounds.C11R5Tables.S_e9ef2871c79d62be ShannonBounds.Letter.H,
        HMul.hMul.{0, 0, 0} (ShannonBounds.C11R5D198.w_n20 (x 0)) (ShannonBounds.C11R5D198.w_v (x 1)))
      (ShannonBounds.C11R5D198.w_n21 ShannonBounds.Letter.H)))
  Bool.true
NATIVE_BOOL_AXIOM_CHECKED: ShannonBounds.C11R5D198.step_n21._native.native_decide.ax_1_7
NATIVE_BOOL_AXIOM_TYPE: Eq.{1}
  (Decidable.decide
    (Eq.{1}
      (∑ x ∈ ShannonBounds.Subst.T.{0} ShannonBounds.C11R5Tables.S_e9ef2871c79d62be ShannonBounds.Letter.V,
        HMul.hMul.{0, 0, 0} (ShannonBounds.C11R5D198.w_n20 (x 0)) (ShannonBounds.C11R5D198.w_v (x 1)))
      (ShannonBounds.C11R5D198.w_n21 ShannonBounds.Letter.V)))
  Bool.true
NATIVE_BOOL_AXIOM_CHECKED: ShannonBounds.C11R5D198.step_n22._native.native_decide.ax_1_1
NATIVE_BOOL_AXIOM_TYPE: Eq.{1}
  (Decidable.decide
    (Eq.{1}
      (∑ x ∈ ShannonBounds.Subst.T.{0} ShannonBounds.C11R5Tables.S_e788020168e26abb ShannonBounds.Letter.B,
        HMul.hMul.{0, 0, 0} (ShannonBounds.C11R5D198.w_n21 (x 0)) (ShannonBounds.C11R5D198.w_v (x 1)))
      (ShannonBounds.C11R5D198.w_n22 ShannonBounds.Letter.B)))
  Bool.true
NATIVE_BOOL_AXIOM_CHECKED: ShannonBounds.C11R5D198.step_n22._native.native_decide.ax_1_2
NATIVE_BOOL_AXIOM_TYPE: Eq.{1}
  (Decidable.decide
    (Eq.{1}
      (∑ x ∈ ShannonBounds.Subst.T.{0} ShannonBounds.C11R5Tables.S_e788020168e26abb ShannonBounds.Letter.N,
        HMul.hMul.{0, 0, 0} (ShannonBounds.C11R5D198.w_n21 (x 0)) (ShannonBounds.C11R5D198.w_v (x 1)))
      (ShannonBounds.C11R5D198.w_n22 ShannonBounds.Letter.N)))
  Bool.true
NATIVE_BOOL_AXIOM_CHECKED: ShannonBounds.C11R5D198.step_n22._native.native_decide.ax_1_3
NATIVE_BOOL_AXIOM_TYPE: Eq.{1}
  (Decidable.decide
    (Eq.{1}
      (∑ x ∈ ShannonBounds.Subst.T.{0} ShannonBounds.C11R5Tables.S_e788020168e26abb ShannonBounds.Letter.A,
        HMul.hMul.{0, 0, 0} (ShannonBounds.C11R5D198.w_n21 (x 0)) (ShannonBounds.C11R5D198.w_v (x 1)))
      (ShannonBounds.C11R5D198.w_n22 ShannonBounds.Letter.A)))
  Bool.true
NATIVE_BOOL_AXIOM_CHECKED: ShannonBounds.C11R5D198.step_n22._native.native_decide.ax_1_4
NATIVE_BOOL_AXIOM_TYPE: Eq.{1}
  (Decidable.decide
    (Eq.{1}
      (∑ x ∈ ShannonBounds.Subst.T.{0} ShannonBounds.C11R5Tables.S_e788020168e26abb ShannonBounds.Letter.D,
        HMul.hMul.{0, 0, 0} (ShannonBounds.C11R5D198.w_n21 (x 0)) (ShannonBounds.C11R5D198.w_v (x 1)))
      (ShannonBounds.C11R5D198.w_n22 ShannonBounds.Letter.D)))
  Bool.true
NATIVE_BOOL_AXIOM_CHECKED: ShannonBounds.C11R5D198.step_n22._native.native_decide.ax_1_5
NATIVE_BOOL_AXIOM_TYPE: Eq.{1}
  (Decidable.decide
    (Eq.{1}
      (∑ x ∈ ShannonBounds.Subst.T.{0} ShannonBounds.C11R5Tables.S_e788020168e26abb ShannonBounds.Letter.O,
        HMul.hMul.{0, 0, 0} (ShannonBounds.C11R5D198.w_n21 (x 0)) (ShannonBounds.C11R5D198.w_v (x 1)))
      (ShannonBounds.C11R5D198.w_n22 ShannonBounds.Letter.O)))
  Bool.true
NATIVE_BOOL_AXIOM_CHECKED: ShannonBounds.C11R5D198.step_n22._native.native_decide.ax_1_6
NATIVE_BOOL_AXIOM_TYPE: Eq.{1}
  (Decidable.decide
    (Eq.{1}
      (∑ x ∈ ShannonBounds.Subst.T.{0} ShannonBounds.C11R5Tables.S_e788020168e26abb ShannonBounds.Letter.H,
        HMul.hMul.{0, 0, 0} (ShannonBounds.C11R5D198.w_n21 (x 0)) (ShannonBounds.C11R5D198.w_v (x 1)))
      (ShannonBounds.C11R5D198.w_n22 ShannonBounds.Letter.H)))
  Bool.true
NATIVE_BOOL_AXIOM_CHECKED: ShannonBounds.C11R5D198.step_n22._native.native_decide.ax_1_7
NATIVE_BOOL_AXIOM_TYPE: Eq.{1}
  (Decidable.decide
    (Eq.{1}
      (∑ x ∈ ShannonBounds.Subst.T.{0} ShannonBounds.C11R5Tables.S_e788020168e26abb ShannonBounds.Letter.V,
        HMul.hMul.{0, 0, 0} (ShannonBounds.C11R5D198.w_n21 (x 0)) (ShannonBounds.C11R5D198.w_v (x 1)))
      (ShannonBounds.C11R5D198.w_n22 ShannonBounds.Letter.V)))
  Bool.true
NATIVE_BOOL_AXIOM_CHECKED: ShannonBounds.C11R5D198.step_n23._native.native_decide.ax_1_1
NATIVE_BOOL_AXIOM_TYPE: Eq.{1}
  (Decidable.decide
    (Eq.{1}
      (∑ x ∈ ShannonBounds.Subst.T.{0} ShannonBounds.C11R5Tables.S_e788020168e26abb ShannonBounds.Letter.B,
        HMul.hMul.{0, 0, 0} (ShannonBounds.C11R5D198.w_n22 (x 0)) (ShannonBounds.C11R5D198.w_v (x 1)))
      (ShannonBounds.C11R5D198.w_n23 ShannonBounds.Letter.B)))
  Bool.true
NATIVE_BOOL_AXIOM_CHECKED: ShannonBounds.C11R5D198.step_n23._native.native_decide.ax_1_2
NATIVE_BOOL_AXIOM_TYPE: Eq.{1}
  (Decidable.decide
    (Eq.{1}
      (∑ x ∈ ShannonBounds.Subst.T.{0} ShannonBounds.C11R5Tables.S_e788020168e26abb ShannonBounds.Letter.N,
        HMul.hMul.{0, 0, 0} (ShannonBounds.C11R5D198.w_n22 (x 0)) (ShannonBounds.C11R5D198.w_v (x 1)))
      (ShannonBounds.C11R5D198.w_n23 ShannonBounds.Letter.N)))
  Bool.true
NATIVE_BOOL_AXIOM_CHECKED: ShannonBounds.C11R5D198.step_n23._native.native_decide.ax_1_3
NATIVE_BOOL_AXIOM_TYPE: Eq.{1}
  (Decidable.decide
    (Eq.{1}
      (∑ x ∈ ShannonBounds.Subst.T.{0} ShannonBounds.C11R5Tables.S_e788020168e26abb ShannonBounds.Letter.A,
        HMul.hMul.{0, 0, 0} (ShannonBounds.C11R5D198.w_n22 (x 0)) (ShannonBounds.C11R5D198.w_v (x 1)))
      (ShannonBounds.C11R5D198.w_n23 ShannonBounds.Letter.A)))
  Bool.true
NATIVE_BOOL_AXIOM_CHECKED: ShannonBounds.C11R5D198.step_n23._native.native_decide.ax_1_4
NATIVE_BOOL_AXIOM_TYPE: Eq.{1}
  (Decidable.decide
    (Eq.{1}
      (∑ x ∈ ShannonBounds.Subst.T.{0} ShannonBounds.C11R5Tables.S_e788020168e26abb ShannonBounds.Letter.D,
        HMul.hMul.{0, 0, 0} (ShannonBounds.C11R5D198.w_n22 (x 0)) (ShannonBounds.C11R5D198.w_v (x 1)))
      (ShannonBounds.C11R5D198.w_n23 ShannonBounds.Letter.D)))
  Bool.true
NATIVE_BOOL_AXIOM_CHECKED: ShannonBounds.C11R5D198.step_n23._native.native_decide.ax_1_5
NATIVE_BOOL_AXIOM_TYPE: Eq.{1}
  (Decidable.decide
    (Eq.{1}
      (∑ x ∈ ShannonBounds.Subst.T.{0} ShannonBounds.C11R5Tables.S_e788020168e26abb ShannonBounds.Letter.O,
        HMul.hMul.{0, 0, 0} (ShannonBounds.C11R5D198.w_n22 (x 0)) (ShannonBounds.C11R5D198.w_v (x 1)))
      (ShannonBounds.C11R5D198.w_n23 ShannonBounds.Letter.O)))
  Bool.true
NATIVE_BOOL_AXIOM_CHECKED: ShannonBounds.C11R5D198.step_n23._native.native_decide.ax_1_6
NATIVE_BOOL_AXIOM_TYPE: Eq.{1}
  (Decidable.decide
    (Eq.{1}
      (∑ x ∈ ShannonBounds.Subst.T.{0} ShannonBounds.C11R5Tables.S_e788020168e26abb ShannonBounds.Letter.H,
        HMul.hMul.{0, 0, 0} (ShannonBounds.C11R5D198.w_n22 (x 0)) (ShannonBounds.C11R5D198.w_v (x 1)))
      (ShannonBounds.C11R5D198.w_n23 ShannonBounds.Letter.H)))
  Bool.true
NATIVE_BOOL_AXIOM_CHECKED: ShannonBounds.C11R5D198.step_n23._native.native_decide.ax_1_7
NATIVE_BOOL_AXIOM_TYPE: Eq.{1}
  (Decidable.decide
    (Eq.{1}
      (∑ x ∈ ShannonBounds.Subst.T.{0} ShannonBounds.C11R5Tables.S_e788020168e26abb ShannonBounds.Letter.V,
        HMul.hMul.{0, 0, 0} (ShannonBounds.C11R5D198.w_n22 (x 0)) (ShannonBounds.C11R5D198.w_v (x 1)))
      (ShannonBounds.C11R5D198.w_n23 ShannonBounds.Letter.V)))
  Bool.true
NATIVE_BOOL_AXIOM_CHECKED: ShannonBounds.C11R5D198.step_n24._native.native_decide.ax_1_1
NATIVE_BOOL_AXIOM_TYPE: Eq.{1}
  (Decidable.decide
    (Eq.{1}
      (∑ x ∈ ShannonBounds.Subst.T.{0} ShannonBounds.C11R5Tables.S_e788020168e26abb ShannonBounds.Letter.B,
        HMul.hMul.{0, 0, 0} (ShannonBounds.C11R5D198.w_n23 (x 0)) (ShannonBounds.C11R5D198.w_v (x 1)))
      (ShannonBounds.C11R5D198.w_n24 ShannonBounds.Letter.B)))
  Bool.true
NATIVE_BOOL_AXIOM_CHECKED: ShannonBounds.C11R5D198.step_n24._native.native_decide.ax_1_2
NATIVE_BOOL_AXIOM_TYPE: Eq.{1}
  (Decidable.decide
    (Eq.{1}
      (∑ x ∈ ShannonBounds.Subst.T.{0} ShannonBounds.C11R5Tables.S_e788020168e26abb ShannonBounds.Letter.N,
        HMul.hMul.{0, 0, 0} (ShannonBounds.C11R5D198.w_n23 (x 0)) (ShannonBounds.C11R5D198.w_v (x 1)))
      (ShannonBounds.C11R5D198.w_n24 ShannonBounds.Letter.N)))
  Bool.true
NATIVE_BOOL_AXIOM_CHECKED: ShannonBounds.C11R5D198.step_n24._native.native_decide.ax_1_3
NATIVE_BOOL_AXIOM_TYPE: Eq.{1}
  (Decidable.decide
    (Eq.{1}
      (∑ x ∈ ShannonBounds.Subst.T.{0} ShannonBounds.C11R5Tables.S_e788020168e26abb ShannonBounds.Letter.A,
        HMul.hMul.{0, 0, 0} (ShannonBounds.C11R5D198.w_n23 (x 0)) (ShannonBounds.C11R5D198.w_v (x 1)))
      (ShannonBounds.C11R5D198.w_n24 ShannonBounds.Letter.A)))
  Bool.true
NATIVE_BOOL_AXIOM_CHECKED: ShannonBounds.C11R5D198.step_n24._native.native_decide.ax_1_4
NATIVE_BOOL_AXIOM_TYPE: Eq.{1}
  (Decidable.decide
    (Eq.{1}
      (∑ x ∈ ShannonBounds.Subst.T.{0} ShannonBounds.C11R5Tables.S_e788020168e26abb ShannonBounds.Letter.D,
        HMul.hMul.{0, 0, 0} (ShannonBounds.C11R5D198.w_n23 (x 0)) (ShannonBounds.C11R5D198.w_v (x 1)))
      (ShannonBounds.C11R5D198.w_n24 ShannonBounds.Letter.D)))
  Bool.true
NATIVE_BOOL_AXIOM_CHECKED: ShannonBounds.C11R5D198.step_n24._native.native_decide.ax_1_5
NATIVE_BOOL_AXIOM_TYPE: Eq.{1}
  (Decidable.decide
    (Eq.{1}
      (∑ x ∈ ShannonBounds.Subst.T.{0} ShannonBounds.C11R5Tables.S_e788020168e26abb ShannonBounds.Letter.O,
        HMul.hMul.{0, 0, 0} (ShannonBounds.C11R5D198.w_n23 (x 0)) (ShannonBounds.C11R5D198.w_v (x 1)))
      (ShannonBounds.C11R5D198.w_n24 ShannonBounds.Letter.O)))
  Bool.true
NATIVE_BOOL_AXIOM_CHECKED: ShannonBounds.C11R5D198.step_n24._native.native_decide.ax_1_6
NATIVE_BOOL_AXIOM_TYPE: Eq.{1}
  (Decidable.decide
    (Eq.{1}
      (∑ x ∈ ShannonBounds.Subst.T.{0} ShannonBounds.C11R5Tables.S_e788020168e26abb ShannonBounds.Letter.H,
        HMul.hMul.{0, 0, 0} (ShannonBounds.C11R5D198.w_n23 (x 0)) (ShannonBounds.C11R5D198.w_v (x 1)))
      (ShannonBounds.C11R5D198.w_n24 ShannonBounds.Letter.H)))
  Bool.true
NATIVE_BOOL_AXIOM_CHECKED: ShannonBounds.C11R5D198.step_n24._native.native_decide.ax_1_7
NATIVE_BOOL_AXIOM_TYPE: Eq.{1}
  (Decidable.decide
    (Eq.{1}
      (∑ x ∈ ShannonBounds.Subst.T.{0} ShannonBounds.C11R5Tables.S_e788020168e26abb ShannonBounds.Letter.V,
        HMul.hMul.{0, 0, 0} (ShannonBounds.C11R5D198.w_n23 (x 0)) (ShannonBounds.C11R5D198.w_v (x 1)))
      (ShannonBounds.C11R5D198.w_n24 ShannonBounds.Letter.V)))
  Bool.true
NATIVE_BOOL_AXIOM_CHECKED: ShannonBounds.C11R5D198.step_n25._native.native_decide.ax_1_1
NATIVE_BOOL_AXIOM_TYPE: Eq.{1}
  (Decidable.decide
    (Eq.{1}
      (∑ x ∈ ShannonBounds.Subst.T.{0} ShannonBounds.C11R5Tables.S_04339297651c9c49 ShannonBounds.Letter.B,
        HMul.hMul.{0, 0, 0}
          (HMul.hMul.{0, 0, 0} (ShannonBounds.C11R5D198.w_v (x 0)) (ShannonBounds.C11R5D198.w_v (x 1)))
          (ShannonBounds.C11R5D198.w_n1 (x 2)))
      (ShannonBounds.C11R5D198.w_n25 ShannonBounds.Letter.B)))
  Bool.true
NATIVE_BOOL_AXIOM_CHECKED: ShannonBounds.C11R5D198.step_n25._native.native_decide.ax_1_2
NATIVE_BOOL_AXIOM_TYPE: Eq.{1}
  (Decidable.decide
    (Eq.{1}
      (∑ x ∈ ShannonBounds.Subst.T.{0} ShannonBounds.C11R5Tables.S_04339297651c9c49 ShannonBounds.Letter.N,
        HMul.hMul.{0, 0, 0}
          (HMul.hMul.{0, 0, 0} (ShannonBounds.C11R5D198.w_v (x 0)) (ShannonBounds.C11R5D198.w_v (x 1)))
          (ShannonBounds.C11R5D198.w_n1 (x 2)))
      (ShannonBounds.C11R5D198.w_n25 ShannonBounds.Letter.N)))
  Bool.true
NATIVE_BOOL_AXIOM_CHECKED: ShannonBounds.C11R5D198.step_n25._native.native_decide.ax_1_3
NATIVE_BOOL_AXIOM_TYPE: Eq.{1}
  (Decidable.decide
    (Eq.{1}
      (∑ x ∈ ShannonBounds.Subst.T.{0} ShannonBounds.C11R5Tables.S_04339297651c9c49 ShannonBounds.Letter.A,
        HMul.hMul.{0, 0, 0}
          (HMul.hMul.{0, 0, 0} (ShannonBounds.C11R5D198.w_v (x 0)) (ShannonBounds.C11R5D198.w_v (x 1)))
          (ShannonBounds.C11R5D198.w_n1 (x 2)))
      (ShannonBounds.C11R5D198.w_n25 ShannonBounds.Letter.A)))
  Bool.true
NATIVE_BOOL_AXIOM_CHECKED: ShannonBounds.C11R5D198.step_n25._native.native_decide.ax_1_4
NATIVE_BOOL_AXIOM_TYPE: Eq.{1}
  (Decidable.decide
    (Eq.{1}
      (∑ x ∈ ShannonBounds.Subst.T.{0} ShannonBounds.C11R5Tables.S_04339297651c9c49 ShannonBounds.Letter.D,
        HMul.hMul.{0, 0, 0}
          (HMul.hMul.{0, 0, 0} (ShannonBounds.C11R5D198.w_v (x 0)) (ShannonBounds.C11R5D198.w_v (x 1)))
          (ShannonBounds.C11R5D198.w_n1 (x 2)))
      (ShannonBounds.C11R5D198.w_n25 ShannonBounds.Letter.D)))
  Bool.true
NATIVE_BOOL_AXIOM_CHECKED: ShannonBounds.C11R5D198.step_n25._native.native_decide.ax_1_5
NATIVE_BOOL_AXIOM_TYPE: Eq.{1}
  (Decidable.decide
    (Eq.{1}
      (∑ x ∈ ShannonBounds.Subst.T.{0} ShannonBounds.C11R5Tables.S_04339297651c9c49 ShannonBounds.Letter.O,
        HMul.hMul.{0, 0, 0}
          (HMul.hMul.{0, 0, 0} (ShannonBounds.C11R5D198.w_v (x 0)) (ShannonBounds.C11R5D198.w_v (x 1)))
          (ShannonBounds.C11R5D198.w_n1 (x 2)))
      (ShannonBounds.C11R5D198.w_n25 ShannonBounds.Letter.O)))
  Bool.true
NATIVE_BOOL_AXIOM_CHECKED: ShannonBounds.C11R5D198.step_n25._native.native_decide.ax_1_6
NATIVE_BOOL_AXIOM_TYPE: Eq.{1}
  (Decidable.decide
    (Eq.{1}
      (∑ x ∈ ShannonBounds.Subst.T.{0} ShannonBounds.C11R5Tables.S_04339297651c9c49 ShannonBounds.Letter.H,
        HMul.hMul.{0, 0, 0}
          (HMul.hMul.{0, 0, 0} (ShannonBounds.C11R5D198.w_v (x 0)) (ShannonBounds.C11R5D198.w_v (x 1)))
          (ShannonBounds.C11R5D198.w_n1 (x 2)))
      (ShannonBounds.C11R5D198.w_n25 ShannonBounds.Letter.H)))
  Bool.true
NATIVE_BOOL_AXIOM_CHECKED: ShannonBounds.C11R5D198.step_n25._native.native_decide.ax_1_7
NATIVE_BOOL_AXIOM_TYPE: Eq.{1}
  (Decidable.decide
    (Eq.{1}
      (∑ x ∈ ShannonBounds.Subst.T.{0} ShannonBounds.C11R5Tables.S_04339297651c9c49 ShannonBounds.Letter.V,
        HMul.hMul.{0, 0, 0}
          (HMul.hMul.{0, 0, 0} (ShannonBounds.C11R5D198.w_v (x 0)) (ShannonBounds.C11R5D198.w_v (x 1)))
          (ShannonBounds.C11R5D198.w_n1 (x 2)))
      (ShannonBounds.C11R5D198.w_n25 ShannonBounds.Letter.V)))
  Bool.true
NATIVE_BOOL_AXIOM_CHECKED: ShannonBounds.C11R5D198.step_n26._native.native_decide.ax_1_1
NATIVE_BOOL_AXIOM_TYPE: Eq.{1}
  (Decidable.decide
    (Eq.{1}
      (∑ x ∈ ShannonBounds.Subst.T.{0} ShannonBounds.C11R5Tables.S_7b6c163f0dc4b608 ShannonBounds.Letter.B,
        HMul.hMul.{0, 0, 0}
          (HMul.hMul.{0, 0, 0} (ShannonBounds.C11R5D198.w_n25 (x 0)) (ShannonBounds.C11R5D198.w_n10 (x 1)))
          (ShannonBounds.C11R5D198.w_n10 (x 2)))
      (ShannonBounds.C11R5D198.w_n26 ShannonBounds.Letter.B)))
  Bool.true
NATIVE_BOOL_AXIOM_CHECKED: ShannonBounds.C11R5D198.step_n26._native.native_decide.ax_1_2
NATIVE_BOOL_AXIOM_TYPE: Eq.{1}
  (Decidable.decide
    (Eq.{1}
      (∑ x ∈ ShannonBounds.Subst.T.{0} ShannonBounds.C11R5Tables.S_7b6c163f0dc4b608 ShannonBounds.Letter.N,
        HMul.hMul.{0, 0, 0}
          (HMul.hMul.{0, 0, 0} (ShannonBounds.C11R5D198.w_n25 (x 0)) (ShannonBounds.C11R5D198.w_n10 (x 1)))
          (ShannonBounds.C11R5D198.w_n10 (x 2)))
      (ShannonBounds.C11R5D198.w_n26 ShannonBounds.Letter.N)))
  Bool.true
NATIVE_BOOL_AXIOM_CHECKED: ShannonBounds.C11R5D198.step_n26._native.native_decide.ax_1_3
NATIVE_BOOL_AXIOM_TYPE: Eq.{1}
  (Decidable.decide
    (Eq.{1}
      (∑ x ∈ ShannonBounds.Subst.T.{0} ShannonBounds.C11R5Tables.S_7b6c163f0dc4b608 ShannonBounds.Letter.A,
        HMul.hMul.{0, 0, 0}
          (HMul.hMul.{0, 0, 0} (ShannonBounds.C11R5D198.w_n25 (x 0)) (ShannonBounds.C11R5D198.w_n10 (x 1)))
          (ShannonBounds.C11R5D198.w_n10 (x 2)))
      (ShannonBounds.C11R5D198.w_n26 ShannonBounds.Letter.A)))
  Bool.true
NATIVE_BOOL_AXIOM_CHECKED: ShannonBounds.C11R5D198.step_n26._native.native_decide.ax_1_4
NATIVE_BOOL_AXIOM_TYPE: Eq.{1}
  (Decidable.decide
    (Eq.{1}
      (∑ x ∈ ShannonBounds.Subst.T.{0} ShannonBounds.C11R5Tables.S_7b6c163f0dc4b608 ShannonBounds.Letter.D,
        HMul.hMul.{0, 0, 0}
          (HMul.hMul.{0, 0, 0} (ShannonBounds.C11R5D198.w_n25 (x 0)) (ShannonBounds.C11R5D198.w_n10 (x 1)))
          (ShannonBounds.C11R5D198.w_n10 (x 2)))
      (ShannonBounds.C11R5D198.w_n26 ShannonBounds.Letter.D)))
  Bool.true
NATIVE_BOOL_AXIOM_CHECKED: ShannonBounds.C11R5D198.step_n26._native.native_decide.ax_1_5
NATIVE_BOOL_AXIOM_TYPE: Eq.{1}
  (Decidable.decide
    (Eq.{1}
      (∑ x ∈ ShannonBounds.Subst.T.{0} ShannonBounds.C11R5Tables.S_7b6c163f0dc4b608 ShannonBounds.Letter.O,
        HMul.hMul.{0, 0, 0}
          (HMul.hMul.{0, 0, 0} (ShannonBounds.C11R5D198.w_n25 (x 0)) (ShannonBounds.C11R5D198.w_n10 (x 1)))
          (ShannonBounds.C11R5D198.w_n10 (x 2)))
      (ShannonBounds.C11R5D198.w_n26 ShannonBounds.Letter.O)))
  Bool.true
NATIVE_BOOL_AXIOM_CHECKED: ShannonBounds.C11R5D198.step_n26._native.native_decide.ax_1_6
NATIVE_BOOL_AXIOM_TYPE: Eq.{1}
  (Decidable.decide
    (Eq.{1}
      (∑ x ∈ ShannonBounds.Subst.T.{0} ShannonBounds.C11R5Tables.S_7b6c163f0dc4b608 ShannonBounds.Letter.H,
        HMul.hMul.{0, 0, 0}
          (HMul.hMul.{0, 0, 0} (ShannonBounds.C11R5D198.w_n25 (x 0)) (ShannonBounds.C11R5D198.w_n10 (x 1)))
          (ShannonBounds.C11R5D198.w_n10 (x 2)))
      (ShannonBounds.C11R5D198.w_n26 ShannonBounds.Letter.H)))
  Bool.true
NATIVE_BOOL_AXIOM_CHECKED: ShannonBounds.C11R5D198.step_n26._native.native_decide.ax_1_7
NATIVE_BOOL_AXIOM_TYPE: Eq.{1}
  (Decidable.decide
    (Eq.{1}
      (∑ x ∈ ShannonBounds.Subst.T.{0} ShannonBounds.C11R5Tables.S_7b6c163f0dc4b608 ShannonBounds.Letter.V,
        HMul.hMul.{0, 0, 0}
          (HMul.hMul.{0, 0, 0} (ShannonBounds.C11R5D198.w_n25 (x 0)) (ShannonBounds.C11R5D198.w_n10 (x 1)))
          (ShannonBounds.C11R5D198.w_n10 (x 2)))
      (ShannonBounds.C11R5D198.w_n26 ShannonBounds.Letter.V)))
  Bool.true
NATIVE_BOOL_AXIOM_CHECKED: ShannonBounds.C11R5D198.step_n27._native.native_decide.ax_1_1
NATIVE_BOOL_AXIOM_TYPE: Eq.{1}
  (Decidable.decide
    (Eq.{1}
      (∑ x ∈ ShannonBounds.Subst.T.{0} ShannonBounds.C11R5Tables.S_e620baced0654ce9 ShannonBounds.Letter.B,
        HMul.hMul.{0, 0, 0}
          (HMul.hMul.{0, 0, 0} (ShannonBounds.C11R5D198.w_v (x 0)) (ShannonBounds.C11R5D198.w_v (x 1)))
          (ShannonBounds.C11R5D198.w_n16 (x 2)))
      (ShannonBounds.C11R5D198.w_n27 ShannonBounds.Letter.B)))
  Bool.true
NATIVE_BOOL_AXIOM_CHECKED: ShannonBounds.C11R5D198.step_n27._native.native_decide.ax_1_2
NATIVE_BOOL_AXIOM_TYPE: Eq.{1}
  (Decidable.decide
    (Eq.{1}
      (∑ x ∈ ShannonBounds.Subst.T.{0} ShannonBounds.C11R5Tables.S_e620baced0654ce9 ShannonBounds.Letter.N,
        HMul.hMul.{0, 0, 0}
          (HMul.hMul.{0, 0, 0} (ShannonBounds.C11R5D198.w_v (x 0)) (ShannonBounds.C11R5D198.w_v (x 1)))
          (ShannonBounds.C11R5D198.w_n16 (x 2)))
      (ShannonBounds.C11R5D198.w_n27 ShannonBounds.Letter.N)))
  Bool.true
NATIVE_BOOL_AXIOM_CHECKED: ShannonBounds.C11R5D198.step_n27._native.native_decide.ax_1_3
NATIVE_BOOL_AXIOM_TYPE: Eq.{1}
  (Decidable.decide
    (Eq.{1}
      (∑ x ∈ ShannonBounds.Subst.T.{0} ShannonBounds.C11R5Tables.S_e620baced0654ce9 ShannonBounds.Letter.A,
        HMul.hMul.{0, 0, 0}
          (HMul.hMul.{0, 0, 0} (ShannonBounds.C11R5D198.w_v (x 0)) (ShannonBounds.C11R5D198.w_v (x 1)))
          (ShannonBounds.C11R5D198.w_n16 (x 2)))
      (ShannonBounds.C11R5D198.w_n27 ShannonBounds.Letter.A)))
  Bool.true
NATIVE_BOOL_AXIOM_CHECKED: ShannonBounds.C11R5D198.step_n27._native.native_decide.ax_1_4
NATIVE_BOOL_AXIOM_TYPE: Eq.{1}
  (Decidable.decide
    (Eq.{1}
      (∑ x ∈ ShannonBounds.Subst.T.{0} ShannonBounds.C11R5Tables.S_e620baced0654ce9 ShannonBounds.Letter.D,
        HMul.hMul.{0, 0, 0}
          (HMul.hMul.{0, 0, 0} (ShannonBounds.C11R5D198.w_v (x 0)) (ShannonBounds.C11R5D198.w_v (x 1)))
          (ShannonBounds.C11R5D198.w_n16 (x 2)))
      (ShannonBounds.C11R5D198.w_n27 ShannonBounds.Letter.D)))
  Bool.true
NATIVE_BOOL_AXIOM_CHECKED: ShannonBounds.C11R5D198.step_n27._native.native_decide.ax_1_5
NATIVE_BOOL_AXIOM_TYPE: Eq.{1}
  (Decidable.decide
    (Eq.{1}
      (∑ x ∈ ShannonBounds.Subst.T.{0} ShannonBounds.C11R5Tables.S_e620baced0654ce9 ShannonBounds.Letter.O,
        HMul.hMul.{0, 0, 0}
          (HMul.hMul.{0, 0, 0} (ShannonBounds.C11R5D198.w_v (x 0)) (ShannonBounds.C11R5D198.w_v (x 1)))
          (ShannonBounds.C11R5D198.w_n16 (x 2)))
      (ShannonBounds.C11R5D198.w_n27 ShannonBounds.Letter.O)))
  Bool.true
NATIVE_BOOL_AXIOM_CHECKED: ShannonBounds.C11R5D198.step_n27._native.native_decide.ax_1_6
NATIVE_BOOL_AXIOM_TYPE: Eq.{1}
  (Decidable.decide
    (Eq.{1}
      (∑ x ∈ ShannonBounds.Subst.T.{0} ShannonBounds.C11R5Tables.S_e620baced0654ce9 ShannonBounds.Letter.H,
        HMul.hMul.{0, 0, 0}
          (HMul.hMul.{0, 0, 0} (ShannonBounds.C11R5D198.w_v (x 0)) (ShannonBounds.C11R5D198.w_v (x 1)))
          (ShannonBounds.C11R5D198.w_n16 (x 2)))
      (ShannonBounds.C11R5D198.w_n27 ShannonBounds.Letter.H)))
  Bool.true
NATIVE_BOOL_AXIOM_CHECKED: ShannonBounds.C11R5D198.step_n27._native.native_decide.ax_1_7
NATIVE_BOOL_AXIOM_TYPE: Eq.{1}
  (Decidable.decide
    (Eq.{1}
      (∑ x ∈ ShannonBounds.Subst.T.{0} ShannonBounds.C11R5Tables.S_e620baced0654ce9 ShannonBounds.Letter.V,
        HMul.hMul.{0, 0, 0}
          (HMul.hMul.{0, 0, 0} (ShannonBounds.C11R5D198.w_v (x 0)) (ShannonBounds.C11R5D198.w_v (x 1)))
          (ShannonBounds.C11R5D198.w_n16 (x 2)))
      (ShannonBounds.C11R5D198.w_n27 ShannonBounds.Letter.V)))
  Bool.true
NATIVE_BOOL_AXIOM_CHECKED: ShannonBounds.C11R5D198.step_n28._native.native_decide.ax_1_1
NATIVE_BOOL_AXIOM_TYPE: Eq.{1}
  (Decidable.decide
    (Eq.{1}
      (∑ x ∈ ShannonBounds.Subst.T.{0} ShannonBounds.C11R5Tables.S_31d500a381a04d9a ShannonBounds.Letter.B,
        HMul.hMul.{0, 0, 0}
          (HMul.hMul.{0, 0, 0} (ShannonBounds.C11R5D198.w_v (x 0)) (ShannonBounds.C11R5D198.w_n27 (x 1)))
          (ShannonBounds.C11R5D198.w_v (x 2)))
      (ShannonBounds.C11R5D198.w_n28 ShannonBounds.Letter.B)))
  Bool.true
NATIVE_BOOL_AXIOM_CHECKED: ShannonBounds.C11R5D198.step_n28._native.native_decide.ax_1_2
NATIVE_BOOL_AXIOM_TYPE: Eq.{1}
  (Decidable.decide
    (Eq.{1}
      (∑ x ∈ ShannonBounds.Subst.T.{0} ShannonBounds.C11R5Tables.S_31d500a381a04d9a ShannonBounds.Letter.N,
        HMul.hMul.{0, 0, 0}
          (HMul.hMul.{0, 0, 0} (ShannonBounds.C11R5D198.w_v (x 0)) (ShannonBounds.C11R5D198.w_n27 (x 1)))
          (ShannonBounds.C11R5D198.w_v (x 2)))
      (ShannonBounds.C11R5D198.w_n28 ShannonBounds.Letter.N)))
  Bool.true
NATIVE_BOOL_AXIOM_CHECKED: ShannonBounds.C11R5D198.step_n28._native.native_decide.ax_1_3
NATIVE_BOOL_AXIOM_TYPE: Eq.{1}
  (Decidable.decide
    (Eq.{1}
      (∑ x ∈ ShannonBounds.Subst.T.{0} ShannonBounds.C11R5Tables.S_31d500a381a04d9a ShannonBounds.Letter.A,
        HMul.hMul.{0, 0, 0}
          (HMul.hMul.{0, 0, 0} (ShannonBounds.C11R5D198.w_v (x 0)) (ShannonBounds.C11R5D198.w_n27 (x 1)))
          (ShannonBounds.C11R5D198.w_v (x 2)))
      (ShannonBounds.C11R5D198.w_n28 ShannonBounds.Letter.A)))
  Bool.true
NATIVE_BOOL_AXIOM_CHECKED: ShannonBounds.C11R5D198.step_n28._native.native_decide.ax_1_4
NATIVE_BOOL_AXIOM_TYPE: Eq.{1}
  (Decidable.decide
    (Eq.{1}
      (∑ x ∈ ShannonBounds.Subst.T.{0} ShannonBounds.C11R5Tables.S_31d500a381a04d9a ShannonBounds.Letter.D,
        HMul.hMul.{0, 0, 0}
          (HMul.hMul.{0, 0, 0} (ShannonBounds.C11R5D198.w_v (x 0)) (ShannonBounds.C11R5D198.w_n27 (x 1)))
          (ShannonBounds.C11R5D198.w_v (x 2)))
      (ShannonBounds.C11R5D198.w_n28 ShannonBounds.Letter.D)))
  Bool.true
NATIVE_BOOL_AXIOM_CHECKED: ShannonBounds.C11R5D198.step_n28._native.native_decide.ax_1_5
NATIVE_BOOL_AXIOM_TYPE: Eq.{1}
  (Decidable.decide
    (Eq.{1}
      (∑ x ∈ ShannonBounds.Subst.T.{0} ShannonBounds.C11R5Tables.S_31d500a381a04d9a ShannonBounds.Letter.O,
        HMul.hMul.{0, 0, 0}
          (HMul.hMul.{0, 0, 0} (ShannonBounds.C11R5D198.w_v (x 0)) (ShannonBounds.C11R5D198.w_n27 (x 1)))
          (ShannonBounds.C11R5D198.w_v (x 2)))
      (ShannonBounds.C11R5D198.w_n28 ShannonBounds.Letter.O)))
  Bool.true
NATIVE_BOOL_AXIOM_CHECKED: ShannonBounds.C11R5D198.step_n28._native.native_decide.ax_1_6
NATIVE_BOOL_AXIOM_TYPE: Eq.{1}
  (Decidable.decide
    (Eq.{1}
      (∑ x ∈ ShannonBounds.Subst.T.{0} ShannonBounds.C11R5Tables.S_31d500a381a04d9a ShannonBounds.Letter.H,
        HMul.hMul.{0, 0, 0}
          (HMul.hMul.{0, 0, 0} (ShannonBounds.C11R5D198.w_v (x 0)) (ShannonBounds.C11R5D198.w_n27 (x 1)))
          (ShannonBounds.C11R5D198.w_v (x 2)))
      (ShannonBounds.C11R5D198.w_n28 ShannonBounds.Letter.H)))
  Bool.true
NATIVE_BOOL_AXIOM_CHECKED: ShannonBounds.C11R5D198.step_n28._native.native_decide.ax_1_7
NATIVE_BOOL_AXIOM_TYPE: Eq.{1}
  (Decidable.decide
    (Eq.{1}
      (∑ x ∈ ShannonBounds.Subst.T.{0} ShannonBounds.C11R5Tables.S_31d500a381a04d9a ShannonBounds.Letter.V,
        HMul.hMul.{0, 0, 0}
          (HMul.hMul.{0, 0, 0} (ShannonBounds.C11R5D198.w_v (x 0)) (ShannonBounds.C11R5D198.w_n27 (x 1)))
          (ShannonBounds.C11R5D198.w_v (x 2)))
      (ShannonBounds.C11R5D198.w_n28 ShannonBounds.Letter.V)))
  Bool.true
NATIVE_BOOL_AXIOM_CHECKED: ShannonBounds.C11R5D198.step_n29._native.native_decide.ax_1_1
NATIVE_BOOL_AXIOM_TYPE: Eq.{1}
  (Decidable.decide
    (Eq.{1}
      (∑ x ∈ ShannonBounds.Subst.T.{0} ShannonBounds.C11R5Tables.S_660b0244997e1b9c ShannonBounds.Letter.B,
        HMul.hMul.{0, 0, 0}
          (HMul.hMul.{0, 0, 0} (ShannonBounds.C11R5D198.w_n24 (x 0)) (ShannonBounds.C11R5D198.w_n26 (x 1)))
          (ShannonBounds.C11R5D198.w_n28 (x 2)))
      (ShannonBounds.C11R5D198.w_n29 ShannonBounds.Letter.B)))
  Bool.true
NATIVE_BOOL_AXIOM_CHECKED: ShannonBounds.C11R5D198.step_n29._native.native_decide.ax_1_2
NATIVE_BOOL_AXIOM_TYPE: Eq.{1}
  (Decidable.decide
    (Eq.{1}
      (∑ x ∈ ShannonBounds.Subst.T.{0} ShannonBounds.C11R5Tables.S_660b0244997e1b9c ShannonBounds.Letter.N,
        HMul.hMul.{0, 0, 0}
          (HMul.hMul.{0, 0, 0} (ShannonBounds.C11R5D198.w_n24 (x 0)) (ShannonBounds.C11R5D198.w_n26 (x 1)))
          (ShannonBounds.C11R5D198.w_n28 (x 2)))
      (ShannonBounds.C11R5D198.w_n29 ShannonBounds.Letter.N)))
  Bool.true
NATIVE_BOOL_AXIOM_CHECKED: ShannonBounds.C11R5D198.step_n29._native.native_decide.ax_1_3
NATIVE_BOOL_AXIOM_TYPE: Eq.{1}
  (Decidable.decide
    (Eq.{1}
      (∑ x ∈ ShannonBounds.Subst.T.{0} ShannonBounds.C11R5Tables.S_660b0244997e1b9c ShannonBounds.Letter.A,
        HMul.hMul.{0, 0, 0}
          (HMul.hMul.{0, 0, 0} (ShannonBounds.C11R5D198.w_n24 (x 0)) (ShannonBounds.C11R5D198.w_n26 (x 1)))
          (ShannonBounds.C11R5D198.w_n28 (x 2)))
      (ShannonBounds.C11R5D198.w_n29 ShannonBounds.Letter.A)))
  Bool.true
NATIVE_BOOL_AXIOM_CHECKED: ShannonBounds.C11R5D198.step_n29._native.native_decide.ax_1_4
NATIVE_BOOL_AXIOM_TYPE: Eq.{1}
  (Decidable.decide
    (Eq.{1}
      (∑ x ∈ ShannonBounds.Subst.T.{0} ShannonBounds.C11R5Tables.S_660b0244997e1b9c ShannonBounds.Letter.D,
        HMul.hMul.{0, 0, 0}
          (HMul.hMul.{0, 0, 0} (ShannonBounds.C11R5D198.w_n24 (x 0)) (ShannonBounds.C11R5D198.w_n26 (x 1)))
          (ShannonBounds.C11R5D198.w_n28 (x 2)))
      (ShannonBounds.C11R5D198.w_n29 ShannonBounds.Letter.D)))
  Bool.true
NATIVE_BOOL_AXIOM_CHECKED: ShannonBounds.C11R5D198.step_n29._native.native_decide.ax_1_5
NATIVE_BOOL_AXIOM_TYPE: Eq.{1}
  (Decidable.decide
    (Eq.{1}
      (∑ x ∈ ShannonBounds.Subst.T.{0} ShannonBounds.C11R5Tables.S_660b0244997e1b9c ShannonBounds.Letter.O,
        HMul.hMul.{0, 0, 0}
          (HMul.hMul.{0, 0, 0} (ShannonBounds.C11R5D198.w_n24 (x 0)) (ShannonBounds.C11R5D198.w_n26 (x 1)))
          (ShannonBounds.C11R5D198.w_n28 (x 2)))
      (ShannonBounds.C11R5D198.w_n29 ShannonBounds.Letter.O)))
  Bool.true
NATIVE_BOOL_AXIOM_CHECKED: ShannonBounds.C11R5D198.step_n29._native.native_decide.ax_1_6
NATIVE_BOOL_AXIOM_TYPE: Eq.{1}
  (Decidable.decide
    (Eq.{1}
      (∑ x ∈ ShannonBounds.Subst.T.{0} ShannonBounds.C11R5Tables.S_660b0244997e1b9c ShannonBounds.Letter.H,
        HMul.hMul.{0, 0, 0}
          (HMul.hMul.{0, 0, 0} (ShannonBounds.C11R5D198.w_n24 (x 0)) (ShannonBounds.C11R5D198.w_n26 (x 1)))
          (ShannonBounds.C11R5D198.w_n28 (x 2)))
      (ShannonBounds.C11R5D198.w_n29 ShannonBounds.Letter.H)))
  Bool.true
NATIVE_BOOL_AXIOM_CHECKED: ShannonBounds.C11R5D198.step_n29._native.native_decide.ax_1_7
NATIVE_BOOL_AXIOM_TYPE: Eq.{1}
  (Decidable.decide
    (Eq.{1}
      (∑ x ∈ ShannonBounds.Subst.T.{0} ShannonBounds.C11R5Tables.S_660b0244997e1b9c ShannonBounds.Letter.V,
        HMul.hMul.{0, 0, 0}
          (HMul.hMul.{0, 0, 0} (ShannonBounds.C11R5D198.w_n24 (x 0)) (ShannonBounds.C11R5D198.w_n26 (x 1)))
          (ShannonBounds.C11R5D198.w_n28 (x 2)))
      (ShannonBounds.C11R5D198.w_n29 ShannonBounds.Letter.V)))
  Bool.true
NATIVE_BOOL_AXIOM_CHECKED: ShannonBounds.C11R5D198.step_n3._native.native_decide.ax_1_1
NATIVE_BOOL_AXIOM_TYPE: Eq.{1}
  (Decidable.decide
    (Eq.{1}
      (∑ x ∈ ShannonBounds.Subst.T.{0} ShannonBounds.C11R5Tables.S_b014d29111062762 ShannonBounds.Letter.B,
        HMul.hMul.{0, 0, 0} (ShannonBounds.C11R5D198.w_v (x 0)) (ShannonBounds.C11R5D198.w_n2 (x 1)))
      (ShannonBounds.C11R5D198.w_n3 ShannonBounds.Letter.B)))
  Bool.true
NATIVE_BOOL_AXIOM_CHECKED: ShannonBounds.C11R5D198.step_n3._native.native_decide.ax_1_2
NATIVE_BOOL_AXIOM_TYPE: Eq.{1}
  (Decidable.decide
    (Eq.{1}
      (∑ x ∈ ShannonBounds.Subst.T.{0} ShannonBounds.C11R5Tables.S_b014d29111062762 ShannonBounds.Letter.N,
        HMul.hMul.{0, 0, 0} (ShannonBounds.C11R5D198.w_v (x 0)) (ShannonBounds.C11R5D198.w_n2 (x 1)))
      (ShannonBounds.C11R5D198.w_n3 ShannonBounds.Letter.N)))
  Bool.true
NATIVE_BOOL_AXIOM_CHECKED: ShannonBounds.C11R5D198.step_n3._native.native_decide.ax_1_3
NATIVE_BOOL_AXIOM_TYPE: Eq.{1}
  (Decidable.decide
    (Eq.{1}
      (∑ x ∈ ShannonBounds.Subst.T.{0} ShannonBounds.C11R5Tables.S_b014d29111062762 ShannonBounds.Letter.A,
        HMul.hMul.{0, 0, 0} (ShannonBounds.C11R5D198.w_v (x 0)) (ShannonBounds.C11R5D198.w_n2 (x 1)))
      (ShannonBounds.C11R5D198.w_n3 ShannonBounds.Letter.A)))
  Bool.true
NATIVE_BOOL_AXIOM_CHECKED: ShannonBounds.C11R5D198.step_n3._native.native_decide.ax_1_4
NATIVE_BOOL_AXIOM_TYPE: Eq.{1}
  (Decidable.decide
    (Eq.{1}
      (∑ x ∈ ShannonBounds.Subst.T.{0} ShannonBounds.C11R5Tables.S_b014d29111062762 ShannonBounds.Letter.D,
        HMul.hMul.{0, 0, 0} (ShannonBounds.C11R5D198.w_v (x 0)) (ShannonBounds.C11R5D198.w_n2 (x 1)))
      (ShannonBounds.C11R5D198.w_n3 ShannonBounds.Letter.D)))
  Bool.true
NATIVE_BOOL_AXIOM_CHECKED: ShannonBounds.C11R5D198.step_n3._native.native_decide.ax_1_5
NATIVE_BOOL_AXIOM_TYPE: Eq.{1}
  (Decidable.decide
    (Eq.{1}
      (∑ x ∈ ShannonBounds.Subst.T.{0} ShannonBounds.C11R5Tables.S_b014d29111062762 ShannonBounds.Letter.O,
        HMul.hMul.{0, 0, 0} (ShannonBounds.C11R5D198.w_v (x 0)) (ShannonBounds.C11R5D198.w_n2 (x 1)))
      (ShannonBounds.C11R5D198.w_n3 ShannonBounds.Letter.O)))
  Bool.true
NATIVE_BOOL_AXIOM_CHECKED: ShannonBounds.C11R5D198.step_n3._native.native_decide.ax_1_6
NATIVE_BOOL_AXIOM_TYPE: Eq.{1}
  (Decidable.decide
    (Eq.{1}
      (∑ x ∈ ShannonBounds.Subst.T.{0} ShannonBounds.C11R5Tables.S_b014d29111062762 ShannonBounds.Letter.H,
        HMul.hMul.{0, 0, 0} (ShannonBounds.C11R5D198.w_v (x 0)) (ShannonBounds.C11R5D198.w_n2 (x 1)))
      (ShannonBounds.C11R5D198.w_n3 ShannonBounds.Letter.H)))
  Bool.true
NATIVE_BOOL_AXIOM_CHECKED: ShannonBounds.C11R5D198.step_n3._native.native_decide.ax_1_7
NATIVE_BOOL_AXIOM_TYPE: Eq.{1}
  (Decidable.decide
    (Eq.{1}
      (∑ x ∈ ShannonBounds.Subst.T.{0} ShannonBounds.C11R5Tables.S_b014d29111062762 ShannonBounds.Letter.V,
        HMul.hMul.{0, 0, 0} (ShannonBounds.C11R5D198.w_v (x 0)) (ShannonBounds.C11R5D198.w_n2 (x 1)))
      (ShannonBounds.C11R5D198.w_n3 ShannonBounds.Letter.V)))
  Bool.true
NATIVE_BOOL_AXIOM_CHECKED: ShannonBounds.C11R5D198.step_n4._native.native_decide.ax_1_1
NATIVE_BOOL_AXIOM_TYPE: Eq.{1}
  (Decidable.decide
    (Eq.{1}
      (∑ x ∈ ShannonBounds.Subst.T.{0} ShannonBounds.C11R5Tables.S_b014d29111062762 ShannonBounds.Letter.B,
        HMul.hMul.{0, 0, 0} (ShannonBounds.C11R5D198.w_v (x 0)) (ShannonBounds.C11R5D198.w_n3 (x 1)))
      (ShannonBounds.C11R5D198.w_n4 ShannonBounds.Letter.B)))
  Bool.true
NATIVE_BOOL_AXIOM_CHECKED: ShannonBounds.C11R5D198.step_n4._native.native_decide.ax_1_2
NATIVE_BOOL_AXIOM_TYPE: Eq.{1}
  (Decidable.decide
    (Eq.{1}
      (∑ x ∈ ShannonBounds.Subst.T.{0} ShannonBounds.C11R5Tables.S_b014d29111062762 ShannonBounds.Letter.N,
        HMul.hMul.{0, 0, 0} (ShannonBounds.C11R5D198.w_v (x 0)) (ShannonBounds.C11R5D198.w_n3 (x 1)))
      (ShannonBounds.C11R5D198.w_n4 ShannonBounds.Letter.N)))
  Bool.true
NATIVE_BOOL_AXIOM_CHECKED: ShannonBounds.C11R5D198.step_n4._native.native_decide.ax_1_3
NATIVE_BOOL_AXIOM_TYPE: Eq.{1}
  (Decidable.decide
    (Eq.{1}
      (∑ x ∈ ShannonBounds.Subst.T.{0} ShannonBounds.C11R5Tables.S_b014d29111062762 ShannonBounds.Letter.A,
        HMul.hMul.{0, 0, 0} (ShannonBounds.C11R5D198.w_v (x 0)) (ShannonBounds.C11R5D198.w_n3 (x 1)))
      (ShannonBounds.C11R5D198.w_n4 ShannonBounds.Letter.A)))
  Bool.true
NATIVE_BOOL_AXIOM_CHECKED: ShannonBounds.C11R5D198.step_n4._native.native_decide.ax_1_4
NATIVE_BOOL_AXIOM_TYPE: Eq.{1}
  (Decidable.decide
    (Eq.{1}
      (∑ x ∈ ShannonBounds.Subst.T.{0} ShannonBounds.C11R5Tables.S_b014d29111062762 ShannonBounds.Letter.D,
        HMul.hMul.{0, 0, 0} (ShannonBounds.C11R5D198.w_v (x 0)) (ShannonBounds.C11R5D198.w_n3 (x 1)))
      (ShannonBounds.C11R5D198.w_n4 ShannonBounds.Letter.D)))
  Bool.true
NATIVE_BOOL_AXIOM_CHECKED: ShannonBounds.C11R5D198.step_n4._native.native_decide.ax_1_5
NATIVE_BOOL_AXIOM_TYPE: Eq.{1}
  (Decidable.decide
    (Eq.{1}
      (∑ x ∈ ShannonBounds.Subst.T.{0} ShannonBounds.C11R5Tables.S_b014d29111062762 ShannonBounds.Letter.O,
        HMul.hMul.{0, 0, 0} (ShannonBounds.C11R5D198.w_v (x 0)) (ShannonBounds.C11R5D198.w_n3 (x 1)))
      (ShannonBounds.C11R5D198.w_n4 ShannonBounds.Letter.O)))
  Bool.true
NATIVE_BOOL_AXIOM_CHECKED: ShannonBounds.C11R5D198.step_n4._native.native_decide.ax_1_6
NATIVE_BOOL_AXIOM_TYPE: Eq.{1}
  (Decidable.decide
    (Eq.{1}
      (∑ x ∈ ShannonBounds.Subst.T.{0} ShannonBounds.C11R5Tables.S_b014d29111062762 ShannonBounds.Letter.H,
        HMul.hMul.{0, 0, 0} (ShannonBounds.C11R5D198.w_v (x 0)) (ShannonBounds.C11R5D198.w_n3 (x 1)))
      (ShannonBounds.C11R5D198.w_n4 ShannonBounds.Letter.H)))
  Bool.true
NATIVE_BOOL_AXIOM_CHECKED: ShannonBounds.C11R5D198.step_n4._native.native_decide.ax_1_7
NATIVE_BOOL_AXIOM_TYPE: Eq.{1}
  (Decidable.decide
    (Eq.{1}
      (∑ x ∈ ShannonBounds.Subst.T.{0} ShannonBounds.C11R5Tables.S_b014d29111062762 ShannonBounds.Letter.V,
        HMul.hMul.{0, 0, 0} (ShannonBounds.C11R5D198.w_v (x 0)) (ShannonBounds.C11R5D198.w_n3 (x 1)))
      (ShannonBounds.C11R5D198.w_n4 ShannonBounds.Letter.V)))
  Bool.true
NATIVE_BOOL_AXIOM_CHECKED: ShannonBounds.C11R5D198.step_n5._native.native_decide.ax_1_1
NATIVE_BOOL_AXIOM_TYPE: Eq.{1}
  (Decidable.decide
    (Eq.{1}
      (∑ x ∈ ShannonBounds.Subst.T.{0} ShannonBounds.C11R5Tables.S_e788020168e26abb ShannonBounds.Letter.B,
        HMul.hMul.{0, 0, 0} (ShannonBounds.C11R5D198.w_n4 (x 0)) (ShannonBounds.C11R5D198.w_v (x 1)))
      (ShannonBounds.C11R5D198.w_n5 ShannonBounds.Letter.B)))
  Bool.true
NATIVE_BOOL_AXIOM_CHECKED: ShannonBounds.C11R5D198.step_n5._native.native_decide.ax_1_2
NATIVE_BOOL_AXIOM_TYPE: Eq.{1}
  (Decidable.decide
    (Eq.{1}
      (∑ x ∈ ShannonBounds.Subst.T.{0} ShannonBounds.C11R5Tables.S_e788020168e26abb ShannonBounds.Letter.N,
        HMul.hMul.{0, 0, 0} (ShannonBounds.C11R5D198.w_n4 (x 0)) (ShannonBounds.C11R5D198.w_v (x 1)))
      (ShannonBounds.C11R5D198.w_n5 ShannonBounds.Letter.N)))
  Bool.true
NATIVE_BOOL_AXIOM_CHECKED: ShannonBounds.C11R5D198.step_n5._native.native_decide.ax_1_3
NATIVE_BOOL_AXIOM_TYPE: Eq.{1}
  (Decidable.decide
    (Eq.{1}
      (∑ x ∈ ShannonBounds.Subst.T.{0} ShannonBounds.C11R5Tables.S_e788020168e26abb ShannonBounds.Letter.A,
        HMul.hMul.{0, 0, 0} (ShannonBounds.C11R5D198.w_n4 (x 0)) (ShannonBounds.C11R5D198.w_v (x 1)))
      (ShannonBounds.C11R5D198.w_n5 ShannonBounds.Letter.A)))
  Bool.true
NATIVE_BOOL_AXIOM_CHECKED: ShannonBounds.C11R5D198.step_n5._native.native_decide.ax_1_4
NATIVE_BOOL_AXIOM_TYPE: Eq.{1}
  (Decidable.decide
    (Eq.{1}
      (∑ x ∈ ShannonBounds.Subst.T.{0} ShannonBounds.C11R5Tables.S_e788020168e26abb ShannonBounds.Letter.D,
        HMul.hMul.{0, 0, 0} (ShannonBounds.C11R5D198.w_n4 (x 0)) (ShannonBounds.C11R5D198.w_v (x 1)))
      (ShannonBounds.C11R5D198.w_n5 ShannonBounds.Letter.D)))
  Bool.true
NATIVE_BOOL_AXIOM_CHECKED: ShannonBounds.C11R5D198.step_n5._native.native_decide.ax_1_5
NATIVE_BOOL_AXIOM_TYPE: Eq.{1}
  (Decidable.decide
    (Eq.{1}
      (∑ x ∈ ShannonBounds.Subst.T.{0} ShannonBounds.C11R5Tables.S_e788020168e26abb ShannonBounds.Letter.O,
        HMul.hMul.{0, 0, 0} (ShannonBounds.C11R5D198.w_n4 (x 0)) (ShannonBounds.C11R5D198.w_v (x 1)))
      (ShannonBounds.C11R5D198.w_n5 ShannonBounds.Letter.O)))
  Bool.true
NATIVE_BOOL_AXIOM_CHECKED: ShannonBounds.C11R5D198.step_n5._native.native_decide.ax_1_6
NATIVE_BOOL_AXIOM_TYPE: Eq.{1}
  (Decidable.decide
    (Eq.{1}
      (∑ x ∈ ShannonBounds.Subst.T.{0} ShannonBounds.C11R5Tables.S_e788020168e26abb ShannonBounds.Letter.H,
        HMul.hMul.{0, 0, 0} (ShannonBounds.C11R5D198.w_n4 (x 0)) (ShannonBounds.C11R5D198.w_v (x 1)))
      (ShannonBounds.C11R5D198.w_n5 ShannonBounds.Letter.H)))
  Bool.true
NATIVE_BOOL_AXIOM_CHECKED: ShannonBounds.C11R5D198.step_n5._native.native_decide.ax_1_7
NATIVE_BOOL_AXIOM_TYPE: Eq.{1}
  (Decidable.decide
    (Eq.{1}
      (∑ x ∈ ShannonBounds.Subst.T.{0} ShannonBounds.C11R5Tables.S_e788020168e26abb ShannonBounds.Letter.V,
        HMul.hMul.{0, 0, 0} (ShannonBounds.C11R5D198.w_n4 (x 0)) (ShannonBounds.C11R5D198.w_v (x 1)))
      (ShannonBounds.C11R5D198.w_n5 ShannonBounds.Letter.V)))
  Bool.true
NATIVE_BOOL_AXIOM_CHECKED: ShannonBounds.C11R5D198.step_n6._native.native_decide.ax_1_1
NATIVE_BOOL_AXIOM_TYPE: Eq.{1}
  (Decidable.decide
    (Eq.{1}
      (∑ x ∈ ShannonBounds.Subst.T.{0} ShannonBounds.C11R5Tables.S_b014d29111062762 ShannonBounds.Letter.B,
        HMul.hMul.{0, 0, 0} (ShannonBounds.C11R5D198.w_v (x 0)) (ShannonBounds.C11R5D198.w_n5 (x 1)))
      (ShannonBounds.C11R5D198.w_n6 ShannonBounds.Letter.B)))
  Bool.true
NATIVE_BOOL_AXIOM_CHECKED: ShannonBounds.C11R5D198.step_n6._native.native_decide.ax_1_2
NATIVE_BOOL_AXIOM_TYPE: Eq.{1}
  (Decidable.decide
    (Eq.{1}
      (∑ x ∈ ShannonBounds.Subst.T.{0} ShannonBounds.C11R5Tables.S_b014d29111062762 ShannonBounds.Letter.N,
        HMul.hMul.{0, 0, 0} (ShannonBounds.C11R5D198.w_v (x 0)) (ShannonBounds.C11R5D198.w_n5 (x 1)))
      (ShannonBounds.C11R5D198.w_n6 ShannonBounds.Letter.N)))
  Bool.true
NATIVE_BOOL_AXIOM_CHECKED: ShannonBounds.C11R5D198.step_n6._native.native_decide.ax_1_3
NATIVE_BOOL_AXIOM_TYPE: Eq.{1}
  (Decidable.decide
    (Eq.{1}
      (∑ x ∈ ShannonBounds.Subst.T.{0} ShannonBounds.C11R5Tables.S_b014d29111062762 ShannonBounds.Letter.A,
        HMul.hMul.{0, 0, 0} (ShannonBounds.C11R5D198.w_v (x 0)) (ShannonBounds.C11R5D198.w_n5 (x 1)))
      (ShannonBounds.C11R5D198.w_n6 ShannonBounds.Letter.A)))
  Bool.true
NATIVE_BOOL_AXIOM_CHECKED: ShannonBounds.C11R5D198.step_n6._native.native_decide.ax_1_4
NATIVE_BOOL_AXIOM_TYPE: Eq.{1}
  (Decidable.decide
    (Eq.{1}
      (∑ x ∈ ShannonBounds.Subst.T.{0} ShannonBounds.C11R5Tables.S_b014d29111062762 ShannonBounds.Letter.D,
        HMul.hMul.{0, 0, 0} (ShannonBounds.C11R5D198.w_v (x 0)) (ShannonBounds.C11R5D198.w_n5 (x 1)))
      (ShannonBounds.C11R5D198.w_n6 ShannonBounds.Letter.D)))
  Bool.true
NATIVE_BOOL_AXIOM_CHECKED: ShannonBounds.C11R5D198.step_n6._native.native_decide.ax_1_5
NATIVE_BOOL_AXIOM_TYPE: Eq.{1}
  (Decidable.decide
    (Eq.{1}
      (∑ x ∈ ShannonBounds.Subst.T.{0} ShannonBounds.C11R5Tables.S_b014d29111062762 ShannonBounds.Letter.O,
        HMul.hMul.{0, 0, 0} (ShannonBounds.C11R5D198.w_v (x 0)) (ShannonBounds.C11R5D198.w_n5 (x 1)))
      (ShannonBounds.C11R5D198.w_n6 ShannonBounds.Letter.O)))
  Bool.true
NATIVE_BOOL_AXIOM_CHECKED: ShannonBounds.C11R5D198.step_n6._native.native_decide.ax_1_6
NATIVE_BOOL_AXIOM_TYPE: Eq.{1}
  (Decidable.decide
    (Eq.{1}
      (∑ x ∈ ShannonBounds.Subst.T.{0} ShannonBounds.C11R5Tables.S_b014d29111062762 ShannonBounds.Letter.H,
        HMul.hMul.{0, 0, 0} (ShannonBounds.C11R5D198.w_v (x 0)) (ShannonBounds.C11R5D198.w_n5 (x 1)))
      (ShannonBounds.C11R5D198.w_n6 ShannonBounds.Letter.H)))
  Bool.true
NATIVE_BOOL_AXIOM_CHECKED: ShannonBounds.C11R5D198.step_n6._native.native_decide.ax_1_7
NATIVE_BOOL_AXIOM_TYPE: Eq.{1}
  (Decidable.decide
    (Eq.{1}
      (∑ x ∈ ShannonBounds.Subst.T.{0} ShannonBounds.C11R5Tables.S_b014d29111062762 ShannonBounds.Letter.V,
        HMul.hMul.{0, 0, 0} (ShannonBounds.C11R5D198.w_v (x 0)) (ShannonBounds.C11R5D198.w_n5 (x 1)))
      (ShannonBounds.C11R5D198.w_n6 ShannonBounds.Letter.V)))
  Bool.true
NATIVE_BOOL_AXIOM_CHECKED: ShannonBounds.C11R5D198.step_n7._native.native_decide.ax_1_1
NATIVE_BOOL_AXIOM_TYPE: Eq.{1}
  (Decidable.decide
    (Eq.{1}
      (∑ x ∈ ShannonBounds.Subst.T.{0} ShannonBounds.C11R5Tables.S_18277b0c484b4c41 ShannonBounds.Letter.B,
        HMul.hMul.{0, 0, 0}
          (HMul.hMul.{0, 0, 0} (ShannonBounds.C11R5D198.w_v (x 0)) (ShannonBounds.C11R5D198.w_v (x 1)))
          (ShannonBounds.C11R5D198.w_v (x 2)))
      (ShannonBounds.C11R5D198.w_n7 ShannonBounds.Letter.B)))
  Bool.true
NATIVE_BOOL_AXIOM_CHECKED: ShannonBounds.C11R5D198.step_n7._native.native_decide.ax_1_2
NATIVE_BOOL_AXIOM_TYPE: Eq.{1}
  (Decidable.decide
    (Eq.{1}
      (∑ x ∈ ShannonBounds.Subst.T.{0} ShannonBounds.C11R5Tables.S_18277b0c484b4c41 ShannonBounds.Letter.N,
        HMul.hMul.{0, 0, 0}
          (HMul.hMul.{0, 0, 0} (ShannonBounds.C11R5D198.w_v (x 0)) (ShannonBounds.C11R5D198.w_v (x 1)))
          (ShannonBounds.C11R5D198.w_v (x 2)))
      (ShannonBounds.C11R5D198.w_n7 ShannonBounds.Letter.N)))
  Bool.true
NATIVE_BOOL_AXIOM_CHECKED: ShannonBounds.C11R5D198.step_n7._native.native_decide.ax_1_3
NATIVE_BOOL_AXIOM_TYPE: Eq.{1}
  (Decidable.decide
    (Eq.{1}
      (∑ x ∈ ShannonBounds.Subst.T.{0} ShannonBounds.C11R5Tables.S_18277b0c484b4c41 ShannonBounds.Letter.A,
        HMul.hMul.{0, 0, 0}
          (HMul.hMul.{0, 0, 0} (ShannonBounds.C11R5D198.w_v (x 0)) (ShannonBounds.C11R5D198.w_v (x 1)))
          (ShannonBounds.C11R5D198.w_v (x 2)))
      (ShannonBounds.C11R5D198.w_n7 ShannonBounds.Letter.A)))
  Bool.true
NATIVE_BOOL_AXIOM_CHECKED: ShannonBounds.C11R5D198.step_n7._native.native_decide.ax_1_4
NATIVE_BOOL_AXIOM_TYPE: Eq.{1}
  (Decidable.decide
    (Eq.{1}
      (∑ x ∈ ShannonBounds.Subst.T.{0} ShannonBounds.C11R5Tables.S_18277b0c484b4c41 ShannonBounds.Letter.D,
        HMul.hMul.{0, 0, 0}
          (HMul.hMul.{0, 0, 0} (ShannonBounds.C11R5D198.w_v (x 0)) (ShannonBounds.C11R5D198.w_v (x 1)))
          (ShannonBounds.C11R5D198.w_v (x 2)))
      (ShannonBounds.C11R5D198.w_n7 ShannonBounds.Letter.D)))
  Bool.true
NATIVE_BOOL_AXIOM_CHECKED: ShannonBounds.C11R5D198.step_n7._native.native_decide.ax_1_5
NATIVE_BOOL_AXIOM_TYPE: Eq.{1}
  (Decidable.decide
    (Eq.{1}
      (∑ x ∈ ShannonBounds.Subst.T.{0} ShannonBounds.C11R5Tables.S_18277b0c484b4c41 ShannonBounds.Letter.O,
        HMul.hMul.{0, 0, 0}
          (HMul.hMul.{0, 0, 0} (ShannonBounds.C11R5D198.w_v (x 0)) (ShannonBounds.C11R5D198.w_v (x 1)))
          (ShannonBounds.C11R5D198.w_v (x 2)))
      (ShannonBounds.C11R5D198.w_n7 ShannonBounds.Letter.O)))
  Bool.true
NATIVE_BOOL_AXIOM_CHECKED: ShannonBounds.C11R5D198.step_n7._native.native_decide.ax_1_6
NATIVE_BOOL_AXIOM_TYPE: Eq.{1}
  (Decidable.decide
    (Eq.{1}
      (∑ x ∈ ShannonBounds.Subst.T.{0} ShannonBounds.C11R5Tables.S_18277b0c484b4c41 ShannonBounds.Letter.H,
        HMul.hMul.{0, 0, 0}
          (HMul.hMul.{0, 0, 0} (ShannonBounds.C11R5D198.w_v (x 0)) (ShannonBounds.C11R5D198.w_v (x 1)))
          (ShannonBounds.C11R5D198.w_v (x 2)))
      (ShannonBounds.C11R5D198.w_n7 ShannonBounds.Letter.H)))
  Bool.true
NATIVE_BOOL_AXIOM_CHECKED: ShannonBounds.C11R5D198.step_n7._native.native_decide.ax_1_7
NATIVE_BOOL_AXIOM_TYPE: Eq.{1}
  (Decidable.decide
    (Eq.{1}
      (∑ x ∈ ShannonBounds.Subst.T.{0} ShannonBounds.C11R5Tables.S_18277b0c484b4c41 ShannonBounds.Letter.V,
        HMul.hMul.{0, 0, 0}
          (HMul.hMul.{0, 0, 0} (ShannonBounds.C11R5D198.w_v (x 0)) (ShannonBounds.C11R5D198.w_v (x 1)))
          (ShannonBounds.C11R5D198.w_v (x 2)))
      (ShannonBounds.C11R5D198.w_n7 ShannonBounds.Letter.V)))
  Bool.true
NATIVE_BOOL_AXIOM_CHECKED: ShannonBounds.C11R5D198.step_n8._native.native_decide.ax_1_1
NATIVE_BOOL_AXIOM_TYPE: Eq.{1}
  (Decidable.decide
    (Eq.{1}
      (∑ x ∈ ShannonBounds.Subst.T.{0} ShannonBounds.C11R5Tables.S_3daf90758a80fbb9 ShannonBounds.Letter.B,
        HMul.hMul.{0, 0, 0}
          (HMul.hMul.{0, 0, 0} (ShannonBounds.C11R5D198.w_n7 (x 0)) (ShannonBounds.C11R5D198.w_v (x 1)))
          (ShannonBounds.C11R5D198.w_v (x 2)))
      (ShannonBounds.C11R5D198.w_n8 ShannonBounds.Letter.B)))
  Bool.true
NATIVE_BOOL_AXIOM_CHECKED: ShannonBounds.C11R5D198.step_n8._native.native_decide.ax_1_2
NATIVE_BOOL_AXIOM_TYPE: Eq.{1}
  (Decidable.decide
    (Eq.{1}
      (∑ x ∈ ShannonBounds.Subst.T.{0} ShannonBounds.C11R5Tables.S_3daf90758a80fbb9 ShannonBounds.Letter.N,
        HMul.hMul.{0, 0, 0}
          (HMul.hMul.{0, 0, 0} (ShannonBounds.C11R5D198.w_n7 (x 0)) (ShannonBounds.C11R5D198.w_v (x 1)))
          (ShannonBounds.C11R5D198.w_v (x 2)))
      (ShannonBounds.C11R5D198.w_n8 ShannonBounds.Letter.N)))
  Bool.true
NATIVE_BOOL_AXIOM_CHECKED: ShannonBounds.C11R5D198.step_n8._native.native_decide.ax_1_3
NATIVE_BOOL_AXIOM_TYPE: Eq.{1}
  (Decidable.decide
    (Eq.{1}
      (∑ x ∈ ShannonBounds.Subst.T.{0} ShannonBounds.C11R5Tables.S_3daf90758a80fbb9 ShannonBounds.Letter.A,
        HMul.hMul.{0, 0, 0}
          (HMul.hMul.{0, 0, 0} (ShannonBounds.C11R5D198.w_n7 (x 0)) (ShannonBounds.C11R5D198.w_v (x 1)))
          (ShannonBounds.C11R5D198.w_v (x 2)))
      (ShannonBounds.C11R5D198.w_n8 ShannonBounds.Letter.A)))
  Bool.true
NATIVE_BOOL_AXIOM_CHECKED: ShannonBounds.C11R5D198.step_n8._native.native_decide.ax_1_4
NATIVE_BOOL_AXIOM_TYPE: Eq.{1}
  (Decidable.decide
    (Eq.{1}
      (∑ x ∈ ShannonBounds.Subst.T.{0} ShannonBounds.C11R5Tables.S_3daf90758a80fbb9 ShannonBounds.Letter.D,
        HMul.hMul.{0, 0, 0}
          (HMul.hMul.{0, 0, 0} (ShannonBounds.C11R5D198.w_n7 (x 0)) (ShannonBounds.C11R5D198.w_v (x 1)))
          (ShannonBounds.C11R5D198.w_v (x 2)))
      (ShannonBounds.C11R5D198.w_n8 ShannonBounds.Letter.D)))
  Bool.true
NATIVE_BOOL_AXIOM_CHECKED: ShannonBounds.C11R5D198.step_n8._native.native_decide.ax_1_5
NATIVE_BOOL_AXIOM_TYPE: Eq.{1}
  (Decidable.decide
    (Eq.{1}
      (∑ x ∈ ShannonBounds.Subst.T.{0} ShannonBounds.C11R5Tables.S_3daf90758a80fbb9 ShannonBounds.Letter.O,
        HMul.hMul.{0, 0, 0}
          (HMul.hMul.{0, 0, 0} (ShannonBounds.C11R5D198.w_n7 (x 0)) (ShannonBounds.C11R5D198.w_v (x 1)))
          (ShannonBounds.C11R5D198.w_v (x 2)))
      (ShannonBounds.C11R5D198.w_n8 ShannonBounds.Letter.O)))
  Bool.true
NATIVE_BOOL_AXIOM_CHECKED: ShannonBounds.C11R5D198.step_n8._native.native_decide.ax_1_6
NATIVE_BOOL_AXIOM_TYPE: Eq.{1}
  (Decidable.decide
    (Eq.{1}
      (∑ x ∈ ShannonBounds.Subst.T.{0} ShannonBounds.C11R5Tables.S_3daf90758a80fbb9 ShannonBounds.Letter.H,
        HMul.hMul.{0, 0, 0}
          (HMul.hMul.{0, 0, 0} (ShannonBounds.C11R5D198.w_n7 (x 0)) (ShannonBounds.C11R5D198.w_v (x 1)))
          (ShannonBounds.C11R5D198.w_v (x 2)))
      (ShannonBounds.C11R5D198.w_n8 ShannonBounds.Letter.H)))
  Bool.true
NATIVE_BOOL_AXIOM_CHECKED: ShannonBounds.C11R5D198.step_n8._native.native_decide.ax_1_7
NATIVE_BOOL_AXIOM_TYPE: Eq.{1}
  (Decidable.decide
    (Eq.{1}
      (∑ x ∈ ShannonBounds.Subst.T.{0} ShannonBounds.C11R5Tables.S_3daf90758a80fbb9 ShannonBounds.Letter.V,
        HMul.hMul.{0, 0, 0}
          (HMul.hMul.{0, 0, 0} (ShannonBounds.C11R5D198.w_n7 (x 0)) (ShannonBounds.C11R5D198.w_v (x 1)))
          (ShannonBounds.C11R5D198.w_v (x 2)))
      (ShannonBounds.C11R5D198.w_n8 ShannonBounds.Letter.V)))
  Bool.true
NATIVE_BOOL_AXIOM_CHECKED: ShannonBounds.C11R5D198.step_n9._native.native_decide.ax_1_1
NATIVE_BOOL_AXIOM_TYPE: Eq.{1}
  (Decidable.decide
    (Eq.{1}
      (∑ x ∈ ShannonBounds.Subst.T.{0} ShannonBounds.C11R5Tables.S_e788020168e26abb ShannonBounds.Letter.B,
        HMul.hMul.{0, 0, 0} (ShannonBounds.C11R5D198.w_n8 (x 0)) (ShannonBounds.C11R5D198.w_v (x 1)))
      (ShannonBounds.C11R5D198.w_n9 ShannonBounds.Letter.B)))
  Bool.true
NATIVE_BOOL_AXIOM_CHECKED: ShannonBounds.C11R5D198.step_n9._native.native_decide.ax_1_2
NATIVE_BOOL_AXIOM_TYPE: Eq.{1}
  (Decidable.decide
    (Eq.{1}
      (∑ x ∈ ShannonBounds.Subst.T.{0} ShannonBounds.C11R5Tables.S_e788020168e26abb ShannonBounds.Letter.N,
        HMul.hMul.{0, 0, 0} (ShannonBounds.C11R5D198.w_n8 (x 0)) (ShannonBounds.C11R5D198.w_v (x 1)))
      (ShannonBounds.C11R5D198.w_n9 ShannonBounds.Letter.N)))
  Bool.true
NATIVE_BOOL_AXIOM_CHECKED: ShannonBounds.C11R5D198.step_n9._native.native_decide.ax_1_3
NATIVE_BOOL_AXIOM_TYPE: Eq.{1}
  (Decidable.decide
    (Eq.{1}
      (∑ x ∈ ShannonBounds.Subst.T.{0} ShannonBounds.C11R5Tables.S_e788020168e26abb ShannonBounds.Letter.A,
        HMul.hMul.{0, 0, 0} (ShannonBounds.C11R5D198.w_n8 (x 0)) (ShannonBounds.C11R5D198.w_v (x 1)))
      (ShannonBounds.C11R5D198.w_n9 ShannonBounds.Letter.A)))
  Bool.true
NATIVE_BOOL_AXIOM_CHECKED: ShannonBounds.C11R5D198.step_n9._native.native_decide.ax_1_4
NATIVE_BOOL_AXIOM_TYPE: Eq.{1}
  (Decidable.decide
    (Eq.{1}
      (∑ x ∈ ShannonBounds.Subst.T.{0} ShannonBounds.C11R5Tables.S_e788020168e26abb ShannonBounds.Letter.D,
        HMul.hMul.{0, 0, 0} (ShannonBounds.C11R5D198.w_n8 (x 0)) (ShannonBounds.C11R5D198.w_v (x 1)))
      (ShannonBounds.C11R5D198.w_n9 ShannonBounds.Letter.D)))
  Bool.true
NATIVE_BOOL_AXIOM_CHECKED: ShannonBounds.C11R5D198.step_n9._native.native_decide.ax_1_5
NATIVE_BOOL_AXIOM_TYPE: Eq.{1}
  (Decidable.decide
    (Eq.{1}
      (∑ x ∈ ShannonBounds.Subst.T.{0} ShannonBounds.C11R5Tables.S_e788020168e26abb ShannonBounds.Letter.O,
        HMul.hMul.{0, 0, 0} (ShannonBounds.C11R5D198.w_n8 (x 0)) (ShannonBounds.C11R5D198.w_v (x 1)))
      (ShannonBounds.C11R5D198.w_n9 ShannonBounds.Letter.O)))
  Bool.true
NATIVE_BOOL_AXIOM_CHECKED: ShannonBounds.C11R5D198.step_n9._native.native_decide.ax_1_6
NATIVE_BOOL_AXIOM_TYPE: Eq.{1}
  (Decidable.decide
    (Eq.{1}
      (∑ x ∈ ShannonBounds.Subst.T.{0} ShannonBounds.C11R5Tables.S_e788020168e26abb ShannonBounds.Letter.H,
        HMul.hMul.{0, 0, 0} (ShannonBounds.C11R5D198.w_n8 (x 0)) (ShannonBounds.C11R5D198.w_v (x 1)))
      (ShannonBounds.C11R5D198.w_n9 ShannonBounds.Letter.H)))
  Bool.true
NATIVE_BOOL_AXIOM_CHECKED: ShannonBounds.C11R5D198.step_n9._native.native_decide.ax_1_7
NATIVE_BOOL_AXIOM_TYPE: Eq.{1}
  (Decidable.decide
    (Eq.{1}
      (∑ x ∈ ShannonBounds.Subst.T.{0} ShannonBounds.C11R5Tables.S_e788020168e26abb ShannonBounds.Letter.V,
        HMul.hMul.{0, 0, 0} (ShannonBounds.C11R5D198.w_n8 (x 0)) (ShannonBounds.C11R5D198.w_v (x 1)))
      (ShannonBounds.C11R5D198.w_n9 ShannonBounds.Letter.V)))
  Bool.true
NATIVE_BOOL_AXIOM_CHECKED: ShannonBounds.C11R5D198.terminal_value._native.native_decide.ax_1_1
NATIVE_BOOL_AXIOM_TYPE: Eq.{1}
  (Decidable.decide
    (Eq.{1}
      (∑ x ∈ ShannonBounds.Code.C.{0} ShannonBounds.C11R5Tables.S_313b085cba4d0ce6,
        HMul.hMul.{0, 0, 0}
          (HMul.hMul.{0, 0, 0}
            (HMul.hMul.{0, 0, 0} (ShannonBounds.C11R5D198.w_n6 (x 0)) (ShannonBounds.C11R5D198.w_n9 (x 1)))
            (ShannonBounds.C11R5D198.w_n19 (x 2)))
          (ShannonBounds.C11R5D198.w_n29 (x 3)))
      ShannonBounds.C11R5D198.N))
  Bool.true
NATIVE_BOOL_AXIOM_CHECKED: ShannonBounds.C11R5D213.cross_power_BPZ_207._native.native_decide.ax_1_1
NATIVE_BOOL_AXIOM_TYPE: Eq.{1}
  (Decidable.decide
    (LT.lt.{0} (HPow.hPow.{0, 0, 0} ShannonBounds.C11R5History.BPZ_207 213)
      (HPow.hPow.{0, 0, 0} ShannonBounds.C11R5D213.N 207)))
  Bool.true
NATIVE_BOOL_AXIOM_CHECKED: ShannonBounds.C11R5D213.cross_power_R3_207._native.native_decide.ax_1_1
NATIVE_BOOL_AXIOM_TYPE: Eq.{1}
  (Decidable.decide
    (LT.lt.{0} (HPow.hPow.{0, 0, 0} ShannonBounds.C11R5History.R3_207 213)
      (HPow.hPow.{0, 0, 0} ShannonBounds.C11R5D213.N 207)))
  Bool.true
NATIVE_BOOL_AXIOM_CHECKED: ShannonBounds.C11R5D213.cross_power_R4_201._native.native_decide.ax_1_1
NATIVE_BOOL_AXIOM_TYPE: Eq.{1}
  (Decidable.decide
    (LT.lt.{0} (HPow.hPow.{0, 0, 0} ShannonBounds.C11R5History.R4_201 213)
      (HPow.hPow.{0, 0, 0} ShannonBounds.C11R5D213.N 201)))
  Bool.true
NATIVE_BOOL_AXIOM_CHECKED: ShannonBounds.C11R5D213.cross_power_R4_210._native.native_decide.ax_1_1
NATIVE_BOOL_AXIOM_TYPE: Eq.{1}
  (Decidable.decide
    (LT.lt.{0} (HPow.hPow.{0, 0, 0} ShannonBounds.C11R5History.R4_210 213)
      (HPow.hPow.{0, 0, 0} ShannonBounds.C11R5D213.N 210)))
  Bool.true
NATIVE_BOOL_AXIOM_CHECKED: ShannonBounds.C11R5D213.decimal_lower_integer._native.native_decide.ax_1_1
NATIVE_BOOL_AXIOM_TYPE: Eq.{1}
  (Decidable.decide
    (LE.le.{0} (HPow.hPow.{0, 0, 0} 5295514953483263 213)
      (HMul.hMul.{0, 0, 0} ShannonBounds.C11R5D213.N (HPow.hPow.{0, 0, 0} 1000000000000000 213))))
  Bool.true
NATIVE_BOOL_AXIOM_CHECKED: ShannonBounds.C11R5D213.decimal_upper_integer._native.native_decide.ax_1_1
NATIVE_BOOL_AXIOM_TYPE: Eq.{1}
  (Decidable.decide
    (LT.lt.{0} (HMul.hMul.{0, 0, 0} ShannonBounds.C11R5D213.N (HPow.hPow.{0, 0, 0} 1000000000000000 213))
      (HPow.hPow.{0, 0, 0} 5295514953483264 213)))
  Bool.true
NATIVE_BOOL_AXIOM_CHECKED: ShannonBounds.C11R5D213.step_n1._native.native_decide.ax_1_1
NATIVE_BOOL_AXIOM_TYPE: Eq.{1}
  (Decidable.decide
    (Eq.{1}
      (∑ x ∈ ShannonBounds.Subst.T.{0} ShannonBounds.C11R5Tables.S_e788020168e26abb ShannonBounds.Letter.B,
        HMul.hMul.{0, 0, 0} (ShannonBounds.C11R5D213.w_v (x 0)) (ShannonBounds.C11R5D213.w_v (x 1)))
      (ShannonBounds.C11R5D213.w_n1 ShannonBounds.Letter.B)))
  Bool.true
NATIVE_BOOL_AXIOM_CHECKED: ShannonBounds.C11R5D213.step_n1._native.native_decide.ax_1_2
NATIVE_BOOL_AXIOM_TYPE: Eq.{1}
  (Decidable.decide
    (Eq.{1}
      (∑ x ∈ ShannonBounds.Subst.T.{0} ShannonBounds.C11R5Tables.S_e788020168e26abb ShannonBounds.Letter.N,
        HMul.hMul.{0, 0, 0} (ShannonBounds.C11R5D213.w_v (x 0)) (ShannonBounds.C11R5D213.w_v (x 1)))
      (ShannonBounds.C11R5D213.w_n1 ShannonBounds.Letter.N)))
  Bool.true
NATIVE_BOOL_AXIOM_CHECKED: ShannonBounds.C11R5D213.step_n1._native.native_decide.ax_1_3
NATIVE_BOOL_AXIOM_TYPE: Eq.{1}
  (Decidable.decide
    (Eq.{1}
      (∑ x ∈ ShannonBounds.Subst.T.{0} ShannonBounds.C11R5Tables.S_e788020168e26abb ShannonBounds.Letter.A,
        HMul.hMul.{0, 0, 0} (ShannonBounds.C11R5D213.w_v (x 0)) (ShannonBounds.C11R5D213.w_v (x 1)))
      (ShannonBounds.C11R5D213.w_n1 ShannonBounds.Letter.A)))
  Bool.true
NATIVE_BOOL_AXIOM_CHECKED: ShannonBounds.C11R5D213.step_n1._native.native_decide.ax_1_4
NATIVE_BOOL_AXIOM_TYPE: Eq.{1}
  (Decidable.decide
    (Eq.{1}
      (∑ x ∈ ShannonBounds.Subst.T.{0} ShannonBounds.C11R5Tables.S_e788020168e26abb ShannonBounds.Letter.D,
        HMul.hMul.{0, 0, 0} (ShannonBounds.C11R5D213.w_v (x 0)) (ShannonBounds.C11R5D213.w_v (x 1)))
      (ShannonBounds.C11R5D213.w_n1 ShannonBounds.Letter.D)))
  Bool.true
NATIVE_BOOL_AXIOM_CHECKED: ShannonBounds.C11R5D213.step_n1._native.native_decide.ax_1_5
NATIVE_BOOL_AXIOM_TYPE: Eq.{1}
  (Decidable.decide
    (Eq.{1}
      (∑ x ∈ ShannonBounds.Subst.T.{0} ShannonBounds.C11R5Tables.S_e788020168e26abb ShannonBounds.Letter.O,
        HMul.hMul.{0, 0, 0} (ShannonBounds.C11R5D213.w_v (x 0)) (ShannonBounds.C11R5D213.w_v (x 1)))
      (ShannonBounds.C11R5D213.w_n1 ShannonBounds.Letter.O)))
  Bool.true
NATIVE_BOOL_AXIOM_CHECKED: ShannonBounds.C11R5D213.step_n1._native.native_decide.ax_1_6
NATIVE_BOOL_AXIOM_TYPE: Eq.{1}
  (Decidable.decide
    (Eq.{1}
      (∑ x ∈ ShannonBounds.Subst.T.{0} ShannonBounds.C11R5Tables.S_e788020168e26abb ShannonBounds.Letter.H,
        HMul.hMul.{0, 0, 0} (ShannonBounds.C11R5D213.w_v (x 0)) (ShannonBounds.C11R5D213.w_v (x 1)))
      (ShannonBounds.C11R5D213.w_n1 ShannonBounds.Letter.H)))
  Bool.true
NATIVE_BOOL_AXIOM_CHECKED: ShannonBounds.C11R5D213.step_n1._native.native_decide.ax_1_7
NATIVE_BOOL_AXIOM_TYPE: Eq.{1}
  (Decidable.decide
    (Eq.{1}
      (∑ x ∈ ShannonBounds.Subst.T.{0} ShannonBounds.C11R5Tables.S_e788020168e26abb ShannonBounds.Letter.V,
        HMul.hMul.{0, 0, 0} (ShannonBounds.C11R5D213.w_v (x 0)) (ShannonBounds.C11R5D213.w_v (x 1)))
      (ShannonBounds.C11R5D213.w_n1 ShannonBounds.Letter.V)))
  Bool.true
NATIVE_BOOL_AXIOM_CHECKED: ShannonBounds.C11R5D213.step_n10._native.native_decide.ax_1_1
NATIVE_BOOL_AXIOM_TYPE: Eq.{1}
  (Decidable.decide
    (Eq.{1}
      (∑ x ∈ ShannonBounds.Subst.T.{0} ShannonBounds.C11R5Tables.S_0058d965adce02f4 ShannonBounds.Letter.B,
        HMul.hMul.{0, 0, 0}
          (HMul.hMul.{0, 0, 0} (ShannonBounds.C11R5D213.w_n3 (x 0)) (ShannonBounds.C11R5D213.w_n6 (x 1)))
          (ShannonBounds.C11R5D213.w_n9 (x 2)))
      (ShannonBounds.C11R5D213.w_n10 ShannonBounds.Letter.B)))
  Bool.true
NATIVE_BOOL_AXIOM_CHECKED: ShannonBounds.C11R5D213.step_n10._native.native_decide.ax_1_2
NATIVE_BOOL_AXIOM_TYPE: Eq.{1}
  (Decidable.decide
    (Eq.{1}
      (∑ x ∈ ShannonBounds.Subst.T.{0} ShannonBounds.C11R5Tables.S_0058d965adce02f4 ShannonBounds.Letter.N,
        HMul.hMul.{0, 0, 0}
          (HMul.hMul.{0, 0, 0} (ShannonBounds.C11R5D213.w_n3 (x 0)) (ShannonBounds.C11R5D213.w_n6 (x 1)))
          (ShannonBounds.C11R5D213.w_n9 (x 2)))
      (ShannonBounds.C11R5D213.w_n10 ShannonBounds.Letter.N)))
  Bool.true
NATIVE_BOOL_AXIOM_CHECKED: ShannonBounds.C11R5D213.step_n10._native.native_decide.ax_1_3
NATIVE_BOOL_AXIOM_TYPE: Eq.{1}
  (Decidable.decide
    (Eq.{1}
      (∑ x ∈ ShannonBounds.Subst.T.{0} ShannonBounds.C11R5Tables.S_0058d965adce02f4 ShannonBounds.Letter.A,
        HMul.hMul.{0, 0, 0}
          (HMul.hMul.{0, 0, 0} (ShannonBounds.C11R5D213.w_n3 (x 0)) (ShannonBounds.C11R5D213.w_n6 (x 1)))
          (ShannonBounds.C11R5D213.w_n9 (x 2)))
      (ShannonBounds.C11R5D213.w_n10 ShannonBounds.Letter.A)))
  Bool.true
NATIVE_BOOL_AXIOM_CHECKED: ShannonBounds.C11R5D213.step_n10._native.native_decide.ax_1_4
NATIVE_BOOL_AXIOM_TYPE: Eq.{1}
  (Decidable.decide
    (Eq.{1}
      (∑ x ∈ ShannonBounds.Subst.T.{0} ShannonBounds.C11R5Tables.S_0058d965adce02f4 ShannonBounds.Letter.D,
        HMul.hMul.{0, 0, 0}
          (HMul.hMul.{0, 0, 0} (ShannonBounds.C11R5D213.w_n3 (x 0)) (ShannonBounds.C11R5D213.w_n6 (x 1)))
          (ShannonBounds.C11R5D213.w_n9 (x 2)))
      (ShannonBounds.C11R5D213.w_n10 ShannonBounds.Letter.D)))
  Bool.true
NATIVE_BOOL_AXIOM_CHECKED: ShannonBounds.C11R5D213.step_n10._native.native_decide.ax_1_5
NATIVE_BOOL_AXIOM_TYPE: Eq.{1}
  (Decidable.decide
    (Eq.{1}
      (∑ x ∈ ShannonBounds.Subst.T.{0} ShannonBounds.C11R5Tables.S_0058d965adce02f4 ShannonBounds.Letter.O,
        HMul.hMul.{0, 0, 0}
          (HMul.hMul.{0, 0, 0} (ShannonBounds.C11R5D213.w_n3 (x 0)) (ShannonBounds.C11R5D213.w_n6 (x 1)))
          (ShannonBounds.C11R5D213.w_n9 (x 2)))
      (ShannonBounds.C11R5D213.w_n10 ShannonBounds.Letter.O)))
  Bool.true
NATIVE_BOOL_AXIOM_CHECKED: ShannonBounds.C11R5D213.step_n10._native.native_decide.ax_1_6
NATIVE_BOOL_AXIOM_TYPE: Eq.{1}
  (Decidable.decide
    (Eq.{1}
      (∑ x ∈ ShannonBounds.Subst.T.{0} ShannonBounds.C11R5Tables.S_0058d965adce02f4 ShannonBounds.Letter.H,
        HMul.hMul.{0, 0, 0}
          (HMul.hMul.{0, 0, 0} (ShannonBounds.C11R5D213.w_n3 (x 0)) (ShannonBounds.C11R5D213.w_n6 (x 1)))
          (ShannonBounds.C11R5D213.w_n9 (x 2)))
      (ShannonBounds.C11R5D213.w_n10 ShannonBounds.Letter.H)))
  Bool.true
NATIVE_BOOL_AXIOM_CHECKED: ShannonBounds.C11R5D213.step_n10._native.native_decide.ax_1_7
NATIVE_BOOL_AXIOM_TYPE: Eq.{1}
  (Decidable.decide
    (Eq.{1}
      (∑ x ∈ ShannonBounds.Subst.T.{0} ShannonBounds.C11R5Tables.S_0058d965adce02f4 ShannonBounds.Letter.V,
        HMul.hMul.{0, 0, 0}
          (HMul.hMul.{0, 0, 0} (ShannonBounds.C11R5D213.w_n3 (x 0)) (ShannonBounds.C11R5D213.w_n6 (x 1)))
          (ShannonBounds.C11R5D213.w_n9 (x 2)))
      (ShannonBounds.C11R5D213.w_n10 ShannonBounds.Letter.V)))
  Bool.true
NATIVE_BOOL_AXIOM_CHECKED: ShannonBounds.C11R5D213.step_n11._native.native_decide.ax_1_1
NATIVE_BOOL_AXIOM_TYPE: Eq.{1}
  (Decidable.decide
    (Eq.{1}
      (∑ x ∈ ShannonBounds.Subst.T.{0} ShannonBounds.C11R5Tables.S_36518f191584a644 ShannonBounds.Letter.B,
        HMul.hMul.{0, 0, 0}
          (HMul.hMul.{0, 0, 0} (ShannonBounds.C11R5D213.w_v (x 0)) (ShannonBounds.C11R5D213.w_v (x 1)))
          (ShannonBounds.C11R5D213.w_v (x 2)))
      (ShannonBounds.C11R5D213.w_n11 ShannonBounds.Letter.B)))
  Bool.true
NATIVE_BOOL_AXIOM_CHECKED: ShannonBounds.C11R5D213.step_n11._native.native_decide.ax_1_2
NATIVE_BOOL_AXIOM_TYPE: Eq.{1}
  (Decidable.decide
    (Eq.{1}
      (∑ x ∈ ShannonBounds.Subst.T.{0} ShannonBounds.C11R5Tables.S_36518f191584a644 ShannonBounds.Letter.N,
        HMul.hMul.{0, 0, 0}
          (HMul.hMul.{0, 0, 0} (ShannonBounds.C11R5D213.w_v (x 0)) (ShannonBounds.C11R5D213.w_v (x 1)))
          (ShannonBounds.C11R5D213.w_v (x 2)))
      (ShannonBounds.C11R5D213.w_n11 ShannonBounds.Letter.N)))
  Bool.true
NATIVE_BOOL_AXIOM_CHECKED: ShannonBounds.C11R5D213.step_n11._native.native_decide.ax_1_3
NATIVE_BOOL_AXIOM_TYPE: Eq.{1}
  (Decidable.decide
    (Eq.{1}
      (∑ x ∈ ShannonBounds.Subst.T.{0} ShannonBounds.C11R5Tables.S_36518f191584a644 ShannonBounds.Letter.A,
        HMul.hMul.{0, 0, 0}
          (HMul.hMul.{0, 0, 0} (ShannonBounds.C11R5D213.w_v (x 0)) (ShannonBounds.C11R5D213.w_v (x 1)))
          (ShannonBounds.C11R5D213.w_v (x 2)))
      (ShannonBounds.C11R5D213.w_n11 ShannonBounds.Letter.A)))
  Bool.true
NATIVE_BOOL_AXIOM_CHECKED: ShannonBounds.C11R5D213.step_n11._native.native_decide.ax_1_4
NATIVE_BOOL_AXIOM_TYPE: Eq.{1}
  (Decidable.decide
    (Eq.{1}
      (∑ x ∈ ShannonBounds.Subst.T.{0} ShannonBounds.C11R5Tables.S_36518f191584a644 ShannonBounds.Letter.D,
        HMul.hMul.{0, 0, 0}
          (HMul.hMul.{0, 0, 0} (ShannonBounds.C11R5D213.w_v (x 0)) (ShannonBounds.C11R5D213.w_v (x 1)))
          (ShannonBounds.C11R5D213.w_v (x 2)))
      (ShannonBounds.C11R5D213.w_n11 ShannonBounds.Letter.D)))
  Bool.true
NATIVE_BOOL_AXIOM_CHECKED: ShannonBounds.C11R5D213.step_n11._native.native_decide.ax_1_5
NATIVE_BOOL_AXIOM_TYPE: Eq.{1}
  (Decidable.decide
    (Eq.{1}
      (∑ x ∈ ShannonBounds.Subst.T.{0} ShannonBounds.C11R5Tables.S_36518f191584a644 ShannonBounds.Letter.O,
        HMul.hMul.{0, 0, 0}
          (HMul.hMul.{0, 0, 0} (ShannonBounds.C11R5D213.w_v (x 0)) (ShannonBounds.C11R5D213.w_v (x 1)))
          (ShannonBounds.C11R5D213.w_v (x 2)))
      (ShannonBounds.C11R5D213.w_n11 ShannonBounds.Letter.O)))
  Bool.true
NATIVE_BOOL_AXIOM_CHECKED: ShannonBounds.C11R5D213.step_n11._native.native_decide.ax_1_6
NATIVE_BOOL_AXIOM_TYPE: Eq.{1}
  (Decidable.decide
    (Eq.{1}
      (∑ x ∈ ShannonBounds.Subst.T.{0} ShannonBounds.C11R5Tables.S_36518f191584a644 ShannonBounds.Letter.H,
        HMul.hMul.{0, 0, 0}
          (HMul.hMul.{0, 0, 0} (ShannonBounds.C11R5D213.w_v (x 0)) (ShannonBounds.C11R5D213.w_v (x 1)))
          (ShannonBounds.C11R5D213.w_v (x 2)))
      (ShannonBounds.C11R5D213.w_n11 ShannonBounds.Letter.H)))
  Bool.true
NATIVE_BOOL_AXIOM_CHECKED: ShannonBounds.C11R5D213.step_n11._native.native_decide.ax_1_7
NATIVE_BOOL_AXIOM_TYPE: Eq.{1}
  (Decidable.decide
    (Eq.{1}
      (∑ x ∈ ShannonBounds.Subst.T.{0} ShannonBounds.C11R5Tables.S_36518f191584a644 ShannonBounds.Letter.V,
        HMul.hMul.{0, 0, 0}
          (HMul.hMul.{0, 0, 0} (ShannonBounds.C11R5D213.w_v (x 0)) (ShannonBounds.C11R5D213.w_v (x 1)))
          (ShannonBounds.C11R5D213.w_v (x 2)))
      (ShannonBounds.C11R5D213.w_n11 ShannonBounds.Letter.V)))
  Bool.true
NATIVE_BOOL_AXIOM_CHECKED: ShannonBounds.C11R5D213.step_n12._native.native_decide.ax_1_1
NATIVE_BOOL_AXIOM_TYPE: Eq.{1}
  (Decidable.decide
    (Eq.{1}
      (∑ x ∈ ShannonBounds.Subst.T.{0} ShannonBounds.C11R5Tables.S_6859b0ec25991d42 ShannonBounds.Letter.B,
        HMul.hMul.{0, 0, 0}
          (HMul.hMul.{0, 0, 0} (ShannonBounds.C11R5D213.w_v (x 0)) (ShannonBounds.C11R5D213.w_n11 (x 1)))
          (ShannonBounds.C11R5D213.w_v (x 2)))
      (ShannonBounds.C11R5D213.w_n12 ShannonBounds.Letter.B)))
  Bool.true
NATIVE_BOOL_AXIOM_CHECKED: ShannonBounds.C11R5D213.step_n12._native.native_decide.ax_1_2
NATIVE_BOOL_AXIOM_TYPE: Eq.{1}
  (Decidable.decide
    (Eq.{1}
      (∑ x ∈ ShannonBounds.Subst.T.{0} ShannonBounds.C11R5Tables.S_6859b0ec25991d42 ShannonBounds.Letter.N,
        HMul.hMul.{0, 0, 0}
          (HMul.hMul.{0, 0, 0} (ShannonBounds.C11R5D213.w_v (x 0)) (ShannonBounds.C11R5D213.w_n11 (x 1)))
          (ShannonBounds.C11R5D213.w_v (x 2)))
      (ShannonBounds.C11R5D213.w_n12 ShannonBounds.Letter.N)))
  Bool.true
NATIVE_BOOL_AXIOM_CHECKED: ShannonBounds.C11R5D213.step_n12._native.native_decide.ax_1_3
NATIVE_BOOL_AXIOM_TYPE: Eq.{1}
  (Decidable.decide
    (Eq.{1}
      (∑ x ∈ ShannonBounds.Subst.T.{0} ShannonBounds.C11R5Tables.S_6859b0ec25991d42 ShannonBounds.Letter.A,
        HMul.hMul.{0, 0, 0}
          (HMul.hMul.{0, 0, 0} (ShannonBounds.C11R5D213.w_v (x 0)) (ShannonBounds.C11R5D213.w_n11 (x 1)))
          (ShannonBounds.C11R5D213.w_v (x 2)))
      (ShannonBounds.C11R5D213.w_n12 ShannonBounds.Letter.A)))
  Bool.true
NATIVE_BOOL_AXIOM_CHECKED: ShannonBounds.C11R5D213.step_n12._native.native_decide.ax_1_4
NATIVE_BOOL_AXIOM_TYPE: Eq.{1}
  (Decidable.decide
    (Eq.{1}
      (∑ x ∈ ShannonBounds.Subst.T.{0} ShannonBounds.C11R5Tables.S_6859b0ec25991d42 ShannonBounds.Letter.D,
        HMul.hMul.{0, 0, 0}
          (HMul.hMul.{0, 0, 0} (ShannonBounds.C11R5D213.w_v (x 0)) (ShannonBounds.C11R5D213.w_n11 (x 1)))
          (ShannonBounds.C11R5D213.w_v (x 2)))
      (ShannonBounds.C11R5D213.w_n12 ShannonBounds.Letter.D)))
  Bool.true
NATIVE_BOOL_AXIOM_CHECKED: ShannonBounds.C11R5D213.step_n12._native.native_decide.ax_1_5
NATIVE_BOOL_AXIOM_TYPE: Eq.{1}
  (Decidable.decide
    (Eq.{1}
      (∑ x ∈ ShannonBounds.Subst.T.{0} ShannonBounds.C11R5Tables.S_6859b0ec25991d42 ShannonBounds.Letter.O,
        HMul.hMul.{0, 0, 0}
          (HMul.hMul.{0, 0, 0} (ShannonBounds.C11R5D213.w_v (x 0)) (ShannonBounds.C11R5D213.w_n11 (x 1)))
          (ShannonBounds.C11R5D213.w_v (x 2)))
      (ShannonBounds.C11R5D213.w_n12 ShannonBounds.Letter.O)))
  Bool.true
NATIVE_BOOL_AXIOM_CHECKED: ShannonBounds.C11R5D213.step_n12._native.native_decide.ax_1_6
NATIVE_BOOL_AXIOM_TYPE: Eq.{1}
  (Decidable.decide
    (Eq.{1}
      (∑ x ∈ ShannonBounds.Subst.T.{0} ShannonBounds.C11R5Tables.S_6859b0ec25991d42 ShannonBounds.Letter.H,
        HMul.hMul.{0, 0, 0}
          (HMul.hMul.{0, 0, 0} (ShannonBounds.C11R5D213.w_v (x 0)) (ShannonBounds.C11R5D213.w_n11 (x 1)))
          (ShannonBounds.C11R5D213.w_v (x 2)))
      (ShannonBounds.C11R5D213.w_n12 ShannonBounds.Letter.H)))
  Bool.true
NATIVE_BOOL_AXIOM_CHECKED: ShannonBounds.C11R5D213.step_n12._native.native_decide.ax_1_7
NATIVE_BOOL_AXIOM_TYPE: Eq.{1}
  (Decidable.decide
    (Eq.{1}
      (∑ x ∈ ShannonBounds.Subst.T.{0} ShannonBounds.C11R5Tables.S_6859b0ec25991d42 ShannonBounds.Letter.V,
        HMul.hMul.{0, 0, 0}
          (HMul.hMul.{0, 0, 0} (ShannonBounds.C11R5D213.w_v (x 0)) (ShannonBounds.C11R5D213.w_n11 (x 1)))
          (ShannonBounds.C11R5D213.w_v (x 2)))
      (ShannonBounds.C11R5D213.w_n12 ShannonBounds.Letter.V)))
  Bool.true
NATIVE_BOOL_AXIOM_CHECKED: ShannonBounds.C11R5D213.step_n13._native.native_decide.ax_1_1
NATIVE_BOOL_AXIOM_TYPE: Eq.{1}
  (Decidable.decide
    (Eq.{1}
      (∑ x ∈ ShannonBounds.Subst.T.{0} ShannonBounds.C11R5Tables.S_59b3ea5954777333 ShannonBounds.Letter.B,
        HMul.hMul.{0, 0, 0}
          (HMul.hMul.{0, 0, 0} (ShannonBounds.C11R5D213.w_v (x 0)) (ShannonBounds.C11R5D213.w_v (x 1)))
          (ShannonBounds.C11R5D213.w_n12 (x 2)))
      (ShannonBounds.C11R5D213.w_n13 ShannonBounds.Letter.B)))
  Bool.true
NATIVE_BOOL_AXIOM_CHECKED: ShannonBounds.C11R5D213.step_n13._native.native_decide.ax_1_2
NATIVE_BOOL_AXIOM_TYPE: Eq.{1}
  (Decidable.decide
    (Eq.{1}
      (∑ x ∈ ShannonBounds.Subst.T.{0} ShannonBounds.C11R5Tables.S_59b3ea5954777333 ShannonBounds.Letter.N,
        HMul.hMul.{0, 0, 0}
          (HMul.hMul.{0, 0, 0} (ShannonBounds.C11R5D213.w_v (x 0)) (ShannonBounds.C11R5D213.w_v (x 1)))
          (ShannonBounds.C11R5D213.w_n12 (x 2)))
      (ShannonBounds.C11R5D213.w_n13 ShannonBounds.Letter.N)))
  Bool.true
NATIVE_BOOL_AXIOM_CHECKED: ShannonBounds.C11R5D213.step_n13._native.native_decide.ax_1_3
NATIVE_BOOL_AXIOM_TYPE: Eq.{1}
  (Decidable.decide
    (Eq.{1}
      (∑ x ∈ ShannonBounds.Subst.T.{0} ShannonBounds.C11R5Tables.S_59b3ea5954777333 ShannonBounds.Letter.A,
        HMul.hMul.{0, 0, 0}
          (HMul.hMul.{0, 0, 0} (ShannonBounds.C11R5D213.w_v (x 0)) (ShannonBounds.C11R5D213.w_v (x 1)))
          (ShannonBounds.C11R5D213.w_n12 (x 2)))
      (ShannonBounds.C11R5D213.w_n13 ShannonBounds.Letter.A)))
  Bool.true
NATIVE_BOOL_AXIOM_CHECKED: ShannonBounds.C11R5D213.step_n13._native.native_decide.ax_1_4
NATIVE_BOOL_AXIOM_TYPE: Eq.{1}
  (Decidable.decide
    (Eq.{1}
      (∑ x ∈ ShannonBounds.Subst.T.{0} ShannonBounds.C11R5Tables.S_59b3ea5954777333 ShannonBounds.Letter.D,
        HMul.hMul.{0, 0, 0}
          (HMul.hMul.{0, 0, 0} (ShannonBounds.C11R5D213.w_v (x 0)) (ShannonBounds.C11R5D213.w_v (x 1)))
          (ShannonBounds.C11R5D213.w_n12 (x 2)))
      (ShannonBounds.C11R5D213.w_n13 ShannonBounds.Letter.D)))
  Bool.true
NATIVE_BOOL_AXIOM_CHECKED: ShannonBounds.C11R5D213.step_n13._native.native_decide.ax_1_5
NATIVE_BOOL_AXIOM_TYPE: Eq.{1}
  (Decidable.decide
    (Eq.{1}
      (∑ x ∈ ShannonBounds.Subst.T.{0} ShannonBounds.C11R5Tables.S_59b3ea5954777333 ShannonBounds.Letter.O,
        HMul.hMul.{0, 0, 0}
          (HMul.hMul.{0, 0, 0} (ShannonBounds.C11R5D213.w_v (x 0)) (ShannonBounds.C11R5D213.w_v (x 1)))
          (ShannonBounds.C11R5D213.w_n12 (x 2)))
      (ShannonBounds.C11R5D213.w_n13 ShannonBounds.Letter.O)))
  Bool.true
NATIVE_BOOL_AXIOM_CHECKED: ShannonBounds.C11R5D213.step_n13._native.native_decide.ax_1_6
NATIVE_BOOL_AXIOM_TYPE: Eq.{1}
  (Decidable.decide
    (Eq.{1}
      (∑ x ∈ ShannonBounds.Subst.T.{0} ShannonBounds.C11R5Tables.S_59b3ea5954777333 ShannonBounds.Letter.H,
        HMul.hMul.{0, 0, 0}
          (HMul.hMul.{0, 0, 0} (ShannonBounds.C11R5D213.w_v (x 0)) (ShannonBounds.C11R5D213.w_v (x 1)))
          (ShannonBounds.C11R5D213.w_n12 (x 2)))
      (ShannonBounds.C11R5D213.w_n13 ShannonBounds.Letter.H)))
  Bool.true
NATIVE_BOOL_AXIOM_CHECKED: ShannonBounds.C11R5D213.step_n13._native.native_decide.ax_1_7
NATIVE_BOOL_AXIOM_TYPE: Eq.{1}
  (Decidable.decide
    (Eq.{1}
      (∑ x ∈ ShannonBounds.Subst.T.{0} ShannonBounds.C11R5Tables.S_59b3ea5954777333 ShannonBounds.Letter.V,
        HMul.hMul.{0, 0, 0}
          (HMul.hMul.{0, 0, 0} (ShannonBounds.C11R5D213.w_v (x 0)) (ShannonBounds.C11R5D213.w_v (x 1)))
          (ShannonBounds.C11R5D213.w_n12 (x 2)))
      (ShannonBounds.C11R5D213.w_n13 ShannonBounds.Letter.V)))
  Bool.true
NATIVE_BOOL_AXIOM_CHECKED: ShannonBounds.C11R5D213.step_n14._native.native_decide.ax_1_1
NATIVE_BOOL_AXIOM_TYPE: Eq.{1}
  (Decidable.decide
    (Eq.{1}
      (∑ x ∈ ShannonBounds.Subst.T.{0} ShannonBounds.C11R5Tables.S_cc0e5d2202d76d5d ShannonBounds.Letter.B,
        HMul.hMul.{0, 0, 0}
          (HMul.hMul.{0, 0, 0} (ShannonBounds.C11R5D213.w_v (x 0)) (ShannonBounds.C11R5D213.w_v (x 1)))
          (ShannonBounds.C11R5D213.w_n13 (x 2)))
      (ShannonBounds.C11R5D213.w_n14 ShannonBounds.Letter.B)))
  Bool.true
NATIVE_BOOL_AXIOM_CHECKED: ShannonBounds.C11R5D213.step_n14._native.native_decide.ax_1_2
NATIVE_BOOL_AXIOM_TYPE: Eq.{1}
  (Decidable.decide
    (Eq.{1}
      (∑ x ∈ ShannonBounds.Subst.T.{0} ShannonBounds.C11R5Tables.S_cc0e5d2202d76d5d ShannonBounds.Letter.N,
        HMul.hMul.{0, 0, 0}
          (HMul.hMul.{0, 0, 0} (ShannonBounds.C11R5D213.w_v (x 0)) (ShannonBounds.C11R5D213.w_v (x 1)))
          (ShannonBounds.C11R5D213.w_n13 (x 2)))
      (ShannonBounds.C11R5D213.w_n14 ShannonBounds.Letter.N)))
  Bool.true
NATIVE_BOOL_AXIOM_CHECKED: ShannonBounds.C11R5D213.step_n14._native.native_decide.ax_1_3
NATIVE_BOOL_AXIOM_TYPE: Eq.{1}
  (Decidable.decide
    (Eq.{1}
      (∑ x ∈ ShannonBounds.Subst.T.{0} ShannonBounds.C11R5Tables.S_cc0e5d2202d76d5d ShannonBounds.Letter.A,
        HMul.hMul.{0, 0, 0}
          (HMul.hMul.{0, 0, 0} (ShannonBounds.C11R5D213.w_v (x 0)) (ShannonBounds.C11R5D213.w_v (x 1)))
          (ShannonBounds.C11R5D213.w_n13 (x 2)))
      (ShannonBounds.C11R5D213.w_n14 ShannonBounds.Letter.A)))
  Bool.true
NATIVE_BOOL_AXIOM_CHECKED: ShannonBounds.C11R5D213.step_n14._native.native_decide.ax_1_4
NATIVE_BOOL_AXIOM_TYPE: Eq.{1}
  (Decidable.decide
    (Eq.{1}
      (∑ x ∈ ShannonBounds.Subst.T.{0} ShannonBounds.C11R5Tables.S_cc0e5d2202d76d5d ShannonBounds.Letter.D,
        HMul.hMul.{0, 0, 0}
          (HMul.hMul.{0, 0, 0} (ShannonBounds.C11R5D213.w_v (x 0)) (ShannonBounds.C11R5D213.w_v (x 1)))
          (ShannonBounds.C11R5D213.w_n13 (x 2)))
      (ShannonBounds.C11R5D213.w_n14 ShannonBounds.Letter.D)))
  Bool.true
NATIVE_BOOL_AXIOM_CHECKED: ShannonBounds.C11R5D213.step_n14._native.native_decide.ax_1_5
NATIVE_BOOL_AXIOM_TYPE: Eq.{1}
  (Decidable.decide
    (Eq.{1}
      (∑ x ∈ ShannonBounds.Subst.T.{0} ShannonBounds.C11R5Tables.S_cc0e5d2202d76d5d ShannonBounds.Letter.O,
        HMul.hMul.{0, 0, 0}
          (HMul.hMul.{0, 0, 0} (ShannonBounds.C11R5D213.w_v (x 0)) (ShannonBounds.C11R5D213.w_v (x 1)))
          (ShannonBounds.C11R5D213.w_n13 (x 2)))
      (ShannonBounds.C11R5D213.w_n14 ShannonBounds.Letter.O)))
  Bool.true
NATIVE_BOOL_AXIOM_CHECKED: ShannonBounds.C11R5D213.step_n14._native.native_decide.ax_1_6
NATIVE_BOOL_AXIOM_TYPE: Eq.{1}
  (Decidable.decide
    (Eq.{1}
      (∑ x ∈ ShannonBounds.Subst.T.{0} ShannonBounds.C11R5Tables.S_cc0e5d2202d76d5d ShannonBounds.Letter.H,
        HMul.hMul.{0, 0, 0}
          (HMul.hMul.{0, 0, 0} (ShannonBounds.C11R5D213.w_v (x 0)) (ShannonBounds.C11R5D213.w_v (x 1)))
          (ShannonBounds.C11R5D213.w_n13 (x 2)))
      (ShannonBounds.C11R5D213.w_n14 ShannonBounds.Letter.H)))
  Bool.true
NATIVE_BOOL_AXIOM_CHECKED: ShannonBounds.C11R5D213.step_n14._native.native_decide.ax_1_7
NATIVE_BOOL_AXIOM_TYPE: Eq.{1}
  (Decidable.decide
    (Eq.{1}
      (∑ x ∈ ShannonBounds.Subst.T.{0} ShannonBounds.C11R5Tables.S_cc0e5d2202d76d5d ShannonBounds.Letter.V,
        HMul.hMul.{0, 0, 0}
          (HMul.hMul.{0, 0, 0} (ShannonBounds.C11R5D213.w_v (x 0)) (ShannonBounds.C11R5D213.w_v (x 1)))
          (ShannonBounds.C11R5D213.w_n13 (x 2)))
      (ShannonBounds.C11R5D213.w_n14 ShannonBounds.Letter.V)))
  Bool.true
NATIVE_BOOL_AXIOM_CHECKED: ShannonBounds.C11R5D213.step_n15._native.native_decide.ax_1_1
NATIVE_BOOL_AXIOM_TYPE: Eq.{1}
  (Decidable.decide
    (Eq.{1}
      (∑ x ∈ ShannonBounds.Subst.T.{0} ShannonBounds.C11R5Tables.S_e9ef2871c79d62be ShannonBounds.Letter.B,
        HMul.hMul.{0, 0, 0} (ShannonBounds.C11R5D213.w_n14 (x 0)) (ShannonBounds.C11R5D213.w_v (x 1)))
      (ShannonBounds.C11R5D213.w_n15 ShannonBounds.Letter.B)))
  Bool.true
NATIVE_BOOL_AXIOM_CHECKED: ShannonBounds.C11R5D213.step_n15._native.native_decide.ax_1_2
NATIVE_BOOL_AXIOM_TYPE: Eq.{1}
  (Decidable.decide
    (Eq.{1}
      (∑ x ∈ ShannonBounds.Subst.T.{0} ShannonBounds.C11R5Tables.S_e9ef2871c79d62be ShannonBounds.Letter.N,
        HMul.hMul.{0, 0, 0} (ShannonBounds.C11R5D213.w_n14 (x 0)) (ShannonBounds.C11R5D213.w_v (x 1)))
      (ShannonBounds.C11R5D213.w_n15 ShannonBounds.Letter.N)))
  Bool.true
NATIVE_BOOL_AXIOM_CHECKED: ShannonBounds.C11R5D213.step_n15._native.native_decide.ax_1_3
NATIVE_BOOL_AXIOM_TYPE: Eq.{1}
  (Decidable.decide
    (Eq.{1}
      (∑ x ∈ ShannonBounds.Subst.T.{0} ShannonBounds.C11R5Tables.S_e9ef2871c79d62be ShannonBounds.Letter.A,
        HMul.hMul.{0, 0, 0} (ShannonBounds.C11R5D213.w_n14 (x 0)) (ShannonBounds.C11R5D213.w_v (x 1)))
      (ShannonBounds.C11R5D213.w_n15 ShannonBounds.Letter.A)))
  Bool.true
NATIVE_BOOL_AXIOM_CHECKED: ShannonBounds.C11R5D213.step_n15._native.native_decide.ax_1_4
NATIVE_BOOL_AXIOM_TYPE: Eq.{1}
  (Decidable.decide
    (Eq.{1}
      (∑ x ∈ ShannonBounds.Subst.T.{0} ShannonBounds.C11R5Tables.S_e9ef2871c79d62be ShannonBounds.Letter.D,
        HMul.hMul.{0, 0, 0} (ShannonBounds.C11R5D213.w_n14 (x 0)) (ShannonBounds.C11R5D213.w_v (x 1)))
      (ShannonBounds.C11R5D213.w_n15 ShannonBounds.Letter.D)))
  Bool.true
NATIVE_BOOL_AXIOM_CHECKED: ShannonBounds.C11R5D213.step_n15._native.native_decide.ax_1_5
NATIVE_BOOL_AXIOM_TYPE: Eq.{1}
  (Decidable.decide
    (Eq.{1}
      (∑ x ∈ ShannonBounds.Subst.T.{0} ShannonBounds.C11R5Tables.S_e9ef2871c79d62be ShannonBounds.Letter.O,
        HMul.hMul.{0, 0, 0} (ShannonBounds.C11R5D213.w_n14 (x 0)) (ShannonBounds.C11R5D213.w_v (x 1)))
      (ShannonBounds.C11R5D213.w_n15 ShannonBounds.Letter.O)))
  Bool.true
NATIVE_BOOL_AXIOM_CHECKED: ShannonBounds.C11R5D213.step_n15._native.native_decide.ax_1_6
NATIVE_BOOL_AXIOM_TYPE: Eq.{1}
  (Decidable.decide
    (Eq.{1}
      (∑ x ∈ ShannonBounds.Subst.T.{0} ShannonBounds.C11R5Tables.S_e9ef2871c79d62be ShannonBounds.Letter.H,
        HMul.hMul.{0, 0, 0} (ShannonBounds.C11R5D213.w_n14 (x 0)) (ShannonBounds.C11R5D213.w_v (x 1)))
      (ShannonBounds.C11R5D213.w_n15 ShannonBounds.Letter.H)))
  Bool.true
NATIVE_BOOL_AXIOM_CHECKED: ShannonBounds.C11R5D213.step_n15._native.native_decide.ax_1_7
NATIVE_BOOL_AXIOM_TYPE: Eq.{1}
  (Decidable.decide
    (Eq.{1}
      (∑ x ∈ ShannonBounds.Subst.T.{0} ShannonBounds.C11R5Tables.S_e9ef2871c79d62be ShannonBounds.Letter.V,
        HMul.hMul.{0, 0, 0} (ShannonBounds.C11R5D213.w_n14 (x 0)) (ShannonBounds.C11R5D213.w_v (x 1)))
      (ShannonBounds.C11R5D213.w_n15 ShannonBounds.Letter.V)))
  Bool.true
NATIVE_BOOL_AXIOM_CHECKED: ShannonBounds.C11R5D213.step_n16._native.native_decide.ax_1_1
NATIVE_BOOL_AXIOM_TYPE: Eq.{1}
  (Decidable.decide
    (Eq.{1}
      (∑ x ∈ ShannonBounds.Subst.T.{0} ShannonBounds.C11R5Tables.S_18277b0c484b4c41 ShannonBounds.Letter.B,
        HMul.hMul.{0, 0, 0}
          (HMul.hMul.{0, 0, 0} (ShannonBounds.C11R5D213.w_v (x 0)) (ShannonBounds.C11R5D213.w_v (x 1)))
          (ShannonBounds.C11R5D213.w_v (x 2)))
      (ShannonBounds.C11R5D213.w_n16 ShannonBounds.Letter.B)))
  Bool.true
NATIVE_BOOL_AXIOM_CHECKED: ShannonBounds.C11R5D213.step_n16._native.native_decide.ax_1_2
NATIVE_BOOL_AXIOM_TYPE: Eq.{1}
  (Decidable.decide
    (Eq.{1}
      (∑ x ∈ ShannonBounds.Subst.T.{0} ShannonBounds.C11R5Tables.S_18277b0c484b4c41 ShannonBounds.Letter.N,
        HMul.hMul.{0, 0, 0}
          (HMul.hMul.{0, 0, 0} (ShannonBounds.C11R5D213.w_v (x 0)) (ShannonBounds.C11R5D213.w_v (x 1)))
          (ShannonBounds.C11R5D213.w_v (x 2)))
      (ShannonBounds.C11R5D213.w_n16 ShannonBounds.Letter.N)))
  Bool.true
NATIVE_BOOL_AXIOM_CHECKED: ShannonBounds.C11R5D213.step_n16._native.native_decide.ax_1_3
NATIVE_BOOL_AXIOM_TYPE: Eq.{1}
  (Decidable.decide
    (Eq.{1}
      (∑ x ∈ ShannonBounds.Subst.T.{0} ShannonBounds.C11R5Tables.S_18277b0c484b4c41 ShannonBounds.Letter.A,
        HMul.hMul.{0, 0, 0}
          (HMul.hMul.{0, 0, 0} (ShannonBounds.C11R5D213.w_v (x 0)) (ShannonBounds.C11R5D213.w_v (x 1)))
          (ShannonBounds.C11R5D213.w_v (x 2)))
      (ShannonBounds.C11R5D213.w_n16 ShannonBounds.Letter.A)))
  Bool.true
NATIVE_BOOL_AXIOM_CHECKED: ShannonBounds.C11R5D213.step_n16._native.native_decide.ax_1_4
NATIVE_BOOL_AXIOM_TYPE: Eq.{1}
  (Decidable.decide
    (Eq.{1}
      (∑ x ∈ ShannonBounds.Subst.T.{0} ShannonBounds.C11R5Tables.S_18277b0c484b4c41 ShannonBounds.Letter.D,
        HMul.hMul.{0, 0, 0}
          (HMul.hMul.{0, 0, 0} (ShannonBounds.C11R5D213.w_v (x 0)) (ShannonBounds.C11R5D213.w_v (x 1)))
          (ShannonBounds.C11R5D213.w_v (x 2)))
      (ShannonBounds.C11R5D213.w_n16 ShannonBounds.Letter.D)))
  Bool.true
NATIVE_BOOL_AXIOM_CHECKED: ShannonBounds.C11R5D213.step_n16._native.native_decide.ax_1_5
NATIVE_BOOL_AXIOM_TYPE: Eq.{1}
  (Decidable.decide
    (Eq.{1}
      (∑ x ∈ ShannonBounds.Subst.T.{0} ShannonBounds.C11R5Tables.S_18277b0c484b4c41 ShannonBounds.Letter.O,
        HMul.hMul.{0, 0, 0}
          (HMul.hMul.{0, 0, 0} (ShannonBounds.C11R5D213.w_v (x 0)) (ShannonBounds.C11R5D213.w_v (x 1)))
          (ShannonBounds.C11R5D213.w_v (x 2)))
      (ShannonBounds.C11R5D213.w_n16 ShannonBounds.Letter.O)))
  Bool.true
NATIVE_BOOL_AXIOM_CHECKED: ShannonBounds.C11R5D213.step_n16._native.native_decide.ax_1_6
NATIVE_BOOL_AXIOM_TYPE: Eq.{1}
  (Decidable.decide
    (Eq.{1}
      (∑ x ∈ ShannonBounds.Subst.T.{0} ShannonBounds.C11R5Tables.S_18277b0c484b4c41 ShannonBounds.Letter.H,
        HMul.hMul.{0, 0, 0}
          (HMul.hMul.{0, 0, 0} (ShannonBounds.C11R5D213.w_v (x 0)) (ShannonBounds.C11R5D213.w_v (x 1)))
          (ShannonBounds.C11R5D213.w_v (x 2)))
      (ShannonBounds.C11R5D213.w_n16 ShannonBounds.Letter.H)))
  Bool.true
NATIVE_BOOL_AXIOM_CHECKED: ShannonBounds.C11R5D213.step_n16._native.native_decide.ax_1_7
NATIVE_BOOL_AXIOM_TYPE: Eq.{1}
  (Decidable.decide
    (Eq.{1}
      (∑ x ∈ ShannonBounds.Subst.T.{0} ShannonBounds.C11R5Tables.S_18277b0c484b4c41 ShannonBounds.Letter.V,
        HMul.hMul.{0, 0, 0}
          (HMul.hMul.{0, 0, 0} (ShannonBounds.C11R5D213.w_v (x 0)) (ShannonBounds.C11R5D213.w_v (x 1)))
          (ShannonBounds.C11R5D213.w_v (x 2)))
      (ShannonBounds.C11R5D213.w_n16 ShannonBounds.Letter.V)))
  Bool.true
NATIVE_BOOL_AXIOM_CHECKED: ShannonBounds.C11R5D213.step_n17._native.native_decide.ax_1_1
NATIVE_BOOL_AXIOM_TYPE: Eq.{1}
  (Decidable.decide
    (Eq.{1}
      (∑ x ∈ ShannonBounds.Subst.T.{0} ShannonBounds.C11R5Tables.S_3daf90758a80fbb9 ShannonBounds.Letter.B,
        HMul.hMul.{0, 0, 0}
          (HMul.hMul.{0, 0, 0} (ShannonBounds.C11R5D213.w_n16 (x 0)) (ShannonBounds.C11R5D213.w_v (x 1)))
          (ShannonBounds.C11R5D213.w_v (x 2)))
      (ShannonBounds.C11R5D213.w_n17 ShannonBounds.Letter.B)))
  Bool.true
NATIVE_BOOL_AXIOM_CHECKED: ShannonBounds.C11R5D213.step_n17._native.native_decide.ax_1_2
NATIVE_BOOL_AXIOM_TYPE: Eq.{1}
  (Decidable.decide
    (Eq.{1}
      (∑ x ∈ ShannonBounds.Subst.T.{0} ShannonBounds.C11R5Tables.S_3daf90758a80fbb9 ShannonBounds.Letter.N,
        HMul.hMul.{0, 0, 0}
          (HMul.hMul.{0, 0, 0} (ShannonBounds.C11R5D213.w_n16 (x 0)) (ShannonBounds.C11R5D213.w_v (x 1)))
          (ShannonBounds.C11R5D213.w_v (x 2)))
      (ShannonBounds.C11R5D213.w_n17 ShannonBounds.Letter.N)))
  Bool.true
NATIVE_BOOL_AXIOM_CHECKED: ShannonBounds.C11R5D213.step_n17._native.native_decide.ax_1_3
NATIVE_BOOL_AXIOM_TYPE: Eq.{1}
  (Decidable.decide
    (Eq.{1}
      (∑ x ∈ ShannonBounds.Subst.T.{0} ShannonBounds.C11R5Tables.S_3daf90758a80fbb9 ShannonBounds.Letter.A,
        HMul.hMul.{0, 0, 0}
          (HMul.hMul.{0, 0, 0} (ShannonBounds.C11R5D213.w_n16 (x 0)) (ShannonBounds.C11R5D213.w_v (x 1)))
          (ShannonBounds.C11R5D213.w_v (x 2)))
      (ShannonBounds.C11R5D213.w_n17 ShannonBounds.Letter.A)))
  Bool.true
NATIVE_BOOL_AXIOM_CHECKED: ShannonBounds.C11R5D213.step_n17._native.native_decide.ax_1_4
NATIVE_BOOL_AXIOM_TYPE: Eq.{1}
  (Decidable.decide
    (Eq.{1}
      (∑ x ∈ ShannonBounds.Subst.T.{0} ShannonBounds.C11R5Tables.S_3daf90758a80fbb9 ShannonBounds.Letter.D,
        HMul.hMul.{0, 0, 0}
          (HMul.hMul.{0, 0, 0} (ShannonBounds.C11R5D213.w_n16 (x 0)) (ShannonBounds.C11R5D213.w_v (x 1)))
          (ShannonBounds.C11R5D213.w_v (x 2)))
      (ShannonBounds.C11R5D213.w_n17 ShannonBounds.Letter.D)))
  Bool.true
NATIVE_BOOL_AXIOM_CHECKED: ShannonBounds.C11R5D213.step_n17._native.native_decide.ax_1_5
NATIVE_BOOL_AXIOM_TYPE: Eq.{1}
  (Decidable.decide
    (Eq.{1}
      (∑ x ∈ ShannonBounds.Subst.T.{0} ShannonBounds.C11R5Tables.S_3daf90758a80fbb9 ShannonBounds.Letter.O,
        HMul.hMul.{0, 0, 0}
          (HMul.hMul.{0, 0, 0} (ShannonBounds.C11R5D213.w_n16 (x 0)) (ShannonBounds.C11R5D213.w_v (x 1)))
          (ShannonBounds.C11R5D213.w_v (x 2)))
      (ShannonBounds.C11R5D213.w_n17 ShannonBounds.Letter.O)))
  Bool.true
NATIVE_BOOL_AXIOM_CHECKED: ShannonBounds.C11R5D213.step_n17._native.native_decide.ax_1_6
NATIVE_BOOL_AXIOM_TYPE: Eq.{1}
  (Decidable.decide
    (Eq.{1}
      (∑ x ∈ ShannonBounds.Subst.T.{0} ShannonBounds.C11R5Tables.S_3daf90758a80fbb9 ShannonBounds.Letter.H,
        HMul.hMul.{0, 0, 0}
          (HMul.hMul.{0, 0, 0} (ShannonBounds.C11R5D213.w_n16 (x 0)) (ShannonBounds.C11R5D213.w_v (x 1)))
          (ShannonBounds.C11R5D213.w_v (x 2)))
      (ShannonBounds.C11R5D213.w_n17 ShannonBounds.Letter.H)))
  Bool.true
NATIVE_BOOL_AXIOM_CHECKED: ShannonBounds.C11R5D213.step_n17._native.native_decide.ax_1_7
NATIVE_BOOL_AXIOM_TYPE: Eq.{1}
  (Decidable.decide
    (Eq.{1}
      (∑ x ∈ ShannonBounds.Subst.T.{0} ShannonBounds.C11R5Tables.S_3daf90758a80fbb9 ShannonBounds.Letter.V,
        HMul.hMul.{0, 0, 0}
          (HMul.hMul.{0, 0, 0} (ShannonBounds.C11R5D213.w_n16 (x 0)) (ShannonBounds.C11R5D213.w_v (x 1)))
          (ShannonBounds.C11R5D213.w_v (x 2)))
      (ShannonBounds.C11R5D213.w_n17 ShannonBounds.Letter.V)))
  Bool.true
NATIVE_BOOL_AXIOM_CHECKED: ShannonBounds.C11R5D213.step_n18._native.native_decide.ax_1_1
NATIVE_BOOL_AXIOM_TYPE: Eq.{1}
  (Decidable.decide
    (Eq.{1}
      (∑ x ∈ ShannonBounds.Subst.T.{0} ShannonBounds.C11R5Tables.S_e788020168e26abb ShannonBounds.Letter.B,
        HMul.hMul.{0, 0, 0} (ShannonBounds.C11R5D213.w_n17 (x 0)) (ShannonBounds.C11R5D213.w_v (x 1)))
      (ShannonBounds.C11R5D213.w_n18 ShannonBounds.Letter.B)))
  Bool.true
NATIVE_BOOL_AXIOM_CHECKED: ShannonBounds.C11R5D213.step_n18._native.native_decide.ax_1_2
NATIVE_BOOL_AXIOM_TYPE: Eq.{1}
  (Decidable.decide
    (Eq.{1}
      (∑ x ∈ ShannonBounds.Subst.T.{0} ShannonBounds.C11R5Tables.S_e788020168e26abb ShannonBounds.Letter.N,
        HMul.hMul.{0, 0, 0} (ShannonBounds.C11R5D213.w_n17 (x 0)) (ShannonBounds.C11R5D213.w_v (x 1)))
      (ShannonBounds.C11R5D213.w_n18 ShannonBounds.Letter.N)))
  Bool.true
NATIVE_BOOL_AXIOM_CHECKED: ShannonBounds.C11R5D213.step_n18._native.native_decide.ax_1_3
NATIVE_BOOL_AXIOM_TYPE: Eq.{1}
  (Decidable.decide
    (Eq.{1}
      (∑ x ∈ ShannonBounds.Subst.T.{0} ShannonBounds.C11R5Tables.S_e788020168e26abb ShannonBounds.Letter.A,
        HMul.hMul.{0, 0, 0} (ShannonBounds.C11R5D213.w_n17 (x 0)) (ShannonBounds.C11R5D213.w_v (x 1)))
      (ShannonBounds.C11R5D213.w_n18 ShannonBounds.Letter.A)))
  Bool.true
NATIVE_BOOL_AXIOM_CHECKED: ShannonBounds.C11R5D213.step_n18._native.native_decide.ax_1_4
NATIVE_BOOL_AXIOM_TYPE: Eq.{1}
  (Decidable.decide
    (Eq.{1}
      (∑ x ∈ ShannonBounds.Subst.T.{0} ShannonBounds.C11R5Tables.S_e788020168e26abb ShannonBounds.Letter.D,
        HMul.hMul.{0, 0, 0} (ShannonBounds.C11R5D213.w_n17 (x 0)) (ShannonBounds.C11R5D213.w_v (x 1)))
      (ShannonBounds.C11R5D213.w_n18 ShannonBounds.Letter.D)))
  Bool.true
NATIVE_BOOL_AXIOM_CHECKED: ShannonBounds.C11R5D213.step_n18._native.native_decide.ax_1_5
NATIVE_BOOL_AXIOM_TYPE: Eq.{1}
  (Decidable.decide
    (Eq.{1}
      (∑ x ∈ ShannonBounds.Subst.T.{0} ShannonBounds.C11R5Tables.S_e788020168e26abb ShannonBounds.Letter.O,
        HMul.hMul.{0, 0, 0} (ShannonBounds.C11R5D213.w_n17 (x 0)) (ShannonBounds.C11R5D213.w_v (x 1)))
      (ShannonBounds.C11R5D213.w_n18 ShannonBounds.Letter.O)))
  Bool.true
NATIVE_BOOL_AXIOM_CHECKED: ShannonBounds.C11R5D213.step_n18._native.native_decide.ax_1_6
NATIVE_BOOL_AXIOM_TYPE: Eq.{1}
  (Decidable.decide
    (Eq.{1}
      (∑ x ∈ ShannonBounds.Subst.T.{0} ShannonBounds.C11R5Tables.S_e788020168e26abb ShannonBounds.Letter.H,
        HMul.hMul.{0, 0, 0} (ShannonBounds.C11R5D213.w_n17 (x 0)) (ShannonBounds.C11R5D213.w_v (x 1)))
      (ShannonBounds.C11R5D213.w_n18 ShannonBounds.Letter.H)))
  Bool.true
NATIVE_BOOL_AXIOM_CHECKED: ShannonBounds.C11R5D213.step_n18._native.native_decide.ax_1_7
NATIVE_BOOL_AXIOM_TYPE: Eq.{1}
  (Decidable.decide
    (Eq.{1}
      (∑ x ∈ ShannonBounds.Subst.T.{0} ShannonBounds.C11R5Tables.S_e788020168e26abb ShannonBounds.Letter.V,
        HMul.hMul.{0, 0, 0} (ShannonBounds.C11R5D213.w_n17 (x 0)) (ShannonBounds.C11R5D213.w_v (x 1)))
      (ShannonBounds.C11R5D213.w_n18 ShannonBounds.Letter.V)))
  Bool.true
NATIVE_BOOL_AXIOM_CHECKED: ShannonBounds.C11R5D213.step_n19._native.native_decide.ax_1_1
NATIVE_BOOL_AXIOM_TYPE: Eq.{1}
  (Decidable.decide
    (Eq.{1}
      (∑ x ∈ ShannonBounds.Subst.T.{0} ShannonBounds.C11R5Tables.S_e788020168e26abb ShannonBounds.Letter.B,
        HMul.hMul.{0, 0, 0} (ShannonBounds.C11R5D213.w_n18 (x 0)) (ShannonBounds.C11R5D213.w_v (x 1)))
      (ShannonBounds.C11R5D213.w_n19 ShannonBounds.Letter.B)))
  Bool.true
NATIVE_BOOL_AXIOM_CHECKED: ShannonBounds.C11R5D213.step_n19._native.native_decide.ax_1_2
NATIVE_BOOL_AXIOM_TYPE: Eq.{1}
  (Decidable.decide
    (Eq.{1}
      (∑ x ∈ ShannonBounds.Subst.T.{0} ShannonBounds.C11R5Tables.S_e788020168e26abb ShannonBounds.Letter.N,
        HMul.hMul.{0, 0, 0} (ShannonBounds.C11R5D213.w_n18 (x 0)) (ShannonBounds.C11R5D213.w_v (x 1)))
      (ShannonBounds.C11R5D213.w_n19 ShannonBounds.Letter.N)))
  Bool.true
NATIVE_BOOL_AXIOM_CHECKED: ShannonBounds.C11R5D213.step_n19._native.native_decide.ax_1_3
NATIVE_BOOL_AXIOM_TYPE: Eq.{1}
  (Decidable.decide
    (Eq.{1}
      (∑ x ∈ ShannonBounds.Subst.T.{0} ShannonBounds.C11R5Tables.S_e788020168e26abb ShannonBounds.Letter.A,
        HMul.hMul.{0, 0, 0} (ShannonBounds.C11R5D213.w_n18 (x 0)) (ShannonBounds.C11R5D213.w_v (x 1)))
      (ShannonBounds.C11R5D213.w_n19 ShannonBounds.Letter.A)))
  Bool.true
NATIVE_BOOL_AXIOM_CHECKED: ShannonBounds.C11R5D213.step_n19._native.native_decide.ax_1_4
NATIVE_BOOL_AXIOM_TYPE: Eq.{1}
  (Decidable.decide
    (Eq.{1}
      (∑ x ∈ ShannonBounds.Subst.T.{0} ShannonBounds.C11R5Tables.S_e788020168e26abb ShannonBounds.Letter.D,
        HMul.hMul.{0, 0, 0} (ShannonBounds.C11R5D213.w_n18 (x 0)) (ShannonBounds.C11R5D213.w_v (x 1)))
      (ShannonBounds.C11R5D213.w_n19 ShannonBounds.Letter.D)))
  Bool.true
NATIVE_BOOL_AXIOM_CHECKED: ShannonBounds.C11R5D213.step_n19._native.native_decide.ax_1_5
NATIVE_BOOL_AXIOM_TYPE: Eq.{1}
  (Decidable.decide
    (Eq.{1}
      (∑ x ∈ ShannonBounds.Subst.T.{0} ShannonBounds.C11R5Tables.S_e788020168e26abb ShannonBounds.Letter.O,
        HMul.hMul.{0, 0, 0} (ShannonBounds.C11R5D213.w_n18 (x 0)) (ShannonBounds.C11R5D213.w_v (x 1)))
      (ShannonBounds.C11R5D213.w_n19 ShannonBounds.Letter.O)))
  Bool.true
NATIVE_BOOL_AXIOM_CHECKED: ShannonBounds.C11R5D213.step_n19._native.native_decide.ax_1_6
NATIVE_BOOL_AXIOM_TYPE: Eq.{1}
  (Decidable.decide
    (Eq.{1}
      (∑ x ∈ ShannonBounds.Subst.T.{0} ShannonBounds.C11R5Tables.S_e788020168e26abb ShannonBounds.Letter.H,
        HMul.hMul.{0, 0, 0} (ShannonBounds.C11R5D213.w_n18 (x 0)) (ShannonBounds.C11R5D213.w_v (x 1)))
      (ShannonBounds.C11R5D213.w_n19 ShannonBounds.Letter.H)))
  Bool.true
NATIVE_BOOL_AXIOM_CHECKED: ShannonBounds.C11R5D213.step_n19._native.native_decide.ax_1_7
NATIVE_BOOL_AXIOM_TYPE: Eq.{1}
  (Decidable.decide
    (Eq.{1}
      (∑ x ∈ ShannonBounds.Subst.T.{0} ShannonBounds.C11R5Tables.S_e788020168e26abb ShannonBounds.Letter.V,
        HMul.hMul.{0, 0, 0} (ShannonBounds.C11R5D213.w_n18 (x 0)) (ShannonBounds.C11R5D213.w_v (x 1)))
      (ShannonBounds.C11R5D213.w_n19 ShannonBounds.Letter.V)))
  Bool.true
NATIVE_BOOL_AXIOM_CHECKED: ShannonBounds.C11R5D213.step_n2._native.native_decide.ax_1_1
NATIVE_BOOL_AXIOM_TYPE: Eq.{1}
  (Decidable.decide
    (Eq.{1}
      (∑ x ∈ ShannonBounds.Subst.T.{0} ShannonBounds.C11R5Tables.S_3b145410351af05c ShannonBounds.Letter.B,
        HMul.hMul.{0, 0, 0}
          (HMul.hMul.{0, 0, 0} (ShannonBounds.C11R5D213.w_v (x 0)) (ShannonBounds.C11R5D213.w_v (x 1)))
          (ShannonBounds.C11R5D213.w_v (x 2)))
      (ShannonBounds.C11R5D213.w_n2 ShannonBounds.Letter.B)))
  Bool.true
NATIVE_BOOL_AXIOM_CHECKED: ShannonBounds.C11R5D213.step_n2._native.native_decide.ax_1_2
NATIVE_BOOL_AXIOM_TYPE: Eq.{1}
  (Decidable.decide
    (Eq.{1}
      (∑ x ∈ ShannonBounds.Subst.T.{0} ShannonBounds.C11R5Tables.S_3b145410351af05c ShannonBounds.Letter.N,
        HMul.hMul.{0, 0, 0}
          (HMul.hMul.{0, 0, 0} (ShannonBounds.C11R5D213.w_v (x 0)) (ShannonBounds.C11R5D213.w_v (x 1)))
          (ShannonBounds.C11R5D213.w_v (x 2)))
      (ShannonBounds.C11R5D213.w_n2 ShannonBounds.Letter.N)))
  Bool.true
NATIVE_BOOL_AXIOM_CHECKED: ShannonBounds.C11R5D213.step_n2._native.native_decide.ax_1_3
NATIVE_BOOL_AXIOM_TYPE: Eq.{1}
  (Decidable.decide
    (Eq.{1}
      (∑ x ∈ ShannonBounds.Subst.T.{0} ShannonBounds.C11R5Tables.S_3b145410351af05c ShannonBounds.Letter.A,
        HMul.hMul.{0, 0, 0}
          (HMul.hMul.{0, 0, 0} (ShannonBounds.C11R5D213.w_v (x 0)) (ShannonBounds.C11R5D213.w_v (x 1)))
          (ShannonBounds.C11R5D213.w_v (x 2)))
      (ShannonBounds.C11R5D213.w_n2 ShannonBounds.Letter.A)))
  Bool.true
NATIVE_BOOL_AXIOM_CHECKED: ShannonBounds.C11R5D213.step_n2._native.native_decide.ax_1_4
NATIVE_BOOL_AXIOM_TYPE: Eq.{1}
  (Decidable.decide
    (Eq.{1}
      (∑ x ∈ ShannonBounds.Subst.T.{0} ShannonBounds.C11R5Tables.S_3b145410351af05c ShannonBounds.Letter.D,
        HMul.hMul.{0, 0, 0}
          (HMul.hMul.{0, 0, 0} (ShannonBounds.C11R5D213.w_v (x 0)) (ShannonBounds.C11R5D213.w_v (x 1)))
          (ShannonBounds.C11R5D213.w_v (x 2)))
      (ShannonBounds.C11R5D213.w_n2 ShannonBounds.Letter.D)))
  Bool.true
NATIVE_BOOL_AXIOM_CHECKED: ShannonBounds.C11R5D213.step_n2._native.native_decide.ax_1_5
NATIVE_BOOL_AXIOM_TYPE: Eq.{1}
  (Decidable.decide
    (Eq.{1}
      (∑ x ∈ ShannonBounds.Subst.T.{0} ShannonBounds.C11R5Tables.S_3b145410351af05c ShannonBounds.Letter.O,
        HMul.hMul.{0, 0, 0}
          (HMul.hMul.{0, 0, 0} (ShannonBounds.C11R5D213.w_v (x 0)) (ShannonBounds.C11R5D213.w_v (x 1)))
          (ShannonBounds.C11R5D213.w_v (x 2)))
      (ShannonBounds.C11R5D213.w_n2 ShannonBounds.Letter.O)))
  Bool.true
NATIVE_BOOL_AXIOM_CHECKED: ShannonBounds.C11R5D213.step_n2._native.native_decide.ax_1_6
NATIVE_BOOL_AXIOM_TYPE: Eq.{1}
  (Decidable.decide
    (Eq.{1}
      (∑ x ∈ ShannonBounds.Subst.T.{0} ShannonBounds.C11R5Tables.S_3b145410351af05c ShannonBounds.Letter.H,
        HMul.hMul.{0, 0, 0}
          (HMul.hMul.{0, 0, 0} (ShannonBounds.C11R5D213.w_v (x 0)) (ShannonBounds.C11R5D213.w_v (x 1)))
          (ShannonBounds.C11R5D213.w_v (x 2)))
      (ShannonBounds.C11R5D213.w_n2 ShannonBounds.Letter.H)))
  Bool.true
NATIVE_BOOL_AXIOM_CHECKED: ShannonBounds.C11R5D213.step_n2._native.native_decide.ax_1_7
NATIVE_BOOL_AXIOM_TYPE: Eq.{1}
  (Decidable.decide
    (Eq.{1}
      (∑ x ∈ ShannonBounds.Subst.T.{0} ShannonBounds.C11R5Tables.S_3b145410351af05c ShannonBounds.Letter.V,
        HMul.hMul.{0, 0, 0}
          (HMul.hMul.{0, 0, 0} (ShannonBounds.C11R5D213.w_v (x 0)) (ShannonBounds.C11R5D213.w_v (x 1)))
          (ShannonBounds.C11R5D213.w_v (x 2)))
      (ShannonBounds.C11R5D213.w_n2 ShannonBounds.Letter.V)))
  Bool.true
NATIVE_BOOL_AXIOM_CHECKED: ShannonBounds.C11R5D213.step_n20._native.native_decide.ax_1_1
NATIVE_BOOL_AXIOM_TYPE: Eq.{1}
  (Decidable.decide
    (Eq.{1}
      (∑ x ∈ ShannonBounds.Subst.T.{0} ShannonBounds.C11R5Tables.S_6859b0ec25991d42 ShannonBounds.Letter.B,
        HMul.hMul.{0, 0, 0}
          (HMul.hMul.{0, 0, 0} (ShannonBounds.C11R5D213.w_n1 (x 0)) (ShannonBounds.C11R5D213.w_n17 (x 1)))
          (ShannonBounds.C11R5D213.w_v (x 2)))
      (ShannonBounds.C11R5D213.w_n20 ShannonBounds.Letter.B)))
  Bool.true
NATIVE_BOOL_AXIOM_CHECKED: ShannonBounds.C11R5D213.step_n20._native.native_decide.ax_1_2
NATIVE_BOOL_AXIOM_TYPE: Eq.{1}
  (Decidable.decide
    (Eq.{1}
      (∑ x ∈ ShannonBounds.Subst.T.{0} ShannonBounds.C11R5Tables.S_6859b0ec25991d42 ShannonBounds.Letter.N,
        HMul.hMul.{0, 0, 0}
          (HMul.hMul.{0, 0, 0} (ShannonBounds.C11R5D213.w_n1 (x 0)) (ShannonBounds.C11R5D213.w_n17 (x 1)))
          (ShannonBounds.C11R5D213.w_v (x 2)))
      (ShannonBounds.C11R5D213.w_n20 ShannonBounds.Letter.N)))
  Bool.true
NATIVE_BOOL_AXIOM_CHECKED: ShannonBounds.C11R5D213.step_n20._native.native_decide.ax_1_3
NATIVE_BOOL_AXIOM_TYPE: Eq.{1}
  (Decidable.decide
    (Eq.{1}
      (∑ x ∈ ShannonBounds.Subst.T.{0} ShannonBounds.C11R5Tables.S_6859b0ec25991d42 ShannonBounds.Letter.A,
        HMul.hMul.{0, 0, 0}
          (HMul.hMul.{0, 0, 0} (ShannonBounds.C11R5D213.w_n1 (x 0)) (ShannonBounds.C11R5D213.w_n17 (x 1)))
          (ShannonBounds.C11R5D213.w_v (x 2)))
      (ShannonBounds.C11R5D213.w_n20 ShannonBounds.Letter.A)))
  Bool.true
NATIVE_BOOL_AXIOM_CHECKED: ShannonBounds.C11R5D213.step_n20._native.native_decide.ax_1_4
NATIVE_BOOL_AXIOM_TYPE: Eq.{1}
  (Decidable.decide
    (Eq.{1}
      (∑ x ∈ ShannonBounds.Subst.T.{0} ShannonBounds.C11R5Tables.S_6859b0ec25991d42 ShannonBounds.Letter.D,
        HMul.hMul.{0, 0, 0}
          (HMul.hMul.{0, 0, 0} (ShannonBounds.C11R5D213.w_n1 (x 0)) (ShannonBounds.C11R5D213.w_n17 (x 1)))
          (ShannonBounds.C11R5D213.w_v (x 2)))
      (ShannonBounds.C11R5D213.w_n20 ShannonBounds.Letter.D)))
  Bool.true
NATIVE_BOOL_AXIOM_CHECKED: ShannonBounds.C11R5D213.step_n20._native.native_decide.ax_1_5
NATIVE_BOOL_AXIOM_TYPE: Eq.{1}
  (Decidable.decide
    (Eq.{1}
      (∑ x ∈ ShannonBounds.Subst.T.{0} ShannonBounds.C11R5Tables.S_6859b0ec25991d42 ShannonBounds.Letter.O,
        HMul.hMul.{0, 0, 0}
          (HMul.hMul.{0, 0, 0} (ShannonBounds.C11R5D213.w_n1 (x 0)) (ShannonBounds.C11R5D213.w_n17 (x 1)))
          (ShannonBounds.C11R5D213.w_v (x 2)))
      (ShannonBounds.C11R5D213.w_n20 ShannonBounds.Letter.O)))
  Bool.true
NATIVE_BOOL_AXIOM_CHECKED: ShannonBounds.C11R5D213.step_n20._native.native_decide.ax_1_6
NATIVE_BOOL_AXIOM_TYPE: Eq.{1}
  (Decidable.decide
    (Eq.{1}
      (∑ x ∈ ShannonBounds.Subst.T.{0} ShannonBounds.C11R5Tables.S_6859b0ec25991d42 ShannonBounds.Letter.H,
        HMul.hMul.{0, 0, 0}
          (HMul.hMul.{0, 0, 0} (ShannonBounds.C11R5D213.w_n1 (x 0)) (ShannonBounds.C11R5D213.w_n17 (x 1)))
          (ShannonBounds.C11R5D213.w_v (x 2)))
      (ShannonBounds.C11R5D213.w_n20 ShannonBounds.Letter.H)))
  Bool.true
NATIVE_BOOL_AXIOM_CHECKED: ShannonBounds.C11R5D213.step_n20._native.native_decide.ax_1_7
NATIVE_BOOL_AXIOM_TYPE: Eq.{1}
  (Decidable.decide
    (Eq.{1}
      (∑ x ∈ ShannonBounds.Subst.T.{0} ShannonBounds.C11R5Tables.S_6859b0ec25991d42 ShannonBounds.Letter.V,
        HMul.hMul.{0, 0, 0}
          (HMul.hMul.{0, 0, 0} (ShannonBounds.C11R5D213.w_n1 (x 0)) (ShannonBounds.C11R5D213.w_n17 (x 1)))
          (ShannonBounds.C11R5D213.w_v (x 2)))
      (ShannonBounds.C11R5D213.w_n20 ShannonBounds.Letter.V)))
  Bool.true
NATIVE_BOOL_AXIOM_CHECKED: ShannonBounds.C11R5D213.step_n21._native.native_decide.ax_1_1
NATIVE_BOOL_AXIOM_TYPE: Eq.{1}
  (Decidable.decide
    (Eq.{1}
      (∑ x ∈ ShannonBounds.Subst.T.{0} ShannonBounds.C11R5Tables.S_e788020168e26abb ShannonBounds.Letter.B,
        HMul.hMul.{0, 0, 0} (ShannonBounds.C11R5D213.w_n20 (x 0)) (ShannonBounds.C11R5D213.w_v (x 1)))
      (ShannonBounds.C11R5D213.w_n21 ShannonBounds.Letter.B)))
  Bool.true
NATIVE_BOOL_AXIOM_CHECKED: ShannonBounds.C11R5D213.step_n21._native.native_decide.ax_1_2
NATIVE_BOOL_AXIOM_TYPE: Eq.{1}
  (Decidable.decide
    (Eq.{1}
      (∑ x ∈ ShannonBounds.Subst.T.{0} ShannonBounds.C11R5Tables.S_e788020168e26abb ShannonBounds.Letter.N,
        HMul.hMul.{0, 0, 0} (ShannonBounds.C11R5D213.w_n20 (x 0)) (ShannonBounds.C11R5D213.w_v (x 1)))
      (ShannonBounds.C11R5D213.w_n21 ShannonBounds.Letter.N)))
  Bool.true
NATIVE_BOOL_AXIOM_CHECKED: ShannonBounds.C11R5D213.step_n21._native.native_decide.ax_1_3
NATIVE_BOOL_AXIOM_TYPE: Eq.{1}
  (Decidable.decide
    (Eq.{1}
      (∑ x ∈ ShannonBounds.Subst.T.{0} ShannonBounds.C11R5Tables.S_e788020168e26abb ShannonBounds.Letter.A,
        HMul.hMul.{0, 0, 0} (ShannonBounds.C11R5D213.w_n20 (x 0)) (ShannonBounds.C11R5D213.w_v (x 1)))
      (ShannonBounds.C11R5D213.w_n21 ShannonBounds.Letter.A)))
  Bool.true
NATIVE_BOOL_AXIOM_CHECKED: ShannonBounds.C11R5D213.step_n21._native.native_decide.ax_1_4
NATIVE_BOOL_AXIOM_TYPE: Eq.{1}
  (Decidable.decide
    (Eq.{1}
      (∑ x ∈ ShannonBounds.Subst.T.{0} ShannonBounds.C11R5Tables.S_e788020168e26abb ShannonBounds.Letter.D,
        HMul.hMul.{0, 0, 0} (ShannonBounds.C11R5D213.w_n20 (x 0)) (ShannonBounds.C11R5D213.w_v (x 1)))
      (ShannonBounds.C11R5D213.w_n21 ShannonBounds.Letter.D)))
  Bool.true
NATIVE_BOOL_AXIOM_CHECKED: ShannonBounds.C11R5D213.step_n21._native.native_decide.ax_1_5
NATIVE_BOOL_AXIOM_TYPE: Eq.{1}
  (Decidable.decide
    (Eq.{1}
      (∑ x ∈ ShannonBounds.Subst.T.{0} ShannonBounds.C11R5Tables.S_e788020168e26abb ShannonBounds.Letter.O,
        HMul.hMul.{0, 0, 0} (ShannonBounds.C11R5D213.w_n20 (x 0)) (ShannonBounds.C11R5D213.w_v (x 1)))
      (ShannonBounds.C11R5D213.w_n21 ShannonBounds.Letter.O)))
  Bool.true
NATIVE_BOOL_AXIOM_CHECKED: ShannonBounds.C11R5D213.step_n21._native.native_decide.ax_1_6
NATIVE_BOOL_AXIOM_TYPE: Eq.{1}
  (Decidable.decide
    (Eq.{1}
      (∑ x ∈ ShannonBounds.Subst.T.{0} ShannonBounds.C11R5Tables.S_e788020168e26abb ShannonBounds.Letter.H,
        HMul.hMul.{0, 0, 0} (ShannonBounds.C11R5D213.w_n20 (x 0)) (ShannonBounds.C11R5D213.w_v (x 1)))
      (ShannonBounds.C11R5D213.w_n21 ShannonBounds.Letter.H)))
  Bool.true
NATIVE_BOOL_AXIOM_CHECKED: ShannonBounds.C11R5D213.step_n21._native.native_decide.ax_1_7
NATIVE_BOOL_AXIOM_TYPE: Eq.{1}
  (Decidable.decide
    (Eq.{1}
      (∑ x ∈ ShannonBounds.Subst.T.{0} ShannonBounds.C11R5Tables.S_e788020168e26abb ShannonBounds.Letter.V,
        HMul.hMul.{0, 0, 0} (ShannonBounds.C11R5D213.w_n20 (x 0)) (ShannonBounds.C11R5D213.w_v (x 1)))
      (ShannonBounds.C11R5D213.w_n21 ShannonBounds.Letter.V)))
  Bool.true
NATIVE_BOOL_AXIOM_CHECKED: ShannonBounds.C11R5D213.step_n22._native.native_decide.ax_1_1
NATIVE_BOOL_AXIOM_TYPE: Eq.{1}
  (Decidable.decide
    (Eq.{1}
      (∑ x ∈ ShannonBounds.Subst.T.{0} ShannonBounds.C11R5Tables.S_e788020168e26abb ShannonBounds.Letter.B,
        HMul.hMul.{0, 0, 0} (ShannonBounds.C11R5D213.w_n21 (x 0)) (ShannonBounds.C11R5D213.w_v (x 1)))
      (ShannonBounds.C11R5D213.w_n22 ShannonBounds.Letter.B)))
  Bool.true
NATIVE_BOOL_AXIOM_CHECKED: ShannonBounds.C11R5D213.step_n22._native.native_decide.ax_1_2
NATIVE_BOOL_AXIOM_TYPE: Eq.{1}
  (Decidable.decide
    (Eq.{1}
      (∑ x ∈ ShannonBounds.Subst.T.{0} ShannonBounds.C11R5Tables.S_e788020168e26abb ShannonBounds.Letter.N,
        HMul.hMul.{0, 0, 0} (ShannonBounds.C11R5D213.w_n21 (x 0)) (ShannonBounds.C11R5D213.w_v (x 1)))
      (ShannonBounds.C11R5D213.w_n22 ShannonBounds.Letter.N)))
  Bool.true
NATIVE_BOOL_AXIOM_CHECKED: ShannonBounds.C11R5D213.step_n22._native.native_decide.ax_1_3
NATIVE_BOOL_AXIOM_TYPE: Eq.{1}
  (Decidable.decide
    (Eq.{1}
      (∑ x ∈ ShannonBounds.Subst.T.{0} ShannonBounds.C11R5Tables.S_e788020168e26abb ShannonBounds.Letter.A,
        HMul.hMul.{0, 0, 0} (ShannonBounds.C11R5D213.w_n21 (x 0)) (ShannonBounds.C11R5D213.w_v (x 1)))
      (ShannonBounds.C11R5D213.w_n22 ShannonBounds.Letter.A)))
  Bool.true
NATIVE_BOOL_AXIOM_CHECKED: ShannonBounds.C11R5D213.step_n22._native.native_decide.ax_1_4
NATIVE_BOOL_AXIOM_TYPE: Eq.{1}
  (Decidable.decide
    (Eq.{1}
      (∑ x ∈ ShannonBounds.Subst.T.{0} ShannonBounds.C11R5Tables.S_e788020168e26abb ShannonBounds.Letter.D,
        HMul.hMul.{0, 0, 0} (ShannonBounds.C11R5D213.w_n21 (x 0)) (ShannonBounds.C11R5D213.w_v (x 1)))
      (ShannonBounds.C11R5D213.w_n22 ShannonBounds.Letter.D)))
  Bool.true
NATIVE_BOOL_AXIOM_CHECKED: ShannonBounds.C11R5D213.step_n22._native.native_decide.ax_1_5
NATIVE_BOOL_AXIOM_TYPE: Eq.{1}
  (Decidable.decide
    (Eq.{1}
      (∑ x ∈ ShannonBounds.Subst.T.{0} ShannonBounds.C11R5Tables.S_e788020168e26abb ShannonBounds.Letter.O,
        HMul.hMul.{0, 0, 0} (ShannonBounds.C11R5D213.w_n21 (x 0)) (ShannonBounds.C11R5D213.w_v (x 1)))
      (ShannonBounds.C11R5D213.w_n22 ShannonBounds.Letter.O)))
  Bool.true
NATIVE_BOOL_AXIOM_CHECKED: ShannonBounds.C11R5D213.step_n22._native.native_decide.ax_1_6
NATIVE_BOOL_AXIOM_TYPE: Eq.{1}
  (Decidable.decide
    (Eq.{1}
      (∑ x ∈ ShannonBounds.Subst.T.{0} ShannonBounds.C11R5Tables.S_e788020168e26abb ShannonBounds.Letter.H,
        HMul.hMul.{0, 0, 0} (ShannonBounds.C11R5D213.w_n21 (x 0)) (ShannonBounds.C11R5D213.w_v (x 1)))
      (ShannonBounds.C11R5D213.w_n22 ShannonBounds.Letter.H)))
  Bool.true
NATIVE_BOOL_AXIOM_CHECKED: ShannonBounds.C11R5D213.step_n22._native.native_decide.ax_1_7
NATIVE_BOOL_AXIOM_TYPE: Eq.{1}
  (Decidable.decide
    (Eq.{1}
      (∑ x ∈ ShannonBounds.Subst.T.{0} ShannonBounds.C11R5Tables.S_e788020168e26abb ShannonBounds.Letter.V,
        HMul.hMul.{0, 0, 0} (ShannonBounds.C11R5D213.w_n21 (x 0)) (ShannonBounds.C11R5D213.w_v (x 1)))
      (ShannonBounds.C11R5D213.w_n22 ShannonBounds.Letter.V)))
  Bool.true
NATIVE_BOOL_AXIOM_CHECKED: ShannonBounds.C11R5D213.step_n23._native.native_decide.ax_1_1
NATIVE_BOOL_AXIOM_TYPE: Eq.{1}
  (Decidable.decide
    (Eq.{1}
      (∑ x ∈ ShannonBounds.Subst.T.{0} ShannonBounds.C11R5Tables.S_e788020168e26abb ShannonBounds.Letter.B,
        HMul.hMul.{0, 0, 0} (ShannonBounds.C11R5D213.w_n22 (x 0)) (ShannonBounds.C11R5D213.w_v (x 1)))
      (ShannonBounds.C11R5D213.w_n23 ShannonBounds.Letter.B)))
  Bool.true
NATIVE_BOOL_AXIOM_CHECKED: ShannonBounds.C11R5D213.step_n23._native.native_decide.ax_1_2
NATIVE_BOOL_AXIOM_TYPE: Eq.{1}
  (Decidable.decide
    (Eq.{1}
      (∑ x ∈ ShannonBounds.Subst.T.{0} ShannonBounds.C11R5Tables.S_e788020168e26abb ShannonBounds.Letter.N,
        HMul.hMul.{0, 0, 0} (ShannonBounds.C11R5D213.w_n22 (x 0)) (ShannonBounds.C11R5D213.w_v (x 1)))
      (ShannonBounds.C11R5D213.w_n23 ShannonBounds.Letter.N)))
  Bool.true
NATIVE_BOOL_AXIOM_CHECKED: ShannonBounds.C11R5D213.step_n23._native.native_decide.ax_1_3
NATIVE_BOOL_AXIOM_TYPE: Eq.{1}
  (Decidable.decide
    (Eq.{1}
      (∑ x ∈ ShannonBounds.Subst.T.{0} ShannonBounds.C11R5Tables.S_e788020168e26abb ShannonBounds.Letter.A,
        HMul.hMul.{0, 0, 0} (ShannonBounds.C11R5D213.w_n22 (x 0)) (ShannonBounds.C11R5D213.w_v (x 1)))
      (ShannonBounds.C11R5D213.w_n23 ShannonBounds.Letter.A)))
  Bool.true
NATIVE_BOOL_AXIOM_CHECKED: ShannonBounds.C11R5D213.step_n23._native.native_decide.ax_1_4
NATIVE_BOOL_AXIOM_TYPE: Eq.{1}
  (Decidable.decide
    (Eq.{1}
      (∑ x ∈ ShannonBounds.Subst.T.{0} ShannonBounds.C11R5Tables.S_e788020168e26abb ShannonBounds.Letter.D,
        HMul.hMul.{0, 0, 0} (ShannonBounds.C11R5D213.w_n22 (x 0)) (ShannonBounds.C11R5D213.w_v (x 1)))
      (ShannonBounds.C11R5D213.w_n23 ShannonBounds.Letter.D)))
  Bool.true
NATIVE_BOOL_AXIOM_CHECKED: ShannonBounds.C11R5D213.step_n23._native.native_decide.ax_1_5
NATIVE_BOOL_AXIOM_TYPE: Eq.{1}
  (Decidable.decide
    (Eq.{1}
      (∑ x ∈ ShannonBounds.Subst.T.{0} ShannonBounds.C11R5Tables.S_e788020168e26abb ShannonBounds.Letter.O,
        HMul.hMul.{0, 0, 0} (ShannonBounds.C11R5D213.w_n22 (x 0)) (ShannonBounds.C11R5D213.w_v (x 1)))
      (ShannonBounds.C11R5D213.w_n23 ShannonBounds.Letter.O)))
  Bool.true
NATIVE_BOOL_AXIOM_CHECKED: ShannonBounds.C11R5D213.step_n23._native.native_decide.ax_1_6
NATIVE_BOOL_AXIOM_TYPE: Eq.{1}
  (Decidable.decide
    (Eq.{1}
      (∑ x ∈ ShannonBounds.Subst.T.{0} ShannonBounds.C11R5Tables.S_e788020168e26abb ShannonBounds.Letter.H,
        HMul.hMul.{0, 0, 0} (ShannonBounds.C11R5D213.w_n22 (x 0)) (ShannonBounds.C11R5D213.w_v (x 1)))
      (ShannonBounds.C11R5D213.w_n23 ShannonBounds.Letter.H)))
  Bool.true
NATIVE_BOOL_AXIOM_CHECKED: ShannonBounds.C11R5D213.step_n23._native.native_decide.ax_1_7
NATIVE_BOOL_AXIOM_TYPE: Eq.{1}
  (Decidable.decide
    (Eq.{1}
      (∑ x ∈ ShannonBounds.Subst.T.{0} ShannonBounds.C11R5Tables.S_e788020168e26abb ShannonBounds.Letter.V,
        HMul.hMul.{0, 0, 0} (ShannonBounds.C11R5D213.w_n22 (x 0)) (ShannonBounds.C11R5D213.w_v (x 1)))
      (ShannonBounds.C11R5D213.w_n23 ShannonBounds.Letter.V)))
  Bool.true
NATIVE_BOOL_AXIOM_CHECKED: ShannonBounds.C11R5D213.step_n24._native.native_decide.ax_1_1
NATIVE_BOOL_AXIOM_TYPE: Eq.{1}
  (Decidable.decide
    (Eq.{1}
      (∑ x ∈ ShannonBounds.Subst.T.{0} ShannonBounds.C11R5Tables.S_e788020168e26abb ShannonBounds.Letter.B,
        HMul.hMul.{0, 0, 0} (ShannonBounds.C11R5D213.w_n23 (x 0)) (ShannonBounds.C11R5D213.w_v (x 1)))
      (ShannonBounds.C11R5D213.w_n24 ShannonBounds.Letter.B)))
  Bool.true
NATIVE_BOOL_AXIOM_CHECKED: ShannonBounds.C11R5D213.step_n24._native.native_decide.ax_1_2
NATIVE_BOOL_AXIOM_TYPE: Eq.{1}
  (Decidable.decide
    (Eq.{1}
      (∑ x ∈ ShannonBounds.Subst.T.{0} ShannonBounds.C11R5Tables.S_e788020168e26abb ShannonBounds.Letter.N,
        HMul.hMul.{0, 0, 0} (ShannonBounds.C11R5D213.w_n23 (x 0)) (ShannonBounds.C11R5D213.w_v (x 1)))
      (ShannonBounds.C11R5D213.w_n24 ShannonBounds.Letter.N)))
  Bool.true
NATIVE_BOOL_AXIOM_CHECKED: ShannonBounds.C11R5D213.step_n24._native.native_decide.ax_1_3
NATIVE_BOOL_AXIOM_TYPE: Eq.{1}
  (Decidable.decide
    (Eq.{1}
      (∑ x ∈ ShannonBounds.Subst.T.{0} ShannonBounds.C11R5Tables.S_e788020168e26abb ShannonBounds.Letter.A,
        HMul.hMul.{0, 0, 0} (ShannonBounds.C11R5D213.w_n23 (x 0)) (ShannonBounds.C11R5D213.w_v (x 1)))
      (ShannonBounds.C11R5D213.w_n24 ShannonBounds.Letter.A)))
  Bool.true
NATIVE_BOOL_AXIOM_CHECKED: ShannonBounds.C11R5D213.step_n24._native.native_decide.ax_1_4
NATIVE_BOOL_AXIOM_TYPE: Eq.{1}
  (Decidable.decide
    (Eq.{1}
      (∑ x ∈ ShannonBounds.Subst.T.{0} ShannonBounds.C11R5Tables.S_e788020168e26abb ShannonBounds.Letter.D,
        HMul.hMul.{0, 0, 0} (ShannonBounds.C11R5D213.w_n23 (x 0)) (ShannonBounds.C11R5D213.w_v (x 1)))
      (ShannonBounds.C11R5D213.w_n24 ShannonBounds.Letter.D)))
  Bool.true
NATIVE_BOOL_AXIOM_CHECKED: ShannonBounds.C11R5D213.step_n24._native.native_decide.ax_1_5
NATIVE_BOOL_AXIOM_TYPE: Eq.{1}
  (Decidable.decide
    (Eq.{1}
      (∑ x ∈ ShannonBounds.Subst.T.{0} ShannonBounds.C11R5Tables.S_e788020168e26abb ShannonBounds.Letter.O,
        HMul.hMul.{0, 0, 0} (ShannonBounds.C11R5D213.w_n23 (x 0)) (ShannonBounds.C11R5D213.w_v (x 1)))
      (ShannonBounds.C11R5D213.w_n24 ShannonBounds.Letter.O)))
  Bool.true
NATIVE_BOOL_AXIOM_CHECKED: ShannonBounds.C11R5D213.step_n24._native.native_decide.ax_1_6
NATIVE_BOOL_AXIOM_TYPE: Eq.{1}
  (Decidable.decide
    (Eq.{1}
      (∑ x ∈ ShannonBounds.Subst.T.{0} ShannonBounds.C11R5Tables.S_e788020168e26abb ShannonBounds.Letter.H,
        HMul.hMul.{0, 0, 0} (ShannonBounds.C11R5D213.w_n23 (x 0)) (ShannonBounds.C11R5D213.w_v (x 1)))
      (ShannonBounds.C11R5D213.w_n24 ShannonBounds.Letter.H)))
  Bool.true
NATIVE_BOOL_AXIOM_CHECKED: ShannonBounds.C11R5D213.step_n24._native.native_decide.ax_1_7
NATIVE_BOOL_AXIOM_TYPE: Eq.{1}
  (Decidable.decide
    (Eq.{1}
      (∑ x ∈ ShannonBounds.Subst.T.{0} ShannonBounds.C11R5Tables.S_e788020168e26abb ShannonBounds.Letter.V,
        HMul.hMul.{0, 0, 0} (ShannonBounds.C11R5D213.w_n23 (x 0)) (ShannonBounds.C11R5D213.w_v (x 1)))
      (ShannonBounds.C11R5D213.w_n24 ShannonBounds.Letter.V)))
  Bool.true
NATIVE_BOOL_AXIOM_CHECKED: ShannonBounds.C11R5D213.step_n25._native.native_decide.ax_1_1
NATIVE_BOOL_AXIOM_TYPE: Eq.{1}
  (Decidable.decide
    (Eq.{1}
      (∑ x ∈ ShannonBounds.Subst.T.{0} ShannonBounds.C11R5Tables.S_04339297651c9c49 ShannonBounds.Letter.B,
        HMul.hMul.{0, 0, 0}
          (HMul.hMul.{0, 0, 0} (ShannonBounds.C11R5D213.w_v (x 0)) (ShannonBounds.C11R5D213.w_v (x 1)))
          (ShannonBounds.C11R5D213.w_n1 (x 2)))
      (ShannonBounds.C11R5D213.w_n25 ShannonBounds.Letter.B)))
  Bool.true
NATIVE_BOOL_AXIOM_CHECKED: ShannonBounds.C11R5D213.step_n25._native.native_decide.ax_1_2
NATIVE_BOOL_AXIOM_TYPE: Eq.{1}
  (Decidable.decide
    (Eq.{1}
      (∑ x ∈ ShannonBounds.Subst.T.{0} ShannonBounds.C11R5Tables.S_04339297651c9c49 ShannonBounds.Letter.N,
        HMul.hMul.{0, 0, 0}
          (HMul.hMul.{0, 0, 0} (ShannonBounds.C11R5D213.w_v (x 0)) (ShannonBounds.C11R5D213.w_v (x 1)))
          (ShannonBounds.C11R5D213.w_n1 (x 2)))
      (ShannonBounds.C11R5D213.w_n25 ShannonBounds.Letter.N)))
  Bool.true
NATIVE_BOOL_AXIOM_CHECKED: ShannonBounds.C11R5D213.step_n25._native.native_decide.ax_1_3
NATIVE_BOOL_AXIOM_TYPE: Eq.{1}
  (Decidable.decide
    (Eq.{1}
      (∑ x ∈ ShannonBounds.Subst.T.{0} ShannonBounds.C11R5Tables.S_04339297651c9c49 ShannonBounds.Letter.A,
        HMul.hMul.{0, 0, 0}
          (HMul.hMul.{0, 0, 0} (ShannonBounds.C11R5D213.w_v (x 0)) (ShannonBounds.C11R5D213.w_v (x 1)))
          (ShannonBounds.C11R5D213.w_n1 (x 2)))
      (ShannonBounds.C11R5D213.w_n25 ShannonBounds.Letter.A)))
  Bool.true
NATIVE_BOOL_AXIOM_CHECKED: ShannonBounds.C11R5D213.step_n25._native.native_decide.ax_1_4
NATIVE_BOOL_AXIOM_TYPE: Eq.{1}
  (Decidable.decide
    (Eq.{1}
      (∑ x ∈ ShannonBounds.Subst.T.{0} ShannonBounds.C11R5Tables.S_04339297651c9c49 ShannonBounds.Letter.D,
        HMul.hMul.{0, 0, 0}
          (HMul.hMul.{0, 0, 0} (ShannonBounds.C11R5D213.w_v (x 0)) (ShannonBounds.C11R5D213.w_v (x 1)))
          (ShannonBounds.C11R5D213.w_n1 (x 2)))
      (ShannonBounds.C11R5D213.w_n25 ShannonBounds.Letter.D)))
  Bool.true
NATIVE_BOOL_AXIOM_CHECKED: ShannonBounds.C11R5D213.step_n25._native.native_decide.ax_1_5
NATIVE_BOOL_AXIOM_TYPE: Eq.{1}
  (Decidable.decide
    (Eq.{1}
      (∑ x ∈ ShannonBounds.Subst.T.{0} ShannonBounds.C11R5Tables.S_04339297651c9c49 ShannonBounds.Letter.O,
        HMul.hMul.{0, 0, 0}
          (HMul.hMul.{0, 0, 0} (ShannonBounds.C11R5D213.w_v (x 0)) (ShannonBounds.C11R5D213.w_v (x 1)))
          (ShannonBounds.C11R5D213.w_n1 (x 2)))
      (ShannonBounds.C11R5D213.w_n25 ShannonBounds.Letter.O)))
  Bool.true
NATIVE_BOOL_AXIOM_CHECKED: ShannonBounds.C11R5D213.step_n25._native.native_decide.ax_1_6
NATIVE_BOOL_AXIOM_TYPE: Eq.{1}
  (Decidable.decide
    (Eq.{1}
      (∑ x ∈ ShannonBounds.Subst.T.{0} ShannonBounds.C11R5Tables.S_04339297651c9c49 ShannonBounds.Letter.H,
        HMul.hMul.{0, 0, 0}
          (HMul.hMul.{0, 0, 0} (ShannonBounds.C11R5D213.w_v (x 0)) (ShannonBounds.C11R5D213.w_v (x 1)))
          (ShannonBounds.C11R5D213.w_n1 (x 2)))
      (ShannonBounds.C11R5D213.w_n25 ShannonBounds.Letter.H)))
  Bool.true
NATIVE_BOOL_AXIOM_CHECKED: ShannonBounds.C11R5D213.step_n25._native.native_decide.ax_1_7
NATIVE_BOOL_AXIOM_TYPE: Eq.{1}
  (Decidable.decide
    (Eq.{1}
      (∑ x ∈ ShannonBounds.Subst.T.{0} ShannonBounds.C11R5Tables.S_04339297651c9c49 ShannonBounds.Letter.V,
        HMul.hMul.{0, 0, 0}
          (HMul.hMul.{0, 0, 0} (ShannonBounds.C11R5D213.w_v (x 0)) (ShannonBounds.C11R5D213.w_v (x 1)))
          (ShannonBounds.C11R5D213.w_n1 (x 2)))
      (ShannonBounds.C11R5D213.w_n25 ShannonBounds.Letter.V)))
  Bool.true
NATIVE_BOOL_AXIOM_CHECKED: ShannonBounds.C11R5D213.step_n26._native.native_decide.ax_1_1
NATIVE_BOOL_AXIOM_TYPE: Eq.{1}
  (Decidable.decide
    (Eq.{1}
      (∑ x ∈ ShannonBounds.Subst.T.{0} ShannonBounds.C11R5Tables.S_7b6c163f0dc4b608 ShannonBounds.Letter.B,
        HMul.hMul.{0, 0, 0}
          (HMul.hMul.{0, 0, 0} (ShannonBounds.C11R5D213.w_n25 (x 0)) (ShannonBounds.C11R5D213.w_n11 (x 1)))
          (ShannonBounds.C11R5D213.w_n4 (x 2)))
      (ShannonBounds.C11R5D213.w_n26 ShannonBounds.Letter.B)))
  Bool.true
NATIVE_BOOL_AXIOM_CHECKED: ShannonBounds.C11R5D213.step_n26._native.native_decide.ax_1_2
NATIVE_BOOL_AXIOM_TYPE: Eq.{1}
  (Decidable.decide
    (Eq.{1}
      (∑ x ∈ ShannonBounds.Subst.T.{0} ShannonBounds.C11R5Tables.S_7b6c163f0dc4b608 ShannonBounds.Letter.N,
        HMul.hMul.{0, 0, 0}
          (HMul.hMul.{0, 0, 0} (ShannonBounds.C11R5D213.w_n25 (x 0)) (ShannonBounds.C11R5D213.w_n11 (x 1)))
          (ShannonBounds.C11R5D213.w_n4 (x 2)))
      (ShannonBounds.C11R5D213.w_n26 ShannonBounds.Letter.N)))
  Bool.true
NATIVE_BOOL_AXIOM_CHECKED: ShannonBounds.C11R5D213.step_n26._native.native_decide.ax_1_3
NATIVE_BOOL_AXIOM_TYPE: Eq.{1}
  (Decidable.decide
    (Eq.{1}
      (∑ x ∈ ShannonBounds.Subst.T.{0} ShannonBounds.C11R5Tables.S_7b6c163f0dc4b608 ShannonBounds.Letter.A,
        HMul.hMul.{0, 0, 0}
          (HMul.hMul.{0, 0, 0} (ShannonBounds.C11R5D213.w_n25 (x 0)) (ShannonBounds.C11R5D213.w_n11 (x 1)))
          (ShannonBounds.C11R5D213.w_n4 (x 2)))
      (ShannonBounds.C11R5D213.w_n26 ShannonBounds.Letter.A)))
  Bool.true
NATIVE_BOOL_AXIOM_CHECKED: ShannonBounds.C11R5D213.step_n26._native.native_decide.ax_1_4
NATIVE_BOOL_AXIOM_TYPE: Eq.{1}
  (Decidable.decide
    (Eq.{1}
      (∑ x ∈ ShannonBounds.Subst.T.{0} ShannonBounds.C11R5Tables.S_7b6c163f0dc4b608 ShannonBounds.Letter.D,
        HMul.hMul.{0, 0, 0}
          (HMul.hMul.{0, 0, 0} (ShannonBounds.C11R5D213.w_n25 (x 0)) (ShannonBounds.C11R5D213.w_n11 (x 1)))
          (ShannonBounds.C11R5D213.w_n4 (x 2)))
      (ShannonBounds.C11R5D213.w_n26 ShannonBounds.Letter.D)))
  Bool.true
NATIVE_BOOL_AXIOM_CHECKED: ShannonBounds.C11R5D213.step_n26._native.native_decide.ax_1_5
NATIVE_BOOL_AXIOM_TYPE: Eq.{1}
  (Decidable.decide
    (Eq.{1}
      (∑ x ∈ ShannonBounds.Subst.T.{0} ShannonBounds.C11R5Tables.S_7b6c163f0dc4b608 ShannonBounds.Letter.O,
        HMul.hMul.{0, 0, 0}
          (HMul.hMul.{0, 0, 0} (ShannonBounds.C11R5D213.w_n25 (x 0)) (ShannonBounds.C11R5D213.w_n11 (x 1)))
          (ShannonBounds.C11R5D213.w_n4 (x 2)))
      (ShannonBounds.C11R5D213.w_n26 ShannonBounds.Letter.O)))
  Bool.true
NATIVE_BOOL_AXIOM_CHECKED: ShannonBounds.C11R5D213.step_n26._native.native_decide.ax_1_6
NATIVE_BOOL_AXIOM_TYPE: Eq.{1}
  (Decidable.decide
    (Eq.{1}
      (∑ x ∈ ShannonBounds.Subst.T.{0} ShannonBounds.C11R5Tables.S_7b6c163f0dc4b608 ShannonBounds.Letter.H,
        HMul.hMul.{0, 0, 0}
          (HMul.hMul.{0, 0, 0} (ShannonBounds.C11R5D213.w_n25 (x 0)) (ShannonBounds.C11R5D213.w_n11 (x 1)))
          (ShannonBounds.C11R5D213.w_n4 (x 2)))
      (ShannonBounds.C11R5D213.w_n26 ShannonBounds.Letter.H)))
  Bool.true
NATIVE_BOOL_AXIOM_CHECKED: ShannonBounds.C11R5D213.step_n26._native.native_decide.ax_1_7
NATIVE_BOOL_AXIOM_TYPE: Eq.{1}
  (Decidable.decide
    (Eq.{1}
      (∑ x ∈ ShannonBounds.Subst.T.{0} ShannonBounds.C11R5Tables.S_7b6c163f0dc4b608 ShannonBounds.Letter.V,
        HMul.hMul.{0, 0, 0}
          (HMul.hMul.{0, 0, 0} (ShannonBounds.C11R5D213.w_n25 (x 0)) (ShannonBounds.C11R5D213.w_n11 (x 1)))
          (ShannonBounds.C11R5D213.w_n4 (x 2)))
      (ShannonBounds.C11R5D213.w_n26 ShannonBounds.Letter.V)))
  Bool.true
NATIVE_BOOL_AXIOM_CHECKED: ShannonBounds.C11R5D213.step_n27._native.native_decide.ax_1_1
NATIVE_BOOL_AXIOM_TYPE: Eq.{1}
  (Decidable.decide
    (Eq.{1}
      (∑ x ∈ ShannonBounds.Subst.T.{0} ShannonBounds.C11R5Tables.S_cd41b86686c50a10 ShannonBounds.Letter.B,
        HMul.hMul.{0, 0, 0} (ShannonBounds.C11R5D213.w_v (x 0)) (ShannonBounds.C11R5D213.w_v (x 1)))
      (ShannonBounds.C11R5D213.w_n27 ShannonBounds.Letter.B)))
  Bool.true
NATIVE_BOOL_AXIOM_CHECKED: ShannonBounds.C11R5D213.step_n27._native.native_decide.ax_1_2
NATIVE_BOOL_AXIOM_TYPE: Eq.{1}
  (Decidable.decide
    (Eq.{1}
      (∑ x ∈ ShannonBounds.Subst.T.{0} ShannonBounds.C11R5Tables.S_cd41b86686c50a10 ShannonBounds.Letter.N,
        HMul.hMul.{0, 0, 0} (ShannonBounds.C11R5D213.w_v (x 0)) (ShannonBounds.C11R5D213.w_v (x 1)))
      (ShannonBounds.C11R5D213.w_n27 ShannonBounds.Letter.N)))
  Bool.true
NATIVE_BOOL_AXIOM_CHECKED: ShannonBounds.C11R5D213.step_n27._native.native_decide.ax_1_3
NATIVE_BOOL_AXIOM_TYPE: Eq.{1}
  (Decidable.decide
    (Eq.{1}
      (∑ x ∈ ShannonBounds.Subst.T.{0} ShannonBounds.C11R5Tables.S_cd41b86686c50a10 ShannonBounds.Letter.A,
        HMul.hMul.{0, 0, 0} (ShannonBounds.C11R5D213.w_v (x 0)) (ShannonBounds.C11R5D213.w_v (x 1)))
      (ShannonBounds.C11R5D213.w_n27 ShannonBounds.Letter.A)))
  Bool.true
NATIVE_BOOL_AXIOM_CHECKED: ShannonBounds.C11R5D213.step_n27._native.native_decide.ax_1_4
NATIVE_BOOL_AXIOM_TYPE: Eq.{1}
  (Decidable.decide
    (Eq.{1}
      (∑ x ∈ ShannonBounds.Subst.T.{0} ShannonBounds.C11R5Tables.S_cd41b86686c50a10 ShannonBounds.Letter.D,
        HMul.hMul.{0, 0, 0} (ShannonBounds.C11R5D213.w_v (x 0)) (ShannonBounds.C11R5D213.w_v (x 1)))
      (ShannonBounds.C11R5D213.w_n27 ShannonBounds.Letter.D)))
  Bool.true
NATIVE_BOOL_AXIOM_CHECKED: ShannonBounds.C11R5D213.step_n27._native.native_decide.ax_1_5
NATIVE_BOOL_AXIOM_TYPE: Eq.{1}
  (Decidable.decide
    (Eq.{1}
      (∑ x ∈ ShannonBounds.Subst.T.{0} ShannonBounds.C11R5Tables.S_cd41b86686c50a10 ShannonBounds.Letter.O,
        HMul.hMul.{0, 0, 0} (ShannonBounds.C11R5D213.w_v (x 0)) (ShannonBounds.C11R5D213.w_v (x 1)))
      (ShannonBounds.C11R5D213.w_n27 ShannonBounds.Letter.O)))
  Bool.true
NATIVE_BOOL_AXIOM_CHECKED: ShannonBounds.C11R5D213.step_n27._native.native_decide.ax_1_6
NATIVE_BOOL_AXIOM_TYPE: Eq.{1}
  (Decidable.decide
    (Eq.{1}
      (∑ x ∈ ShannonBounds.Subst.T.{0} ShannonBounds.C11R5Tables.S_cd41b86686c50a10 ShannonBounds.Letter.H,
        HMul.hMul.{0, 0, 0} (ShannonBounds.C11R5D213.w_v (x 0)) (ShannonBounds.C11R5D213.w_v (x 1)))
      (ShannonBounds.C11R5D213.w_n27 ShannonBounds.Letter.H)))
  Bool.true
NATIVE_BOOL_AXIOM_CHECKED: ShannonBounds.C11R5D213.step_n27._native.native_decide.ax_1_7
NATIVE_BOOL_AXIOM_TYPE: Eq.{1}
  (Decidable.decide
    (Eq.{1}
      (∑ x ∈ ShannonBounds.Subst.T.{0} ShannonBounds.C11R5Tables.S_cd41b86686c50a10 ShannonBounds.Letter.V,
        HMul.hMul.{0, 0, 0} (ShannonBounds.C11R5D213.w_v (x 0)) (ShannonBounds.C11R5D213.w_v (x 1)))
      (ShannonBounds.C11R5D213.w_n27 ShannonBounds.Letter.V)))
  Bool.true
NATIVE_BOOL_AXIOM_CHECKED: ShannonBounds.C11R5D213.step_n28._native.native_decide.ax_1_1
NATIVE_BOOL_AXIOM_TYPE: Eq.{1}
  (Decidable.decide
    (Eq.{1}
      (∑ x ∈ ShannonBounds.Subst.T.{0} ShannonBounds.C11R5Tables.S_e620baced0654ce9 ShannonBounds.Letter.B,
        HMul.hMul.{0, 0, 0}
          (HMul.hMul.{0, 0, 0} (ShannonBounds.C11R5D213.w_v (x 0)) (ShannonBounds.C11R5D213.w_v (x 1)))
          (ShannonBounds.C11R5D213.w_n27 (x 2)))
      (ShannonBounds.C11R5D213.w_n28 ShannonBounds.Letter.B)))
  Bool.true
NATIVE_BOOL_AXIOM_CHECKED: ShannonBounds.C11R5D213.step_n28._native.native_decide.ax_1_2
NATIVE_BOOL_AXIOM_TYPE: Eq.{1}
  (Decidable.decide
    (Eq.{1}
      (∑ x ∈ ShannonBounds.Subst.T.{0} ShannonBounds.C11R5Tables.S_e620baced0654ce9 ShannonBounds.Letter.N,
        HMul.hMul.{0, 0, 0}
          (HMul.hMul.{0, 0, 0} (ShannonBounds.C11R5D213.w_v (x 0)) (ShannonBounds.C11R5D213.w_v (x 1)))
          (ShannonBounds.C11R5D213.w_n27 (x 2)))
      (ShannonBounds.C11R5D213.w_n28 ShannonBounds.Letter.N)))
  Bool.true
NATIVE_BOOL_AXIOM_CHECKED: ShannonBounds.C11R5D213.step_n28._native.native_decide.ax_1_3
NATIVE_BOOL_AXIOM_TYPE: Eq.{1}
  (Decidable.decide
    (Eq.{1}
      (∑ x ∈ ShannonBounds.Subst.T.{0} ShannonBounds.C11R5Tables.S_e620baced0654ce9 ShannonBounds.Letter.A,
        HMul.hMul.{0, 0, 0}
          (HMul.hMul.{0, 0, 0} (ShannonBounds.C11R5D213.w_v (x 0)) (ShannonBounds.C11R5D213.w_v (x 1)))
          (ShannonBounds.C11R5D213.w_n27 (x 2)))
      (ShannonBounds.C11R5D213.w_n28 ShannonBounds.Letter.A)))
  Bool.true
NATIVE_BOOL_AXIOM_CHECKED: ShannonBounds.C11R5D213.step_n28._native.native_decide.ax_1_4
NATIVE_BOOL_AXIOM_TYPE: Eq.{1}
  (Decidable.decide
    (Eq.{1}
      (∑ x ∈ ShannonBounds.Subst.T.{0} ShannonBounds.C11R5Tables.S_e620baced0654ce9 ShannonBounds.Letter.D,
        HMul.hMul.{0, 0, 0}
          (HMul.hMul.{0, 0, 0} (ShannonBounds.C11R5D213.w_v (x 0)) (ShannonBounds.C11R5D213.w_v (x 1)))
          (ShannonBounds.C11R5D213.w_n27 (x 2)))
      (ShannonBounds.C11R5D213.w_n28 ShannonBounds.Letter.D)))
  Bool.true
NATIVE_BOOL_AXIOM_CHECKED: ShannonBounds.C11R5D213.step_n28._native.native_decide.ax_1_5
NATIVE_BOOL_AXIOM_TYPE: Eq.{1}
  (Decidable.decide
    (Eq.{1}
      (∑ x ∈ ShannonBounds.Subst.T.{0} ShannonBounds.C11R5Tables.S_e620baced0654ce9 ShannonBounds.Letter.O,
        HMul.hMul.{0, 0, 0}
          (HMul.hMul.{0, 0, 0} (ShannonBounds.C11R5D213.w_v (x 0)) (ShannonBounds.C11R5D213.w_v (x 1)))
          (ShannonBounds.C11R5D213.w_n27 (x 2)))
      (ShannonBounds.C11R5D213.w_n28 ShannonBounds.Letter.O)))
  Bool.true
NATIVE_BOOL_AXIOM_CHECKED: ShannonBounds.C11R5D213.step_n28._native.native_decide.ax_1_6
NATIVE_BOOL_AXIOM_TYPE: Eq.{1}
  (Decidable.decide
    (Eq.{1}
      (∑ x ∈ ShannonBounds.Subst.T.{0} ShannonBounds.C11R5Tables.S_e620baced0654ce9 ShannonBounds.Letter.H,
        HMul.hMul.{0, 0, 0}
          (HMul.hMul.{0, 0, 0} (ShannonBounds.C11R5D213.w_v (x 0)) (ShannonBounds.C11R5D213.w_v (x 1)))
          (ShannonBounds.C11R5D213.w_n27 (x 2)))
      (ShannonBounds.C11R5D213.w_n28 ShannonBounds.Letter.H)))
  Bool.true
NATIVE_BOOL_AXIOM_CHECKED: ShannonBounds.C11R5D213.step_n28._native.native_decide.ax_1_7
NATIVE_BOOL_AXIOM_TYPE: Eq.{1}
  (Decidable.decide
    (Eq.{1}
      (∑ x ∈ ShannonBounds.Subst.T.{0} ShannonBounds.C11R5Tables.S_e620baced0654ce9 ShannonBounds.Letter.V,
        HMul.hMul.{0, 0, 0}
          (HMul.hMul.{0, 0, 0} (ShannonBounds.C11R5D213.w_v (x 0)) (ShannonBounds.C11R5D213.w_v (x 1)))
          (ShannonBounds.C11R5D213.w_n27 (x 2)))
      (ShannonBounds.C11R5D213.w_n28 ShannonBounds.Letter.V)))
  Bool.true
NATIVE_BOOL_AXIOM_CHECKED: ShannonBounds.C11R5D213.step_n29._native.native_decide.ax_1_1
NATIVE_BOOL_AXIOM_TYPE: Eq.{1}
  (Decidable.decide
    (Eq.{1}
      (∑ x ∈ ShannonBounds.Subst.T.{0} ShannonBounds.C11R5Tables.S_31d500a381a04d9a ShannonBounds.Letter.B,
        HMul.hMul.{0, 0, 0}
          (HMul.hMul.{0, 0, 0} (ShannonBounds.C11R5D213.w_v (x 0)) (ShannonBounds.C11R5D213.w_n28 (x 1)))
          (ShannonBounds.C11R5D213.w_v (x 2)))
      (ShannonBounds.C11R5D213.w_n29 ShannonBounds.Letter.B)))
  Bool.true
NATIVE_BOOL_AXIOM_CHECKED: ShannonBounds.C11R5D213.step_n29._native.native_decide.ax_1_2
NATIVE_BOOL_AXIOM_TYPE: Eq.{1}
  (Decidable.decide
    (Eq.{1}
      (∑ x ∈ ShannonBounds.Subst.T.{0} ShannonBounds.C11R5Tables.S_31d500a381a04d9a ShannonBounds.Letter.N,
        HMul.hMul.{0, 0, 0}
          (HMul.hMul.{0, 0, 0} (ShannonBounds.C11R5D213.w_v (x 0)) (ShannonBounds.C11R5D213.w_n28 (x 1)))
          (ShannonBounds.C11R5D213.w_v (x 2)))
      (ShannonBounds.C11R5D213.w_n29 ShannonBounds.Letter.N)))
  Bool.true
NATIVE_BOOL_AXIOM_CHECKED: ShannonBounds.C11R5D213.step_n29._native.native_decide.ax_1_3
NATIVE_BOOL_AXIOM_TYPE: Eq.{1}
  (Decidable.decide
    (Eq.{1}
      (∑ x ∈ ShannonBounds.Subst.T.{0} ShannonBounds.C11R5Tables.S_31d500a381a04d9a ShannonBounds.Letter.A,
        HMul.hMul.{0, 0, 0}
          (HMul.hMul.{0, 0, 0} (ShannonBounds.C11R5D213.w_v (x 0)) (ShannonBounds.C11R5D213.w_n28 (x 1)))
          (ShannonBounds.C11R5D213.w_v (x 2)))
      (ShannonBounds.C11R5D213.w_n29 ShannonBounds.Letter.A)))
  Bool.true
NATIVE_BOOL_AXIOM_CHECKED: ShannonBounds.C11R5D213.step_n29._native.native_decide.ax_1_4
NATIVE_BOOL_AXIOM_TYPE: Eq.{1}
  (Decidable.decide
    (Eq.{1}
      (∑ x ∈ ShannonBounds.Subst.T.{0} ShannonBounds.C11R5Tables.S_31d500a381a04d9a ShannonBounds.Letter.D,
        HMul.hMul.{0, 0, 0}
          (HMul.hMul.{0, 0, 0} (ShannonBounds.C11R5D213.w_v (x 0)) (ShannonBounds.C11R5D213.w_n28 (x 1)))
          (ShannonBounds.C11R5D213.w_v (x 2)))
      (ShannonBounds.C11R5D213.w_n29 ShannonBounds.Letter.D)))
  Bool.true
NATIVE_BOOL_AXIOM_CHECKED: ShannonBounds.C11R5D213.step_n29._native.native_decide.ax_1_5
NATIVE_BOOL_AXIOM_TYPE: Eq.{1}
  (Decidable.decide
    (Eq.{1}
      (∑ x ∈ ShannonBounds.Subst.T.{0} ShannonBounds.C11R5Tables.S_31d500a381a04d9a ShannonBounds.Letter.O,
        HMul.hMul.{0, 0, 0}
          (HMul.hMul.{0, 0, 0} (ShannonBounds.C11R5D213.w_v (x 0)) (ShannonBounds.C11R5D213.w_n28 (x 1)))
          (ShannonBounds.C11R5D213.w_v (x 2)))
      (ShannonBounds.C11R5D213.w_n29 ShannonBounds.Letter.O)))
  Bool.true
NATIVE_BOOL_AXIOM_CHECKED: ShannonBounds.C11R5D213.step_n29._native.native_decide.ax_1_6
NATIVE_BOOL_AXIOM_TYPE: Eq.{1}
  (Decidable.decide
    (Eq.{1}
      (∑ x ∈ ShannonBounds.Subst.T.{0} ShannonBounds.C11R5Tables.S_31d500a381a04d9a ShannonBounds.Letter.H,
        HMul.hMul.{0, 0, 0}
          (HMul.hMul.{0, 0, 0} (ShannonBounds.C11R5D213.w_v (x 0)) (ShannonBounds.C11R5D213.w_n28 (x 1)))
          (ShannonBounds.C11R5D213.w_v (x 2)))
      (ShannonBounds.C11R5D213.w_n29 ShannonBounds.Letter.H)))
  Bool.true
NATIVE_BOOL_AXIOM_CHECKED: ShannonBounds.C11R5D213.step_n29._native.native_decide.ax_1_7
NATIVE_BOOL_AXIOM_TYPE: Eq.{1}
  (Decidable.decide
    (Eq.{1}
      (∑ x ∈ ShannonBounds.Subst.T.{0} ShannonBounds.C11R5Tables.S_31d500a381a04d9a ShannonBounds.Letter.V,
        HMul.hMul.{0, 0, 0}
          (HMul.hMul.{0, 0, 0} (ShannonBounds.C11R5D213.w_v (x 0)) (ShannonBounds.C11R5D213.w_n28 (x 1)))
          (ShannonBounds.C11R5D213.w_v (x 2)))
      (ShannonBounds.C11R5D213.w_n29 ShannonBounds.Letter.V)))
  Bool.true
NATIVE_BOOL_AXIOM_CHECKED: ShannonBounds.C11R5D213.step_n3._native.native_decide.ax_1_1
NATIVE_BOOL_AXIOM_TYPE: Eq.{1}
  (Decidable.decide
    (Eq.{1}
      (∑ x ∈ ShannonBounds.Subst.T.{0} ShannonBounds.C11R5Tables.S_6859b0ec25991d42 ShannonBounds.Letter.B,
        HMul.hMul.{0, 0, 0}
          (HMul.hMul.{0, 0, 0} (ShannonBounds.C11R5D213.w_n1 (x 0)) (ShannonBounds.C11R5D213.w_n2 (x 1)))
          (ShannonBounds.C11R5D213.w_n1 (x 2)))
      (ShannonBounds.C11R5D213.w_n3 ShannonBounds.Letter.B)))
  Bool.true
NATIVE_BOOL_AXIOM_CHECKED: ShannonBounds.C11R5D213.step_n3._native.native_decide.ax_1_2
NATIVE_BOOL_AXIOM_TYPE: Eq.{1}
  (Decidable.decide
    (Eq.{1}
      (∑ x ∈ ShannonBounds.Subst.T.{0} ShannonBounds.C11R5Tables.S_6859b0ec25991d42 ShannonBounds.Letter.N,
        HMul.hMul.{0, 0, 0}
          (HMul.hMul.{0, 0, 0} (ShannonBounds.C11R5D213.w_n1 (x 0)) (ShannonBounds.C11R5D213.w_n2 (x 1)))
          (ShannonBounds.C11R5D213.w_n1 (x 2)))
      (ShannonBounds.C11R5D213.w_n3 ShannonBounds.Letter.N)))
  Bool.true
NATIVE_BOOL_AXIOM_CHECKED: ShannonBounds.C11R5D213.step_n3._native.native_decide.ax_1_3
NATIVE_BOOL_AXIOM_TYPE: Eq.{1}
  (Decidable.decide
    (Eq.{1}
      (∑ x ∈ ShannonBounds.Subst.T.{0} ShannonBounds.C11R5Tables.S_6859b0ec25991d42 ShannonBounds.Letter.A,
        HMul.hMul.{0, 0, 0}
          (HMul.hMul.{0, 0, 0} (ShannonBounds.C11R5D213.w_n1 (x 0)) (ShannonBounds.C11R5D213.w_n2 (x 1)))
          (ShannonBounds.C11R5D213.w_n1 (x 2)))
      (ShannonBounds.C11R5D213.w_n3 ShannonBounds.Letter.A)))
  Bool.true
NATIVE_BOOL_AXIOM_CHECKED: ShannonBounds.C11R5D213.step_n3._native.native_decide.ax_1_4
NATIVE_BOOL_AXIOM_TYPE: Eq.{1}
  (Decidable.decide
    (Eq.{1}
      (∑ x ∈ ShannonBounds.Subst.T.{0} ShannonBounds.C11R5Tables.S_6859b0ec25991d42 ShannonBounds.Letter.D,
        HMul.hMul.{0, 0, 0}
          (HMul.hMul.{0, 0, 0} (ShannonBounds.C11R5D213.w_n1 (x 0)) (ShannonBounds.C11R5D213.w_n2 (x 1)))
          (ShannonBounds.C11R5D213.w_n1 (x 2)))
      (ShannonBounds.C11R5D213.w_n3 ShannonBounds.Letter.D)))
  Bool.true
NATIVE_BOOL_AXIOM_CHECKED: ShannonBounds.C11R5D213.step_n3._native.native_decide.ax_1_5
NATIVE_BOOL_AXIOM_TYPE: Eq.{1}
  (Decidable.decide
    (Eq.{1}
      (∑ x ∈ ShannonBounds.Subst.T.{0} ShannonBounds.C11R5Tables.S_6859b0ec25991d42 ShannonBounds.Letter.O,
        HMul.hMul.{0, 0, 0}
          (HMul.hMul.{0, 0, 0} (ShannonBounds.C11R5D213.w_n1 (x 0)) (ShannonBounds.C11R5D213.w_n2 (x 1)))
          (ShannonBounds.C11R5D213.w_n1 (x 2)))
      (ShannonBounds.C11R5D213.w_n3 ShannonBounds.Letter.O)))
  Bool.true
NATIVE_BOOL_AXIOM_CHECKED: ShannonBounds.C11R5D213.step_n3._native.native_decide.ax_1_6
NATIVE_BOOL_AXIOM_TYPE: Eq.{1}
  (Decidable.decide
    (Eq.{1}
      (∑ x ∈ ShannonBounds.Subst.T.{0} ShannonBounds.C11R5Tables.S_6859b0ec25991d42 ShannonBounds.Letter.H,
        HMul.hMul.{0, 0, 0}
          (HMul.hMul.{0, 0, 0} (ShannonBounds.C11R5D213.w_n1 (x 0)) (ShannonBounds.C11R5D213.w_n2 (x 1)))
          (ShannonBounds.C11R5D213.w_n1 (x 2)))
      (ShannonBounds.C11R5D213.w_n3 ShannonBounds.Letter.H)))
  Bool.true
NATIVE_BOOL_AXIOM_CHECKED: ShannonBounds.C11R5D213.step_n3._native.native_decide.ax_1_7
NATIVE_BOOL_AXIOM_TYPE: Eq.{1}
  (Decidable.decide
    (Eq.{1}
      (∑ x ∈ ShannonBounds.Subst.T.{0} ShannonBounds.C11R5Tables.S_6859b0ec25991d42 ShannonBounds.Letter.V,
        HMul.hMul.{0, 0, 0}
          (HMul.hMul.{0, 0, 0} (ShannonBounds.C11R5D213.w_n1 (x 0)) (ShannonBounds.C11R5D213.w_n2 (x 1)))
          (ShannonBounds.C11R5D213.w_n1 (x 2)))
      (ShannonBounds.C11R5D213.w_n3 ShannonBounds.Letter.V)))
  Bool.true
NATIVE_BOOL_AXIOM_CHECKED: ShannonBounds.C11R5D213.step_n30._native.native_decide.ax_1_1
NATIVE_BOOL_AXIOM_TYPE: Eq.{1}
  (Decidable.decide
    (Eq.{1}
      (∑ x ∈ ShannonBounds.Subst.T.{0} ShannonBounds.C11R5Tables.S_660b0244997e1b9c ShannonBounds.Letter.B,
        HMul.hMul.{0, 0, 0}
          (HMul.hMul.{0, 0, 0} (ShannonBounds.C11R5D213.w_n24 (x 0)) (ShannonBounds.C11R5D213.w_n26 (x 1)))
          (ShannonBounds.C11R5D213.w_n29 (x 2)))
      (ShannonBounds.C11R5D213.w_n30 ShannonBounds.Letter.B)))
  Bool.true
NATIVE_BOOL_AXIOM_CHECKED: ShannonBounds.C11R5D213.step_n30._native.native_decide.ax_1_2
NATIVE_BOOL_AXIOM_TYPE: Eq.{1}
  (Decidable.decide
    (Eq.{1}
      (∑ x ∈ ShannonBounds.Subst.T.{0} ShannonBounds.C11R5Tables.S_660b0244997e1b9c ShannonBounds.Letter.N,
        HMul.hMul.{0, 0, 0}
          (HMul.hMul.{0, 0, 0} (ShannonBounds.C11R5D213.w_n24 (x 0)) (ShannonBounds.C11R5D213.w_n26 (x 1)))
          (ShannonBounds.C11R5D213.w_n29 (x 2)))
      (ShannonBounds.C11R5D213.w_n30 ShannonBounds.Letter.N)))
  Bool.true
NATIVE_BOOL_AXIOM_CHECKED: ShannonBounds.C11R5D213.step_n30._native.native_decide.ax_1_3
NATIVE_BOOL_AXIOM_TYPE: Eq.{1}
  (Decidable.decide
    (Eq.{1}
      (∑ x ∈ ShannonBounds.Subst.T.{0} ShannonBounds.C11R5Tables.S_660b0244997e1b9c ShannonBounds.Letter.A,
        HMul.hMul.{0, 0, 0}
          (HMul.hMul.{0, 0, 0} (ShannonBounds.C11R5D213.w_n24 (x 0)) (ShannonBounds.C11R5D213.w_n26 (x 1)))
          (ShannonBounds.C11R5D213.w_n29 (x 2)))
      (ShannonBounds.C11R5D213.w_n30 ShannonBounds.Letter.A)))
  Bool.true
NATIVE_BOOL_AXIOM_CHECKED: ShannonBounds.C11R5D213.step_n30._native.native_decide.ax_1_4
NATIVE_BOOL_AXIOM_TYPE: Eq.{1}
  (Decidable.decide
    (Eq.{1}
      (∑ x ∈ ShannonBounds.Subst.T.{0} ShannonBounds.C11R5Tables.S_660b0244997e1b9c ShannonBounds.Letter.D,
        HMul.hMul.{0, 0, 0}
          (HMul.hMul.{0, 0, 0} (ShannonBounds.C11R5D213.w_n24 (x 0)) (ShannonBounds.C11R5D213.w_n26 (x 1)))
          (ShannonBounds.C11R5D213.w_n29 (x 2)))
      (ShannonBounds.C11R5D213.w_n30 ShannonBounds.Letter.D)))
  Bool.true
NATIVE_BOOL_AXIOM_CHECKED: ShannonBounds.C11R5D213.step_n30._native.native_decide.ax_1_5
NATIVE_BOOL_AXIOM_TYPE: Eq.{1}
  (Decidable.decide
    (Eq.{1}
      (∑ x ∈ ShannonBounds.Subst.T.{0} ShannonBounds.C11R5Tables.S_660b0244997e1b9c ShannonBounds.Letter.O,
        HMul.hMul.{0, 0, 0}
          (HMul.hMul.{0, 0, 0} (ShannonBounds.C11R5D213.w_n24 (x 0)) (ShannonBounds.C11R5D213.w_n26 (x 1)))
          (ShannonBounds.C11R5D213.w_n29 (x 2)))
      (ShannonBounds.C11R5D213.w_n30 ShannonBounds.Letter.O)))
  Bool.true
NATIVE_BOOL_AXIOM_CHECKED: ShannonBounds.C11R5D213.step_n30._native.native_decide.ax_1_6
NATIVE_BOOL_AXIOM_TYPE: Eq.{1}
  (Decidable.decide
    (Eq.{1}
      (∑ x ∈ ShannonBounds.Subst.T.{0} ShannonBounds.C11R5Tables.S_660b0244997e1b9c ShannonBounds.Letter.H,
        HMul.hMul.{0, 0, 0}
          (HMul.hMul.{0, 0, 0} (ShannonBounds.C11R5D213.w_n24 (x 0)) (ShannonBounds.C11R5D213.w_n26 (x 1)))
          (ShannonBounds.C11R5D213.w_n29 (x 2)))
      (ShannonBounds.C11R5D213.w_n30 ShannonBounds.Letter.H)))
  Bool.true
NATIVE_BOOL_AXIOM_CHECKED: ShannonBounds.C11R5D213.step_n30._native.native_decide.ax_1_7
NATIVE_BOOL_AXIOM_TYPE: Eq.{1}
  (Decidable.decide
    (Eq.{1}
      (∑ x ∈ ShannonBounds.Subst.T.{0} ShannonBounds.C11R5Tables.S_660b0244997e1b9c ShannonBounds.Letter.V,
        HMul.hMul.{0, 0, 0}
          (HMul.hMul.{0, 0, 0} (ShannonBounds.C11R5D213.w_n24 (x 0)) (ShannonBounds.C11R5D213.w_n26 (x 1)))
          (ShannonBounds.C11R5D213.w_n29 (x 2)))
      (ShannonBounds.C11R5D213.w_n30 ShannonBounds.Letter.V)))
  Bool.true
NATIVE_BOOL_AXIOM_CHECKED: ShannonBounds.C11R5D213.step_n4._native.native_decide.ax_1_1
NATIVE_BOOL_AXIOM_TYPE: Eq.{1}
  (Decidable.decide
    (Eq.{1}
      (∑ x ∈ ShannonBounds.Subst.T.{0} ShannonBounds.C11R5Tables.S_6859b0ec25991d42 ShannonBounds.Letter.B,
        HMul.hMul.{0, 0, 0}
          (HMul.hMul.{0, 0, 0} (ShannonBounds.C11R5D213.w_v (x 0)) (ShannonBounds.C11R5D213.w_v (x 1)))
          (ShannonBounds.C11R5D213.w_v (x 2)))
      (ShannonBounds.C11R5D213.w_n4 ShannonBounds.Letter.B)))
  Bool.true
NATIVE_BOOL_AXIOM_CHECKED: ShannonBounds.C11R5D213.step_n4._native.native_decide.ax_1_2
NATIVE_BOOL_AXIOM_TYPE: Eq.{1}
  (Decidable.decide
    (Eq.{1}
      (∑ x ∈ ShannonBounds.Subst.T.{0} ShannonBounds.C11R5Tables.S_6859b0ec25991d42 ShannonBounds.Letter.N,
        HMul.hMul.{0, 0, 0}
          (HMul.hMul.{0, 0, 0} (ShannonBounds.C11R5D213.w_v (x 0)) (ShannonBounds.C11R5D213.w_v (x 1)))
          (ShannonBounds.C11R5D213.w_v (x 2)))
      (ShannonBounds.C11R5D213.w_n4 ShannonBounds.Letter.N)))
  Bool.true
NATIVE_BOOL_AXIOM_CHECKED: ShannonBounds.C11R5D213.step_n4._native.native_decide.ax_1_3
NATIVE_BOOL_AXIOM_TYPE: Eq.{1}
  (Decidable.decide
    (Eq.{1}
      (∑ x ∈ ShannonBounds.Subst.T.{0} ShannonBounds.C11R5Tables.S_6859b0ec25991d42 ShannonBounds.Letter.A,
        HMul.hMul.{0, 0, 0}
          (HMul.hMul.{0, 0, 0} (ShannonBounds.C11R5D213.w_v (x 0)) (ShannonBounds.C11R5D213.w_v (x 1)))
          (ShannonBounds.C11R5D213.w_v (x 2)))
      (ShannonBounds.C11R5D213.w_n4 ShannonBounds.Letter.A)))
  Bool.true
NATIVE_BOOL_AXIOM_CHECKED: ShannonBounds.C11R5D213.step_n4._native.native_decide.ax_1_4
NATIVE_BOOL_AXIOM_TYPE: Eq.{1}
  (Decidable.decide
    (Eq.{1}
      (∑ x ∈ ShannonBounds.Subst.T.{0} ShannonBounds.C11R5Tables.S_6859b0ec25991d42 ShannonBounds.Letter.D,
        HMul.hMul.{0, 0, 0}
          (HMul.hMul.{0, 0, 0} (ShannonBounds.C11R5D213.w_v (x 0)) (ShannonBounds.C11R5D213.w_v (x 1)))
          (ShannonBounds.C11R5D213.w_v (x 2)))
      (ShannonBounds.C11R5D213.w_n4 ShannonBounds.Letter.D)))
  Bool.true
NATIVE_BOOL_AXIOM_CHECKED: ShannonBounds.C11R5D213.step_n4._native.native_decide.ax_1_5
NATIVE_BOOL_AXIOM_TYPE: Eq.{1}
  (Decidable.decide
    (Eq.{1}
      (∑ x ∈ ShannonBounds.Subst.T.{0} ShannonBounds.C11R5Tables.S_6859b0ec25991d42 ShannonBounds.Letter.O,
        HMul.hMul.{0, 0, 0}
          (HMul.hMul.{0, 0, 0} (ShannonBounds.C11R5D213.w_v (x 0)) (ShannonBounds.C11R5D213.w_v (x 1)))
          (ShannonBounds.C11R5D213.w_v (x 2)))
      (ShannonBounds.C11R5D213.w_n4 ShannonBounds.Letter.O)))
  Bool.true
NATIVE_BOOL_AXIOM_CHECKED: ShannonBounds.C11R5D213.step_n4._native.native_decide.ax_1_6
NATIVE_BOOL_AXIOM_TYPE: Eq.{1}
  (Decidable.decide
    (Eq.{1}
      (∑ x ∈ ShannonBounds.Subst.T.{0} ShannonBounds.C11R5Tables.S_6859b0ec25991d42 ShannonBounds.Letter.H,
        HMul.hMul.{0, 0, 0}
          (HMul.hMul.{0, 0, 0} (ShannonBounds.C11R5D213.w_v (x 0)) (ShannonBounds.C11R5D213.w_v (x 1)))
          (ShannonBounds.C11R5D213.w_v (x 2)))
      (ShannonBounds.C11R5D213.w_n4 ShannonBounds.Letter.H)))
  Bool.true
NATIVE_BOOL_AXIOM_CHECKED: ShannonBounds.C11R5D213.step_n4._native.native_decide.ax_1_7
NATIVE_BOOL_AXIOM_TYPE: Eq.{1}
  (Decidable.decide
    (Eq.{1}
      (∑ x ∈ ShannonBounds.Subst.T.{0} ShannonBounds.C11R5Tables.S_6859b0ec25991d42 ShannonBounds.Letter.V,
        HMul.hMul.{0, 0, 0}
          (HMul.hMul.{0, 0, 0} (ShannonBounds.C11R5D213.w_v (x 0)) (ShannonBounds.C11R5D213.w_v (x 1)))
          (ShannonBounds.C11R5D213.w_v (x 2)))
      (ShannonBounds.C11R5D213.w_n4 ShannonBounds.Letter.V)))
  Bool.true
NATIVE_BOOL_AXIOM_CHECKED: ShannonBounds.C11R5D213.step_n5._native.native_decide.ax_1_1
NATIVE_BOOL_AXIOM_TYPE: Eq.{1}
  (Decidable.decide
    (Eq.{1}
      (∑ x ∈ ShannonBounds.Subst.T.{0} ShannonBounds.C11R5Tables.S_a41106e52a48b9a6 ShannonBounds.Letter.B,
        HMul.hMul.{0, 0, 0}
          (HMul.hMul.{0, 0, 0} (ShannonBounds.C11R5D213.w_v (x 0)) (ShannonBounds.C11R5D213.w_v (x 1)))
          (ShannonBounds.C11R5D213.w_n4 (x 2)))
      (ShannonBounds.C11R5D213.w_n5 ShannonBounds.Letter.B)))
  Bool.true
NATIVE_BOOL_AXIOM_CHECKED: ShannonBounds.C11R5D213.step_n5._native.native_decide.ax_1_2
NATIVE_BOOL_AXIOM_TYPE: Eq.{1}
  (Decidable.decide
    (Eq.{1}
      (∑ x ∈ ShannonBounds.Subst.T.{0} ShannonBounds.C11R5Tables.S_a41106e52a48b9a6 ShannonBounds.Letter.N,
        HMul.hMul.{0, 0, 0}
          (HMul.hMul.{0, 0, 0} (ShannonBounds.C11R5D213.w_v (x 0)) (ShannonBounds.C11R5D213.w_v (x 1)))
          (ShannonBounds.C11R5D213.w_n4 (x 2)))
      (ShannonBounds.C11R5D213.w_n5 ShannonBounds.Letter.N)))
  Bool.true
NATIVE_BOOL_AXIOM_CHECKED: ShannonBounds.C11R5D213.step_n5._native.native_decide.ax_1_3
NATIVE_BOOL_AXIOM_TYPE: Eq.{1}
  (Decidable.decide
    (Eq.{1}
      (∑ x ∈ ShannonBounds.Subst.T.{0} ShannonBounds.C11R5Tables.S_a41106e52a48b9a6 ShannonBounds.Letter.A,
        HMul.hMul.{0, 0, 0}
          (HMul.hMul.{0, 0, 0} (ShannonBounds.C11R5D213.w_v (x 0)) (ShannonBounds.C11R5D213.w_v (x 1)))
          (ShannonBounds.C11R5D213.w_n4 (x 2)))
      (ShannonBounds.C11R5D213.w_n5 ShannonBounds.Letter.A)))
  Bool.true
NATIVE_BOOL_AXIOM_CHECKED: ShannonBounds.C11R5D213.step_n5._native.native_decide.ax_1_4
NATIVE_BOOL_AXIOM_TYPE: Eq.{1}
  (Decidable.decide
    (Eq.{1}
      (∑ x ∈ ShannonBounds.Subst.T.{0} ShannonBounds.C11R5Tables.S_a41106e52a48b9a6 ShannonBounds.Letter.D,
        HMul.hMul.{0, 0, 0}
          (HMul.hMul.{0, 0, 0} (ShannonBounds.C11R5D213.w_v (x 0)) (ShannonBounds.C11R5D213.w_v (x 1)))
          (ShannonBounds.C11R5D213.w_n4 (x 2)))
      (ShannonBounds.C11R5D213.w_n5 ShannonBounds.Letter.D)))
  Bool.true
NATIVE_BOOL_AXIOM_CHECKED: ShannonBounds.C11R5D213.step_n5._native.native_decide.ax_1_5
NATIVE_BOOL_AXIOM_TYPE: Eq.{1}
  (Decidable.decide
    (Eq.{1}
      (∑ x ∈ ShannonBounds.Subst.T.{0} ShannonBounds.C11R5Tables.S_a41106e52a48b9a6 ShannonBounds.Letter.O,
        HMul.hMul.{0, 0, 0}
          (HMul.hMul.{0, 0, 0} (ShannonBounds.C11R5D213.w_v (x 0)) (ShannonBounds.C11R5D213.w_v (x 1)))
          (ShannonBounds.C11R5D213.w_n4 (x 2)))
      (ShannonBounds.C11R5D213.w_n5 ShannonBounds.Letter.O)))
  Bool.true
NATIVE_BOOL_AXIOM_CHECKED: ShannonBounds.C11R5D213.step_n5._native.native_decide.ax_1_6
NATIVE_BOOL_AXIOM_TYPE: Eq.{1}
  (Decidable.decide
    (Eq.{1}
      (∑ x ∈ ShannonBounds.Subst.T.{0} ShannonBounds.C11R5Tables.S_a41106e52a48b9a6 ShannonBounds.Letter.H,
        HMul.hMul.{0, 0, 0}
          (HMul.hMul.{0, 0, 0} (ShannonBounds.C11R5D213.w_v (x 0)) (ShannonBounds.C11R5D213.w_v (x 1)))
          (ShannonBounds.C11R5D213.w_n4 (x 2)))
      (ShannonBounds.C11R5D213.w_n5 ShannonBounds.Letter.H)))
  Bool.true
NATIVE_BOOL_AXIOM_CHECKED: ShannonBounds.C11R5D213.step_n5._native.native_decide.ax_1_7
NATIVE_BOOL_AXIOM_TYPE: Eq.{1}
  (Decidable.decide
    (Eq.{1}
      (∑ x ∈ ShannonBounds.Subst.T.{0} ShannonBounds.C11R5Tables.S_a41106e52a48b9a6 ShannonBounds.Letter.V,
        HMul.hMul.{0, 0, 0}
          (HMul.hMul.{0, 0, 0} (ShannonBounds.C11R5D213.w_v (x 0)) (ShannonBounds.C11R5D213.w_v (x 1)))
          (ShannonBounds.C11R5D213.w_n4 (x 2)))
      (ShannonBounds.C11R5D213.w_n5 ShannonBounds.Letter.V)))
  Bool.true
NATIVE_BOOL_AXIOM_CHECKED: ShannonBounds.C11R5D213.step_n6._native.native_decide.ax_1_1
NATIVE_BOOL_AXIOM_TYPE: Eq.{1}
  (Decidable.decide
    (Eq.{1}
      (∑ x ∈ ShannonBounds.Subst.T.{0} ShannonBounds.C11R5Tables.S_3e8694d6a5bfe173 ShannonBounds.Letter.B,
        HMul.hMul.{0, 0, 0}
          (HMul.hMul.{0, 0, 0} (ShannonBounds.C11R5D213.w_n5 (x 0)) (ShannonBounds.C11R5D213.w_n1 (x 1)))
          (ShannonBounds.C11R5D213.w_n2 (x 2)))
      (ShannonBounds.C11R5D213.w_n6 ShannonBounds.Letter.B)))
  Bool.true
NATIVE_BOOL_AXIOM_CHECKED: ShannonBounds.C11R5D213.step_n6._native.native_decide.ax_1_2
NATIVE_BOOL_AXIOM_TYPE: Eq.{1}
  (Decidable.decide
    (Eq.{1}
      (∑ x ∈ ShannonBounds.Subst.T.{0} ShannonBounds.C11R5Tables.S_3e8694d6a5bfe173 ShannonBounds.Letter.N,
        HMul.hMul.{0, 0, 0}
          (HMul.hMul.{0, 0, 0} (ShannonBounds.C11R5D213.w_n5 (x 0)) (ShannonBounds.C11R5D213.w_n1 (x 1)))
          (ShannonBounds.C11R5D213.w_n2 (x 2)))
      (ShannonBounds.C11R5D213.w_n6 ShannonBounds.Letter.N)))
  Bool.true
NATIVE_BOOL_AXIOM_CHECKED: ShannonBounds.C11R5D213.step_n6._native.native_decide.ax_1_3
NATIVE_BOOL_AXIOM_TYPE: Eq.{1}
  (Decidable.decide
    (Eq.{1}
      (∑ x ∈ ShannonBounds.Subst.T.{0} ShannonBounds.C11R5Tables.S_3e8694d6a5bfe173 ShannonBounds.Letter.A,
        HMul.hMul.{0, 0, 0}
          (HMul.hMul.{0, 0, 0} (ShannonBounds.C11R5D213.w_n5 (x 0)) (ShannonBounds.C11R5D213.w_n1 (x 1)))
          (ShannonBounds.C11R5D213.w_n2 (x 2)))
      (ShannonBounds.C11R5D213.w_n6 ShannonBounds.Letter.A)))
  Bool.true
NATIVE_BOOL_AXIOM_CHECKED: ShannonBounds.C11R5D213.step_n6._native.native_decide.ax_1_4
NATIVE_BOOL_AXIOM_TYPE: Eq.{1}
  (Decidable.decide
    (Eq.{1}
      (∑ x ∈ ShannonBounds.Subst.T.{0} ShannonBounds.C11R5Tables.S_3e8694d6a5bfe173 ShannonBounds.Letter.D,
        HMul.hMul.{0, 0, 0}
          (HMul.hMul.{0, 0, 0} (ShannonBounds.C11R5D213.w_n5 (x 0)) (ShannonBounds.C11R5D213.w_n1 (x 1)))
          (ShannonBounds.C11R5D213.w_n2 (x 2)))
      (ShannonBounds.C11R5D213.w_n6 ShannonBounds.Letter.D)))
  Bool.true
NATIVE_BOOL_AXIOM_CHECKED: ShannonBounds.C11R5D213.step_n6._native.native_decide.ax_1_5
NATIVE_BOOL_AXIOM_TYPE: Eq.{1}
  (Decidable.decide
    (Eq.{1}
      (∑ x ∈ ShannonBounds.Subst.T.{0} ShannonBounds.C11R5Tables.S_3e8694d6a5bfe173 ShannonBounds.Letter.O,
        HMul.hMul.{0, 0, 0}
          (HMul.hMul.{0, 0, 0} (ShannonBounds.C11R5D213.w_n5 (x 0)) (ShannonBounds.C11R5D213.w_n1 (x 1)))
          (ShannonBounds.C11R5D213.w_n2 (x 2)))
      (ShannonBounds.C11R5D213.w_n6 ShannonBounds.Letter.O)))
  Bool.true
NATIVE_BOOL_AXIOM_CHECKED: ShannonBounds.C11R5D213.step_n6._native.native_decide.ax_1_6
NATIVE_BOOL_AXIOM_TYPE: Eq.{1}
  (Decidable.decide
    (Eq.{1}
      (∑ x ∈ ShannonBounds.Subst.T.{0} ShannonBounds.C11R5Tables.S_3e8694d6a5bfe173 ShannonBounds.Letter.H,
        HMul.hMul.{0, 0, 0}
          (HMul.hMul.{0, 0, 0} (ShannonBounds.C11R5D213.w_n5 (x 0)) (ShannonBounds.C11R5D213.w_n1 (x 1)))
          (ShannonBounds.C11R5D213.w_n2 (x 2)))
      (ShannonBounds.C11R5D213.w_n6 ShannonBounds.Letter.H)))
  Bool.true
NATIVE_BOOL_AXIOM_CHECKED: ShannonBounds.C11R5D213.step_n6._native.native_decide.ax_1_7
NATIVE_BOOL_AXIOM_TYPE: Eq.{1}
  (Decidable.decide
    (Eq.{1}
      (∑ x ∈ ShannonBounds.Subst.T.{0} ShannonBounds.C11R5Tables.S_3e8694d6a5bfe173 ShannonBounds.Letter.V,
        HMul.hMul.{0, 0, 0}
          (HMul.hMul.{0, 0, 0} (ShannonBounds.C11R5D213.w_n5 (x 0)) (ShannonBounds.C11R5D213.w_n1 (x 1)))
          (ShannonBounds.C11R5D213.w_n2 (x 2)))
      (ShannonBounds.C11R5D213.w_n6 ShannonBounds.Letter.V)))
  Bool.true
NATIVE_BOOL_AXIOM_CHECKED: ShannonBounds.C11R5D213.step_n7._native.native_decide.ax_1_1
NATIVE_BOOL_AXIOM_TYPE: Eq.{1}
  (Decidable.decide
    (Eq.{1}
      (∑ x ∈ ShannonBounds.Subst.T.{0} ShannonBounds.C11R5Tables.S_77a9709d00257692 ShannonBounds.Letter.B,
        HMul.hMul.{0, 0, 0}
          (HMul.hMul.{0, 0, 0} (ShannonBounds.C11R5D213.w_v (x 0)) (ShannonBounds.C11R5D213.w_v (x 1)))
          (ShannonBounds.C11R5D213.w_n1 (x 2)))
      (ShannonBounds.C11R5D213.w_n7 ShannonBounds.Letter.B)))
  Bool.true
NATIVE_BOOL_AXIOM_CHECKED: ShannonBounds.C11R5D213.step_n7._native.native_decide.ax_1_2
NATIVE_BOOL_AXIOM_TYPE: Eq.{1}
  (Decidable.decide
    (Eq.{1}
      (∑ x ∈ ShannonBounds.Subst.T.{0} ShannonBounds.C11R5Tables.S_77a9709d00257692 ShannonBounds.Letter.N,
        HMul.hMul.{0, 0, 0}
          (HMul.hMul.{0, 0, 0} (ShannonBounds.C11R5D213.w_v (x 0)) (ShannonBounds.C11R5D213.w_v (x 1)))
          (ShannonBounds.C11R5D213.w_n1 (x 2)))
      (ShannonBounds.C11R5D213.w_n7 ShannonBounds.Letter.N)))
  Bool.true
NATIVE_BOOL_AXIOM_CHECKED: ShannonBounds.C11R5D213.step_n7._native.native_decide.ax_1_3
NATIVE_BOOL_AXIOM_TYPE: Eq.{1}
  (Decidable.decide
    (Eq.{1}
      (∑ x ∈ ShannonBounds.Subst.T.{0} ShannonBounds.C11R5Tables.S_77a9709d00257692 ShannonBounds.Letter.A,
        HMul.hMul.{0, 0, 0}
          (HMul.hMul.{0, 0, 0} (ShannonBounds.C11R5D213.w_v (x 0)) (ShannonBounds.C11R5D213.w_v (x 1)))
          (ShannonBounds.C11R5D213.w_n1 (x 2)))
      (ShannonBounds.C11R5D213.w_n7 ShannonBounds.Letter.A)))
  Bool.true
NATIVE_BOOL_AXIOM_CHECKED: ShannonBounds.C11R5D213.step_n7._native.native_decide.ax_1_4
NATIVE_BOOL_AXIOM_TYPE: Eq.{1}
  (Decidable.decide
    (Eq.{1}
      (∑ x ∈ ShannonBounds.Subst.T.{0} ShannonBounds.C11R5Tables.S_77a9709d00257692 ShannonBounds.Letter.D,
        HMul.hMul.{0, 0, 0}
          (HMul.hMul.{0, 0, 0} (ShannonBounds.C11R5D213.w_v (x 0)) (ShannonBounds.C11R5D213.w_v (x 1)))
          (ShannonBounds.C11R5D213.w_n1 (x 2)))
      (ShannonBounds.C11R5D213.w_n7 ShannonBounds.Letter.D)))
  Bool.true
NATIVE_BOOL_AXIOM_CHECKED: ShannonBounds.C11R5D213.step_n7._native.native_decide.ax_1_5
NATIVE_BOOL_AXIOM_TYPE: Eq.{1}
  (Decidable.decide
    (Eq.{1}
      (∑ x ∈ ShannonBounds.Subst.T.{0} ShannonBounds.C11R5Tables.S_77a9709d00257692 ShannonBounds.Letter.O,
        HMul.hMul.{0, 0, 0}
          (HMul.hMul.{0, 0, 0} (ShannonBounds.C11R5D213.w_v (x 0)) (ShannonBounds.C11R5D213.w_v (x 1)))
          (ShannonBounds.C11R5D213.w_n1 (x 2)))
      (ShannonBounds.C11R5D213.w_n7 ShannonBounds.Letter.O)))
  Bool.true
NATIVE_BOOL_AXIOM_CHECKED: ShannonBounds.C11R5D213.step_n7._native.native_decide.ax_1_6
NATIVE_BOOL_AXIOM_TYPE: Eq.{1}
  (Decidable.decide
    (Eq.{1}
      (∑ x ∈ ShannonBounds.Subst.T.{0} ShannonBounds.C11R5Tables.S_77a9709d00257692 ShannonBounds.Letter.H,
        HMul.hMul.{0, 0, 0}
          (HMul.hMul.{0, 0, 0} (ShannonBounds.C11R5D213.w_v (x 0)) (ShannonBounds.C11R5D213.w_v (x 1)))
          (ShannonBounds.C11R5D213.w_n1 (x 2)))
      (ShannonBounds.C11R5D213.w_n7 ShannonBounds.Letter.H)))
  Bool.true
NATIVE_BOOL_AXIOM_CHECKED: ShannonBounds.C11R5D213.step_n7._native.native_decide.ax_1_7
NATIVE_BOOL_AXIOM_TYPE: Eq.{1}
  (Decidable.decide
    (Eq.{1}
      (∑ x ∈ ShannonBounds.Subst.T.{0} ShannonBounds.C11R5Tables.S_77a9709d00257692 ShannonBounds.Letter.V,
        HMul.hMul.{0, 0, 0}
          (HMul.hMul.{0, 0, 0} (ShannonBounds.C11R5D213.w_v (x 0)) (ShannonBounds.C11R5D213.w_v (x 1)))
          (ShannonBounds.C11R5D213.w_n1 (x 2)))
      (ShannonBounds.C11R5D213.w_n7 ShannonBounds.Letter.V)))
  Bool.true
NATIVE_BOOL_AXIOM_CHECKED: ShannonBounds.C11R5D213.step_n8._native.native_decide.ax_1_1
NATIVE_BOOL_AXIOM_TYPE: Eq.{1}
  (Decidable.decide
    (Eq.{1}
      (∑ x ∈ ShannonBounds.Subst.T.{0} ShannonBounds.C11R5Tables.S_f509c81899188c6f ShannonBounds.Letter.B,
        HMul.hMul.{0, 0, 0}
          (HMul.hMul.{0, 0, 0} (ShannonBounds.C11R5D213.w_v (x 0)) (ShannonBounds.C11R5D213.w_v (x 1)))
          (ShannonBounds.C11R5D213.w_v (x 2)))
      (ShannonBounds.C11R5D213.w_n8 ShannonBounds.Letter.B)))
  Bool.true
NATIVE_BOOL_AXIOM_CHECKED: ShannonBounds.C11R5D213.step_n8._native.native_decide.ax_1_2
NATIVE_BOOL_AXIOM_TYPE: Eq.{1}
  (Decidable.decide
    (Eq.{1}
      (∑ x ∈ ShannonBounds.Subst.T.{0} ShannonBounds.C11R5Tables.S_f509c81899188c6f ShannonBounds.Letter.N,
        HMul.hMul.{0, 0, 0}
          (HMul.hMul.{0, 0, 0} (ShannonBounds.C11R5D213.w_v (x 0)) (ShannonBounds.C11R5D213.w_v (x 1)))
          (ShannonBounds.C11R5D213.w_v (x 2)))
      (ShannonBounds.C11R5D213.w_n8 ShannonBounds.Letter.N)))
  Bool.true
NATIVE_BOOL_AXIOM_CHECKED: ShannonBounds.C11R5D213.step_n8._native.native_decide.ax_1_3
NATIVE_BOOL_AXIOM_TYPE: Eq.{1}
  (Decidable.decide
    (Eq.{1}
      (∑ x ∈ ShannonBounds.Subst.T.{0} ShannonBounds.C11R5Tables.S_f509c81899188c6f ShannonBounds.Letter.A,
        HMul.hMul.{0, 0, 0}
          (HMul.hMul.{0, 0, 0} (ShannonBounds.C11R5D213.w_v (x 0)) (ShannonBounds.C11R5D213.w_v (x 1)))
          (ShannonBounds.C11R5D213.w_v (x 2)))
      (ShannonBounds.C11R5D213.w_n8 ShannonBounds.Letter.A)))
  Bool.true
NATIVE_BOOL_AXIOM_CHECKED: ShannonBounds.C11R5D213.step_n8._native.native_decide.ax_1_4
NATIVE_BOOL_AXIOM_TYPE: Eq.{1}
  (Decidable.decide
    (Eq.{1}
      (∑ x ∈ ShannonBounds.Subst.T.{0} ShannonBounds.C11R5Tables.S_f509c81899188c6f ShannonBounds.Letter.D,
        HMul.hMul.{0, 0, 0}
          (HMul.hMul.{0, 0, 0} (ShannonBounds.C11R5D213.w_v (x 0)) (ShannonBounds.C11R5D213.w_v (x 1)))
          (ShannonBounds.C11R5D213.w_v (x 2)))
      (ShannonBounds.C11R5D213.w_n8 ShannonBounds.Letter.D)))
  Bool.true
NATIVE_BOOL_AXIOM_CHECKED: ShannonBounds.C11R5D213.step_n8._native.native_decide.ax_1_5
NATIVE_BOOL_AXIOM_TYPE: Eq.{1}
  (Decidable.decide
    (Eq.{1}
      (∑ x ∈ ShannonBounds.Subst.T.{0} ShannonBounds.C11R5Tables.S_f509c81899188c6f ShannonBounds.Letter.O,
        HMul.hMul.{0, 0, 0}
          (HMul.hMul.{0, 0, 0} (ShannonBounds.C11R5D213.w_v (x 0)) (ShannonBounds.C11R5D213.w_v (x 1)))
          (ShannonBounds.C11R5D213.w_v (x 2)))
      (ShannonBounds.C11R5D213.w_n8 ShannonBounds.Letter.O)))
  Bool.true
NATIVE_BOOL_AXIOM_CHECKED: ShannonBounds.C11R5D213.step_n8._native.native_decide.ax_1_6
NATIVE_BOOL_AXIOM_TYPE: Eq.{1}
  (Decidable.decide
    (Eq.{1}
      (∑ x ∈ ShannonBounds.Subst.T.{0} ShannonBounds.C11R5Tables.S_f509c81899188c6f ShannonBounds.Letter.H,
        HMul.hMul.{0, 0, 0}
          (HMul.hMul.{0, 0, 0} (ShannonBounds.C11R5D213.w_v (x 0)) (ShannonBounds.C11R5D213.w_v (x 1)))
          (ShannonBounds.C11R5D213.w_v (x 2)))
      (ShannonBounds.C11R5D213.w_n8 ShannonBounds.Letter.H)))
  Bool.true
NATIVE_BOOL_AXIOM_CHECKED: ShannonBounds.C11R5D213.step_n8._native.native_decide.ax_1_7
NATIVE_BOOL_AXIOM_TYPE: Eq.{1}
  (Decidable.decide
    (Eq.{1}
      (∑ x ∈ ShannonBounds.Subst.T.{0} ShannonBounds.C11R5Tables.S_f509c81899188c6f ShannonBounds.Letter.V,
        HMul.hMul.{0, 0, 0}
          (HMul.hMul.{0, 0, 0} (ShannonBounds.C11R5D213.w_v (x 0)) (ShannonBounds.C11R5D213.w_v (x 1)))
          (ShannonBounds.C11R5D213.w_v (x 2)))
      (ShannonBounds.C11R5D213.w_n8 ShannonBounds.Letter.V)))
  Bool.true
NATIVE_BOOL_AXIOM_CHECKED: ShannonBounds.C11R5D213.step_n9._native.native_decide.ax_1_1
NATIVE_BOOL_AXIOM_TYPE: Eq.{1}
  (Decidable.decide
    (Eq.{1}
      (∑ x ∈ ShannonBounds.Subst.T.{0} ShannonBounds.C11R5Tables.S_15769811f129f696 ShannonBounds.Letter.B,
        HMul.hMul.{0, 0, 0}
          (HMul.hMul.{0, 0, 0} (ShannonBounds.C11R5D213.w_n7 (x 0)) (ShannonBounds.C11R5D213.w_n8 (x 1)))
          (ShannonBounds.C11R5D213.w_n1 (x 2)))
      (ShannonBounds.C11R5D213.w_n9 ShannonBounds.Letter.B)))
  Bool.true
NATIVE_BOOL_AXIOM_CHECKED: ShannonBounds.C11R5D213.step_n9._native.native_decide.ax_1_2
NATIVE_BOOL_AXIOM_TYPE: Eq.{1}
  (Decidable.decide
    (Eq.{1}
      (∑ x ∈ ShannonBounds.Subst.T.{0} ShannonBounds.C11R5Tables.S_15769811f129f696 ShannonBounds.Letter.N,
        HMul.hMul.{0, 0, 0}
          (HMul.hMul.{0, 0, 0} (ShannonBounds.C11R5D213.w_n7 (x 0)) (ShannonBounds.C11R5D213.w_n8 (x 1)))
          (ShannonBounds.C11R5D213.w_n1 (x 2)))
      (ShannonBounds.C11R5D213.w_n9 ShannonBounds.Letter.N)))
  Bool.true
NATIVE_BOOL_AXIOM_CHECKED: ShannonBounds.C11R5D213.step_n9._native.native_decide.ax_1_3
NATIVE_BOOL_AXIOM_TYPE: Eq.{1}
  (Decidable.decide
    (Eq.{1}
      (∑ x ∈ ShannonBounds.Subst.T.{0} ShannonBounds.C11R5Tables.S_15769811f129f696 ShannonBounds.Letter.A,
        HMul.hMul.{0, 0, 0}
          (HMul.hMul.{0, 0, 0} (ShannonBounds.C11R5D213.w_n7 (x 0)) (ShannonBounds.C11R5D213.w_n8 (x 1)))
          (ShannonBounds.C11R5D213.w_n1 (x 2)))
      (ShannonBounds.C11R5D213.w_n9 ShannonBounds.Letter.A)))
  Bool.true
NATIVE_BOOL_AXIOM_CHECKED: ShannonBounds.C11R5D213.step_n9._native.native_decide.ax_1_4
NATIVE_BOOL_AXIOM_TYPE: Eq.{1}
  (Decidable.decide
    (Eq.{1}
      (∑ x ∈ ShannonBounds.Subst.T.{0} ShannonBounds.C11R5Tables.S_15769811f129f696 ShannonBounds.Letter.D,
        HMul.hMul.{0, 0, 0}
          (HMul.hMul.{0, 0, 0} (ShannonBounds.C11R5D213.w_n7 (x 0)) (ShannonBounds.C11R5D213.w_n8 (x 1)))
          (ShannonBounds.C11R5D213.w_n1 (x 2)))
      (ShannonBounds.C11R5D213.w_n9 ShannonBounds.Letter.D)))
  Bool.true
NATIVE_BOOL_AXIOM_CHECKED: ShannonBounds.C11R5D213.step_n9._native.native_decide.ax_1_5
NATIVE_BOOL_AXIOM_TYPE: Eq.{1}
  (Decidable.decide
    (Eq.{1}
      (∑ x ∈ ShannonBounds.Subst.T.{0} ShannonBounds.C11R5Tables.S_15769811f129f696 ShannonBounds.Letter.O,
        HMul.hMul.{0, 0, 0}
          (HMul.hMul.{0, 0, 0} (ShannonBounds.C11R5D213.w_n7 (x 0)) (ShannonBounds.C11R5D213.w_n8 (x 1)))
          (ShannonBounds.C11R5D213.w_n1 (x 2)))
      (ShannonBounds.C11R5D213.w_n9 ShannonBounds.Letter.O)))
  Bool.true
NATIVE_BOOL_AXIOM_CHECKED: ShannonBounds.C11R5D213.step_n9._native.native_decide.ax_1_6
NATIVE_BOOL_AXIOM_TYPE: Eq.{1}
  (Decidable.decide
    (Eq.{1}
      (∑ x ∈ ShannonBounds.Subst.T.{0} ShannonBounds.C11R5Tables.S_15769811f129f696 ShannonBounds.Letter.H,
        HMul.hMul.{0, 0, 0}
          (HMul.hMul.{0, 0, 0} (ShannonBounds.C11R5D213.w_n7 (x 0)) (ShannonBounds.C11R5D213.w_n8 (x 1)))
          (ShannonBounds.C11R5D213.w_n1 (x 2)))
      (ShannonBounds.C11R5D213.w_n9 ShannonBounds.Letter.H)))
  Bool.true
NATIVE_BOOL_AXIOM_CHECKED: ShannonBounds.C11R5D213.step_n9._native.native_decide.ax_1_7
NATIVE_BOOL_AXIOM_TYPE: Eq.{1}
  (Decidable.decide
    (Eq.{1}
      (∑ x ∈ ShannonBounds.Subst.T.{0} ShannonBounds.C11R5Tables.S_15769811f129f696 ShannonBounds.Letter.V,
        HMul.hMul.{0, 0, 0}
          (HMul.hMul.{0, 0, 0} (ShannonBounds.C11R5D213.w_n7 (x 0)) (ShannonBounds.C11R5D213.w_n8 (x 1)))
          (ShannonBounds.C11R5D213.w_n1 (x 2)))
      (ShannonBounds.C11R5D213.w_n9 ShannonBounds.Letter.V)))
  Bool.true
NATIVE_BOOL_AXIOM_CHECKED: ShannonBounds.C11R5D213.terminal_value._native.native_decide.ax_1_1
NATIVE_BOOL_AXIOM_TYPE: Eq.{1}
  (Decidable.decide
    (Eq.{1}
      (∑ x ∈ ShannonBounds.Code.C.{0} ShannonBounds.C11R5Tables.S_cfb0e1863855bcb0,
        HMul.hMul.{0, 0, 0}
          (HMul.hMul.{0, 0, 0}
            (HMul.hMul.{0, 0, 0} (ShannonBounds.C11R5D213.w_n10 (x 0)) (ShannonBounds.C11R5D213.w_n15 (x 1)))
            (ShannonBounds.C11R5D213.w_n19 (x 2)))
          (ShannonBounds.C11R5D213.w_n30 (x 3)))
      ShannonBounds.C11R5D213.N))
  Bool.true
NATIVE_BOOL_AXIOM_CHECKED: ShannonBounds.C11R5Tables.S_0058d965adce02f4._native.native_decide.ax_1
NATIVE_BOOL_AXIOM_TYPE: Eq.{1}
  (Decidable.decide
    (∀ (a : ShannonBounds.Letter) (x : Fin 3 → ShannonBounds.Letter),
      Membership.mem.{0, 0} (ShannonBounds.C11R5Tables.T_0058d965adce02f4 a) x →
        ∀ (y : Fin 3 → ShannonBounds.Letter),
          Membership.mem.{0, 0} (ShannonBounds.C11R5Tables.T_0058d965adce02f4 a) y →
            Ne.{1} x y → ∃ i, Eq.{1} ((x i).sep (y i)) Bool.true))
  Bool.true
NATIVE_BOOL_AXIOM_CHECKED: ShannonBounds.C11R5Tables.S_0058d965adce02f4._native.native_decide.ax_2
NATIVE_BOOL_AXIOM_TYPE: Eq.{1}
  (Decidable.decide
    (∀ (a b : ShannonBounds.Letter),
      Eq.{1} (a.sep b) Bool.true →
        ∀ (x : Fin 3 → ShannonBounds.Letter),
          Membership.mem.{0, 0} (ShannonBounds.C11R5Tables.T_0058d965adce02f4 a) x →
            ∀ (y : Fin 3 → ShannonBounds.Letter),
              Membership.mem.{0, 0} (ShannonBounds.C11R5Tables.T_0058d965adce02f4 b) y →
                ∃ i, Eq.{1} ((x i).sep (y i)) Bool.true))
  Bool.true
NATIVE_BOOL_AXIOM_CHECKED: ShannonBounds.C11R5Tables.S_01f11d8929277edb._native.native_decide.ax_1
NATIVE_BOOL_AXIOM_TYPE: Eq.{1}
  (Decidable.decide
    (∀ (a : ShannonBounds.Letter) (x : Fin 3 → ShannonBounds.Letter),
      Membership.mem.{0, 0} (ShannonBounds.C11R5Tables.T_01f11d8929277edb a) x →
        ∀ (y : Fin 3 → ShannonBounds.Letter),
          Membership.mem.{0, 0} (ShannonBounds.C11R5Tables.T_01f11d8929277edb a) y →
            Ne.{1} x y → ∃ i, Eq.{1} ((x i).sep (y i)) Bool.true))
  Bool.true
NATIVE_BOOL_AXIOM_CHECKED: ShannonBounds.C11R5Tables.S_01f11d8929277edb._native.native_decide.ax_2
NATIVE_BOOL_AXIOM_TYPE: Eq.{1}
  (Decidable.decide
    (∀ (a b : ShannonBounds.Letter),
      Eq.{1} (a.sep b) Bool.true →
        ∀ (x : Fin 3 → ShannonBounds.Letter),
          Membership.mem.{0, 0} (ShannonBounds.C11R5Tables.T_01f11d8929277edb a) x →
            ∀ (y : Fin 3 → ShannonBounds.Letter),
              Membership.mem.{0, 0} (ShannonBounds.C11R5Tables.T_01f11d8929277edb b) y →
                ∃ i, Eq.{1} ((x i).sep (y i)) Bool.true))
  Bool.true
NATIVE_BOOL_AXIOM_CHECKED: ShannonBounds.C11R5Tables.S_04339297651c9c49._native.native_decide.ax_1
NATIVE_BOOL_AXIOM_TYPE: Eq.{1}
  (Decidable.decide
    (∀ (a : ShannonBounds.Letter) (x : Fin 3 → ShannonBounds.Letter),
      Membership.mem.{0, 0} (ShannonBounds.C11R5Tables.T_04339297651c9c49 a) x →
        ∀ (y : Fin 3 → ShannonBounds.Letter),
          Membership.mem.{0, 0} (ShannonBounds.C11R5Tables.T_04339297651c9c49 a) y →
            Ne.{1} x y → ∃ i, Eq.{1} ((x i).sep (y i)) Bool.true))
  Bool.true
NATIVE_BOOL_AXIOM_CHECKED: ShannonBounds.C11R5Tables.S_04339297651c9c49._native.native_decide.ax_2
NATIVE_BOOL_AXIOM_TYPE: Eq.{1}
  (Decidable.decide
    (∀ (a b : ShannonBounds.Letter),
      Eq.{1} (a.sep b) Bool.true →
        ∀ (x : Fin 3 → ShannonBounds.Letter),
          Membership.mem.{0, 0} (ShannonBounds.C11R5Tables.T_04339297651c9c49 a) x →
            ∀ (y : Fin 3 → ShannonBounds.Letter),
              Membership.mem.{0, 0} (ShannonBounds.C11R5Tables.T_04339297651c9c49 b) y →
                ∃ i, Eq.{1} ((x i).sep (y i)) Bool.true))
  Bool.true
NATIVE_BOOL_AXIOM_CHECKED: ShannonBounds.C11R5Tables.S_0ac0bf4804630912._native.native_decide.ax_1
NATIVE_BOOL_AXIOM_TYPE: Eq.{1}
  (Decidable.decide
    (∀ (a : ShannonBounds.Letter) (x : Fin 3 → ShannonBounds.Letter),
      Membership.mem.{0, 0} (ShannonBounds.C11R5Tables.T_0ac0bf4804630912 a) x →
        ∀ (y : Fin 3 → ShannonBounds.Letter),
          Membership.mem.{0, 0} (ShannonBounds.C11R5Tables.T_0ac0bf4804630912 a) y →
            Ne.{1} x y → ∃ i, Eq.{1} ((x i).sep (y i)) Bool.true))
  Bool.true
NATIVE_BOOL_AXIOM_CHECKED: ShannonBounds.C11R5Tables.S_0ac0bf4804630912._native.native_decide.ax_2
NATIVE_BOOL_AXIOM_TYPE: Eq.{1}
  (Decidable.decide
    (∀ (a b : ShannonBounds.Letter),
      Eq.{1} (a.sep b) Bool.true →
        ∀ (x : Fin 3 → ShannonBounds.Letter),
          Membership.mem.{0, 0} (ShannonBounds.C11R5Tables.T_0ac0bf4804630912 a) x →
            ∀ (y : Fin 3 → ShannonBounds.Letter),
              Membership.mem.{0, 0} (ShannonBounds.C11R5Tables.T_0ac0bf4804630912 b) y →
                ∃ i, Eq.{1} ((x i).sep (y i)) Bool.true))
  Bool.true
NATIVE_BOOL_AXIOM_CHECKED: ShannonBounds.C11R5Tables.S_0c7cb632d1153343._native.native_decide.ax_1
NATIVE_BOOL_AXIOM_TYPE: Eq.{1}
  (Decidable.decide
    (∀ (a : ShannonBounds.Letter) (x : Fin 3 → ShannonBounds.Letter),
      Membership.mem.{0, 0} (ShannonBounds.C11R5Tables.T_0c7cb632d1153343 a) x →
        ∀ (y : Fin 3 → ShannonBounds.Letter),
          Membership.mem.{0, 0} (ShannonBounds.C11R5Tables.T_0c7cb632d1153343 a) y →
            Ne.{1} x y → ∃ i, Eq.{1} ((x i).sep (y i)) Bool.true))
  Bool.true
NATIVE_BOOL_AXIOM_CHECKED: ShannonBounds.C11R5Tables.S_0c7cb632d1153343._native.native_decide.ax_2
NATIVE_BOOL_AXIOM_TYPE: Eq.{1}
  (Decidable.decide
    (∀ (a b : ShannonBounds.Letter),
      Eq.{1} (a.sep b) Bool.true →
        ∀ (x : Fin 3 → ShannonBounds.Letter),
          Membership.mem.{0, 0} (ShannonBounds.C11R5Tables.T_0c7cb632d1153343 a) x →
            ∀ (y : Fin 3 → ShannonBounds.Letter),
              Membership.mem.{0, 0} (ShannonBounds.C11R5Tables.T_0c7cb632d1153343 b) y →
                ∃ i, Eq.{1} ((x i).sep (y i)) Bool.true))
  Bool.true
NATIVE_BOOL_AXIOM_CHECKED: ShannonBounds.C11R5Tables.S_15769811f129f696._native.native_decide.ax_1
NATIVE_BOOL_AXIOM_TYPE: Eq.{1}
  (Decidable.decide
    (∀ (a : ShannonBounds.Letter) (x : Fin 3 → ShannonBounds.Letter),
      Membership.mem.{0, 0} (ShannonBounds.C11R5Tables.T_15769811f129f696 a) x →
        ∀ (y : Fin 3 → ShannonBounds.Letter),
          Membership.mem.{0, 0} (ShannonBounds.C11R5Tables.T_15769811f129f696 a) y →
            Ne.{1} x y → ∃ i, Eq.{1} ((x i).sep (y i)) Bool.true))
  Bool.true
NATIVE_BOOL_AXIOM_CHECKED: ShannonBounds.C11R5Tables.S_15769811f129f696._native.native_decide.ax_2
NATIVE_BOOL_AXIOM_TYPE: Eq.{1}
  (Decidable.decide
    (∀ (a b : ShannonBounds.Letter),
      Eq.{1} (a.sep b) Bool.true →
        ∀ (x : Fin 3 → ShannonBounds.Letter),
          Membership.mem.{0, 0} (ShannonBounds.C11R5Tables.T_15769811f129f696 a) x →
            ∀ (y : Fin 3 → ShannonBounds.Letter),
              Membership.mem.{0, 0} (ShannonBounds.C11R5Tables.T_15769811f129f696 b) y →
                ∃ i, Eq.{1} ((x i).sep (y i)) Bool.true))
  Bool.true
NATIVE_BOOL_AXIOM_CHECKED: ShannonBounds.C11R5Tables.S_18277b0c484b4c41._native.native_decide.ax_1
NATIVE_BOOL_AXIOM_TYPE: Eq.{1}
  (Decidable.decide
    (∀ (a : ShannonBounds.Letter) (x : Fin 3 → ShannonBounds.Letter),
      Membership.mem.{0, 0} (ShannonBounds.C11R5Tables.T_18277b0c484b4c41 a) x →
        ∀ (y : Fin 3 → ShannonBounds.Letter),
          Membership.mem.{0, 0} (ShannonBounds.C11R5Tables.T_18277b0c484b4c41 a) y →
            Ne.{1} x y → ∃ i, Eq.{1} ((x i).sep (y i)) Bool.true))
  Bool.true
NATIVE_BOOL_AXIOM_CHECKED: ShannonBounds.C11R5Tables.S_18277b0c484b4c41._native.native_decide.ax_2
NATIVE_BOOL_AXIOM_TYPE: Eq.{1}
  (Decidable.decide
    (∀ (a b : ShannonBounds.Letter),
      Eq.{1} (a.sep b) Bool.true →
        ∀ (x : Fin 3 → ShannonBounds.Letter),
          Membership.mem.{0, 0} (ShannonBounds.C11R5Tables.T_18277b0c484b4c41 a) x →
            ∀ (y : Fin 3 → ShannonBounds.Letter),
              Membership.mem.{0, 0} (ShannonBounds.C11R5Tables.T_18277b0c484b4c41 b) y →
                ∃ i, Eq.{1} ((x i).sep (y i)) Bool.true))
  Bool.true
NATIVE_BOOL_AXIOM_CHECKED: ShannonBounds.C11R5Tables.S_313b085cba4d0ce6._native.native_decide.ax_1
NATIVE_BOOL_AXIOM_TYPE: Eq.{1}
  (Decidable.decide
    (∀ (x : Fin 4 → ShannonBounds.Letter),
      Membership.mem.{0, 0} ShannonBounds.C11R5Tables.T_313b085cba4d0ce6 x →
        ∀ (y : Fin 4 → ShannonBounds.Letter),
          Membership.mem.{0, 0} ShannonBounds.C11R5Tables.T_313b085cba4d0ce6 y →
            Ne.{1} x y → ∃ i, Eq.{1} ((x i).sep (y i)) Bool.true))
  Bool.true
NATIVE_BOOL_AXIOM_CHECKED: ShannonBounds.C11R5Tables.S_31d500a381a04d9a._native.native_decide.ax_1
NATIVE_BOOL_AXIOM_TYPE: Eq.{1}
  (Decidable.decide
    (∀ (a : ShannonBounds.Letter) (x : Fin 3 → ShannonBounds.Letter),
      Membership.mem.{0, 0} (ShannonBounds.C11R5Tables.T_31d500a381a04d9a a) x →
        ∀ (y : Fin 3 → ShannonBounds.Letter),
          Membership.mem.{0, 0} (ShannonBounds.C11R5Tables.T_31d500a381a04d9a a) y →
            Ne.{1} x y → ∃ i, Eq.{1} ((x i).sep (y i)) Bool.true))
  Bool.true
NATIVE_BOOL_AXIOM_CHECKED: ShannonBounds.C11R5Tables.S_31d500a381a04d9a._native.native_decide.ax_2
NATIVE_BOOL_AXIOM_TYPE: Eq.{1}
  (Decidable.decide
    (∀ (a b : ShannonBounds.Letter),
      Eq.{1} (a.sep b) Bool.true →
        ∀ (x : Fin 3 → ShannonBounds.Letter),
          Membership.mem.{0, 0} (ShannonBounds.C11R5Tables.T_31d500a381a04d9a a) x →
            ∀ (y : Fin 3 → ShannonBounds.Letter),
              Membership.mem.{0, 0} (ShannonBounds.C11R5Tables.T_31d500a381a04d9a b) y →
                ∃ i, Eq.{1} ((x i).sep (y i)) Bool.true))
  Bool.true
NATIVE_BOOL_AXIOM_CHECKED: ShannonBounds.C11R5Tables.S_36518f191584a644._native.native_decide.ax_1
NATIVE_BOOL_AXIOM_TYPE: Eq.{1}
  (Decidable.decide
    (∀ (a : ShannonBounds.Letter) (x : Fin 3 → ShannonBounds.Letter),
      Membership.mem.{0, 0} (ShannonBounds.C11R5Tables.T_36518f191584a644 a) x →
        ∀ (y : Fin 3 → ShannonBounds.Letter),
          Membership.mem.{0, 0} (ShannonBounds.C11R5Tables.T_36518f191584a644 a) y →
            Ne.{1} x y → ∃ i, Eq.{1} ((x i).sep (y i)) Bool.true))
  Bool.true
NATIVE_BOOL_AXIOM_CHECKED: ShannonBounds.C11R5Tables.S_36518f191584a644._native.native_decide.ax_2
NATIVE_BOOL_AXIOM_TYPE: Eq.{1}
  (Decidable.decide
    (∀ (a b : ShannonBounds.Letter),
      Eq.{1} (a.sep b) Bool.true →
        ∀ (x : Fin 3 → ShannonBounds.Letter),
          Membership.mem.{0, 0} (ShannonBounds.C11R5Tables.T_36518f191584a644 a) x →
            ∀ (y : Fin 3 → ShannonBounds.Letter),
              Membership.mem.{0, 0} (ShannonBounds.C11R5Tables.T_36518f191584a644 b) y →
                ∃ i, Eq.{1} ((x i).sep (y i)) Bool.true))
  Bool.true
NATIVE_BOOL_AXIOM_CHECKED: ShannonBounds.C11R5Tables.S_3b145410351af05c._native.native_decide.ax_1
NATIVE_BOOL_AXIOM_TYPE: Eq.{1}
  (Decidable.decide
    (∀ (a : ShannonBounds.Letter) (x : Fin 3 → ShannonBounds.Letter),
      Membership.mem.{0, 0} (ShannonBounds.C11R5Tables.T_3b145410351af05c a) x →
        ∀ (y : Fin 3 → ShannonBounds.Letter),
          Membership.mem.{0, 0} (ShannonBounds.C11R5Tables.T_3b145410351af05c a) y →
            Ne.{1} x y → ∃ i, Eq.{1} ((x i).sep (y i)) Bool.true))
  Bool.true
NATIVE_BOOL_AXIOM_CHECKED: ShannonBounds.C11R5Tables.S_3b145410351af05c._native.native_decide.ax_2
NATIVE_BOOL_AXIOM_TYPE: Eq.{1}
  (Decidable.decide
    (∀ (a b : ShannonBounds.Letter),
      Eq.{1} (a.sep b) Bool.true →
        ∀ (x : Fin 3 → ShannonBounds.Letter),
          Membership.mem.{0, 0} (ShannonBounds.C11R5Tables.T_3b145410351af05c a) x →
            ∀ (y : Fin 3 → ShannonBounds.Letter),
              Membership.mem.{0, 0} (ShannonBounds.C11R5Tables.T_3b145410351af05c b) y →
                ∃ i, Eq.{1} ((x i).sep (y i)) Bool.true))
  Bool.true
NATIVE_BOOL_AXIOM_CHECKED: ShannonBounds.C11R5Tables.S_3daf90758a80fbb9._native.native_decide.ax_1
NATIVE_BOOL_AXIOM_TYPE: Eq.{1}
  (Decidable.decide
    (∀ (a : ShannonBounds.Letter) (x : Fin 3 → ShannonBounds.Letter),
      Membership.mem.{0, 0} (ShannonBounds.C11R5Tables.T_3daf90758a80fbb9 a) x →
        ∀ (y : Fin 3 → ShannonBounds.Letter),
          Membership.mem.{0, 0} (ShannonBounds.C11R5Tables.T_3daf90758a80fbb9 a) y →
            Ne.{1} x y → ∃ i, Eq.{1} ((x i).sep (y i)) Bool.true))
  Bool.true
NATIVE_BOOL_AXIOM_CHECKED: ShannonBounds.C11R5Tables.S_3daf90758a80fbb9._native.native_decide.ax_2
NATIVE_BOOL_AXIOM_TYPE: Eq.{1}
  (Decidable.decide
    (∀ (a b : ShannonBounds.Letter),
      Eq.{1} (a.sep b) Bool.true →
        ∀ (x : Fin 3 → ShannonBounds.Letter),
          Membership.mem.{0, 0} (ShannonBounds.C11R5Tables.T_3daf90758a80fbb9 a) x →
            ∀ (y : Fin 3 → ShannonBounds.Letter),
              Membership.mem.{0, 0} (ShannonBounds.C11R5Tables.T_3daf90758a80fbb9 b) y →
                ∃ i, Eq.{1} ((x i).sep (y i)) Bool.true))
  Bool.true
NATIVE_BOOL_AXIOM_CHECKED: ShannonBounds.C11R5Tables.S_3e8694d6a5bfe173._native.native_decide.ax_1
NATIVE_BOOL_AXIOM_TYPE: Eq.{1}
  (Decidable.decide
    (∀ (a : ShannonBounds.Letter) (x : Fin 3 → ShannonBounds.Letter),
      Membership.mem.{0, 0} (ShannonBounds.C11R5Tables.T_3e8694d6a5bfe173 a) x →
        ∀ (y : Fin 3 → ShannonBounds.Letter),
          Membership.mem.{0, 0} (ShannonBounds.C11R5Tables.T_3e8694d6a5bfe173 a) y →
            Ne.{1} x y → ∃ i, Eq.{1} ((x i).sep (y i)) Bool.true))
  Bool.true
NATIVE_BOOL_AXIOM_CHECKED: ShannonBounds.C11R5Tables.S_3e8694d6a5bfe173._native.native_decide.ax_2
NATIVE_BOOL_AXIOM_TYPE: Eq.{1}
  (Decidable.decide
    (∀ (a b : ShannonBounds.Letter),
      Eq.{1} (a.sep b) Bool.true →
        ∀ (x : Fin 3 → ShannonBounds.Letter),
          Membership.mem.{0, 0} (ShannonBounds.C11R5Tables.T_3e8694d6a5bfe173 a) x →
            ∀ (y : Fin 3 → ShannonBounds.Letter),
              Membership.mem.{0, 0} (ShannonBounds.C11R5Tables.T_3e8694d6a5bfe173 b) y →
                ∃ i, Eq.{1} ((x i).sep (y i)) Bool.true))
  Bool.true
NATIVE_BOOL_AXIOM_CHECKED: ShannonBounds.C11R5Tables.S_59b3ea5954777333._native.native_decide.ax_1
NATIVE_BOOL_AXIOM_TYPE: Eq.{1}
  (Decidable.decide
    (∀ (a : ShannonBounds.Letter) (x : Fin 3 → ShannonBounds.Letter),
      Membership.mem.{0, 0} (ShannonBounds.C11R5Tables.T_59b3ea5954777333 a) x →
        ∀ (y : Fin 3 → ShannonBounds.Letter),
          Membership.mem.{0, 0} (ShannonBounds.C11R5Tables.T_59b3ea5954777333 a) y →
            Ne.{1} x y → ∃ i, Eq.{1} ((x i).sep (y i)) Bool.true))
  Bool.true
NATIVE_BOOL_AXIOM_CHECKED: ShannonBounds.C11R5Tables.S_59b3ea5954777333._native.native_decide.ax_2
NATIVE_BOOL_AXIOM_TYPE: Eq.{1}
  (Decidable.decide
    (∀ (a b : ShannonBounds.Letter),
      Eq.{1} (a.sep b) Bool.true →
        ∀ (x : Fin 3 → ShannonBounds.Letter),
          Membership.mem.{0, 0} (ShannonBounds.C11R5Tables.T_59b3ea5954777333 a) x →
            ∀ (y : Fin 3 → ShannonBounds.Letter),
              Membership.mem.{0, 0} (ShannonBounds.C11R5Tables.T_59b3ea5954777333 b) y →
                ∃ i, Eq.{1} ((x i).sep (y i)) Bool.true))
  Bool.true
NATIVE_BOOL_AXIOM_CHECKED: ShannonBounds.C11R5Tables.S_6356700cb05251b5._native.native_decide.ax_1
NATIVE_BOOL_AXIOM_TYPE: Eq.{1}
  (Decidable.decide
    (∀ (a : ShannonBounds.Letter) (x : Fin 3 → ShannonBounds.Letter),
      Membership.mem.{0, 0} (ShannonBounds.C11R5Tables.T_6356700cb05251b5 a) x →
        ∀ (y : Fin 3 → ShannonBounds.Letter),
          Membership.mem.{0, 0} (ShannonBounds.C11R5Tables.T_6356700cb05251b5 a) y →
            Ne.{1} x y → ∃ i, Eq.{1} ((x i).sep (y i)) Bool.true))
  Bool.true
NATIVE_BOOL_AXIOM_CHECKED: ShannonBounds.C11R5Tables.S_6356700cb05251b5._native.native_decide.ax_2
NATIVE_BOOL_AXIOM_TYPE: Eq.{1}
  (Decidable.decide
    (∀ (a b : ShannonBounds.Letter),
      Eq.{1} (a.sep b) Bool.true →
        ∀ (x : Fin 3 → ShannonBounds.Letter),
          Membership.mem.{0, 0} (ShannonBounds.C11R5Tables.T_6356700cb05251b5 a) x →
            ∀ (y : Fin 3 → ShannonBounds.Letter),
              Membership.mem.{0, 0} (ShannonBounds.C11R5Tables.T_6356700cb05251b5 b) y →
                ∃ i, Eq.{1} ((x i).sep (y i)) Bool.true))
  Bool.true
NATIVE_BOOL_AXIOM_CHECKED: ShannonBounds.C11R5Tables.S_660b0244997e1b9c._native.native_decide.ax_1
NATIVE_BOOL_AXIOM_TYPE: Eq.{1}
  (Decidable.decide
    (∀ (a : ShannonBounds.Letter) (x : Fin 3 → ShannonBounds.Letter),
      Membership.mem.{0, 0} (ShannonBounds.C11R5Tables.T_660b0244997e1b9c a) x →
        ∀ (y : Fin 3 → ShannonBounds.Letter),
          Membership.mem.{0, 0} (ShannonBounds.C11R5Tables.T_660b0244997e1b9c a) y →
            Ne.{1} x y → ∃ i, Eq.{1} ((x i).sep (y i)) Bool.true))
  Bool.true
NATIVE_BOOL_AXIOM_CHECKED: ShannonBounds.C11R5Tables.S_660b0244997e1b9c._native.native_decide.ax_2
NATIVE_BOOL_AXIOM_TYPE: Eq.{1}
  (Decidable.decide
    (∀ (a b : ShannonBounds.Letter),
      Eq.{1} (a.sep b) Bool.true →
        ∀ (x : Fin 3 → ShannonBounds.Letter),
          Membership.mem.{0, 0} (ShannonBounds.C11R5Tables.T_660b0244997e1b9c a) x →
            ∀ (y : Fin 3 → ShannonBounds.Letter),
              Membership.mem.{0, 0} (ShannonBounds.C11R5Tables.T_660b0244997e1b9c b) y →
                ∃ i, Eq.{1} ((x i).sep (y i)) Bool.true))
  Bool.true
NATIVE_BOOL_AXIOM_CHECKED: ShannonBounds.C11R5Tables.S_6859b0ec25991d42._native.native_decide.ax_1
NATIVE_BOOL_AXIOM_TYPE: Eq.{1}
  (Decidable.decide
    (∀ (a : ShannonBounds.Letter) (x : Fin 3 → ShannonBounds.Letter),
      Membership.mem.{0, 0} (ShannonBounds.C11R5Tables.T_6859b0ec25991d42 a) x →
        ∀ (y : Fin 3 → ShannonBounds.Letter),
          Membership.mem.{0, 0} (ShannonBounds.C11R5Tables.T_6859b0ec25991d42 a) y →
            Ne.{1} x y → ∃ i, Eq.{1} ((x i).sep (y i)) Bool.true))
  Bool.true
NATIVE_BOOL_AXIOM_CHECKED: ShannonBounds.C11R5Tables.S_6859b0ec25991d42._native.native_decide.ax_2
NATIVE_BOOL_AXIOM_TYPE: Eq.{1}
  (Decidable.decide
    (∀ (a b : ShannonBounds.Letter),
      Eq.{1} (a.sep b) Bool.true →
        ∀ (x : Fin 3 → ShannonBounds.Letter),
          Membership.mem.{0, 0} (ShannonBounds.C11R5Tables.T_6859b0ec25991d42 a) x →
            ∀ (y : Fin 3 → ShannonBounds.Letter),
              Membership.mem.{0, 0} (ShannonBounds.C11R5Tables.T_6859b0ec25991d42 b) y →
                ∃ i, Eq.{1} ((x i).sep (y i)) Bool.true))
  Bool.true
NATIVE_BOOL_AXIOM_CHECKED: ShannonBounds.C11R5Tables.S_77a9709d00257692._native.native_decide.ax_1
NATIVE_BOOL_AXIOM_TYPE: Eq.{1}
  (Decidable.decide
    (∀ (a : ShannonBounds.Letter) (x : Fin 3 → ShannonBounds.Letter),
      Membership.mem.{0, 0} (ShannonBounds.C11R5Tables.T_77a9709d00257692 a) x →
        ∀ (y : Fin 3 → ShannonBounds.Letter),
          Membership.mem.{0, 0} (ShannonBounds.C11R5Tables.T_77a9709d00257692 a) y →
            Ne.{1} x y → ∃ i, Eq.{1} ((x i).sep (y i)) Bool.true))
  Bool.true
NATIVE_BOOL_AXIOM_CHECKED: ShannonBounds.C11R5Tables.S_77a9709d00257692._native.native_decide.ax_2
NATIVE_BOOL_AXIOM_TYPE: Eq.{1}
  (Decidable.decide
    (∀ (a b : ShannonBounds.Letter),
      Eq.{1} (a.sep b) Bool.true →
        ∀ (x : Fin 3 → ShannonBounds.Letter),
          Membership.mem.{0, 0} (ShannonBounds.C11R5Tables.T_77a9709d00257692 a) x →
            ∀ (y : Fin 3 → ShannonBounds.Letter),
              Membership.mem.{0, 0} (ShannonBounds.C11R5Tables.T_77a9709d00257692 b) y →
                ∃ i, Eq.{1} ((x i).sep (y i)) Bool.true))
  Bool.true
NATIVE_BOOL_AXIOM_CHECKED: ShannonBounds.C11R5Tables.S_787c56f586779bfd._native.native_decide.ax_1
NATIVE_BOOL_AXIOM_TYPE: Eq.{1}
  (Decidable.decide
    (∀ (a : ShannonBounds.Letter) (x : Fin 3 → ShannonBounds.Letter),
      Membership.mem.{0, 0} (ShannonBounds.C11R5Tables.T_787c56f586779bfd a) x →
        ∀ (y : Fin 3 → ShannonBounds.Letter),
          Membership.mem.{0, 0} (ShannonBounds.C11R5Tables.T_787c56f586779bfd a) y →
            Ne.{1} x y → ∃ i, Eq.{1} ((x i).sep (y i)) Bool.true))
  Bool.true
NATIVE_BOOL_AXIOM_CHECKED: ShannonBounds.C11R5Tables.S_787c56f586779bfd._native.native_decide.ax_2
NATIVE_BOOL_AXIOM_TYPE: Eq.{1}
  (Decidable.decide
    (∀ (a b : ShannonBounds.Letter),
      Eq.{1} (a.sep b) Bool.true →
        ∀ (x : Fin 3 → ShannonBounds.Letter),
          Membership.mem.{0, 0} (ShannonBounds.C11R5Tables.T_787c56f586779bfd a) x →
            ∀ (y : Fin 3 → ShannonBounds.Letter),
              Membership.mem.{0, 0} (ShannonBounds.C11R5Tables.T_787c56f586779bfd b) y →
                ∃ i, Eq.{1} ((x i).sep (y i)) Bool.true))
  Bool.true
NATIVE_BOOL_AXIOM_CHECKED: ShannonBounds.C11R5Tables.S_7b6c163f0dc4b608._native.native_decide.ax_1
NATIVE_BOOL_AXIOM_TYPE: Eq.{1}
  (Decidable.decide
    (∀ (a : ShannonBounds.Letter) (x : Fin 3 → ShannonBounds.Letter),
      Membership.mem.{0, 0} (ShannonBounds.C11R5Tables.T_7b6c163f0dc4b608 a) x →
        ∀ (y : Fin 3 → ShannonBounds.Letter),
          Membership.mem.{0, 0} (ShannonBounds.C11R5Tables.T_7b6c163f0dc4b608 a) y →
            Ne.{1} x y → ∃ i, Eq.{1} ((x i).sep (y i)) Bool.true))
  Bool.true
NATIVE_BOOL_AXIOM_CHECKED: ShannonBounds.C11R5Tables.S_7b6c163f0dc4b608._native.native_decide.ax_2
NATIVE_BOOL_AXIOM_TYPE: Eq.{1}
  (Decidable.decide
    (∀ (a b : ShannonBounds.Letter),
      Eq.{1} (a.sep b) Bool.true →
        ∀ (x : Fin 3 → ShannonBounds.Letter),
          Membership.mem.{0, 0} (ShannonBounds.C11R5Tables.T_7b6c163f0dc4b608 a) x →
            ∀ (y : Fin 3 → ShannonBounds.Letter),
              Membership.mem.{0, 0} (ShannonBounds.C11R5Tables.T_7b6c163f0dc4b608 b) y →
                ∃ i, Eq.{1} ((x i).sep (y i)) Bool.true))
  Bool.true
NATIVE_BOOL_AXIOM_CHECKED: ShannonBounds.C11R5Tables.S_a41106e52a48b9a6._native.native_decide.ax_1
NATIVE_BOOL_AXIOM_TYPE: Eq.{1}
  (Decidable.decide
    (∀ (a : ShannonBounds.Letter) (x : Fin 3 → ShannonBounds.Letter),
      Membership.mem.{0, 0} (ShannonBounds.C11R5Tables.T_a41106e52a48b9a6 a) x →
        ∀ (y : Fin 3 → ShannonBounds.Letter),
          Membership.mem.{0, 0} (ShannonBounds.C11R5Tables.T_a41106e52a48b9a6 a) y →
            Ne.{1} x y → ∃ i, Eq.{1} ((x i).sep (y i)) Bool.true))
  Bool.true
NATIVE_BOOL_AXIOM_CHECKED: ShannonBounds.C11R5Tables.S_a41106e52a48b9a6._native.native_decide.ax_2
NATIVE_BOOL_AXIOM_TYPE: Eq.{1}
  (Decidable.decide
    (∀ (a b : ShannonBounds.Letter),
      Eq.{1} (a.sep b) Bool.true →
        ∀ (x : Fin 3 → ShannonBounds.Letter),
          Membership.mem.{0, 0} (ShannonBounds.C11R5Tables.T_a41106e52a48b9a6 a) x →
            ∀ (y : Fin 3 → ShannonBounds.Letter),
              Membership.mem.{0, 0} (ShannonBounds.C11R5Tables.T_a41106e52a48b9a6 b) y →
                ∃ i, Eq.{1} ((x i).sep (y i)) Bool.true))
  Bool.true
NATIVE_BOOL_AXIOM_CHECKED: ShannonBounds.C11R5Tables.S_adfa0199080b0c49._native.native_decide.ax_1
NATIVE_BOOL_AXIOM_TYPE: Eq.{1}
  (Decidable.decide
    (∀ (x : Fin 4 → ShannonBounds.Letter),
      Membership.mem.{0, 0} ShannonBounds.C11R5Tables.T_adfa0199080b0c49 x →
        ∀ (y : Fin 4 → ShannonBounds.Letter),
          Membership.mem.{0, 0} ShannonBounds.C11R5Tables.T_adfa0199080b0c49 y →
            Ne.{1} x y → ∃ i, Eq.{1} ((x i).sep (y i)) Bool.true))
  Bool.true
NATIVE_BOOL_AXIOM_CHECKED: ShannonBounds.C11R5Tables.S_b014d29111062762._native.native_decide.ax_1
NATIVE_BOOL_AXIOM_TYPE: Eq.{1}
  (Decidable.decide
    (∀ (a : ShannonBounds.Letter) (x : Fin 2 → ShannonBounds.Letter),
      Membership.mem.{0, 0} (ShannonBounds.C11R5Tables.T_b014d29111062762 a) x →
        ∀ (y : Fin 2 → ShannonBounds.Letter),
          Membership.mem.{0, 0} (ShannonBounds.C11R5Tables.T_b014d29111062762 a) y →
            Ne.{1} x y → ∃ i, Eq.{1} ((x i).sep (y i)) Bool.true))
  Bool.true
NATIVE_BOOL_AXIOM_CHECKED: ShannonBounds.C11R5Tables.S_b014d29111062762._native.native_decide.ax_2
NATIVE_BOOL_AXIOM_TYPE: Eq.{1}
  (Decidable.decide
    (∀ (a b : ShannonBounds.Letter),
      Eq.{1} (a.sep b) Bool.true →
        ∀ (x : Fin 2 → ShannonBounds.Letter),
          Membership.mem.{0, 0} (ShannonBounds.C11R5Tables.T_b014d29111062762 a) x →
            ∀ (y : Fin 2 → ShannonBounds.Letter),
              Membership.mem.{0, 0} (ShannonBounds.C11R5Tables.T_b014d29111062762 b) y →
                ∃ i, Eq.{1} ((x i).sep (y i)) Bool.true))
  Bool.true
NATIVE_BOOL_AXIOM_CHECKED: ShannonBounds.C11R5Tables.S_cc0e5d2202d76d5d._native.native_decide.ax_1
NATIVE_BOOL_AXIOM_TYPE: Eq.{1}
  (Decidable.decide
    (∀ (a : ShannonBounds.Letter) (x : Fin 3 → ShannonBounds.Letter),
      Membership.mem.{0, 0} (ShannonBounds.C11R5Tables.T_cc0e5d2202d76d5d a) x →
        ∀ (y : Fin 3 → ShannonBounds.Letter),
          Membership.mem.{0, 0} (ShannonBounds.C11R5Tables.T_cc0e5d2202d76d5d a) y →
            Ne.{1} x y → ∃ i, Eq.{1} ((x i).sep (y i)) Bool.true))
  Bool.true
NATIVE_BOOL_AXIOM_CHECKED: ShannonBounds.C11R5Tables.S_cc0e5d2202d76d5d._native.native_decide.ax_2
NATIVE_BOOL_AXIOM_TYPE: Eq.{1}
  (Decidable.decide
    (∀ (a b : ShannonBounds.Letter),
      Eq.{1} (a.sep b) Bool.true →
        ∀ (x : Fin 3 → ShannonBounds.Letter),
          Membership.mem.{0, 0} (ShannonBounds.C11R5Tables.T_cc0e5d2202d76d5d a) x →
            ∀ (y : Fin 3 → ShannonBounds.Letter),
              Membership.mem.{0, 0} (ShannonBounds.C11R5Tables.T_cc0e5d2202d76d5d b) y →
                ∃ i, Eq.{1} ((x i).sep (y i)) Bool.true))
  Bool.true
NATIVE_BOOL_AXIOM_CHECKED: ShannonBounds.C11R5Tables.S_cd41b86686c50a10._native.native_decide.ax_1
NATIVE_BOOL_AXIOM_TYPE: Eq.{1}
  (Decidable.decide
    (∀ (a : ShannonBounds.Letter) (x : Fin 2 → ShannonBounds.Letter),
      Membership.mem.{0, 0} (ShannonBounds.C11R5Tables.T_cd41b86686c50a10 a) x →
        ∀ (y : Fin 2 → ShannonBounds.Letter),
          Membership.mem.{0, 0} (ShannonBounds.C11R5Tables.T_cd41b86686c50a10 a) y →
            Ne.{1} x y → ∃ i, Eq.{1} ((x i).sep (y i)) Bool.true))
  Bool.true
NATIVE_BOOL_AXIOM_CHECKED: ShannonBounds.C11R5Tables.S_cd41b86686c50a10._native.native_decide.ax_2
NATIVE_BOOL_AXIOM_TYPE: Eq.{1}
  (Decidable.decide
    (∀ (a b : ShannonBounds.Letter),
      Eq.{1} (a.sep b) Bool.true →
        ∀ (x : Fin 2 → ShannonBounds.Letter),
          Membership.mem.{0, 0} (ShannonBounds.C11R5Tables.T_cd41b86686c50a10 a) x →
            ∀ (y : Fin 2 → ShannonBounds.Letter),
              Membership.mem.{0, 0} (ShannonBounds.C11R5Tables.T_cd41b86686c50a10 b) y →
                ∃ i, Eq.{1} ((x i).sep (y i)) Bool.true))
  Bool.true
NATIVE_BOOL_AXIOM_CHECKED: ShannonBounds.C11R5Tables.S_cfb0e1863855bcb0._native.native_decide.ax_1
NATIVE_BOOL_AXIOM_TYPE: Eq.{1}
  (Decidable.decide
    (∀ (x : Fin 4 → ShannonBounds.Letter),
      Membership.mem.{0, 0} ShannonBounds.C11R5Tables.T_cfb0e1863855bcb0 x →
        ∀ (y : Fin 4 → ShannonBounds.Letter),
          Membership.mem.{0, 0} ShannonBounds.C11R5Tables.T_cfb0e1863855bcb0 y →
            Ne.{1} x y → ∃ i, Eq.{1} ((x i).sep (y i)) Bool.true))
  Bool.true
NATIVE_BOOL_AXIOM_CHECKED: ShannonBounds.C11R5Tables.S_e620baced0654ce9._native.native_decide.ax_1
NATIVE_BOOL_AXIOM_TYPE: Eq.{1}
  (Decidable.decide
    (∀ (a : ShannonBounds.Letter) (x : Fin 3 → ShannonBounds.Letter),
      Membership.mem.{0, 0} (ShannonBounds.C11R5Tables.T_e620baced0654ce9 a) x →
        ∀ (y : Fin 3 → ShannonBounds.Letter),
          Membership.mem.{0, 0} (ShannonBounds.C11R5Tables.T_e620baced0654ce9 a) y →
            Ne.{1} x y → ∃ i, Eq.{1} ((x i).sep (y i)) Bool.true))
  Bool.true
NATIVE_BOOL_AXIOM_CHECKED: ShannonBounds.C11R5Tables.S_e620baced0654ce9._native.native_decide.ax_2
NATIVE_BOOL_AXIOM_TYPE: Eq.{1}
  (Decidable.decide
    (∀ (a b : ShannonBounds.Letter),
      Eq.{1} (a.sep b) Bool.true →
        ∀ (x : Fin 3 → ShannonBounds.Letter),
          Membership.mem.{0, 0} (ShannonBounds.C11R5Tables.T_e620baced0654ce9 a) x →
            ∀ (y : Fin 3 → ShannonBounds.Letter),
              Membership.mem.{0, 0} (ShannonBounds.C11R5Tables.T_e620baced0654ce9 b) y →
                ∃ i, Eq.{1} ((x i).sep (y i)) Bool.true))
  Bool.true
NATIVE_BOOL_AXIOM_CHECKED: ShannonBounds.C11R5Tables.S_e788020168e26abb._native.native_decide.ax_1
NATIVE_BOOL_AXIOM_TYPE: Eq.{1}
  (Decidable.decide
    (∀ (a : ShannonBounds.Letter) (x : Fin 2 → ShannonBounds.Letter),
      Membership.mem.{0, 0} (ShannonBounds.C11R5Tables.T_e788020168e26abb a) x →
        ∀ (y : Fin 2 → ShannonBounds.Letter),
          Membership.mem.{0, 0} (ShannonBounds.C11R5Tables.T_e788020168e26abb a) y →
            Ne.{1} x y → ∃ i, Eq.{1} ((x i).sep (y i)) Bool.true))
  Bool.true
NATIVE_BOOL_AXIOM_CHECKED: ShannonBounds.C11R5Tables.S_e788020168e26abb._native.native_decide.ax_2
NATIVE_BOOL_AXIOM_TYPE: Eq.{1}
  (Decidable.decide
    (∀ (a b : ShannonBounds.Letter),
      Eq.{1} (a.sep b) Bool.true →
        ∀ (x : Fin 2 → ShannonBounds.Letter),
          Membership.mem.{0, 0} (ShannonBounds.C11R5Tables.T_e788020168e26abb a) x →
            ∀ (y : Fin 2 → ShannonBounds.Letter),
              Membership.mem.{0, 0} (ShannonBounds.C11R5Tables.T_e788020168e26abb b) y →
                ∃ i, Eq.{1} ((x i).sep (y i)) Bool.true))
  Bool.true
NATIVE_BOOL_AXIOM_CHECKED: ShannonBounds.C11R5Tables.S_e9ef2871c79d62be._native.native_decide.ax_1
NATIVE_BOOL_AXIOM_TYPE: Eq.{1}
  (Decidable.decide
    (∀ (a : ShannonBounds.Letter) (x : Fin 2 → ShannonBounds.Letter),
      Membership.mem.{0, 0} (ShannonBounds.C11R5Tables.T_e9ef2871c79d62be a) x →
        ∀ (y : Fin 2 → ShannonBounds.Letter),
          Membership.mem.{0, 0} (ShannonBounds.C11R5Tables.T_e9ef2871c79d62be a) y →
            Ne.{1} x y → ∃ i, Eq.{1} ((x i).sep (y i)) Bool.true))
  Bool.true
NATIVE_BOOL_AXIOM_CHECKED: ShannonBounds.C11R5Tables.S_e9ef2871c79d62be._native.native_decide.ax_2
NATIVE_BOOL_AXIOM_TYPE: Eq.{1}
  (Decidable.decide
    (∀ (a b : ShannonBounds.Letter),
      Eq.{1} (a.sep b) Bool.true →
        ∀ (x : Fin 2 → ShannonBounds.Letter),
          Membership.mem.{0, 0} (ShannonBounds.C11R5Tables.T_e9ef2871c79d62be a) x →
            ∀ (y : Fin 2 → ShannonBounds.Letter),
              Membership.mem.{0, 0} (ShannonBounds.C11R5Tables.T_e9ef2871c79d62be b) y →
                ∃ i, Eq.{1} ((x i).sep (y i)) Bool.true))
  Bool.true
NATIVE_BOOL_AXIOM_CHECKED: ShannonBounds.C11R5Tables.S_f509c81899188c6f._native.native_decide.ax_1
NATIVE_BOOL_AXIOM_TYPE: Eq.{1}
  (Decidable.decide
    (∀ (a : ShannonBounds.Letter) (x : Fin 3 → ShannonBounds.Letter),
      Membership.mem.{0, 0} (ShannonBounds.C11R5Tables.T_f509c81899188c6f a) x →
        ∀ (y : Fin 3 → ShannonBounds.Letter),
          Membership.mem.{0, 0} (ShannonBounds.C11R5Tables.T_f509c81899188c6f a) y →
            Ne.{1} x y → ∃ i, Eq.{1} ((x i).sep (y i)) Bool.true))
  Bool.true
NATIVE_BOOL_AXIOM_CHECKED: ShannonBounds.C11R5Tables.S_f509c81899188c6f._native.native_decide.ax_2
NATIVE_BOOL_AXIOM_TYPE: Eq.{1}
  (Decidable.decide
    (∀ (a b : ShannonBounds.Letter),
      Eq.{1} (a.sep b) Bool.true →
        ∀ (x : Fin 3 → ShannonBounds.Letter),
          Membership.mem.{0, 0} (ShannonBounds.C11R5Tables.T_f509c81899188c6f a) x →
            ∀ (y : Fin 3 → ShannonBounds.Letter),
              Membership.mem.{0, 0} (ShannonBounds.C11R5Tables.T_f509c81899188c6f b) y →
                ∃ i, Eq.{1} ((x i).sep (y i)) Bool.true))
  Bool.true
NATIVE_BOOL_AXIOM_CHECKED: ShannonBounds.C11R5Tables.S_f621e9dcab9f974c._native.native_decide.ax_1
NATIVE_BOOL_AXIOM_TYPE: Eq.{1}
  (Decidable.decide
    (∀ (a : ShannonBounds.Letter) (x : Fin 3 → ShannonBounds.Letter),
      Membership.mem.{0, 0} (ShannonBounds.C11R5Tables.T_f621e9dcab9f974c a) x →
        ∀ (y : Fin 3 → ShannonBounds.Letter),
          Membership.mem.{0, 0} (ShannonBounds.C11R5Tables.T_f621e9dcab9f974c a) y →
            Ne.{1} x y → ∃ i, Eq.{1} ((x i).sep (y i)) Bool.true))
  Bool.true
NATIVE_BOOL_AXIOM_CHECKED: ShannonBounds.C11R5Tables.S_f621e9dcab9f974c._native.native_decide.ax_2
NATIVE_BOOL_AXIOM_TYPE: Eq.{1}
  (Decidable.decide
    (∀ (a b : ShannonBounds.Letter),
      Eq.{1} (a.sep b) Bool.true →
        ∀ (x : Fin 3 → ShannonBounds.Letter),
          Membership.mem.{0, 0} (ShannonBounds.C11R5Tables.T_f621e9dcab9f974c a) x →
            ∀ (y : Fin 3 → ShannonBounds.Letter),
              Membership.mem.{0, 0} (ShannonBounds.C11R5Tables.T_f621e9dcab9f974c b) y →
                ∃ i, Eq.{1} ((x i).sep (y i)) Bool.true))
  Bool.true
NATIVE_BOOL_AXIOM_CHECKED: ShannonBounds.C11R5Tables.S_f97d79adc1a9e27c._native.native_decide.ax_1
NATIVE_BOOL_AXIOM_TYPE: Eq.{1}
  (Decidable.decide
    (∀ (a : ShannonBounds.Letter) (x : Fin 3 → ShannonBounds.Letter),
      Membership.mem.{0, 0} (ShannonBounds.C11R5Tables.T_f97d79adc1a9e27c a) x →
        ∀ (y : Fin 3 → ShannonBounds.Letter),
          Membership.mem.{0, 0} (ShannonBounds.C11R5Tables.T_f97d79adc1a9e27c a) y →
            Ne.{1} x y → ∃ i, Eq.{1} ((x i).sep (y i)) Bool.true))
  Bool.true
NATIVE_BOOL_AXIOM_CHECKED: ShannonBounds.C11R5Tables.S_f97d79adc1a9e27c._native.native_decide.ax_2
NATIVE_BOOL_AXIOM_TYPE: Eq.{1}
  (Decidable.decide
    (∀ (a b : ShannonBounds.Letter),
      Eq.{1} (a.sep b) Bool.true →
        ∀ (x : Fin 3 → ShannonBounds.Letter),
          Membership.mem.{0, 0} (ShannonBounds.C11R5Tables.T_f97d79adc1a9e27c a) x →
            ∀ (y : Fin 3 → ShannonBounds.Letter),
              Membership.mem.{0, 0} (ShannonBounds.C11R5Tables.T_f97d79adc1a9e27c b) y →
                ∃ i, Eq.{1} ((x i).sep (y i)) Bool.true))
  Bool.true
