$ lake env lean -o C11R5_AxiomAudit.olean C11R5_AxiomAudit.lean
R5_scope_set_186 :
  ∃ S,
    SimpleGraph.IsIndepSet.{0} (SimpleGraph.strongPower.{0} (SimpleGraph.cycleGraph 11) 186) ↑S ∧
      Eq.{1} (Finset.card.{0} S)
        443270157200265347115284826329865904474755713155493374073233878851201668185355198338517321290509706352279222882837542619589988350408464
R5_scope_capacity_186 : LE.le.{0} 5.295498140339058 (ShannonBounds.shannonCapacity.{0} (SimpleGraph.cycleGraph 11))
R5_scope_bracket_186 :
  LE.le.{0} (5295498140339058 / 1000000000000000)
      (HPow.hPow.{0, 0, 0}
        443270157200265347115284826329865904474755713155493374073233878851201668185355198338517321290509706352279222882837542619589988350408464
        (HDiv.hDiv.{0, 0, 0} 1 ↑186)) ∧
    LT.lt.{0}
      (HPow.hPow.{0, 0, 0}
        443270157200265347115284826329865904474755713155493374073233878851201668185355198338517321290509706352279222882837542619589988350408464
        (HDiv.hDiv.{0, 0, 0} 1 ↑186))
      (5295498140339059 / 1000000000000000)
R5_scope_comparison_186_BPZ_207 :
  LT.lt.{0}
    (HPow.hPow.{0, 0, 0}
      705688158939417766083006128695703821080101605304173623991920300506716846627203440324635068341693109509608786929844839653207121849017872676157797788816
      (HDiv.hDiv.{0, 0, 0} 1 ↑207))
    (HPow.hPow.{0, 0, 0}
      443270157200265347115284826329865904474755713155493374073233878851201668185355198338517321290509706352279222882837542619589988350408464
      (HDiv.hDiv.{0, 0, 0} 1 ↑186))
R5_scope_comparison_186_R3_207 :
  LT.lt.{0}
    (HPow.hPow.{0, 0, 0}
      705692619930489413584189552943991443716392885026759451863953624242911159057444856108323516589876967077721069272782760798453832061060020786354479288616
      (HDiv.hDiv.{0, 0, 0} 1 ↑207))
    (HPow.hPow.{0, 0, 0}
      443270157200265347115284826329865904474755713155493374073233878851201668185355198338517321290509706352279222882837542619589988350408464
      (HDiv.hDiv.{0, 0, 0} 1 ↑186))
R5_scope_comparison_186_R4_201 :
  LT.lt.{0}
    (HPow.hPow.{0, 0, 0}
      32002673683286069537407802496635290542708504485557757541357004314290758191808590819113831084345541929742202157575979409830403540320810360987701516
      (HDiv.hDiv.{0, 0, 0} 1 ↑201))
    (HPow.hPow.{0, 0, 0}
      443270157200265347115284826329865904474755713155493374073233878851201668185355198338517321290509706352279222882837542619589988350408464
      (HDiv.hDiv.{0, 0, 0} 1 ↑186))
R5_scope_comparison_186_R4_210 :
  LT.lt.{0}
    (HPow.hPow.{0, 0, 0}
      104801829423661587743253299322841646006536831006849180624356444952325998520513365767989569418211784335842097686417867068684116769869616301057472136612714
      (HDiv.hDiv.{0, 0, 0} 1 ↑210))
    (HPow.hPow.{0, 0, 0}
      443270157200265347115284826329865904474755713155493374073233878851201668185355198338517321290509706352279222882837542619589988350408464
      (HDiv.hDiv.{0, 0, 0} 1 ↑186))
R5_scope_set_198 :
  ∃ S,
    SimpleGraph.IsIndepSet.{0} (SimpleGraph.strongPower.{0} (SimpleGraph.cycleGraph 11) 198) ↑S ∧
      Eq.{1} (Finset.card.{0} S)
        215646095940880307358247576980823349483595594251592326034771350156505941167027753389393565833792562656142818333030435546482415612817144515859336
R5_scope_capacity_198 : LE.le.{0} 5.295509919114478 (ShannonBounds.shannonCapacity.{0} (SimpleGraph.cycleGraph 11))
R5_scope_bracket_198 :
  LE.le.{0} (5295509919114478 / 1000000000000000)
      (HPow.hPow.{0, 0, 0}
        215646095940880307358247576980823349483595594251592326034771350156505941167027753389393565833792562656142818333030435546482415612817144515859336
        (HDiv.hDiv.{0, 0, 0} 1 ↑198)) ∧
    LT.lt.{0}
      (HPow.hPow.{0, 0, 0}
        215646095940880307358247576980823349483595594251592326034771350156505941167027753389393565833792562656142818333030435546482415612817144515859336
        (HDiv.hDiv.{0, 0, 0} 1 ↑198))
      (5295509919114479 / 1000000000000000)
R5_scope_comparison_198_BPZ_207 :
  LT.lt.{0}
    (HPow.hPow.{0, 0, 0}
      705688158939417766083006128695703821080101605304173623991920300506716846627203440324635068341693109509608786929844839653207121849017872676157797788816
      (HDiv.hDiv.{0, 0, 0} 1 ↑207))
    (HPow.hPow.{0, 0, 0}
      215646095940880307358247576980823349483595594251592326034771350156505941167027753389393565833792562656142818333030435546482415612817144515859336
      (HDiv.hDiv.{0, 0, 0} 1 ↑198))
R5_scope_comparison_198_R3_207 :
  LT.lt.{0}
    (HPow.hPow.{0, 0, 0}
      705692619930489413584189552943991443716392885026759451863953624242911159057444856108323516589876967077721069272782760798453832061060020786354479288616
      (HDiv.hDiv.{0, 0, 0} 1 ↑207))
    (HPow.hPow.{0, 0, 0}
      215646095940880307358247576980823349483595594251592326034771350156505941167027753389393565833792562656142818333030435546482415612817144515859336
      (HDiv.hDiv.{0, 0, 0} 1 ↑198))
R5_scope_comparison_198_R4_201 :
  LT.lt.{0}
    (HPow.hPow.{0, 0, 0}
      32002673683286069537407802496635290542708504485557757541357004314290758191808590819113831084345541929742202157575979409830403540320810360987701516
      (HDiv.hDiv.{0, 0, 0} 1 ↑201))
    (HPow.hPow.{0, 0, 0}
      215646095940880307358247576980823349483595594251592326034771350156505941167027753389393565833792562656142818333030435546482415612817144515859336
      (HDiv.hDiv.{0, 0, 0} 1 ↑198))
R5_scope_comparison_198_R4_210 :
  LT.lt.{0}
    (HPow.hPow.{0, 0, 0}
      104801829423661587743253299322841646006536831006849180624356444952325998520513365767989569418211784335842097686417867068684116769869616301057472136612714
      (HDiv.hDiv.{0, 0, 0} 1 ↑210))
    (HPow.hPow.{0, 0, 0}
      215646095940880307358247576980823349483595594251592326034771350156505941167027753389393565833792562656142818333030435546482415612817144515859336
      (HDiv.hDiv.{0, 0, 0} 1 ↑198))
R5_scope_set_213 :
  ∃ S,
    SimpleGraph.IsIndepSet.{0} (SimpleGraph.strongPower.{0} (SimpleGraph.cycleGraph 11) 213) ↑S ∧
      Eq.{1} (Finset.card.{0} S)
        15575655426175670262980356243306221873167074980689569793363838130479999529429857666850517103134244772329978664731663687319144867678577766570404657587474324
R5_scope_capacity_213 : LE.le.{0} 5.295514953483263 (ShannonBounds.shannonCapacity.{0} (SimpleGraph.cycleGraph 11))
R5_scope_bracket_213 :
  LE.le.{0} (5295514953483263 / 1000000000000000)
      (HPow.hPow.{0, 0, 0}
        15575655426175670262980356243306221873167074980689569793363838130479999529429857666850517103134244772329978664731663687319144867678577766570404657587474324
        (HDiv.hDiv.{0, 0, 0} 1 ↑213)) ∧
    LT.lt.{0}
      (HPow.hPow.{0, 0, 0}
        15575655426175670262980356243306221873167074980689569793363838130479999529429857666850517103134244772329978664731663687319144867678577766570404657587474324
        (HDiv.hDiv.{0, 0, 0} 1 ↑213))
      (5295514953483264 / 1000000000000000)
R5_scope_comparison_213_BPZ_207 :
  LT.lt.{0}
    (HPow.hPow.{0, 0, 0}
      705688158939417766083006128695703821080101605304173623991920300506716846627203440324635068341693109509608786929844839653207121849017872676157797788816
      (HDiv.hDiv.{0, 0, 0} 1 ↑207))
    (HPow.hPow.{0, 0, 0}
      15575655426175670262980356243306221873167074980689569793363838130479999529429857666850517103134244772329978664731663687319144867678577766570404657587474324
      (HDiv.hDiv.{0, 0, 0} 1 ↑213))
R5_scope_comparison_213_R3_207 :
  LT.lt.{0}
    (HPow.hPow.{0, 0, 0}
      705692619930489413584189552943991443716392885026759451863953624242911159057444856108323516589876967077721069272782760798453832061060020786354479288616
      (HDiv.hDiv.{0, 0, 0} 1 ↑207))
    (HPow.hPow.{0, 0, 0}
      15575655426175670262980356243306221873167074980689569793363838130479999529429857666850517103134244772329978664731663687319144867678577766570404657587474324
      (HDiv.hDiv.{0, 0, 0} 1 ↑213))
R5_scope_comparison_213_R4_201 :
  LT.lt.{0}
    (HPow.hPow.{0, 0, 0}
      32002673683286069537407802496635290542708504485557757541357004314290758191808590819113831084345541929742202157575979409830403540320810360987701516
      (HDiv.hDiv.{0, 0, 0} 1 ↑201))
    (HPow.hPow.{0, 0, 0}
      15575655426175670262980356243306221873167074980689569793363838130479999529429857666850517103134244772329978664731663687319144867678577766570404657587474324
      (HDiv.hDiv.{0, 0, 0} 1 ↑213))
R5_scope_comparison_213_R4_210 :
  LT.lt.{0}
    (HPow.hPow.{0, 0, 0}
      104801829423661587743253299322841646006536831006849180624356444952325998520513365767989569418211784335842097686417867068684116769869616301057472136612714
      (HDiv.hDiv.{0, 0, 0} 1 ↑210))
    (HPow.hPow.{0, 0, 0}
      15575655426175670262980356243306221873167074980689569793363838130479999529429857666850517103134244772329978664731663687319144867678577766570404657587474324
      (HDiv.hDiv.{0, 0, 0} 1 ↑213))
'ShannonBounds.C11R5Common.root_lt_of_cross_power' depends on axioms: [propext, Classical.choice.{u}, Quot.sound.{u}]
'ShannonBounds.C11R5Common.root_lt_decimal' depends on axioms: [propext, Classical.choice.{u}, Quot.sound.{u}]
'ShannonBounds.C11R5Tables.S_0058d965adce02f4' depends on axioms: [propext,
 Classical.choice.{u},
 Quot.sound.{u},
 ShannonBounds.C11R5Tables.S_0058d965adce02f4._native.native_decide.ax_1,
 ShannonBounds.C11R5Tables.S_0058d965adce02f4._native.native_decide.ax_2]
'ShannonBounds.C11R5Tables.S_01f11d8929277edb' depends on axioms: [propext,
 Classical.choice.{u},
 Quot.sound.{u},
 ShannonBounds.C11R5Tables.S_01f11d8929277edb._native.native_decide.ax_1,
 ShannonBounds.C11R5Tables.S_01f11d8929277edb._native.native_decide.ax_2]
'ShannonBounds.C11R5Tables.S_04339297651c9c49' depends on axioms: [propext,
 Classical.choice.{u},
 Quot.sound.{u},
 ShannonBounds.C11R5Tables.S_04339297651c9c49._native.native_decide.ax_1,
 ShannonBounds.C11R5Tables.S_04339297651c9c49._native.native_decide.ax_2]
'ShannonBounds.C11R5Tables.S_0ac0bf4804630912' depends on axioms: [propext,
 Classical.choice.{u},
 Quot.sound.{u},
 ShannonBounds.C11R5Tables.S_0ac0bf4804630912._native.native_decide.ax_1,
 ShannonBounds.C11R5Tables.S_0ac0bf4804630912._native.native_decide.ax_2]
'ShannonBounds.C11R5Tables.S_0c7cb632d1153343' depends on axioms: [propext,
 Classical.choice.{u},
 Quot.sound.{u},
 ShannonBounds.C11R5Tables.S_0c7cb632d1153343._native.native_decide.ax_1,
 ShannonBounds.C11R5Tables.S_0c7cb632d1153343._native.native_decide.ax_2]
'ShannonBounds.C11R5Tables.S_15769811f129f696' depends on axioms: [propext,
 Classical.choice.{u},
 Quot.sound.{u},
 ShannonBounds.C11R5Tables.S_15769811f129f696._native.native_decide.ax_1,
 ShannonBounds.C11R5Tables.S_15769811f129f696._native.native_decide.ax_2]
'ShannonBounds.C11R5Tables.S_18277b0c484b4c41' depends on axioms: [propext,
 Classical.choice.{u},
 Quot.sound.{u},
 ShannonBounds.C11R5Tables.S_18277b0c484b4c41._native.native_decide.ax_1,
 ShannonBounds.C11R5Tables.S_18277b0c484b4c41._native.native_decide.ax_2]
'ShannonBounds.C11R5Tables.S_313b085cba4d0ce6' depends on axioms: [propext,
 Classical.choice.{u},
 Quot.sound.{u},
 ShannonBounds.C11R5Tables.S_313b085cba4d0ce6._native.native_decide.ax_1]
'ShannonBounds.C11R5Tables.S_31d500a381a04d9a' depends on axioms: [propext,
 Classical.choice.{u},
 Quot.sound.{u},
 ShannonBounds.C11R5Tables.S_31d500a381a04d9a._native.native_decide.ax_1,
 ShannonBounds.C11R5Tables.S_31d500a381a04d9a._native.native_decide.ax_2]
'ShannonBounds.C11R5Tables.S_36518f191584a644' depends on axioms: [propext,
 Classical.choice.{u},
 Quot.sound.{u},
 ShannonBounds.C11R5Tables.S_36518f191584a644._native.native_decide.ax_1,
 ShannonBounds.C11R5Tables.S_36518f191584a644._native.native_decide.ax_2]
'ShannonBounds.C11R5Tables.S_3b145410351af05c' depends on axioms: [propext,
 Classical.choice.{u},
 Quot.sound.{u},
 ShannonBounds.C11R5Tables.S_3b145410351af05c._native.native_decide.ax_1,
 ShannonBounds.C11R5Tables.S_3b145410351af05c._native.native_decide.ax_2]
'ShannonBounds.C11R5Tables.S_3daf90758a80fbb9' depends on axioms: [propext,
 Classical.choice.{u},
 Quot.sound.{u},
 ShannonBounds.C11R5Tables.S_3daf90758a80fbb9._native.native_decide.ax_1,
 ShannonBounds.C11R5Tables.S_3daf90758a80fbb9._native.native_decide.ax_2]
'ShannonBounds.C11R5Tables.S_3e8694d6a5bfe173' depends on axioms: [propext,
 Classical.choice.{u},
 Quot.sound.{u},
 ShannonBounds.C11R5Tables.S_3e8694d6a5bfe173._native.native_decide.ax_1,
 ShannonBounds.C11R5Tables.S_3e8694d6a5bfe173._native.native_decide.ax_2]
'ShannonBounds.C11R5Tables.S_59b3ea5954777333' depends on axioms: [propext,
 Classical.choice.{u},
 Quot.sound.{u},
 ShannonBounds.C11R5Tables.S_59b3ea5954777333._native.native_decide.ax_1,
 ShannonBounds.C11R5Tables.S_59b3ea5954777333._native.native_decide.ax_2]
'ShannonBounds.C11R5Tables.S_6356700cb05251b5' depends on axioms: [propext,
 Classical.choice.{u},
 Quot.sound.{u},
 ShannonBounds.C11R5Tables.S_6356700cb05251b5._native.native_decide.ax_1,
 ShannonBounds.C11R5Tables.S_6356700cb05251b5._native.native_decide.ax_2]
'ShannonBounds.C11R5Tables.S_660b0244997e1b9c' depends on axioms: [propext,
 Classical.choice.{u},
 Quot.sound.{u},
 ShannonBounds.C11R5Tables.S_660b0244997e1b9c._native.native_decide.ax_1,
 ShannonBounds.C11R5Tables.S_660b0244997e1b9c._native.native_decide.ax_2]
'ShannonBounds.C11R5Tables.S_6859b0ec25991d42' depends on axioms: [propext,
 Classical.choice.{u},
 Quot.sound.{u},
 ShannonBounds.C11R5Tables.S_6859b0ec25991d42._native.native_decide.ax_1,
 ShannonBounds.C11R5Tables.S_6859b0ec25991d42._native.native_decide.ax_2]
'ShannonBounds.C11R5Tables.S_77a9709d00257692' depends on axioms: [propext,
 Classical.choice.{u},
 Quot.sound.{u},
 ShannonBounds.C11R5Tables.S_77a9709d00257692._native.native_decide.ax_1,
 ShannonBounds.C11R5Tables.S_77a9709d00257692._native.native_decide.ax_2]
'ShannonBounds.C11R5Tables.S_787c56f586779bfd' depends on axioms: [propext,
 Classical.choice.{u},
 Quot.sound.{u},
 ShannonBounds.C11R5Tables.S_787c56f586779bfd._native.native_decide.ax_1,
 ShannonBounds.C11R5Tables.S_787c56f586779bfd._native.native_decide.ax_2]
'ShannonBounds.C11R5Tables.S_7b6c163f0dc4b608' depends on axioms: [propext,
 Classical.choice.{u},
 Quot.sound.{u},
 ShannonBounds.C11R5Tables.S_7b6c163f0dc4b608._native.native_decide.ax_1,
 ShannonBounds.C11R5Tables.S_7b6c163f0dc4b608._native.native_decide.ax_2]
'ShannonBounds.C11R5Tables.S_a41106e52a48b9a6' depends on axioms: [propext,
 Classical.choice.{u},
 Quot.sound.{u},
 ShannonBounds.C11R5Tables.S_a41106e52a48b9a6._native.native_decide.ax_1,
 ShannonBounds.C11R5Tables.S_a41106e52a48b9a6._native.native_decide.ax_2]
'ShannonBounds.C11R5Tables.S_adfa0199080b0c49' depends on axioms: [propext,
 Classical.choice.{u},
 Quot.sound.{u},
 ShannonBounds.C11R5Tables.S_adfa0199080b0c49._native.native_decide.ax_1]
'ShannonBounds.C11R5Tables.S_b014d29111062762' depends on axioms: [propext,
 Classical.choice.{u},
 Quot.sound.{u},
 ShannonBounds.C11R5Tables.S_b014d29111062762._native.native_decide.ax_1,
 ShannonBounds.C11R5Tables.S_b014d29111062762._native.native_decide.ax_2]
'ShannonBounds.C11R5Tables.S_cc0e5d2202d76d5d' depends on axioms: [propext,
 Classical.choice.{u},
 Quot.sound.{u},
 ShannonBounds.C11R5Tables.S_cc0e5d2202d76d5d._native.native_decide.ax_1,
 ShannonBounds.C11R5Tables.S_cc0e5d2202d76d5d._native.native_decide.ax_2]
'ShannonBounds.C11R5Tables.S_cd41b86686c50a10' depends on axioms: [propext,
 Classical.choice.{u},
 Quot.sound.{u},
 ShannonBounds.C11R5Tables.S_cd41b86686c50a10._native.native_decide.ax_1,
 ShannonBounds.C11R5Tables.S_cd41b86686c50a10._native.native_decide.ax_2]
'ShannonBounds.C11R5Tables.S_cfb0e1863855bcb0' depends on axioms: [propext,
 Classical.choice.{u},
 Quot.sound.{u},
 ShannonBounds.C11R5Tables.S_cfb0e1863855bcb0._native.native_decide.ax_1]
'ShannonBounds.C11R5Tables.S_e620baced0654ce9' depends on axioms: [propext,
 Classical.choice.{u},
 Quot.sound.{u},
 ShannonBounds.C11R5Tables.S_e620baced0654ce9._native.native_decide.ax_1,
 ShannonBounds.C11R5Tables.S_e620baced0654ce9._native.native_decide.ax_2]
'ShannonBounds.C11R5Tables.S_e788020168e26abb' depends on axioms: [propext,
 Classical.choice.{u},
 Quot.sound.{u},
 ShannonBounds.C11R5Tables.S_e788020168e26abb._native.native_decide.ax_1,
 ShannonBounds.C11R5Tables.S_e788020168e26abb._native.native_decide.ax_2]
'ShannonBounds.C11R5Tables.S_e9ef2871c79d62be' depends on axioms: [propext,
 Classical.choice.{u},
 Quot.sound.{u},
 ShannonBounds.C11R5Tables.S_e9ef2871c79d62be._native.native_decide.ax_1,
 ShannonBounds.C11R5Tables.S_e9ef2871c79d62be._native.native_decide.ax_2]
'ShannonBounds.C11R5Tables.S_f509c81899188c6f' depends on axioms: [propext,
 Classical.choice.{u},
 Quot.sound.{u},
 ShannonBounds.C11R5Tables.S_f509c81899188c6f._native.native_decide.ax_1,
 ShannonBounds.C11R5Tables.S_f509c81899188c6f._native.native_decide.ax_2]
'ShannonBounds.C11R5Tables.S_f621e9dcab9f974c' depends on axioms: [propext,
 Classical.choice.{u},
 Quot.sound.{u},
 ShannonBounds.C11R5Tables.S_f621e9dcab9f974c._native.native_decide.ax_1,
 ShannonBounds.C11R5Tables.S_f621e9dcab9f974c._native.native_decide.ax_2]
'ShannonBounds.C11R5Tables.S_f97d79adc1a9e27c' depends on axioms: [propext,
 Classical.choice.{u},
 Quot.sound.{u},
 ShannonBounds.C11R5Tables.S_f97d79adc1a9e27c._native.native_decide.ax_1,
 ShannonBounds.C11R5Tables.S_f97d79adc1a9e27c._native.native_decide.ax_2]
'ShannonBounds.C11R5D186.card_codeBase' depends on axioms: [propext,
 Classical.choice.{u},
 Quot.sound.{u},
 ShannonBounds.C11R5D186.step_n1._native.native_decide.ax_1_1,
 ShannonBounds.C11R5D186.step_n1._native.native_decide.ax_1_2,
 ShannonBounds.C11R5D186.step_n1._native.native_decide.ax_1_3,
 ShannonBounds.C11R5D186.step_n1._native.native_decide.ax_1_4,
 ShannonBounds.C11R5D186.step_n1._native.native_decide.ax_1_5,
 ShannonBounds.C11R5D186.step_n1._native.native_decide.ax_1_6,
 ShannonBounds.C11R5D186.step_n1._native.native_decide.ax_1_7,
 ShannonBounds.C11R5D186.step_n10._native.native_decide.ax_1_1,
 ShannonBounds.C11R5D186.step_n10._native.native_decide.ax_1_2,
 ShannonBounds.C11R5D186.step_n10._native.native_decide.ax_1_3,
 ShannonBounds.C11R5D186.step_n10._native.native_decide.ax_1_4,
 ShannonBounds.C11R5D186.step_n10._native.native_decide.ax_1_5,
 ShannonBounds.C11R5D186.step_n10._native.native_decide.ax_1_6,
 ShannonBounds.C11R5D186.step_n10._native.native_decide.ax_1_7,
 ShannonBounds.C11R5D186.step_n11._native.native_decide.ax_1_1,
 ShannonBounds.C11R5D186.step_n11._native.native_decide.ax_1_2,
 ShannonBounds.C11R5D186.step_n11._native.native_decide.ax_1_3,
 ShannonBounds.C11R5D186.step_n11._native.native_decide.ax_1_4,
 ShannonBounds.C11R5D186.step_n11._native.native_decide.ax_1_5,
 ShannonBounds.C11R5D186.step_n11._native.native_decide.ax_1_6,
 ShannonBounds.C11R5D186.step_n11._native.native_decide.ax_1_7,
 ShannonBounds.C11R5D186.step_n12._native.native_decide.ax_1_1,
 ShannonBounds.C11R5D186.step_n12._native.native_decide.ax_1_2,
 ShannonBounds.C11R5D186.step_n12._native.native_decide.ax_1_3,
 ShannonBounds.C11R5D186.step_n12._native.native_decide.ax_1_4,
 ShannonBounds.C11R5D186.step_n12._native.native_decide.ax_1_5,
 ShannonBounds.C11R5D186.step_n12._native.native_decide.ax_1_6,
 ShannonBounds.C11R5D186.step_n12._native.native_decide.ax_1_7,
 ShannonBounds.C11R5D186.step_n13._native.native_decide.ax_1_1,
 ShannonBounds.C11R5D186.step_n13._native.native_decide.ax_1_2,
 ShannonBounds.C11R5D186.step_n13._native.native_decide.ax_1_3,
 ShannonBounds.C11R5D186.step_n13._native.native_decide.ax_1_4,
 ShannonBounds.C11R5D186.step_n13._native.native_decide.ax_1_5,
 ShannonBounds.C11R5D186.step_n13._native.native_decide.ax_1_6,
 ShannonBounds.C11R5D186.step_n13._native.native_decide.ax_1_7,
 ShannonBounds.C11R5D186.step_n14._native.native_decide.ax_1_1,
 ShannonBounds.C11R5D186.step_n14._native.native_decide.ax_1_2,
 ShannonBounds.C11R5D186.step_n14._native.native_decide.ax_1_3,
 ShannonBounds.C11R5D186.step_n14._native.native_decide.ax_1_4,
 ShannonBounds.C11R5D186.step_n14._native.native_decide.ax_1_5,
 ShannonBounds.C11R5D186.step_n14._native.native_decide.ax_1_6,
 ShannonBounds.C11R5D186.step_n14._native.native_decide.ax_1_7,
 ShannonBounds.C11R5D186.step_n15._native.native_decide.ax_1_1,
 ShannonBounds.C11R5D186.step_n15._native.native_decide.ax_1_2,
 ShannonBounds.C11R5D186.step_n15._native.native_decide.ax_1_3,
 ShannonBounds.C11R5D186.step_n15._native.native_decide.ax_1_4,
 ShannonBounds.C11R5D186.step_n15._native.native_decide.ax_1_5,
 ShannonBounds.C11R5D186.step_n15._native.native_decide.ax_1_6,
 ShannonBounds.C11R5D186.step_n15._native.native_decide.ax_1_7,
 ShannonBounds.C11R5D186.step_n16._native.native_decide.ax_1_1,
 ShannonBounds.C11R5D186.step_n16._native.native_decide.ax_1_2,
 ShannonBounds.C11R5D186.step_n16._native.native_decide.ax_1_3,
 ShannonBounds.C11R5D186.step_n16._native.native_decide.ax_1_4,
 ShannonBounds.C11R5D186.step_n16._native.native_decide.ax_1_5,
 ShannonBounds.C11R5D186.step_n16._native.native_decide.ax_1_6,
 ShannonBounds.C11R5D186.step_n16._native.native_decide.ax_1_7,
 ShannonBounds.C11R5D186.step_n17._native.native_decide.ax_1_1,
 ShannonBounds.C11R5D186.step_n17._native.native_decide.ax_1_2,
 ShannonBounds.C11R5D186.step_n17._native.native_decide.ax_1_3,
 ShannonBounds.C11R5D186.step_n17._native.native_decide.ax_1_4,
 ShannonBounds.C11R5D186.step_n17._native.native_decide.ax_1_5,
 ShannonBounds.C11R5D186.step_n17._native.native_decide.ax_1_6,
 ShannonBounds.C11R5D186.step_n17._native.native_decide.ax_1_7,
 ShannonBounds.C11R5D186.step_n18._native.native_decide.ax_1_1,
 ShannonBounds.C11R5D186.step_n18._native.native_decide.ax_1_2,
 ShannonBounds.C11R5D186.step_n18._native.native_decide.ax_1_3,
 ShannonBounds.C11R5D186.step_n18._native.native_decide.ax_1_4,
 ShannonBounds.C11R5D186.step_n18._native.native_decide.ax_1_5,
 ShannonBounds.C11R5D186.step_n18._native.native_decide.ax_1_6,
 ShannonBounds.C11R5D186.step_n18._native.native_decide.ax_1_7,
 ShannonBounds.C11R5D186.step_n19._native.native_decide.ax_1_1,
 ShannonBounds.C11R5D186.step_n19._native.native_decide.ax_1_2,
 ShannonBounds.C11R5D186.step_n19._native.native_decide.ax_1_3,
 ShannonBounds.C11R5D186.step_n19._native.native_decide.ax_1_4,
 ShannonBounds.C11R5D186.step_n19._native.native_decide.ax_1_5,
 ShannonBounds.C11R5D186.step_n19._native.native_decide.ax_1_6,
 ShannonBounds.C11R5D186.step_n19._native.native_decide.ax_1_7,
 ShannonBounds.C11R5D186.step_n2._native.native_decide.ax_1_1,
 ShannonBounds.C11R5D186.step_n2._native.native_decide.ax_1_2,
 ShannonBounds.C11R5D186.step_n2._native.native_decide.ax_1_3,
 ShannonBounds.C11R5D186.step_n2._native.native_decide.ax_1_4,
 ShannonBounds.C11R5D186.step_n2._native.native_decide.ax_1_5,
 ShannonBounds.C11R5D186.step_n2._native.native_decide.ax_1_6,
 ShannonBounds.C11R5D186.step_n2._native.native_decide.ax_1_7,
 ShannonBounds.C11R5D186.step_n20._native.native_decide.ax_1_1,
 ShannonBounds.C11R5D186.step_n20._native.native_decide.ax_1_2,
 ShannonBounds.C11R5D186.step_n20._native.native_decide.ax_1_3,
 ShannonBounds.C11R5D186.step_n20._native.native_decide.ax_1_4,
 ShannonBounds.C11R5D186.step_n20._native.native_decide.ax_1_5,
 ShannonBounds.C11R5D186.step_n20._native.native_decide.ax_1_6,
 ShannonBounds.C11R5D186.step_n20._native.native_decide.ax_1_7,
 ShannonBounds.C11R5D186.step_n21._native.native_decide.ax_1_1,
 ShannonBounds.C11R5D186.step_n21._native.native_decide.ax_1_2,
 ShannonBounds.C11R5D186.step_n21._native.native_decide.ax_1_3,
 ShannonBounds.C11R5D186.step_n21._native.native_decide.ax_1_4,
 ShannonBounds.C11R5D186.step_n21._native.native_decide.ax_1_5,
 ShannonBounds.C11R5D186.step_n21._native.native_decide.ax_1_6,
 ShannonBounds.C11R5D186.step_n21._native.native_decide.ax_1_7,
 ShannonBounds.C11R5D186.step_n22._native.native_decide.ax_1_1,
 ShannonBounds.C11R5D186.step_n22._native.native_decide.ax_1_2,
 ShannonBounds.C11R5D186.step_n22._native.native_decide.ax_1_3,
 ShannonBounds.C11R5D186.step_n22._native.native_decide.ax_1_4,
 ShannonBounds.C11R5D186.step_n22._native.native_decide.ax_1_5,
 ShannonBounds.C11R5D186.step_n22._native.native_decide.ax_1_6,
 ShannonBounds.C11R5D186.step_n22._native.native_decide.ax_1_7,
 ShannonBounds.C11R5D186.step_n23._native.native_decide.ax_1_1,
 ShannonBounds.C11R5D186.step_n23._native.native_decide.ax_1_2,
 ShannonBounds.C11R5D186.step_n23._native.native_decide.ax_1_3,
 ShannonBounds.C11R5D186.step_n23._native.native_decide.ax_1_4,
 ShannonBounds.C11R5D186.step_n23._native.native_decide.ax_1_5,
 ShannonBounds.C11R5D186.step_n23._native.native_decide.ax_1_6,
 ShannonBounds.C11R5D186.step_n23._native.native_decide.ax_1_7,
 ShannonBounds.C11R5D186.step_n24._native.native_decide.ax_1_1,
 ShannonBounds.C11R5D186.step_n24._native.native_decide.ax_1_2,
 ShannonBounds.C11R5D186.step_n24._native.native_decide.ax_1_3,
 ShannonBounds.C11R5D186.step_n24._native.native_decide.ax_1_4,
 ShannonBounds.C11R5D186.step_n24._native.native_decide.ax_1_5,
 ShannonBounds.C11R5D186.step_n24._native.native_decide.ax_1_6,
 ShannonBounds.C11R5D186.step_n24._native.native_decide.ax_1_7,
 ShannonBounds.C11R5D186.step_n25._native.native_decide.ax_1_1,
 ShannonBounds.C11R5D186.step_n25._native.native_decide.ax_1_2,
 ShannonBounds.C11R5D186.step_n25._native.native_decide.ax_1_3,
 ShannonBounds.C11R5D186.step_n25._native.native_decide.ax_1_4,
 ShannonBounds.C11R5D186.step_n25._native.native_decide.ax_1_5,
 ShannonBounds.C11R5D186.step_n25._native.native_decide.ax_1_6,
 ShannonBounds.C11R5D186.step_n25._native.native_decide.ax_1_7,
 ShannonBounds.C11R5D186.step_n26._native.native_decide.ax_1_1,
 ShannonBounds.C11R5D186.step_n26._native.native_decide.ax_1_2,
 ShannonBounds.C11R5D186.step_n26._native.native_decide.ax_1_3,
 ShannonBounds.C11R5D186.step_n26._native.native_decide.ax_1_4,
 ShannonBounds.C11R5D186.step_n26._native.native_decide.ax_1_5,
 ShannonBounds.C11R5D186.step_n26._native.native_decide.ax_1_6,
 ShannonBounds.C11R5D186.step_n26._native.native_decide.ax_1_7,
 ShannonBounds.C11R5D186.step_n3._native.native_decide.ax_1_1,
 ShannonBounds.C11R5D186.step_n3._native.native_decide.ax_1_2,
 ShannonBounds.C11R5D186.step_n3._native.native_decide.ax_1_3,
 ShannonBounds.C11R5D186.step_n3._native.native_decide.ax_1_4,
 ShannonBounds.C11R5D186.step_n3._native.native_decide.ax_1_5,
 ShannonBounds.C11R5D186.step_n3._native.native_decide.ax_1_6,
 ShannonBounds.C11R5D186.step_n3._native.native_decide.ax_1_7,
 ShannonBounds.C11R5D186.step_n4._native.native_decide.ax_1_1,
 ShannonBounds.C11R5D186.step_n4._native.native_decide.ax_1_2,
 ShannonBounds.C11R5D186.step_n4._native.native_decide.ax_1_3,
 ShannonBounds.C11R5D186.step_n4._native.native_decide.ax_1_4,
 ShannonBounds.C11R5D186.step_n4._native.native_decide.ax_1_5,
 ShannonBounds.C11R5D186.step_n4._native.native_decide.ax_1_6,
 ShannonBounds.C11R5D186.step_n4._native.native_decide.ax_1_7,
 ShannonBounds.C11R5D186.step_n5._native.native_decide.ax_1_1,
 ShannonBounds.C11R5D186.step_n5._native.native_decide.ax_1_2,
 ShannonBounds.C11R5D186.step_n5._native.native_decide.ax_1_3,
 ShannonBounds.C11R5D186.step_n5._native.native_decide.ax_1_4,
 ShannonBounds.C11R5D186.step_n5._native.native_decide.ax_1_5,
 ShannonBounds.C11R5D186.step_n5._native.native_decide.ax_1_6,
 ShannonBounds.C11R5D186.step_n5._native.native_decide.ax_1_7,
 ShannonBounds.C11R5D186.step_n6._native.native_decide.ax_1_1,
 ShannonBounds.C11R5D186.step_n6._native.native_decide.ax_1_2,
 ShannonBounds.C11R5D186.step_n6._native.native_decide.ax_1_3,
 ShannonBounds.C11R5D186.step_n6._native.native_decide.ax_1_4,
 ShannonBounds.C11R5D186.step_n6._native.native_decide.ax_1_5,
 ShannonBounds.C11R5D186.step_n6._native.native_decide.ax_1_6,
 ShannonBounds.C11R5D186.step_n6._native.native_decide.ax_1_7,
 ShannonBounds.C11R5D186.step_n7._native.native_decide.ax_1_1,
 ShannonBounds.C11R5D186.step_n7._native.native_decide.ax_1_2,
 ShannonBounds.C11R5D186.step_n7._native.native_decide.ax_1_3,
 ShannonBounds.C11R5D186.step_n7._native.native_decide.ax_1_4,
 ShannonBounds.C11R5D186.step_n7._native.native_decide.ax_1_5,
 ShannonBounds.C11R5D186.step_n7._native.native_decide.ax_1_6,
 ShannonBounds.C11R5D186.step_n7._native.native_decide.ax_1_7,
 ShannonBounds.C11R5D186.step_n8._native.native_decide.ax_1_1,
 ShannonBounds.C11R5D186.step_n8._native.native_decide.ax_1_2,
 ShannonBounds.C11R5D186.step_n8._native.native_decide.ax_1_3,
 ShannonBounds.C11R5D186.step_n8._native.native_decide.ax_1_4,
 ShannonBounds.C11R5D186.step_n8._native.native_decide.ax_1_5,
 ShannonBounds.C11R5D186.step_n8._native.native_decide.ax_1_6,
 ShannonBounds.C11R5D186.step_n8._native.native_decide.ax_1_7,
 ShannonBounds.C11R5D186.step_n9._native.native_decide.ax_1_1,
 ShannonBounds.C11R5D186.step_n9._native.native_decide.ax_1_2,
 ShannonBounds.C11R5D186.step_n9._native.native_decide.ax_1_3,
 ShannonBounds.C11R5D186.step_n9._native.native_decide.ax_1_4,
 ShannonBounds.C11R5D186.step_n9._native.native_decide.ax_1_5,
 ShannonBounds.C11R5D186.step_n9._native.native_decide.ax_1_6,
 ShannonBounds.C11R5D186.step_n9._native.native_decide.ax_1_7,
 ShannonBounds.C11R5D186.terminal_value._native.native_decide.ax_1_1,
 ShannonBounds.C11R5Tables.S_0058d965adce02f4._native.native_decide.ax_1,
 ShannonBounds.C11R5Tables.S_0058d965adce02f4._native.native_decide.ax_2,
 ShannonBounds.C11R5Tables.S_01f11d8929277edb._native.native_decide.ax_1,
 ShannonBounds.C11R5Tables.S_01f11d8929277edb._native.native_decide.ax_2,
 ShannonBounds.C11R5Tables.S_04339297651c9c49._native.native_decide.ax_1,
 ShannonBounds.C11R5Tables.S_04339297651c9c49._native.native_decide.ax_2,
 ShannonBounds.C11R5Tables.S_0ac0bf4804630912._native.native_decide.ax_1,
 ShannonBounds.C11R5Tables.S_0ac0bf4804630912._native.native_decide.ax_2,
 ShannonBounds.C11R5Tables.S_0c7cb632d1153343._native.native_decide.ax_1,
 ShannonBounds.C11R5Tables.S_0c7cb632d1153343._native.native_decide.ax_2,
 ShannonBounds.C11R5Tables.S_18277b0c484b4c41._native.native_decide.ax_1,
 ShannonBounds.C11R5Tables.S_18277b0c484b4c41._native.native_decide.ax_2,
 ShannonBounds.C11R5Tables.S_3daf90758a80fbb9._native.native_decide.ax_1,
 ShannonBounds.C11R5Tables.S_3daf90758a80fbb9._native.native_decide.ax_2,
 ShannonBounds.C11R5Tables.S_3e8694d6a5bfe173._native.native_decide.ax_1,
 ShannonBounds.C11R5Tables.S_3e8694d6a5bfe173._native.native_decide.ax_2,
 ShannonBounds.C11R5Tables.S_6859b0ec25991d42._native.native_decide.ax_1,
 ShannonBounds.C11R5Tables.S_6859b0ec25991d42._native.native_decide.ax_2,
 ShannonBounds.C11R5Tables.S_787c56f586779bfd._native.native_decide.ax_1,
 ShannonBounds.C11R5Tables.S_787c56f586779bfd._native.native_decide.ax_2,
 ShannonBounds.C11R5Tables.S_7b6c163f0dc4b608._native.native_decide.ax_1,
 ShannonBounds.C11R5Tables.S_7b6c163f0dc4b608._native.native_decide.ax_2,
 ShannonBounds.C11R5Tables.S_adfa0199080b0c49._native.native_decide.ax_1,
 ShannonBounds.C11R5Tables.S_e788020168e26abb._native.native_decide.ax_1,
 ShannonBounds.C11R5Tables.S_e788020168e26abb._native.native_decide.ax_2,
 ShannonBounds.C11R5Tables.S_e9ef2871c79d62be._native.native_decide.ax_1,
 ShannonBounds.C11R5Tables.S_e9ef2871c79d62be._native.native_decide.ax_2,
 ShannonBounds.C11R5Tables.S_f621e9dcab9f974c._native.native_decide.ax_1,
 ShannonBounds.C11R5Tables.S_f621e9dcab9f974c._native.native_decide.ax_2,
 ShannonBounds.C11R5Tables.S_f97d79adc1a9e27c._native.native_decide.ax_1,
 ShannonBounds.C11R5Tables.S_f97d79adc1a9e27c._native.native_decide.ax_2]
'ShannonBounds.C11R5D186.card_code' depends on axioms: [propext,
 Classical.choice.{u},
 Quot.sound.{u},
 ShannonBounds.BaseC11.IlenCheck._native.native_decide.ax_1_1,
 ShannonBounds.BaseC11.Iset._native.native_decide.ax_1,
 ShannonBounds.BaseC11.XcFalseLenCheck._native.native_decide.ax_1_1,
 ShannonBounds.BaseC11.XcTrueLenCheck._native.native_decide.ax_1_1,
 ShannonBounds.BaseC11.XlenCheck._native.native_decide.ax_1_1,
 ShannonBounds.BaseC11.Xset._native.native_decide.ax_1,
 ShannonBounds.BaseC11.altInjCheck._native.native_decide.ax_1_1,
 ShannonBounds.BaseC11.altNotCheck._native.native_decide.ax_1_1,
 ShannonBounds.BaseC11.epParentCheck._native.native_decide.ax_1_1,
 ShannonBounds.BaseC11.pFalseCheck._native.native_decide.ax_1_1,
 ShannonBounds.BaseC11.pTrueCheck._native.native_decide.ax_1_1,
 ShannonBounds.BaseC11.pairConflict._native.native_decide.ax_1_1,
 ShannonBounds.BaseC11.pairwiseOK_I._native.native_decide.ax_1_1,
 ShannonBounds.BaseC11.pairwiseOK_X._native.native_decide.ax_1_1,
 ShannonBounds.BaseC11.portsCheck._native.native_decide.ax_1_1,
 ShannonBounds.BaseC11.portsLenCheck._native.native_decide.ax_1_1,
 ShannonBounds.BaseC11.portsSet._native.native_decide.ax_1,
 ShannonBounds.BaseC11.privCheck._native.native_decide.ax_1_1,
 ShannonBounds.BaseC11.sconf_iff_conflict._native.native_decide.ax_1_1,
 ShannonBounds.BaseC11.sconf_refl._native.native_decide.ax_1_1,
 ShannonBounds.BaseC11.sconf_symm._native.native_decide.ax_1_1,
 ShannonBounds.BaseC11.sepCheck._native.native_decide.ax_1_1,
 ShannonBounds.C11R5D186.step_n1._native.native_decide.ax_1_1,
 ShannonBounds.C11R5D186.step_n1._native.native_decide.ax_1_2,
 ShannonBounds.C11R5D186.step_n1._native.native_decide.ax_1_3,
 ShannonBounds.C11R5D186.step_n1._native.native_decide.ax_1_4,
 ShannonBounds.C11R5D186.step_n1._native.native_decide.ax_1_5,
 ShannonBounds.C11R5D186.step_n1._native.native_decide.ax_1_6,
 ShannonBounds.C11R5D186.step_n1._native.native_decide.ax_1_7,
 ShannonBounds.C11R5D186.step_n10._native.native_decide.ax_1_1,
 ShannonBounds.C11R5D186.step_n10._native.native_decide.ax_1_2,
 ShannonBounds.C11R5D186.step_n10._native.native_decide.ax_1_3,
 ShannonBounds.C11R5D186.step_n10._native.native_decide.ax_1_4,
 ShannonBounds.C11R5D186.step_n10._native.native_decide.ax_1_5,
 ShannonBounds.C11R5D186.step_n10._native.native_decide.ax_1_6,
 ShannonBounds.C11R5D186.step_n10._native.native_decide.ax_1_7,
 ShannonBounds.C11R5D186.step_n11._native.native_decide.ax_1_1,
 ShannonBounds.C11R5D186.step_n11._native.native_decide.ax_1_2,
 ShannonBounds.C11R5D186.step_n11._native.native_decide.ax_1_3,
 ShannonBounds.C11R5D186.step_n11._native.native_decide.ax_1_4,
 ShannonBounds.C11R5D186.step_n11._native.native_decide.ax_1_5,
 ShannonBounds.C11R5D186.step_n11._native.native_decide.ax_1_6,
 ShannonBounds.C11R5D186.step_n11._native.native_decide.ax_1_7,
 ShannonBounds.C11R5D186.step_n12._native.native_decide.ax_1_1,
 ShannonBounds.C11R5D186.step_n12._native.native_decide.ax_1_2,
 ShannonBounds.C11R5D186.step_n12._native.native_decide.ax_1_3,
 ShannonBounds.C11R5D186.step_n12._native.native_decide.ax_1_4,
 ShannonBounds.C11R5D186.step_n12._native.native_decide.ax_1_5,
 ShannonBounds.C11R5D186.step_n12._native.native_decide.ax_1_6,
 ShannonBounds.C11R5D186.step_n12._native.native_decide.ax_1_7,
 ShannonBounds.C11R5D186.step_n13._native.native_decide.ax_1_1,
 ShannonBounds.C11R5D186.step_n13._native.native_decide.ax_1_2,
 ShannonBounds.C11R5D186.step_n13._native.native_decide.ax_1_3,
 ShannonBounds.C11R5D186.step_n13._native.native_decide.ax_1_4,
 ShannonBounds.C11R5D186.step_n13._native.native_decide.ax_1_5,
 ShannonBounds.C11R5D186.step_n13._native.native_decide.ax_1_6,
 ShannonBounds.C11R5D186.step_n13._native.native_decide.ax_1_7,
 ShannonBounds.C11R5D186.step_n14._native.native_decide.ax_1_1,
 ShannonBounds.C11R5D186.step_n14._native.native_decide.ax_1_2,
 ShannonBounds.C11R5D186.step_n14._native.native_decide.ax_1_3,
 ShannonBounds.C11R5D186.step_n14._native.native_decide.ax_1_4,
 ShannonBounds.C11R5D186.step_n14._native.native_decide.ax_1_5,
 ShannonBounds.C11R5D186.step_n14._native.native_decide.ax_1_6,
 ShannonBounds.C11R5D186.step_n14._native.native_decide.ax_1_7,
 ShannonBounds.C11R5D186.step_n15._native.native_decide.ax_1_1,
 ShannonBounds.C11R5D186.step_n15._native.native_decide.ax_1_2,
 ShannonBounds.C11R5D186.step_n15._native.native_decide.ax_1_3,
 ShannonBounds.C11R5D186.step_n15._native.native_decide.ax_1_4,
 ShannonBounds.C11R5D186.step_n15._native.native_decide.ax_1_5,
 ShannonBounds.C11R5D186.step_n15._native.native_decide.ax_1_6,
 ShannonBounds.C11R5D186.step_n15._native.native_decide.ax_1_7,
 ShannonBounds.C11R5D186.step_n16._native.native_decide.ax_1_1,
 ShannonBounds.C11R5D186.step_n16._native.native_decide.ax_1_2,
 ShannonBounds.C11R5D186.step_n16._native.native_decide.ax_1_3,
 ShannonBounds.C11R5D186.step_n16._native.native_decide.ax_1_4,
 ShannonBounds.C11R5D186.step_n16._native.native_decide.ax_1_5,
 ShannonBounds.C11R5D186.step_n16._native.native_decide.ax_1_6,
 ShannonBounds.C11R5D186.step_n16._native.native_decide.ax_1_7,
 ShannonBounds.C11R5D186.step_n17._native.native_decide.ax_1_1,
 ShannonBounds.C11R5D186.step_n17._native.native_decide.ax_1_2,
 ShannonBounds.C11R5D186.step_n17._native.native_decide.ax_1_3,
 ShannonBounds.C11R5D186.step_n17._native.native_decide.ax_1_4,
 ShannonBounds.C11R5D186.step_n17._native.native_decide.ax_1_5,
 ShannonBounds.C11R5D186.step_n17._native.native_decide.ax_1_6,
 ShannonBounds.C11R5D186.step_n17._native.native_decide.ax_1_7,
 ShannonBounds.C11R5D186.step_n18._native.native_decide.ax_1_1,
 ShannonBounds.C11R5D186.step_n18._native.native_decide.ax_1_2,
 ShannonBounds.C11R5D186.step_n18._native.native_decide.ax_1_3,
 ShannonBounds.C11R5D186.step_n18._native.native_decide.ax_1_4,
 ShannonBounds.C11R5D186.step_n18._native.native_decide.ax_1_5,
 ShannonBounds.C11R5D186.step_n18._native.native_decide.ax_1_6,
 ShannonBounds.C11R5D186.step_n18._native.native_decide.ax_1_7,
 ShannonBounds.C11R5D186.step_n19._native.native_decide.ax_1_1,
 ShannonBounds.C11R5D186.step_n19._native.native_decide.ax_1_2,
 ShannonBounds.C11R5D186.step_n19._native.native_decide.ax_1_3,
 ShannonBounds.C11R5D186.step_n19._native.native_decide.ax_1_4,
 ShannonBounds.C11R5D186.step_n19._native.native_decide.ax_1_5,
 ShannonBounds.C11R5D186.step_n19._native.native_decide.ax_1_6,
 ShannonBounds.C11R5D186.step_n19._native.native_decide.ax_1_7,
 ShannonBounds.C11R5D186.step_n2._native.native_decide.ax_1_1,
 ShannonBounds.C11R5D186.step_n2._native.native_decide.ax_1_2,
 ShannonBounds.C11R5D186.step_n2._native.native_decide.ax_1_3,
 ShannonBounds.C11R5D186.step_n2._native.native_decide.ax_1_4,
 ShannonBounds.C11R5D186.step_n2._native.native_decide.ax_1_5,
 ShannonBounds.C11R5D186.step_n2._native.native_decide.ax_1_6,
 ShannonBounds.C11R5D186.step_n2._native.native_decide.ax_1_7,
 ShannonBounds.C11R5D186.step_n20._native.native_decide.ax_1_1,
 ShannonBounds.C11R5D186.step_n20._native.native_decide.ax_1_2,
 ShannonBounds.C11R5D186.step_n20._native.native_decide.ax_1_3,
 ShannonBounds.C11R5D186.step_n20._native.native_decide.ax_1_4,
 ShannonBounds.C11R5D186.step_n20._native.native_decide.ax_1_5,
 ShannonBounds.C11R5D186.step_n20._native.native_decide.ax_1_6,
 ShannonBounds.C11R5D186.step_n20._native.native_decide.ax_1_7,
 ShannonBounds.C11R5D186.step_n21._native.native_decide.ax_1_1,
 ShannonBounds.C11R5D186.step_n21._native.native_decide.ax_1_2,
 ShannonBounds.C11R5D186.step_n21._native.native_decide.ax_1_3,
 ShannonBounds.C11R5D186.step_n21._native.native_decide.ax_1_4,
 ShannonBounds.C11R5D186.step_n21._native.native_decide.ax_1_5,
 ShannonBounds.C11R5D186.step_n21._native.native_decide.ax_1_6,
 ShannonBounds.C11R5D186.step_n21._native.native_decide.ax_1_7,
 ShannonBounds.C11R5D186.step_n22._native.native_decide.ax_1_1,
 ShannonBounds.C11R5D186.step_n22._native.native_decide.ax_1_2,
 ShannonBounds.C11R5D186.step_n22._native.native_decide.ax_1_3,
 ShannonBounds.C11R5D186.step_n22._native.native_decide.ax_1_4,
 ShannonBounds.C11R5D186.step_n22._native.native_decide.ax_1_5,
 ShannonBounds.C11R5D186.step_n22._native.native_decide.ax_1_6,
 ShannonBounds.C11R5D186.step_n22._native.native_decide.ax_1_7,
 ShannonBounds.C11R5D186.step_n23._native.native_decide.ax_1_1,
 ShannonBounds.C11R5D186.step_n23._native.native_decide.ax_1_2,
 ShannonBounds.C11R5D186.step_n23._native.native_decide.ax_1_3,
 ShannonBounds.C11R5D186.step_n23._native.native_decide.ax_1_4,
 ShannonBounds.C11R5D186.step_n23._native.native_decide.ax_1_5,
 ShannonBounds.C11R5D186.step_n23._native.native_decide.ax_1_6,
 ShannonBounds.C11R5D186.step_n23._native.native_decide.ax_1_7,
 ShannonBounds.C11R5D186.step_n24._native.native_decide.ax_1_1,
 ShannonBounds.C11R5D186.step_n24._native.native_decide.ax_1_2,
 ShannonBounds.C11R5D186.step_n24._native.native_decide.ax_1_3,
 ShannonBounds.C11R5D186.step_n24._native.native_decide.ax_1_4,
 ShannonBounds.C11R5D186.step_n24._native.native_decide.ax_1_5,
 ShannonBounds.C11R5D186.step_n24._native.native_decide.ax_1_6,
 ShannonBounds.C11R5D186.step_n24._native.native_decide.ax_1_7,
 ShannonBounds.C11R5D186.step_n25._native.native_decide.ax_1_1,
 ShannonBounds.C11R5D186.step_n25._native.native_decide.ax_1_2,
 ShannonBounds.C11R5D186.step_n25._native.native_decide.ax_1_3,
 ShannonBounds.C11R5D186.step_n25._native.native_decide.ax_1_4,
 ShannonBounds.C11R5D186.step_n25._native.native_decide.ax_1_5,
 ShannonBounds.C11R5D186.step_n25._native.native_decide.ax_1_6,
 ShannonBounds.C11R5D186.step_n25._native.native_decide.ax_1_7,
 ShannonBounds.C11R5D186.step_n26._native.native_decide.ax_1_1,
 ShannonBounds.C11R5D186.step_n26._native.native_decide.ax_1_2,
 ShannonBounds.C11R5D186.step_n26._native.native_decide.ax_1_3,
 ShannonBounds.C11R5D186.step_n26._native.native_decide.ax_1_4,
 ShannonBounds.C11R5D186.step_n26._native.native_decide.ax_1_5,
 ShannonBounds.C11R5D186.step_n26._native.native_decide.ax_1_6,
 ShannonBounds.C11R5D186.step_n26._native.native_decide.ax_1_7,
 ShannonBounds.C11R5D186.step_n3._native.native_decide.ax_1_1,
 ShannonBounds.C11R5D186.step_n3._native.native_decide.ax_1_2,
 ShannonBounds.C11R5D186.step_n3._native.native_decide.ax_1_3,
 ShannonBounds.C11R5D186.step_n3._native.native_decide.ax_1_4,
 ShannonBounds.C11R5D186.step_n3._native.native_decide.ax_1_5,
 ShannonBounds.C11R5D186.step_n3._native.native_decide.ax_1_6,
 ShannonBounds.C11R5D186.step_n3._native.native_decide.ax_1_7,
 ShannonBounds.C11R5D186.step_n4._native.native_decide.ax_1_1,
 ShannonBounds.C11R5D186.step_n4._native.native_decide.ax_1_2,
 ShannonBounds.C11R5D186.step_n4._native.native_decide.ax_1_3,
 ShannonBounds.C11R5D186.step_n4._native.native_decide.ax_1_4,
 ShannonBounds.C11R5D186.step_n4._native.native_decide.ax_1_5,
 ShannonBounds.C11R5D186.step_n4._native.native_decide.ax_1_6,
 ShannonBounds.C11R5D186.step_n4._native.native_decide.ax_1_7,
 ShannonBounds.C11R5D186.step_n5._native.native_decide.ax_1_1,
 ShannonBounds.C11R5D186.step_n5._native.native_decide.ax_1_2,
 ShannonBounds.C11R5D186.step_n5._native.native_decide.ax_1_3,
 ShannonBounds.C11R5D186.step_n5._native.native_decide.ax_1_4,
 ShannonBounds.C11R5D186.step_n5._native.native_decide.ax_1_5,
 ShannonBounds.C11R5D186.step_n5._native.native_decide.ax_1_6,
 ShannonBounds.C11R5D186.step_n5._native.native_decide.ax_1_7,
 ShannonBounds.C11R5D186.step_n6._native.native_decide.ax_1_1,
 ShannonBounds.C11R5D186.step_n6._native.native_decide.ax_1_2,
 ShannonBounds.C11R5D186.step_n6._native.native_decide.ax_1_3,
 ShannonBounds.C11R5D186.step_n6._native.native_decide.ax_1_4,
 ShannonBounds.C11R5D186.step_n6._native.native_decide.ax_1_5,
 ShannonBounds.C11R5D186.step_n6._native.native_decide.ax_1_6,
 ShannonBounds.C11R5D186.step_n6._native.native_decide.ax_1_7,
 ShannonBounds.C11R5D186.step_n7._native.native_decide.ax_1_1,
 ShannonBounds.C11R5D186.step_n7._native.native_decide.ax_1_2,
 ShannonBounds.C11R5D186.step_n7._native.native_decide.ax_1_3,
 ShannonBounds.C11R5D186.step_n7._native.native_decide.ax_1_4,
 ShannonBounds.C11R5D186.step_n7._native.native_decide.ax_1_5,
 ShannonBounds.C11R5D186.step_n7._native.native_decide.ax_1_6,
 ShannonBounds.C11R5D186.step_n7._native.native_decide.ax_1_7,
 ShannonBounds.C11R5D186.step_n8._native.native_decide.ax_1_1,
 ShannonBounds.C11R5D186.step_n8._native.native_decide.ax_1_2,
 ShannonBounds.C11R5D186.step_n8._native.native_decide.ax_1_3,
 ShannonBounds.C11R5D186.step_n8._native.native_decide.ax_1_4,
 ShannonBounds.C11R5D186.step_n8._native.native_decide.ax_1_5,
 ShannonBounds.C11R5D186.step_n8._native.native_decide.ax_1_6,
 ShannonBounds.C11R5D186.step_n8._native.native_decide.ax_1_7,
 ShannonBounds.C11R5D186.step_n9._native.native_decide.ax_1_1,
 ShannonBounds.C11R5D186.step_n9._native.native_decide.ax_1_2,
 ShannonBounds.C11R5D186.step_n9._native.native_decide.ax_1_3,
 ShannonBounds.C11R5D186.step_n9._native.native_decide.ax_1_4,
 ShannonBounds.C11R5D186.step_n9._native.native_decide.ax_1_5,
 ShannonBounds.C11R5D186.step_n9._native.native_decide.ax_1_6,
 ShannonBounds.C11R5D186.step_n9._native.native_decide.ax_1_7,
 ShannonBounds.C11R5D186.terminal_value._native.native_decide.ax_1_1,
 ShannonBounds.C11R5Tables.S_0058d965adce02f4._native.native_decide.ax_1,
 ShannonBounds.C11R5Tables.S_0058d965adce02f4._native.native_decide.ax_2,
 ShannonBounds.C11R5Tables.S_01f11d8929277edb._native.native_decide.ax_1,
 ShannonBounds.C11R5Tables.S_01f11d8929277edb._native.native_decide.ax_2,
 ShannonBounds.C11R5Tables.S_04339297651c9c49._native.native_decide.ax_1,
 ShannonBounds.C11R5Tables.S_04339297651c9c49._native.native_decide.ax_2,
 ShannonBounds.C11R5Tables.S_0ac0bf4804630912._native.native_decide.ax_1,
 ShannonBounds.C11R5Tables.S_0ac0bf4804630912._native.native_decide.ax_2,
 ShannonBounds.C11R5Tables.S_0c7cb632d1153343._native.native_decide.ax_1,
 ShannonBounds.C11R5Tables.S_0c7cb632d1153343._native.native_decide.ax_2,
 ShannonBounds.C11R5Tables.S_18277b0c484b4c41._native.native_decide.ax_1,
 ShannonBounds.C11R5Tables.S_18277b0c484b4c41._native.native_decide.ax_2,
 ShannonBounds.C11R5Tables.S_3daf90758a80fbb9._native.native_decide.ax_1,
 ShannonBounds.C11R5Tables.S_3daf90758a80fbb9._native.native_decide.ax_2,
 ShannonBounds.C11R5Tables.S_3e8694d6a5bfe173._native.native_decide.ax_1,
 ShannonBounds.C11R5Tables.S_3e8694d6a5bfe173._native.native_decide.ax_2,
 ShannonBounds.C11R5Tables.S_6859b0ec25991d42._native.native_decide.ax_1,
 ShannonBounds.C11R5Tables.S_6859b0ec25991d42._native.native_decide.ax_2,
 ShannonBounds.C11R5Tables.S_787c56f586779bfd._native.native_decide.ax_1,
 ShannonBounds.C11R5Tables.S_787c56f586779bfd._native.native_decide.ax_2,
 ShannonBounds.C11R5Tables.S_7b6c163f0dc4b608._native.native_decide.ax_1,
 ShannonBounds.C11R5Tables.S_7b6c163f0dc4b608._native.native_decide.ax_2,
 ShannonBounds.C11R5Tables.S_adfa0199080b0c49._native.native_decide.ax_1,
 ShannonBounds.C11R5Tables.S_e788020168e26abb._native.native_decide.ax_1,
 ShannonBounds.C11R5Tables.S_e788020168e26abb._native.native_decide.ax_2,
 ShannonBounds.C11R5Tables.S_e9ef2871c79d62be._native.native_decide.ax_1,
 ShannonBounds.C11R5Tables.S_e9ef2871c79d62be._native.native_decide.ax_2,
 ShannonBounds.C11R5Tables.S_f621e9dcab9f974c._native.native_decide.ax_1,
 ShannonBounds.C11R5Tables.S_f621e9dcab9f974c._native.native_decide.ax_2,
 ShannonBounds.C11R5Tables.S_f97d79adc1a9e27c._native.native_decide.ax_1,
 ShannonBounds.C11R5Tables.S_f97d79adc1a9e27c._native.native_decide.ax_2]
'ShannonBounds.C11R5D186.independent_code' depends on axioms: [propext,
 Classical.choice.{u},
 Quot.sound.{u},
 ShannonBounds.BaseC11.Iset._native.native_decide.ax_1,
 ShannonBounds.BaseC11.Xset._native.native_decide.ax_1,
 ShannonBounds.BaseC11.altInjCheck._native.native_decide.ax_1_1,
 ShannonBounds.BaseC11.altNotCheck._native.native_decide.ax_1_1,
 ShannonBounds.BaseC11.epParentCheck._native.native_decide.ax_1_1,
 ShannonBounds.BaseC11.pFalseCheck._native.native_decide.ax_1_1,
 ShannonBounds.BaseC11.pTrueCheck._native.native_decide.ax_1_1,
 ShannonBounds.BaseC11.pairConflict._native.native_decide.ax_1_1,
 ShannonBounds.BaseC11.pairwiseOK_I._native.native_decide.ax_1_1,
 ShannonBounds.BaseC11.pairwiseOK_X._native.native_decide.ax_1_1,
 ShannonBounds.BaseC11.portsCheck._native.native_decide.ax_1_1,
 ShannonBounds.BaseC11.portsSet._native.native_decide.ax_1,
 ShannonBounds.BaseC11.privCheck._native.native_decide.ax_1_1,
 ShannonBounds.BaseC11.sconf_iff_conflict._native.native_decide.ax_1_1,
 ShannonBounds.BaseC11.sconf_refl._native.native_decide.ax_1_1,
 ShannonBounds.BaseC11.sconf_symm._native.native_decide.ax_1_1,
 ShannonBounds.BaseC11.sepCheck._native.native_decide.ax_1_1,
 ShannonBounds.C11R5Tables.S_0058d965adce02f4._native.native_decide.ax_1,
 ShannonBounds.C11R5Tables.S_0058d965adce02f4._native.native_decide.ax_2,
 ShannonBounds.C11R5Tables.S_01f11d8929277edb._native.native_decide.ax_1,
 ShannonBounds.C11R5Tables.S_01f11d8929277edb._native.native_decide.ax_2,
 ShannonBounds.C11R5Tables.S_04339297651c9c49._native.native_decide.ax_1,
 ShannonBounds.C11R5Tables.S_04339297651c9c49._native.native_decide.ax_2,
 ShannonBounds.C11R5Tables.S_0ac0bf4804630912._native.native_decide.ax_1,
 ShannonBounds.C11R5Tables.S_0ac0bf4804630912._native.native_decide.ax_2,
 ShannonBounds.C11R5Tables.S_0c7cb632d1153343._native.native_decide.ax_1,
 ShannonBounds.C11R5Tables.S_0c7cb632d1153343._native.native_decide.ax_2,
 ShannonBounds.C11R5Tables.S_18277b0c484b4c41._native.native_decide.ax_1,
 ShannonBounds.C11R5Tables.S_18277b0c484b4c41._native.native_decide.ax_2,
 ShannonBounds.C11R5Tables.S_3daf90758a80fbb9._native.native_decide.ax_1,
 ShannonBounds.C11R5Tables.S_3daf90758a80fbb9._native.native_decide.ax_2,
 ShannonBounds.C11R5Tables.S_3e8694d6a5bfe173._native.native_decide.ax_1,
 ShannonBounds.C11R5Tables.S_3e8694d6a5bfe173._native.native_decide.ax_2,
 ShannonBounds.C11R5Tables.S_6859b0ec25991d42._native.native_decide.ax_1,
 ShannonBounds.C11R5Tables.S_6859b0ec25991d42._native.native_decide.ax_2,
 ShannonBounds.C11R5Tables.S_787c56f586779bfd._native.native_decide.ax_1,
 ShannonBounds.C11R5Tables.S_787c56f586779bfd._native.native_decide.ax_2,
 ShannonBounds.C11R5Tables.S_7b6c163f0dc4b608._native.native_decide.ax_1,
 ShannonBounds.C11R5Tables.S_7b6c163f0dc4b608._native.native_decide.ax_2,
 ShannonBounds.C11R5Tables.S_adfa0199080b0c49._native.native_decide.ax_1,
 ShannonBounds.C11R5Tables.S_e788020168e26abb._native.native_decide.ax_1,
 ShannonBounds.C11R5Tables.S_e788020168e26abb._native.native_decide.ax_2,
 ShannonBounds.C11R5Tables.S_e9ef2871c79d62be._native.native_decide.ax_1,
 ShannonBounds.C11R5Tables.S_e9ef2871c79d62be._native.native_decide.ax_2,
 ShannonBounds.C11R5Tables.S_f621e9dcab9f974c._native.native_decide.ax_1,
 ShannonBounds.C11R5Tables.S_f621e9dcab9f974c._native.native_decide.ax_2,
 ShannonBounds.C11R5Tables.S_f97d79adc1a9e27c._native.native_decide.ax_1,
 ShannonBounds.C11R5Tables.S_f97d79adc1a9e27c._native.native_decide.ax_2]
'ShannonBounds.C11R5D186.exists_code' depends on axioms: [propext,
 Classical.choice.{u},
 Quot.sound.{u},
 ShannonBounds.BaseC11.IlenCheck._native.native_decide.ax_1_1,
 ShannonBounds.BaseC11.Iset._native.native_decide.ax_1,
 ShannonBounds.BaseC11.XcFalseLenCheck._native.native_decide.ax_1_1,
 ShannonBounds.BaseC11.XcTrueLenCheck._native.native_decide.ax_1_1,
 ShannonBounds.BaseC11.XlenCheck._native.native_decide.ax_1_1,
 ShannonBounds.BaseC11.Xset._native.native_decide.ax_1,
 ShannonBounds.BaseC11.altInjCheck._native.native_decide.ax_1_1,
 ShannonBounds.BaseC11.altNotCheck._native.native_decide.ax_1_1,
 ShannonBounds.BaseC11.epParentCheck._native.native_decide.ax_1_1,
 ShannonBounds.BaseC11.pFalseCheck._native.native_decide.ax_1_1,
 ShannonBounds.BaseC11.pTrueCheck._native.native_decide.ax_1_1,
 ShannonBounds.BaseC11.pairConflict._native.native_decide.ax_1_1,
 ShannonBounds.BaseC11.pairwiseOK_I._native.native_decide.ax_1_1,
 ShannonBounds.BaseC11.pairwiseOK_X._native.native_decide.ax_1_1,
 ShannonBounds.BaseC11.portsCheck._native.native_decide.ax_1_1,
 ShannonBounds.BaseC11.portsLenCheck._native.native_decide.ax_1_1,
 ShannonBounds.BaseC11.portsSet._native.native_decide.ax_1,
 ShannonBounds.BaseC11.privCheck._native.native_decide.ax_1_1,
 ShannonBounds.BaseC11.sconf_iff_conflict._native.native_decide.ax_1_1,
 ShannonBounds.BaseC11.sconf_refl._native.native_decide.ax_1_1,
 ShannonBounds.BaseC11.sconf_symm._native.native_decide.ax_1_1,
 ShannonBounds.BaseC11.sepCheck._native.native_decide.ax_1_1,
 ShannonBounds.C11R5D186.step_n1._native.native_decide.ax_1_1,
 ShannonBounds.C11R5D186.step_n1._native.native_decide.ax_1_2,
 ShannonBounds.C11R5D186.step_n1._native.native_decide.ax_1_3,
 ShannonBounds.C11R5D186.step_n1._native.native_decide.ax_1_4,
 ShannonBounds.C11R5D186.step_n1._native.native_decide.ax_1_5,
 ShannonBounds.C11R5D186.step_n1._native.native_decide.ax_1_6,
 ShannonBounds.C11R5D186.step_n1._native.native_decide.ax_1_7,
 ShannonBounds.C11R5D186.step_n10._native.native_decide.ax_1_1,
 ShannonBounds.C11R5D186.step_n10._native.native_decide.ax_1_2,
 ShannonBounds.C11R5D186.step_n10._native.native_decide.ax_1_3,
 ShannonBounds.C11R5D186.step_n10._native.native_decide.ax_1_4,
 ShannonBounds.C11R5D186.step_n10._native.native_decide.ax_1_5,
 ShannonBounds.C11R5D186.step_n10._native.native_decide.ax_1_6,
 ShannonBounds.C11R5D186.step_n10._native.native_decide.ax_1_7,
 ShannonBounds.C11R5D186.step_n11._native.native_decide.ax_1_1,
 ShannonBounds.C11R5D186.step_n11._native.native_decide.ax_1_2,
 ShannonBounds.C11R5D186.step_n11._native.native_decide.ax_1_3,
 ShannonBounds.C11R5D186.step_n11._native.native_decide.ax_1_4,
 ShannonBounds.C11R5D186.step_n11._native.native_decide.ax_1_5,
 ShannonBounds.C11R5D186.step_n11._native.native_decide.ax_1_6,
 ShannonBounds.C11R5D186.step_n11._native.native_decide.ax_1_7,
 ShannonBounds.C11R5D186.step_n12._native.native_decide.ax_1_1,
 ShannonBounds.C11R5D186.step_n12._native.native_decide.ax_1_2,
 ShannonBounds.C11R5D186.step_n12._native.native_decide.ax_1_3,
 ShannonBounds.C11R5D186.step_n12._native.native_decide.ax_1_4,
 ShannonBounds.C11R5D186.step_n12._native.native_decide.ax_1_5,
 ShannonBounds.C11R5D186.step_n12._native.native_decide.ax_1_6,
 ShannonBounds.C11R5D186.step_n12._native.native_decide.ax_1_7,
 ShannonBounds.C11R5D186.step_n13._native.native_decide.ax_1_1,
 ShannonBounds.C11R5D186.step_n13._native.native_decide.ax_1_2,
 ShannonBounds.C11R5D186.step_n13._native.native_decide.ax_1_3,
 ShannonBounds.C11R5D186.step_n13._native.native_decide.ax_1_4,
 ShannonBounds.C11R5D186.step_n13._native.native_decide.ax_1_5,
 ShannonBounds.C11R5D186.step_n13._native.native_decide.ax_1_6,
 ShannonBounds.C11R5D186.step_n13._native.native_decide.ax_1_7,
 ShannonBounds.C11R5D186.step_n14._native.native_decide.ax_1_1,
 ShannonBounds.C11R5D186.step_n14._native.native_decide.ax_1_2,
 ShannonBounds.C11R5D186.step_n14._native.native_decide.ax_1_3,
 ShannonBounds.C11R5D186.step_n14._native.native_decide.ax_1_4,
 ShannonBounds.C11R5D186.step_n14._native.native_decide.ax_1_5,
 ShannonBounds.C11R5D186.step_n14._native.native_decide.ax_1_6,
 ShannonBounds.C11R5D186.step_n14._native.native_decide.ax_1_7,
 ShannonBounds.C11R5D186.step_n15._native.native_decide.ax_1_1,
 ShannonBounds.C11R5D186.step_n15._native.native_decide.ax_1_2,
 ShannonBounds.C11R5D186.step_n15._native.native_decide.ax_1_3,
 ShannonBounds.C11R5D186.step_n15._native.native_decide.ax_1_4,
 ShannonBounds.C11R5D186.step_n15._native.native_decide.ax_1_5,
 ShannonBounds.C11R5D186.step_n15._native.native_decide.ax_1_6,
 ShannonBounds.C11R5D186.step_n15._native.native_decide.ax_1_7,
 ShannonBounds.C11R5D186.step_n16._native.native_decide.ax_1_1,
 ShannonBounds.C11R5D186.step_n16._native.native_decide.ax_1_2,
 ShannonBounds.C11R5D186.step_n16._native.native_decide.ax_1_3,
 ShannonBounds.C11R5D186.step_n16._native.native_decide.ax_1_4,
 ShannonBounds.C11R5D186.step_n16._native.native_decide.ax_1_5,
 ShannonBounds.C11R5D186.step_n16._native.native_decide.ax_1_6,
 ShannonBounds.C11R5D186.step_n16._native.native_decide.ax_1_7,
 ShannonBounds.C11R5D186.step_n17._native.native_decide.ax_1_1,
 ShannonBounds.C11R5D186.step_n17._native.native_decide.ax_1_2,
 ShannonBounds.C11R5D186.step_n17._native.native_decide.ax_1_3,
 ShannonBounds.C11R5D186.step_n17._native.native_decide.ax_1_4,
 ShannonBounds.C11R5D186.step_n17._native.native_decide.ax_1_5,
 ShannonBounds.C11R5D186.step_n17._native.native_decide.ax_1_6,
 ShannonBounds.C11R5D186.step_n17._native.native_decide.ax_1_7,
 ShannonBounds.C11R5D186.step_n18._native.native_decide.ax_1_1,
 ShannonBounds.C11R5D186.step_n18._native.native_decide.ax_1_2,
 ShannonBounds.C11R5D186.step_n18._native.native_decide.ax_1_3,
 ShannonBounds.C11R5D186.step_n18._native.native_decide.ax_1_4,
 ShannonBounds.C11R5D186.step_n18._native.native_decide.ax_1_5,
 ShannonBounds.C11R5D186.step_n18._native.native_decide.ax_1_6,
 ShannonBounds.C11R5D186.step_n18._native.native_decide.ax_1_7,
 ShannonBounds.C11R5D186.step_n19._native.native_decide.ax_1_1,
 ShannonBounds.C11R5D186.step_n19._native.native_decide.ax_1_2,
 ShannonBounds.C11R5D186.step_n19._native.native_decide.ax_1_3,
 ShannonBounds.C11R5D186.step_n19._native.native_decide.ax_1_4,
 ShannonBounds.C11R5D186.step_n19._native.native_decide.ax_1_5,
 ShannonBounds.C11R5D186.step_n19._native.native_decide.ax_1_6,
 ShannonBounds.C11R5D186.step_n19._native.native_decide.ax_1_7,
 ShannonBounds.C11R5D186.step_n2._native.native_decide.ax_1_1,
 ShannonBounds.C11R5D186.step_n2._native.native_decide.ax_1_2,
 ShannonBounds.C11R5D186.step_n2._native.native_decide.ax_1_3,
 ShannonBounds.C11R5D186.step_n2._native.native_decide.ax_1_4,
 ShannonBounds.C11R5D186.step_n2._native.native_decide.ax_1_5,
 ShannonBounds.C11R5D186.step_n2._native.native_decide.ax_1_6,
 ShannonBounds.C11R5D186.step_n2._native.native_decide.ax_1_7,
 ShannonBounds.C11R5D186.step_n20._native.native_decide.ax_1_1,
 ShannonBounds.C11R5D186.step_n20._native.native_decide.ax_1_2,
 ShannonBounds.C11R5D186.step_n20._native.native_decide.ax_1_3,
 ShannonBounds.C11R5D186.step_n20._native.native_decide.ax_1_4,
 ShannonBounds.C11R5D186.step_n20._native.native_decide.ax_1_5,
 ShannonBounds.C11R5D186.step_n20._native.native_decide.ax_1_6,
 ShannonBounds.C11R5D186.step_n20._native.native_decide.ax_1_7,
 ShannonBounds.C11R5D186.step_n21._native.native_decide.ax_1_1,
 ShannonBounds.C11R5D186.step_n21._native.native_decide.ax_1_2,
 ShannonBounds.C11R5D186.step_n21._native.native_decide.ax_1_3,
 ShannonBounds.C11R5D186.step_n21._native.native_decide.ax_1_4,
 ShannonBounds.C11R5D186.step_n21._native.native_decide.ax_1_5,
 ShannonBounds.C11R5D186.step_n21._native.native_decide.ax_1_6,
 ShannonBounds.C11R5D186.step_n21._native.native_decide.ax_1_7,
 ShannonBounds.C11R5D186.step_n22._native.native_decide.ax_1_1,
 ShannonBounds.C11R5D186.step_n22._native.native_decide.ax_1_2,
 ShannonBounds.C11R5D186.step_n22._native.native_decide.ax_1_3,
 ShannonBounds.C11R5D186.step_n22._native.native_decide.ax_1_4,
 ShannonBounds.C11R5D186.step_n22._native.native_decide.ax_1_5,
 ShannonBounds.C11R5D186.step_n22._native.native_decide.ax_1_6,
 ShannonBounds.C11R5D186.step_n22._native.native_decide.ax_1_7,
 ShannonBounds.C11R5D186.step_n23._native.native_decide.ax_1_1,
 ShannonBounds.C11R5D186.step_n23._native.native_decide.ax_1_2,
 ShannonBounds.C11R5D186.step_n23._native.native_decide.ax_1_3,
 ShannonBounds.C11R5D186.step_n23._native.native_decide.ax_1_4,
 ShannonBounds.C11R5D186.step_n23._native.native_decide.ax_1_5,
 ShannonBounds.C11R5D186.step_n23._native.native_decide.ax_1_6,
 ShannonBounds.C11R5D186.step_n23._native.native_decide.ax_1_7,
 ShannonBounds.C11R5D186.step_n24._native.native_decide.ax_1_1,
 ShannonBounds.C11R5D186.step_n24._native.native_decide.ax_1_2,
 ShannonBounds.C11R5D186.step_n24._native.native_decide.ax_1_3,
 ShannonBounds.C11R5D186.step_n24._native.native_decide.ax_1_4,
 ShannonBounds.C11R5D186.step_n24._native.native_decide.ax_1_5,
 ShannonBounds.C11R5D186.step_n24._native.native_decide.ax_1_6,
 ShannonBounds.C11R5D186.step_n24._native.native_decide.ax_1_7,
 ShannonBounds.C11R5D186.step_n25._native.native_decide.ax_1_1,
 ShannonBounds.C11R5D186.step_n25._native.native_decide.ax_1_2,
 ShannonBounds.C11R5D186.step_n25._native.native_decide.ax_1_3,
 ShannonBounds.C11R5D186.step_n25._native.native_decide.ax_1_4,
 ShannonBounds.C11R5D186.step_n25._native.native_decide.ax_1_5,
 ShannonBounds.C11R5D186.step_n25._native.native_decide.ax_1_6,
 ShannonBounds.C11R5D186.step_n25._native.native_decide.ax_1_7,
 ShannonBounds.C11R5D186.step_n26._native.native_decide.ax_1_1,
 ShannonBounds.C11R5D186.step_n26._native.native_decide.ax_1_2,
 ShannonBounds.C11R5D186.step_n26._native.native_decide.ax_1_3,
 ShannonBounds.C11R5D186.step_n26._native.native_decide.ax_1_4,
 ShannonBounds.C11R5D186.step_n26._native.native_decide.ax_1_5,
 ShannonBounds.C11R5D186.step_n26._native.native_decide.ax_1_6,
 ShannonBounds.C11R5D186.step_n26._native.native_decide.ax_1_7,
 ShannonBounds.C11R5D186.step_n3._native.native_decide.ax_1_1,
 ShannonBounds.C11R5D186.step_n3._native.native_decide.ax_1_2,
 ShannonBounds.C11R5D186.step_n3._native.native_decide.ax_1_3,
 ShannonBounds.C11R5D186.step_n3._native.native_decide.ax_1_4,
 ShannonBounds.C11R5D186.step_n3._native.native_decide.ax_1_5,
 ShannonBounds.C11R5D186.step_n3._native.native_decide.ax_1_6,
 ShannonBounds.C11R5D186.step_n3._native.native_decide.ax_1_7,
 ShannonBounds.C11R5D186.step_n4._native.native_decide.ax_1_1,
 ShannonBounds.C11R5D186.step_n4._native.native_decide.ax_1_2,
 ShannonBounds.C11R5D186.step_n4._native.native_decide.ax_1_3,
 ShannonBounds.C11R5D186.step_n4._native.native_decide.ax_1_4,
 ShannonBounds.C11R5D186.step_n4._native.native_decide.ax_1_5,
 ShannonBounds.C11R5D186.step_n4._native.native_decide.ax_1_6,
 ShannonBounds.C11R5D186.step_n4._native.native_decide.ax_1_7,
 ShannonBounds.C11R5D186.step_n5._native.native_decide.ax_1_1,
 ShannonBounds.C11R5D186.step_n5._native.native_decide.ax_1_2,
 ShannonBounds.C11R5D186.step_n5._native.native_decide.ax_1_3,
 ShannonBounds.C11R5D186.step_n5._native.native_decide.ax_1_4,
 ShannonBounds.C11R5D186.step_n5._native.native_decide.ax_1_5,
 ShannonBounds.C11R5D186.step_n5._native.native_decide.ax_1_6,
 ShannonBounds.C11R5D186.step_n5._native.native_decide.ax_1_7,
 ShannonBounds.C11R5D186.step_n6._native.native_decide.ax_1_1,
 ShannonBounds.C11R5D186.step_n6._native.native_decide.ax_1_2,
 ShannonBounds.C11R5D186.step_n6._native.native_decide.ax_1_3,
 ShannonBounds.C11R5D186.step_n6._native.native_decide.ax_1_4,
 ShannonBounds.C11R5D186.step_n6._native.native_decide.ax_1_5,
 ShannonBounds.C11R5D186.step_n6._native.native_decide.ax_1_6,
 ShannonBounds.C11R5D186.step_n6._native.native_decide.ax_1_7,
 ShannonBounds.C11R5D186.step_n7._native.native_decide.ax_1_1,
 ShannonBounds.C11R5D186.step_n7._native.native_decide.ax_1_2,
 ShannonBounds.C11R5D186.step_n7._native.native_decide.ax_1_3,
 ShannonBounds.C11R5D186.step_n7._native.native_decide.ax_1_4,
 ShannonBounds.C11R5D186.step_n7._native.native_decide.ax_1_5,
 ShannonBounds.C11R5D186.step_n7._native.native_decide.ax_1_6,
 ShannonBounds.C11R5D186.step_n7._native.native_decide.ax_1_7,
 ShannonBounds.C11R5D186.step_n8._native.native_decide.ax_1_1,
 ShannonBounds.C11R5D186.step_n8._native.native_decide.ax_1_2,
 ShannonBounds.C11R5D186.step_n8._native.native_decide.ax_1_3,
 ShannonBounds.C11R5D186.step_n8._native.native_decide.ax_1_4,
 ShannonBounds.C11R5D186.step_n8._native.native_decide.ax_1_5,
 ShannonBounds.C11R5D186.step_n8._native.native_decide.ax_1_6,
 ShannonBounds.C11R5D186.step_n8._native.native_decide.ax_1_7,
 ShannonBounds.C11R5D186.step_n9._native.native_decide.ax_1_1,
 ShannonBounds.C11R5D186.step_n9._native.native_decide.ax_1_2,
 ShannonBounds.C11R5D186.step_n9._native.native_decide.ax_1_3,
 ShannonBounds.C11R5D186.step_n9._native.native_decide.ax_1_4,
 ShannonBounds.C11R5D186.step_n9._native.native_decide.ax_1_5,
 ShannonBounds.C11R5D186.step_n9._native.native_decide.ax_1_6,
 ShannonBounds.C11R5D186.step_n9._native.native_decide.ax_1_7,
 ShannonBounds.C11R5D186.terminal_value._native.native_decide.ax_1_1,
 ShannonBounds.C11R5Tables.S_0058d965adce02f4._native.native_decide.ax_1,
 ShannonBounds.C11R5Tables.S_0058d965adce02f4._native.native_decide.ax_2,
 ShannonBounds.C11R5Tables.S_01f11d8929277edb._native.native_decide.ax_1,
 ShannonBounds.C11R5Tables.S_01f11d8929277edb._native.native_decide.ax_2,
 ShannonBounds.C11R5Tables.S_04339297651c9c49._native.native_decide.ax_1,
 ShannonBounds.C11R5Tables.S_04339297651c9c49._native.native_decide.ax_2,
 ShannonBounds.C11R5Tables.S_0ac0bf4804630912._native.native_decide.ax_1,
 ShannonBounds.C11R5Tables.S_0ac0bf4804630912._native.native_decide.ax_2,
 ShannonBounds.C11R5Tables.S_0c7cb632d1153343._native.native_decide.ax_1,
 ShannonBounds.C11R5Tables.S_0c7cb632d1153343._native.native_decide.ax_2,
 ShannonBounds.C11R5Tables.S_18277b0c484b4c41._native.native_decide.ax_1,
 ShannonBounds.C11R5Tables.S_18277b0c484b4c41._native.native_decide.ax_2,
 ShannonBounds.C11R5Tables.S_3daf90758a80fbb9._native.native_decide.ax_1,
 ShannonBounds.C11R5Tables.S_3daf90758a80fbb9._native.native_decide.ax_2,
 ShannonBounds.C11R5Tables.S_3e8694d6a5bfe173._native.native_decide.ax_1,
 ShannonBounds.C11R5Tables.S_3e8694d6a5bfe173._native.native_decide.ax_2,
 ShannonBounds.C11R5Tables.S_6859b0ec25991d42._native.native_decide.ax_1,
 ShannonBounds.C11R5Tables.S_6859b0ec25991d42._native.native_decide.ax_2,
 ShannonBounds.C11R5Tables.S_787c56f586779bfd._native.native_decide.ax_1,
 ShannonBounds.C11R5Tables.S_787c56f586779bfd._native.native_decide.ax_2,
 ShannonBounds.C11R5Tables.S_7b6c163f0dc4b608._native.native_decide.ax_1,
 ShannonBounds.C11R5Tables.S_7b6c163f0dc4b608._native.native_decide.ax_2,
 ShannonBounds.C11R5Tables.S_adfa0199080b0c49._native.native_decide.ax_1,
 ShannonBounds.C11R5Tables.S_e788020168e26abb._native.native_decide.ax_1,
 ShannonBounds.C11R5Tables.S_e788020168e26abb._native.native_decide.ax_2,
 ShannonBounds.C11R5Tables.S_e9ef2871c79d62be._native.native_decide.ax_1,
 ShannonBounds.C11R5Tables.S_e9ef2871c79d62be._native.native_decide.ax_2,
 ShannonBounds.C11R5Tables.S_f621e9dcab9f974c._native.native_decide.ax_1,
 ShannonBounds.C11R5Tables.S_f621e9dcab9f974c._native.native_decide.ax_2,
 ShannonBounds.C11R5Tables.S_f97d79adc1a9e27c._native.native_decide.ax_1,
 ShannonBounds.C11R5Tables.S_f97d79adc1a9e27c._native.native_decide.ax_2]
'ShannonBounds.C11R5D186.alpha_ge' depends on axioms: [propext,
 Classical.choice.{u},
 Quot.sound.{u},
 ShannonBounds.BaseC11.IlenCheck._native.native_decide.ax_1_1,
 ShannonBounds.BaseC11.Iset._native.native_decide.ax_1,
 ShannonBounds.BaseC11.XcFalseLenCheck._native.native_decide.ax_1_1,
 ShannonBounds.BaseC11.XcTrueLenCheck._native.native_decide.ax_1_1,
 ShannonBounds.BaseC11.XlenCheck._native.native_decide.ax_1_1,
 ShannonBounds.BaseC11.Xset._native.native_decide.ax_1,
 ShannonBounds.BaseC11.altInjCheck._native.native_decide.ax_1_1,
 ShannonBounds.BaseC11.altNotCheck._native.native_decide.ax_1_1,
 ShannonBounds.BaseC11.epParentCheck._native.native_decide.ax_1_1,
 ShannonBounds.BaseC11.pFalseCheck._native.native_decide.ax_1_1,
 ShannonBounds.BaseC11.pTrueCheck._native.native_decide.ax_1_1,
 ShannonBounds.BaseC11.pairConflict._native.native_decide.ax_1_1,
 ShannonBounds.BaseC11.pairwiseOK_I._native.native_decide.ax_1_1,
 ShannonBounds.BaseC11.pairwiseOK_X._native.native_decide.ax_1_1,
 ShannonBounds.BaseC11.portsCheck._native.native_decide.ax_1_1,
 ShannonBounds.BaseC11.portsLenCheck._native.native_decide.ax_1_1,
 ShannonBounds.BaseC11.portsSet._native.native_decide.ax_1,
 ShannonBounds.BaseC11.privCheck._native.native_decide.ax_1_1,
 ShannonBounds.BaseC11.sconf_iff_conflict._native.native_decide.ax_1_1,
 ShannonBounds.BaseC11.sconf_refl._native.native_decide.ax_1_1,
 ShannonBounds.BaseC11.sconf_symm._native.native_decide.ax_1_1,
 ShannonBounds.BaseC11.sepCheck._native.native_decide.ax_1_1,
 ShannonBounds.C11R5D186.step_n1._native.native_decide.ax_1_1,
 ShannonBounds.C11R5D186.step_n1._native.native_decide.ax_1_2,
 ShannonBounds.C11R5D186.step_n1._native.native_decide.ax_1_3,
 ShannonBounds.C11R5D186.step_n1._native.native_decide.ax_1_4,
 ShannonBounds.C11R5D186.step_n1._native.native_decide.ax_1_5,
 ShannonBounds.C11R5D186.step_n1._native.native_decide.ax_1_6,
 ShannonBounds.C11R5D186.step_n1._native.native_decide.ax_1_7,
 ShannonBounds.C11R5D186.step_n10._native.native_decide.ax_1_1,
 ShannonBounds.C11R5D186.step_n10._native.native_decide.ax_1_2,
 ShannonBounds.C11R5D186.step_n10._native.native_decide.ax_1_3,
 ShannonBounds.C11R5D186.step_n10._native.native_decide.ax_1_4,
 ShannonBounds.C11R5D186.step_n10._native.native_decide.ax_1_5,
 ShannonBounds.C11R5D186.step_n10._native.native_decide.ax_1_6,
 ShannonBounds.C11R5D186.step_n10._native.native_decide.ax_1_7,
 ShannonBounds.C11R5D186.step_n11._native.native_decide.ax_1_1,
 ShannonBounds.C11R5D186.step_n11._native.native_decide.ax_1_2,
 ShannonBounds.C11R5D186.step_n11._native.native_decide.ax_1_3,
 ShannonBounds.C11R5D186.step_n11._native.native_decide.ax_1_4,
 ShannonBounds.C11R5D186.step_n11._native.native_decide.ax_1_5,
 ShannonBounds.C11R5D186.step_n11._native.native_decide.ax_1_6,
 ShannonBounds.C11R5D186.step_n11._native.native_decide.ax_1_7,
 ShannonBounds.C11R5D186.step_n12._native.native_decide.ax_1_1,
 ShannonBounds.C11R5D186.step_n12._native.native_decide.ax_1_2,
 ShannonBounds.C11R5D186.step_n12._native.native_decide.ax_1_3,
 ShannonBounds.C11R5D186.step_n12._native.native_decide.ax_1_4,
 ShannonBounds.C11R5D186.step_n12._native.native_decide.ax_1_5,
 ShannonBounds.C11R5D186.step_n12._native.native_decide.ax_1_6,
 ShannonBounds.C11R5D186.step_n12._native.native_decide.ax_1_7,
 ShannonBounds.C11R5D186.step_n13._native.native_decide.ax_1_1,
 ShannonBounds.C11R5D186.step_n13._native.native_decide.ax_1_2,
 ShannonBounds.C11R5D186.step_n13._native.native_decide.ax_1_3,
 ShannonBounds.C11R5D186.step_n13._native.native_decide.ax_1_4,
 ShannonBounds.C11R5D186.step_n13._native.native_decide.ax_1_5,
 ShannonBounds.C11R5D186.step_n13._native.native_decide.ax_1_6,
 ShannonBounds.C11R5D186.step_n13._native.native_decide.ax_1_7,
 ShannonBounds.C11R5D186.step_n14._native.native_decide.ax_1_1,
 ShannonBounds.C11R5D186.step_n14._native.native_decide.ax_1_2,
 ShannonBounds.C11R5D186.step_n14._native.native_decide.ax_1_3,
 ShannonBounds.C11R5D186.step_n14._native.native_decide.ax_1_4,
 ShannonBounds.C11R5D186.step_n14._native.native_decide.ax_1_5,
 ShannonBounds.C11R5D186.step_n14._native.native_decide.ax_1_6,
 ShannonBounds.C11R5D186.step_n14._native.native_decide.ax_1_7,
 ShannonBounds.C11R5D186.step_n15._native.native_decide.ax_1_1,
 ShannonBounds.C11R5D186.step_n15._native.native_decide.ax_1_2,
 ShannonBounds.C11R5D186.step_n15._native.native_decide.ax_1_3,
 ShannonBounds.C11R5D186.step_n15._native.native_decide.ax_1_4,
 ShannonBounds.C11R5D186.step_n15._native.native_decide.ax_1_5,
 ShannonBounds.C11R5D186.step_n15._native.native_decide.ax_1_6,
 ShannonBounds.C11R5D186.step_n15._native.native_decide.ax_1_7,
 ShannonBounds.C11R5D186.step_n16._native.native_decide.ax_1_1,
 ShannonBounds.C11R5D186.step_n16._native.native_decide.ax_1_2,
 ShannonBounds.C11R5D186.step_n16._native.native_decide.ax_1_3,
 ShannonBounds.C11R5D186.step_n16._native.native_decide.ax_1_4,
 ShannonBounds.C11R5D186.step_n16._native.native_decide.ax_1_5,
 ShannonBounds.C11R5D186.step_n16._native.native_decide.ax_1_6,
 ShannonBounds.C11R5D186.step_n16._native.native_decide.ax_1_7,
 ShannonBounds.C11R5D186.step_n17._native.native_decide.ax_1_1,
 ShannonBounds.C11R5D186.step_n17._native.native_decide.ax_1_2,
 ShannonBounds.C11R5D186.step_n17._native.native_decide.ax_1_3,
 ShannonBounds.C11R5D186.step_n17._native.native_decide.ax_1_4,
 ShannonBounds.C11R5D186.step_n17._native.native_decide.ax_1_5,
 ShannonBounds.C11R5D186.step_n17._native.native_decide.ax_1_6,
 ShannonBounds.C11R5D186.step_n17._native.native_decide.ax_1_7,
 ShannonBounds.C11R5D186.step_n18._native.native_decide.ax_1_1,
 ShannonBounds.C11R5D186.step_n18._native.native_decide.ax_1_2,
 ShannonBounds.C11R5D186.step_n18._native.native_decide.ax_1_3,
 ShannonBounds.C11R5D186.step_n18._native.native_decide.ax_1_4,
 ShannonBounds.C11R5D186.step_n18._native.native_decide.ax_1_5,
 ShannonBounds.C11R5D186.step_n18._native.native_decide.ax_1_6,
 ShannonBounds.C11R5D186.step_n18._native.native_decide.ax_1_7,
 ShannonBounds.C11R5D186.step_n19._native.native_decide.ax_1_1,
 ShannonBounds.C11R5D186.step_n19._native.native_decide.ax_1_2,
 ShannonBounds.C11R5D186.step_n19._native.native_decide.ax_1_3,
 ShannonBounds.C11R5D186.step_n19._native.native_decide.ax_1_4,
 ShannonBounds.C11R5D186.step_n19._native.native_decide.ax_1_5,
 ShannonBounds.C11R5D186.step_n19._native.native_decide.ax_1_6,
 ShannonBounds.C11R5D186.step_n19._native.native_decide.ax_1_7,
 ShannonBounds.C11R5D186.step_n2._native.native_decide.ax_1_1,
 ShannonBounds.C11R5D186.step_n2._native.native_decide.ax_1_2,
 ShannonBounds.C11R5D186.step_n2._native.native_decide.ax_1_3,
 ShannonBounds.C11R5D186.step_n2._native.native_decide.ax_1_4,
 ShannonBounds.C11R5D186.step_n2._native.native_decide.ax_1_5,
 ShannonBounds.C11R5D186.step_n2._native.native_decide.ax_1_6,
 ShannonBounds.C11R5D186.step_n2._native.native_decide.ax_1_7,
 ShannonBounds.C11R5D186.step_n20._native.native_decide.ax_1_1,
 ShannonBounds.C11R5D186.step_n20._native.native_decide.ax_1_2,
 ShannonBounds.C11R5D186.step_n20._native.native_decide.ax_1_3,
 ShannonBounds.C11R5D186.step_n20._native.native_decide.ax_1_4,
 ShannonBounds.C11R5D186.step_n20._native.native_decide.ax_1_5,
 ShannonBounds.C11R5D186.step_n20._native.native_decide.ax_1_6,
 ShannonBounds.C11R5D186.step_n20._native.native_decide.ax_1_7,
 ShannonBounds.C11R5D186.step_n21._native.native_decide.ax_1_1,
 ShannonBounds.C11R5D186.step_n21._native.native_decide.ax_1_2,
 ShannonBounds.C11R5D186.step_n21._native.native_decide.ax_1_3,
 ShannonBounds.C11R5D186.step_n21._native.native_decide.ax_1_4,
 ShannonBounds.C11R5D186.step_n21._native.native_decide.ax_1_5,
 ShannonBounds.C11R5D186.step_n21._native.native_decide.ax_1_6,
 ShannonBounds.C11R5D186.step_n21._native.native_decide.ax_1_7,
 ShannonBounds.C11R5D186.step_n22._native.native_decide.ax_1_1,
 ShannonBounds.C11R5D186.step_n22._native.native_decide.ax_1_2,
 ShannonBounds.C11R5D186.step_n22._native.native_decide.ax_1_3,
 ShannonBounds.C11R5D186.step_n22._native.native_decide.ax_1_4,
 ShannonBounds.C11R5D186.step_n22._native.native_decide.ax_1_5,
 ShannonBounds.C11R5D186.step_n22._native.native_decide.ax_1_6,
 ShannonBounds.C11R5D186.step_n22._native.native_decide.ax_1_7,
 ShannonBounds.C11R5D186.step_n23._native.native_decide.ax_1_1,
 ShannonBounds.C11R5D186.step_n23._native.native_decide.ax_1_2,
 ShannonBounds.C11R5D186.step_n23._native.native_decide.ax_1_3,
 ShannonBounds.C11R5D186.step_n23._native.native_decide.ax_1_4,
 ShannonBounds.C11R5D186.step_n23._native.native_decide.ax_1_5,
 ShannonBounds.C11R5D186.step_n23._native.native_decide.ax_1_6,
 ShannonBounds.C11R5D186.step_n23._native.native_decide.ax_1_7,
 ShannonBounds.C11R5D186.step_n24._native.native_decide.ax_1_1,
 ShannonBounds.C11R5D186.step_n24._native.native_decide.ax_1_2,
 ShannonBounds.C11R5D186.step_n24._native.native_decide.ax_1_3,
 ShannonBounds.C11R5D186.step_n24._native.native_decide.ax_1_4,
 ShannonBounds.C11R5D186.step_n24._native.native_decide.ax_1_5,
 ShannonBounds.C11R5D186.step_n24._native.native_decide.ax_1_6,
 ShannonBounds.C11R5D186.step_n24._native.native_decide.ax_1_7,
 ShannonBounds.C11R5D186.step_n25._native.native_decide.ax_1_1,
 ShannonBounds.C11R5D186.step_n25._native.native_decide.ax_1_2,
 ShannonBounds.C11R5D186.step_n25._native.native_decide.ax_1_3,
 ShannonBounds.C11R5D186.step_n25._native.native_decide.ax_1_4,
 ShannonBounds.C11R5D186.step_n25._native.native_decide.ax_1_5,
 ShannonBounds.C11R5D186.step_n25._native.native_decide.ax_1_6,
 ShannonBounds.C11R5D186.step_n25._native.native_decide.ax_1_7,
 ShannonBounds.C11R5D186.step_n26._native.native_decide.ax_1_1,
 ShannonBounds.C11R5D186.step_n26._native.native_decide.ax_1_2,
 ShannonBounds.C11R5D186.step_n26._native.native_decide.ax_1_3,
 ShannonBounds.C11R5D186.step_n26._native.native_decide.ax_1_4,
 ShannonBounds.C11R5D186.step_n26._native.native_decide.ax_1_5,
 ShannonBounds.C11R5D186.step_n26._native.native_decide.ax_1_6,
 ShannonBounds.C11R5D186.step_n26._native.native_decide.ax_1_7,
 ShannonBounds.C11R5D186.step_n3._native.native_decide.ax_1_1,
 ShannonBounds.C11R5D186.step_n3._native.native_decide.ax_1_2,
 ShannonBounds.C11R5D186.step_n3._native.native_decide.ax_1_3,
 ShannonBounds.C11R5D186.step_n3._native.native_decide.ax_1_4,
 ShannonBounds.C11R5D186.step_n3._native.native_decide.ax_1_5,
 ShannonBounds.C11R5D186.step_n3._native.native_decide.ax_1_6,
 ShannonBounds.C11R5D186.step_n3._native.native_decide.ax_1_7,
 ShannonBounds.C11R5D186.step_n4._native.native_decide.ax_1_1,
 ShannonBounds.C11R5D186.step_n4._native.native_decide.ax_1_2,
 ShannonBounds.C11R5D186.step_n4._native.native_decide.ax_1_3,
 ShannonBounds.C11R5D186.step_n4._native.native_decide.ax_1_4,
 ShannonBounds.C11R5D186.step_n4._native.native_decide.ax_1_5,
 ShannonBounds.C11R5D186.step_n4._native.native_decide.ax_1_6,
 ShannonBounds.C11R5D186.step_n4._native.native_decide.ax_1_7,
 ShannonBounds.C11R5D186.step_n5._native.native_decide.ax_1_1,
 ShannonBounds.C11R5D186.step_n5._native.native_decide.ax_1_2,
 ShannonBounds.C11R5D186.step_n5._native.native_decide.ax_1_3,
 ShannonBounds.C11R5D186.step_n5._native.native_decide.ax_1_4,
 ShannonBounds.C11R5D186.step_n5._native.native_decide.ax_1_5,
 ShannonBounds.C11R5D186.step_n5._native.native_decide.ax_1_6,
 ShannonBounds.C11R5D186.step_n5._native.native_decide.ax_1_7,
 ShannonBounds.C11R5D186.step_n6._native.native_decide.ax_1_1,
 ShannonBounds.C11R5D186.step_n6._native.native_decide.ax_1_2,
 ShannonBounds.C11R5D186.step_n6._native.native_decide.ax_1_3,
 ShannonBounds.C11R5D186.step_n6._native.native_decide.ax_1_4,
 ShannonBounds.C11R5D186.step_n6._native.native_decide.ax_1_5,
 ShannonBounds.C11R5D186.step_n6._native.native_decide.ax_1_6,
 ShannonBounds.C11R5D186.step_n6._native.native_decide.ax_1_7,
 ShannonBounds.C11R5D186.step_n7._native.native_decide.ax_1_1,
 ShannonBounds.C11R5D186.step_n7._native.native_decide.ax_1_2,
 ShannonBounds.C11R5D186.step_n7._native.native_decide.ax_1_3,
 ShannonBounds.C11R5D186.step_n7._native.native_decide.ax_1_4,
 ShannonBounds.C11R5D186.step_n7._native.native_decide.ax_1_5,
 ShannonBounds.C11R5D186.step_n7._native.native_decide.ax_1_6,
 ShannonBounds.C11R5D186.step_n7._native.native_decide.ax_1_7,
 ShannonBounds.C11R5D186.step_n8._native.native_decide.ax_1_1,
 ShannonBounds.C11R5D186.step_n8._native.native_decide.ax_1_2,
 ShannonBounds.C11R5D186.step_n8._native.native_decide.ax_1_3,
 ShannonBounds.C11R5D186.step_n8._native.native_decide.ax_1_4,
 ShannonBounds.C11R5D186.step_n8._native.native_decide.ax_1_5,
 ShannonBounds.C11R5D186.step_n8._native.native_decide.ax_1_6,
 ShannonBounds.C11R5D186.step_n8._native.native_decide.ax_1_7,
 ShannonBounds.C11R5D186.step_n9._native.native_decide.ax_1_1,
 ShannonBounds.C11R5D186.step_n9._native.native_decide.ax_1_2,
 ShannonBounds.C11R5D186.step_n9._native.native_decide.ax_1_3,
 ShannonBounds.C11R5D186.step_n9._native.native_decide.ax_1_4,
 ShannonBounds.C11R5D186.step_n9._native.native_decide.ax_1_5,
 ShannonBounds.C11R5D186.step_n9._native.native_decide.ax_1_6,
 ShannonBounds.C11R5D186.step_n9._native.native_decide.ax_1_7,
 ShannonBounds.C11R5D186.terminal_value._native.native_decide.ax_1_1,
 ShannonBounds.C11R5Tables.S_0058d965adce02f4._native.native_decide.ax_1,
 ShannonBounds.C11R5Tables.S_0058d965adce02f4._native.native_decide.ax_2,
 ShannonBounds.C11R5Tables.S_01f11d8929277edb._native.native_decide.ax_1,
 ShannonBounds.C11R5Tables.S_01f11d8929277edb._native.native_decide.ax_2,
 ShannonBounds.C11R5Tables.S_04339297651c9c49._native.native_decide.ax_1,
 ShannonBounds.C11R5Tables.S_04339297651c9c49._native.native_decide.ax_2,
 ShannonBounds.C11R5Tables.S_0ac0bf4804630912._native.native_decide.ax_1,
 ShannonBounds.C11R5Tables.S_0ac0bf4804630912._native.native_decide.ax_2,
 ShannonBounds.C11R5Tables.S_0c7cb632d1153343._native.native_decide.ax_1,
 ShannonBounds.C11R5Tables.S_0c7cb632d1153343._native.native_decide.ax_2,
 ShannonBounds.C11R5Tables.S_18277b0c484b4c41._native.native_decide.ax_1,
 ShannonBounds.C11R5Tables.S_18277b0c484b4c41._native.native_decide.ax_2,
 ShannonBounds.C11R5Tables.S_3daf90758a80fbb9._native.native_decide.ax_1,
 ShannonBounds.C11R5Tables.S_3daf90758a80fbb9._native.native_decide.ax_2,
 ShannonBounds.C11R5Tables.S_3e8694d6a5bfe173._native.native_decide.ax_1,
 ShannonBounds.C11R5Tables.S_3e8694d6a5bfe173._native.native_decide.ax_2,
 ShannonBounds.C11R5Tables.S_6859b0ec25991d42._native.native_decide.ax_1,
 ShannonBounds.C11R5Tables.S_6859b0ec25991d42._native.native_decide.ax_2,
 ShannonBounds.C11R5Tables.S_787c56f586779bfd._native.native_decide.ax_1,
 ShannonBounds.C11R5Tables.S_787c56f586779bfd._native.native_decide.ax_2,
 ShannonBounds.C11R5Tables.S_7b6c163f0dc4b608._native.native_decide.ax_1,
 ShannonBounds.C11R5Tables.S_7b6c163f0dc4b608._native.native_decide.ax_2,
 ShannonBounds.C11R5Tables.S_adfa0199080b0c49._native.native_decide.ax_1,
 ShannonBounds.C11R5Tables.S_e788020168e26abb._native.native_decide.ax_1,
 ShannonBounds.C11R5Tables.S_e788020168e26abb._native.native_decide.ax_2,
 ShannonBounds.C11R5Tables.S_e9ef2871c79d62be._native.native_decide.ax_1,
 ShannonBounds.C11R5Tables.S_e9ef2871c79d62be._native.native_decide.ax_2,
 ShannonBounds.C11R5Tables.S_f621e9dcab9f974c._native.native_decide.ax_1,
 ShannonBounds.C11R5Tables.S_f621e9dcab9f974c._native.native_decide.ax_2,
 ShannonBounds.C11R5Tables.S_f97d79adc1a9e27c._native.native_decide.ax_1,
 ShannonBounds.C11R5Tables.S_f97d79adc1a9e27c._native.native_decide.ax_2]
'ShannonBounds.C11R5D186.capacity_root' depends on axioms: [propext,
 Classical.choice.{u},
 Quot.sound.{u},
 ShannonBounds.BaseC11.IlenCheck._native.native_decide.ax_1_1,
 ShannonBounds.BaseC11.Iset._native.native_decide.ax_1,
 ShannonBounds.BaseC11.XcFalseLenCheck._native.native_decide.ax_1_1,
 ShannonBounds.BaseC11.XcTrueLenCheck._native.native_decide.ax_1_1,
 ShannonBounds.BaseC11.XlenCheck._native.native_decide.ax_1_1,
 ShannonBounds.BaseC11.Xset._native.native_decide.ax_1,
 ShannonBounds.BaseC11.altInjCheck._native.native_decide.ax_1_1,
 ShannonBounds.BaseC11.altNotCheck._native.native_decide.ax_1_1,
 ShannonBounds.BaseC11.epParentCheck._native.native_decide.ax_1_1,
 ShannonBounds.BaseC11.pFalseCheck._native.native_decide.ax_1_1,
 ShannonBounds.BaseC11.pTrueCheck._native.native_decide.ax_1_1,
 ShannonBounds.BaseC11.pairConflict._native.native_decide.ax_1_1,
 ShannonBounds.BaseC11.pairwiseOK_I._native.native_decide.ax_1_1,
 ShannonBounds.BaseC11.pairwiseOK_X._native.native_decide.ax_1_1,
 ShannonBounds.BaseC11.portsCheck._native.native_decide.ax_1_1,
 ShannonBounds.BaseC11.portsLenCheck._native.native_decide.ax_1_1,
 ShannonBounds.BaseC11.portsSet._native.native_decide.ax_1,
 ShannonBounds.BaseC11.privCheck._native.native_decide.ax_1_1,
 ShannonBounds.BaseC11.sconf_iff_conflict._native.native_decide.ax_1_1,
 ShannonBounds.BaseC11.sconf_refl._native.native_decide.ax_1_1,
 ShannonBounds.BaseC11.sconf_symm._native.native_decide.ax_1_1,
 ShannonBounds.BaseC11.sepCheck._native.native_decide.ax_1_1,
 ShannonBounds.C11R5D186.step_n1._native.native_decide.ax_1_1,
 ShannonBounds.C11R5D186.step_n1._native.native_decide.ax_1_2,
 ShannonBounds.C11R5D186.step_n1._native.native_decide.ax_1_3,
 ShannonBounds.C11R5D186.step_n1._native.native_decide.ax_1_4,
 ShannonBounds.C11R5D186.step_n1._native.native_decide.ax_1_5,
 ShannonBounds.C11R5D186.step_n1._native.native_decide.ax_1_6,
 ShannonBounds.C11R5D186.step_n1._native.native_decide.ax_1_7,
 ShannonBounds.C11R5D186.step_n10._native.native_decide.ax_1_1,
 ShannonBounds.C11R5D186.step_n10._native.native_decide.ax_1_2,
 ShannonBounds.C11R5D186.step_n10._native.native_decide.ax_1_3,
 ShannonBounds.C11R5D186.step_n10._native.native_decide.ax_1_4,
 ShannonBounds.C11R5D186.step_n10._native.native_decide.ax_1_5,
 ShannonBounds.C11R5D186.step_n10._native.native_decide.ax_1_6,
 ShannonBounds.C11R5D186.step_n10._native.native_decide.ax_1_7,
 ShannonBounds.C11R5D186.step_n11._native.native_decide.ax_1_1,
 ShannonBounds.C11R5D186.step_n11._native.native_decide.ax_1_2,
 ShannonBounds.C11R5D186.step_n11._native.native_decide.ax_1_3,
 ShannonBounds.C11R5D186.step_n11._native.native_decide.ax_1_4,
 ShannonBounds.C11R5D186.step_n11._native.native_decide.ax_1_5,
 ShannonBounds.C11R5D186.step_n11._native.native_decide.ax_1_6,
 ShannonBounds.C11R5D186.step_n11._native.native_decide.ax_1_7,
 ShannonBounds.C11R5D186.step_n12._native.native_decide.ax_1_1,
 ShannonBounds.C11R5D186.step_n12._native.native_decide.ax_1_2,
 ShannonBounds.C11R5D186.step_n12._native.native_decide.ax_1_3,
 ShannonBounds.C11R5D186.step_n12._native.native_decide.ax_1_4,
 ShannonBounds.C11R5D186.step_n12._native.native_decide.ax_1_5,
 ShannonBounds.C11R5D186.step_n12._native.native_decide.ax_1_6,
 ShannonBounds.C11R5D186.step_n12._native.native_decide.ax_1_7,
 ShannonBounds.C11R5D186.step_n13._native.native_decide.ax_1_1,
 ShannonBounds.C11R5D186.step_n13._native.native_decide.ax_1_2,
 ShannonBounds.C11R5D186.step_n13._native.native_decide.ax_1_3,
 ShannonBounds.C11R5D186.step_n13._native.native_decide.ax_1_4,
 ShannonBounds.C11R5D186.step_n13._native.native_decide.ax_1_5,
 ShannonBounds.C11R5D186.step_n13._native.native_decide.ax_1_6,
 ShannonBounds.C11R5D186.step_n13._native.native_decide.ax_1_7,
 ShannonBounds.C11R5D186.step_n14._native.native_decide.ax_1_1,
 ShannonBounds.C11R5D186.step_n14._native.native_decide.ax_1_2,
 ShannonBounds.C11R5D186.step_n14._native.native_decide.ax_1_3,
 ShannonBounds.C11R5D186.step_n14._native.native_decide.ax_1_4,
 ShannonBounds.C11R5D186.step_n14._native.native_decide.ax_1_5,
 ShannonBounds.C11R5D186.step_n14._native.native_decide.ax_1_6,
 ShannonBounds.C11R5D186.step_n14._native.native_decide.ax_1_7,
 ShannonBounds.C11R5D186.step_n15._native.native_decide.ax_1_1,
 ShannonBounds.C11R5D186.step_n15._native.native_decide.ax_1_2,
 ShannonBounds.C11R5D186.step_n15._native.native_decide.ax_1_3,
 ShannonBounds.C11R5D186.step_n15._native.native_decide.ax_1_4,
 ShannonBounds.C11R5D186.step_n15._native.native_decide.ax_1_5,
 ShannonBounds.C11R5D186.step_n15._native.native_decide.ax_1_6,
 ShannonBounds.C11R5D186.step_n15._native.native_decide.ax_1_7,
 ShannonBounds.C11R5D186.step_n16._native.native_decide.ax_1_1,
 ShannonBounds.C11R5D186.step_n16._native.native_decide.ax_1_2,
 ShannonBounds.C11R5D186.step_n16._native.native_decide.ax_1_3,
 ShannonBounds.C11R5D186.step_n16._native.native_decide.ax_1_4,
 ShannonBounds.C11R5D186.step_n16._native.native_decide.ax_1_5,
 ShannonBounds.C11R5D186.step_n16._native.native_decide.ax_1_6,
 ShannonBounds.C11R5D186.step_n16._native.native_decide.ax_1_7,
 ShannonBounds.C11R5D186.step_n17._native.native_decide.ax_1_1,
 ShannonBounds.C11R5D186.step_n17._native.native_decide.ax_1_2,
 ShannonBounds.C11R5D186.step_n17._native.native_decide.ax_1_3,
 ShannonBounds.C11R5D186.step_n17._native.native_decide.ax_1_4,
 ShannonBounds.C11R5D186.step_n17._native.native_decide.ax_1_5,
 ShannonBounds.C11R5D186.step_n17._native.native_decide.ax_1_6,
 ShannonBounds.C11R5D186.step_n17._native.native_decide.ax_1_7,
 ShannonBounds.C11R5D186.step_n18._native.native_decide.ax_1_1,
 ShannonBounds.C11R5D186.step_n18._native.native_decide.ax_1_2,
 ShannonBounds.C11R5D186.step_n18._native.native_decide.ax_1_3,
 ShannonBounds.C11R5D186.step_n18._native.native_decide.ax_1_4,
 ShannonBounds.C11R5D186.step_n18._native.native_decide.ax_1_5,
 ShannonBounds.C11R5D186.step_n18._native.native_decide.ax_1_6,
 ShannonBounds.C11R5D186.step_n18._native.native_decide.ax_1_7,
 ShannonBounds.C11R5D186.step_n19._native.native_decide.ax_1_1,
 ShannonBounds.C11R5D186.step_n19._native.native_decide.ax_1_2,
 ShannonBounds.C11R5D186.step_n19._native.native_decide.ax_1_3,
 ShannonBounds.C11R5D186.step_n19._native.native_decide.ax_1_4,
 ShannonBounds.C11R5D186.step_n19._native.native_decide.ax_1_5,
 ShannonBounds.C11R5D186.step_n19._native.native_decide.ax_1_6,
 ShannonBounds.C11R5D186.step_n19._native.native_decide.ax_1_7,
 ShannonBounds.C11R5D186.step_n2._native.native_decide.ax_1_1,
 ShannonBounds.C11R5D186.step_n2._native.native_decide.ax_1_2,
 ShannonBounds.C11R5D186.step_n2._native.native_decide.ax_1_3,
 ShannonBounds.C11R5D186.step_n2._native.native_decide.ax_1_4,
 ShannonBounds.C11R5D186.step_n2._native.native_decide.ax_1_5,
 ShannonBounds.C11R5D186.step_n2._native.native_decide.ax_1_6,
 ShannonBounds.C11R5D186.step_n2._native.native_decide.ax_1_7,
 ShannonBounds.C11R5D186.step_n20._native.native_decide.ax_1_1,
 ShannonBounds.C11R5D186.step_n20._native.native_decide.ax_1_2,
 ShannonBounds.C11R5D186.step_n20._native.native_decide.ax_1_3,
 ShannonBounds.C11R5D186.step_n20._native.native_decide.ax_1_4,
 ShannonBounds.C11R5D186.step_n20._native.native_decide.ax_1_5,
 ShannonBounds.C11R5D186.step_n20._native.native_decide.ax_1_6,
 ShannonBounds.C11R5D186.step_n20._native.native_decide.ax_1_7,
 ShannonBounds.C11R5D186.step_n21._native.native_decide.ax_1_1,
 ShannonBounds.C11R5D186.step_n21._native.native_decide.ax_1_2,
 ShannonBounds.C11R5D186.step_n21._native.native_decide.ax_1_3,
 ShannonBounds.C11R5D186.step_n21._native.native_decide.ax_1_4,
 ShannonBounds.C11R5D186.step_n21._native.native_decide.ax_1_5,
 ShannonBounds.C11R5D186.step_n21._native.native_decide.ax_1_6,
 ShannonBounds.C11R5D186.step_n21._native.native_decide.ax_1_7,
 ShannonBounds.C11R5D186.step_n22._native.native_decide.ax_1_1,
 ShannonBounds.C11R5D186.step_n22._native.native_decide.ax_1_2,
 ShannonBounds.C11R5D186.step_n22._native.native_decide.ax_1_3,
 ShannonBounds.C11R5D186.step_n22._native.native_decide.ax_1_4,
 ShannonBounds.C11R5D186.step_n22._native.native_decide.ax_1_5,
 ShannonBounds.C11R5D186.step_n22._native.native_decide.ax_1_6,
 ShannonBounds.C11R5D186.step_n22._native.native_decide.ax_1_7,
 ShannonBounds.C11R5D186.step_n23._native.native_decide.ax_1_1,
 ShannonBounds.C11R5D186.step_n23._native.native_decide.ax_1_2,
 ShannonBounds.C11R5D186.step_n23._native.native_decide.ax_1_3,
 ShannonBounds.C11R5D186.step_n23._native.native_decide.ax_1_4,
 ShannonBounds.C11R5D186.step_n23._native.native_decide.ax_1_5,
 ShannonBounds.C11R5D186.step_n23._native.native_decide.ax_1_6,
 ShannonBounds.C11R5D186.step_n23._native.native_decide.ax_1_7,
 ShannonBounds.C11R5D186.step_n24._native.native_decide.ax_1_1,
 ShannonBounds.C11R5D186.step_n24._native.native_decide.ax_1_2,
 ShannonBounds.C11R5D186.step_n24._native.native_decide.ax_1_3,
 ShannonBounds.C11R5D186.step_n24._native.native_decide.ax_1_4,
 ShannonBounds.C11R5D186.step_n24._native.native_decide.ax_1_5,
 ShannonBounds.C11R5D186.step_n24._native.native_decide.ax_1_6,
 ShannonBounds.C11R5D186.step_n24._native.native_decide.ax_1_7,
 ShannonBounds.C11R5D186.step_n25._native.native_decide.ax_1_1,
 ShannonBounds.C11R5D186.step_n25._native.native_decide.ax_1_2,
 ShannonBounds.C11R5D186.step_n25._native.native_decide.ax_1_3,
 ShannonBounds.C11R5D186.step_n25._native.native_decide.ax_1_4,
 ShannonBounds.C11R5D186.step_n25._native.native_decide.ax_1_5,
 ShannonBounds.C11R5D186.step_n25._native.native_decide.ax_1_6,
 ShannonBounds.C11R5D186.step_n25._native.native_decide.ax_1_7,
 ShannonBounds.C11R5D186.step_n26._native.native_decide.ax_1_1,
 ShannonBounds.C11R5D186.step_n26._native.native_decide.ax_1_2,
 ShannonBounds.C11R5D186.step_n26._native.native_decide.ax_1_3,
 ShannonBounds.C11R5D186.step_n26._native.native_decide.ax_1_4,
 ShannonBounds.C11R5D186.step_n26._native.native_decide.ax_1_5,
 ShannonBounds.C11R5D186.step_n26._native.native_decide.ax_1_6,
 ShannonBounds.C11R5D186.step_n26._native.native_decide.ax_1_7,
 ShannonBounds.C11R5D186.step_n3._native.native_decide.ax_1_1,
 ShannonBounds.C11R5D186.step_n3._native.native_decide.ax_1_2,
 ShannonBounds.C11R5D186.step_n3._native.native_decide.ax_1_3,
 ShannonBounds.C11R5D186.step_n3._native.native_decide.ax_1_4,
 ShannonBounds.C11R5D186.step_n3._native.native_decide.ax_1_5,
 ShannonBounds.C11R5D186.step_n3._native.native_decide.ax_1_6,
 ShannonBounds.C11R5D186.step_n3._native.native_decide.ax_1_7,
 ShannonBounds.C11R5D186.step_n4._native.native_decide.ax_1_1,
 ShannonBounds.C11R5D186.step_n4._native.native_decide.ax_1_2,
 ShannonBounds.C11R5D186.step_n4._native.native_decide.ax_1_3,
 ShannonBounds.C11R5D186.step_n4._native.native_decide.ax_1_4,
 ShannonBounds.C11R5D186.step_n4._native.native_decide.ax_1_5,
 ShannonBounds.C11R5D186.step_n4._native.native_decide.ax_1_6,
 ShannonBounds.C11R5D186.step_n4._native.native_decide.ax_1_7,
 ShannonBounds.C11R5D186.step_n5._native.native_decide.ax_1_1,
 ShannonBounds.C11R5D186.step_n5._native.native_decide.ax_1_2,
 ShannonBounds.C11R5D186.step_n5._native.native_decide.ax_1_3,
 ShannonBounds.C11R5D186.step_n5._native.native_decide.ax_1_4,
 ShannonBounds.C11R5D186.step_n5._native.native_decide.ax_1_5,
 ShannonBounds.C11R5D186.step_n5._native.native_decide.ax_1_6,
 ShannonBounds.C11R5D186.step_n5._native.native_decide.ax_1_7,
 ShannonBounds.C11R5D186.step_n6._native.native_decide.ax_1_1,
 ShannonBounds.C11R5D186.step_n6._native.native_decide.ax_1_2,
 ShannonBounds.C11R5D186.step_n6._native.native_decide.ax_1_3,
 ShannonBounds.C11R5D186.step_n6._native.native_decide.ax_1_4,
 ShannonBounds.C11R5D186.step_n6._native.native_decide.ax_1_5,
 ShannonBounds.C11R5D186.step_n6._native.native_decide.ax_1_6,
 ShannonBounds.C11R5D186.step_n6._native.native_decide.ax_1_7,
 ShannonBounds.C11R5D186.step_n7._native.native_decide.ax_1_1,
 ShannonBounds.C11R5D186.step_n7._native.native_decide.ax_1_2,
 ShannonBounds.C11R5D186.step_n7._native.native_decide.ax_1_3,
 ShannonBounds.C11R5D186.step_n7._native.native_decide.ax_1_4,
 ShannonBounds.C11R5D186.step_n7._native.native_decide.ax_1_5,
 ShannonBounds.C11R5D186.step_n7._native.native_decide.ax_1_6,
 ShannonBounds.C11R5D186.step_n7._native.native_decide.ax_1_7,
 ShannonBounds.C11R5D186.step_n8._native.native_decide.ax_1_1,
 ShannonBounds.C11R5D186.step_n8._native.native_decide.ax_1_2,
 ShannonBounds.C11R5D186.step_n8._native.native_decide.ax_1_3,
 ShannonBounds.C11R5D186.step_n8._native.native_decide.ax_1_4,
 ShannonBounds.C11R5D186.step_n8._native.native_decide.ax_1_5,
 ShannonBounds.C11R5D186.step_n8._native.native_decide.ax_1_6,
 ShannonBounds.C11R5D186.step_n8._native.native_decide.ax_1_7,
 ShannonBounds.C11R5D186.step_n9._native.native_decide.ax_1_1,
 ShannonBounds.C11R5D186.step_n9._native.native_decide.ax_1_2,
 ShannonBounds.C11R5D186.step_n9._native.native_decide.ax_1_3,
 ShannonBounds.C11R5D186.step_n9._native.native_decide.ax_1_4,
 ShannonBounds.C11R5D186.step_n9._native.native_decide.ax_1_5,
 ShannonBounds.C11R5D186.step_n9._native.native_decide.ax_1_6,
 ShannonBounds.C11R5D186.step_n9._native.native_decide.ax_1_7,
 ShannonBounds.C11R5D186.terminal_value._native.native_decide.ax_1_1,
 ShannonBounds.C11R5Tables.S_0058d965adce02f4._native.native_decide.ax_1,
 ShannonBounds.C11R5Tables.S_0058d965adce02f4._native.native_decide.ax_2,
 ShannonBounds.C11R5Tables.S_01f11d8929277edb._native.native_decide.ax_1,
 ShannonBounds.C11R5Tables.S_01f11d8929277edb._native.native_decide.ax_2,
 ShannonBounds.C11R5Tables.S_04339297651c9c49._native.native_decide.ax_1,
 ShannonBounds.C11R5Tables.S_04339297651c9c49._native.native_decide.ax_2,
 ShannonBounds.C11R5Tables.S_0ac0bf4804630912._native.native_decide.ax_1,
 ShannonBounds.C11R5Tables.S_0ac0bf4804630912._native.native_decide.ax_2,
 ShannonBounds.C11R5Tables.S_0c7cb632d1153343._native.native_decide.ax_1,
 ShannonBounds.C11R5Tables.S_0c7cb632d1153343._native.native_decide.ax_2,
 ShannonBounds.C11R5Tables.S_18277b0c484b4c41._native.native_decide.ax_1,
 ShannonBounds.C11R5Tables.S_18277b0c484b4c41._native.native_decide.ax_2,
 ShannonBounds.C11R5Tables.S_3daf90758a80fbb9._native.native_decide.ax_1,
 ShannonBounds.C11R5Tables.S_3daf90758a80fbb9._native.native_decide.ax_2,
 ShannonBounds.C11R5Tables.S_3e8694d6a5bfe173._native.native_decide.ax_1,
 ShannonBounds.C11R5Tables.S_3e8694d6a5bfe173._native.native_decide.ax_2,
 ShannonBounds.C11R5Tables.S_6859b0ec25991d42._native.native_decide.ax_1,
 ShannonBounds.C11R5Tables.S_6859b0ec25991d42._native.native_decide.ax_2,
 ShannonBounds.C11R5Tables.S_787c56f586779bfd._native.native_decide.ax_1,
 ShannonBounds.C11R5Tables.S_787c56f586779bfd._native.native_decide.ax_2,
 ShannonBounds.C11R5Tables.S_7b6c163f0dc4b608._native.native_decide.ax_1,
 ShannonBounds.C11R5Tables.S_7b6c163f0dc4b608._native.native_decide.ax_2,
 ShannonBounds.C11R5Tables.S_adfa0199080b0c49._native.native_decide.ax_1,
 ShannonBounds.C11R5Tables.S_e788020168e26abb._native.native_decide.ax_1,
 ShannonBounds.C11R5Tables.S_e788020168e26abb._native.native_decide.ax_2,
 ShannonBounds.C11R5Tables.S_e9ef2871c79d62be._native.native_decide.ax_1,
 ShannonBounds.C11R5Tables.S_e9ef2871c79d62be._native.native_decide.ax_2,
 ShannonBounds.C11R5Tables.S_f621e9dcab9f974c._native.native_decide.ax_1,
 ShannonBounds.C11R5Tables.S_f621e9dcab9f974c._native.native_decide.ax_2,
 ShannonBounds.C11R5Tables.S_f97d79adc1a9e27c._native.native_decide.ax_1,
 ShannonBounds.C11R5Tables.S_f97d79adc1a9e27c._native.native_decide.ax_2]
'ShannonBounds.C11R5D186.root_bracket' depends on axioms: [propext,
 Classical.choice.{u},
 Quot.sound.{u},
 ShannonBounds.C11R5D186.decimal_lower_integer._native.native_decide.ax_1_1,
 ShannonBounds.C11R5D186.decimal_upper_integer._native.native_decide.ax_1_1]
'ShannonBounds.C11R5D186.capacity_lower' depends on axioms: [propext,
 Classical.choice.{u},
 Quot.sound.{u},
 ShannonBounds.BaseC11.IlenCheck._native.native_decide.ax_1_1,
 ShannonBounds.BaseC11.Iset._native.native_decide.ax_1,
 ShannonBounds.BaseC11.XcFalseLenCheck._native.native_decide.ax_1_1,
 ShannonBounds.BaseC11.XcTrueLenCheck._native.native_decide.ax_1_1,
 ShannonBounds.BaseC11.XlenCheck._native.native_decide.ax_1_1,
 ShannonBounds.BaseC11.Xset._native.native_decide.ax_1,
 ShannonBounds.BaseC11.altInjCheck._native.native_decide.ax_1_1,
 ShannonBounds.BaseC11.altNotCheck._native.native_decide.ax_1_1,
 ShannonBounds.BaseC11.epParentCheck._native.native_decide.ax_1_1,
 ShannonBounds.BaseC11.pFalseCheck._native.native_decide.ax_1_1,
 ShannonBounds.BaseC11.pTrueCheck._native.native_decide.ax_1_1,
 ShannonBounds.BaseC11.pairConflict._native.native_decide.ax_1_1,
 ShannonBounds.BaseC11.pairwiseOK_I._native.native_decide.ax_1_1,
 ShannonBounds.BaseC11.pairwiseOK_X._native.native_decide.ax_1_1,
 ShannonBounds.BaseC11.portsCheck._native.native_decide.ax_1_1,
 ShannonBounds.BaseC11.portsLenCheck._native.native_decide.ax_1_1,
 ShannonBounds.BaseC11.portsSet._native.native_decide.ax_1,
 ShannonBounds.BaseC11.privCheck._native.native_decide.ax_1_1,
 ShannonBounds.BaseC11.sconf_iff_conflict._native.native_decide.ax_1_1,
 ShannonBounds.BaseC11.sconf_refl._native.native_decide.ax_1_1,
 ShannonBounds.BaseC11.sconf_symm._native.native_decide.ax_1_1,
 ShannonBounds.BaseC11.sepCheck._native.native_decide.ax_1_1,
 ShannonBounds.C11R5D186.decimal_lower_integer._native.native_decide.ax_1_1,
 ShannonBounds.C11R5D186.decimal_upper_integer._native.native_decide.ax_1_1,
 ShannonBounds.C11R5D186.step_n1._native.native_decide.ax_1_1,
 ShannonBounds.C11R5D186.step_n1._native.native_decide.ax_1_2,
 ShannonBounds.C11R5D186.step_n1._native.native_decide.ax_1_3,
 ShannonBounds.C11R5D186.step_n1._native.native_decide.ax_1_4,
 ShannonBounds.C11R5D186.step_n1._native.native_decide.ax_1_5,
 ShannonBounds.C11R5D186.step_n1._native.native_decide.ax_1_6,
 ShannonBounds.C11R5D186.step_n1._native.native_decide.ax_1_7,
 ShannonBounds.C11R5D186.step_n10._native.native_decide.ax_1_1,
 ShannonBounds.C11R5D186.step_n10._native.native_decide.ax_1_2,
 ShannonBounds.C11R5D186.step_n10._native.native_decide.ax_1_3,
 ShannonBounds.C11R5D186.step_n10._native.native_decide.ax_1_4,
 ShannonBounds.C11R5D186.step_n10._native.native_decide.ax_1_5,
 ShannonBounds.C11R5D186.step_n10._native.native_decide.ax_1_6,
 ShannonBounds.C11R5D186.step_n10._native.native_decide.ax_1_7,
 ShannonBounds.C11R5D186.step_n11._native.native_decide.ax_1_1,
 ShannonBounds.C11R5D186.step_n11._native.native_decide.ax_1_2,
 ShannonBounds.C11R5D186.step_n11._native.native_decide.ax_1_3,
 ShannonBounds.C11R5D186.step_n11._native.native_decide.ax_1_4,
 ShannonBounds.C11R5D186.step_n11._native.native_decide.ax_1_5,
 ShannonBounds.C11R5D186.step_n11._native.native_decide.ax_1_6,
 ShannonBounds.C11R5D186.step_n11._native.native_decide.ax_1_7,
 ShannonBounds.C11R5D186.step_n12._native.native_decide.ax_1_1,
 ShannonBounds.C11R5D186.step_n12._native.native_decide.ax_1_2,
 ShannonBounds.C11R5D186.step_n12._native.native_decide.ax_1_3,
 ShannonBounds.C11R5D186.step_n12._native.native_decide.ax_1_4,
 ShannonBounds.C11R5D186.step_n12._native.native_decide.ax_1_5,
 ShannonBounds.C11R5D186.step_n12._native.native_decide.ax_1_6,
 ShannonBounds.C11R5D186.step_n12._native.native_decide.ax_1_7,
 ShannonBounds.C11R5D186.step_n13._native.native_decide.ax_1_1,
 ShannonBounds.C11R5D186.step_n13._native.native_decide.ax_1_2,
 ShannonBounds.C11R5D186.step_n13._native.native_decide.ax_1_3,
 ShannonBounds.C11R5D186.step_n13._native.native_decide.ax_1_4,
 ShannonBounds.C11R5D186.step_n13._native.native_decide.ax_1_5,
 ShannonBounds.C11R5D186.step_n13._native.native_decide.ax_1_6,
 ShannonBounds.C11R5D186.step_n13._native.native_decide.ax_1_7,
 ShannonBounds.C11R5D186.step_n14._native.native_decide.ax_1_1,
 ShannonBounds.C11R5D186.step_n14._native.native_decide.ax_1_2,
 ShannonBounds.C11R5D186.step_n14._native.native_decide.ax_1_3,
 ShannonBounds.C11R5D186.step_n14._native.native_decide.ax_1_4,
 ShannonBounds.C11R5D186.step_n14._native.native_decide.ax_1_5,
 ShannonBounds.C11R5D186.step_n14._native.native_decide.ax_1_6,
 ShannonBounds.C11R5D186.step_n14._native.native_decide.ax_1_7,
 ShannonBounds.C11R5D186.step_n15._native.native_decide.ax_1_1,
 ShannonBounds.C11R5D186.step_n15._native.native_decide.ax_1_2,
 ShannonBounds.C11R5D186.step_n15._native.native_decide.ax_1_3,
 ShannonBounds.C11R5D186.step_n15._native.native_decide.ax_1_4,
 ShannonBounds.C11R5D186.step_n15._native.native_decide.ax_1_5,
 ShannonBounds.C11R5D186.step_n15._native.native_decide.ax_1_6,
 ShannonBounds.C11R5D186.step_n15._native.native_decide.ax_1_7,
 ShannonBounds.C11R5D186.step_n16._native.native_decide.ax_1_1,
 ShannonBounds.C11R5D186.step_n16._native.native_decide.ax_1_2,
 ShannonBounds.C11R5D186.step_n16._native.native_decide.ax_1_3,
 ShannonBounds.C11R5D186.step_n16._native.native_decide.ax_1_4,
 ShannonBounds.C11R5D186.step_n16._native.native_decide.ax_1_5,
 ShannonBounds.C11R5D186.step_n16._native.native_decide.ax_1_6,
 ShannonBounds.C11R5D186.step_n16._native.native_decide.ax_1_7,
 ShannonBounds.C11R5D186.step_n17._native.native_decide.ax_1_1,
 ShannonBounds.C11R5D186.step_n17._native.native_decide.ax_1_2,
 ShannonBounds.C11R5D186.step_n17._native.native_decide.ax_1_3,
 ShannonBounds.C11R5D186.step_n17._native.native_decide.ax_1_4,
 ShannonBounds.C11R5D186.step_n17._native.native_decide.ax_1_5,
 ShannonBounds.C11R5D186.step_n17._native.native_decide.ax_1_6,
 ShannonBounds.C11R5D186.step_n17._native.native_decide.ax_1_7,
 ShannonBounds.C11R5D186.step_n18._native.native_decide.ax_1_1,
 ShannonBounds.C11R5D186.step_n18._native.native_decide.ax_1_2,
 ShannonBounds.C11R5D186.step_n18._native.native_decide.ax_1_3,
 ShannonBounds.C11R5D186.step_n18._native.native_decide.ax_1_4,
 ShannonBounds.C11R5D186.step_n18._native.native_decide.ax_1_5,
 ShannonBounds.C11R5D186.step_n18._native.native_decide.ax_1_6,
 ShannonBounds.C11R5D186.step_n18._native.native_decide.ax_1_7,
 ShannonBounds.C11R5D186.step_n19._native.native_decide.ax_1_1,
 ShannonBounds.C11R5D186.step_n19._native.native_decide.ax_1_2,
 ShannonBounds.C11R5D186.step_n19._native.native_decide.ax_1_3,
 ShannonBounds.C11R5D186.step_n19._native.native_decide.ax_1_4,
 ShannonBounds.C11R5D186.step_n19._native.native_decide.ax_1_5,
 ShannonBounds.C11R5D186.step_n19._native.native_decide.ax_1_6,
 ShannonBounds.C11R5D186.step_n19._native.native_decide.ax_1_7,
 ShannonBounds.C11R5D186.step_n2._native.native_decide.ax_1_1,
 ShannonBounds.C11R5D186.step_n2._native.native_decide.ax_1_2,
 ShannonBounds.C11R5D186.step_n2._native.native_decide.ax_1_3,
 ShannonBounds.C11R5D186.step_n2._native.native_decide.ax_1_4,
 ShannonBounds.C11R5D186.step_n2._native.native_decide.ax_1_5,
 ShannonBounds.C11R5D186.step_n2._native.native_decide.ax_1_6,
 ShannonBounds.C11R5D186.step_n2._native.native_decide.ax_1_7,
 ShannonBounds.C11R5D186.step_n20._native.native_decide.ax_1_1,
 ShannonBounds.C11R5D186.step_n20._native.native_decide.ax_1_2,
 ShannonBounds.C11R5D186.step_n20._native.native_decide.ax_1_3,
 ShannonBounds.C11R5D186.step_n20._native.native_decide.ax_1_4,
 ShannonBounds.C11R5D186.step_n20._native.native_decide.ax_1_5,
 ShannonBounds.C11R5D186.step_n20._native.native_decide.ax_1_6,
 ShannonBounds.C11R5D186.step_n20._native.native_decide.ax_1_7,
 ShannonBounds.C11R5D186.step_n21._native.native_decide.ax_1_1,
 ShannonBounds.C11R5D186.step_n21._native.native_decide.ax_1_2,
 ShannonBounds.C11R5D186.step_n21._native.native_decide.ax_1_3,
 ShannonBounds.C11R5D186.step_n21._native.native_decide.ax_1_4,
 ShannonBounds.C11R5D186.step_n21._native.native_decide.ax_1_5,
 ShannonBounds.C11R5D186.step_n21._native.native_decide.ax_1_6,
 ShannonBounds.C11R5D186.step_n21._native.native_decide.ax_1_7,
 ShannonBounds.C11R5D186.step_n22._native.native_decide.ax_1_1,
 ShannonBounds.C11R5D186.step_n22._native.native_decide.ax_1_2,
 ShannonBounds.C11R5D186.step_n22._native.native_decide.ax_1_3,
 ShannonBounds.C11R5D186.step_n22._native.native_decide.ax_1_4,
 ShannonBounds.C11R5D186.step_n22._native.native_decide.ax_1_5,
 ShannonBounds.C11R5D186.step_n22._native.native_decide.ax_1_6,
 ShannonBounds.C11R5D186.step_n22._native.native_decide.ax_1_7,
 ShannonBounds.C11R5D186.step_n23._native.native_decide.ax_1_1,
 ShannonBounds.C11R5D186.step_n23._native.native_decide.ax_1_2,
 ShannonBounds.C11R5D186.step_n23._native.native_decide.ax_1_3,
 ShannonBounds.C11R5D186.step_n23._native.native_decide.ax_1_4,
 ShannonBounds.C11R5D186.step_n23._native.native_decide.ax_1_5,
 ShannonBounds.C11R5D186.step_n23._native.native_decide.ax_1_6,
 ShannonBounds.C11R5D186.step_n23._native.native_decide.ax_1_7,
 ShannonBounds.C11R5D186.step_n24._native.native_decide.ax_1_1,
 ShannonBounds.C11R5D186.step_n24._native.native_decide.ax_1_2,
 ShannonBounds.C11R5D186.step_n24._native.native_decide.ax_1_3,
 ShannonBounds.C11R5D186.step_n24._native.native_decide.ax_1_4,
 ShannonBounds.C11R5D186.step_n24._native.native_decide.ax_1_5,
 ShannonBounds.C11R5D186.step_n24._native.native_decide.ax_1_6,
 ShannonBounds.C11R5D186.step_n24._native.native_decide.ax_1_7,
 ShannonBounds.C11R5D186.step_n25._native.native_decide.ax_1_1,
 ShannonBounds.C11R5D186.step_n25._native.native_decide.ax_1_2,
 ShannonBounds.C11R5D186.step_n25._native.native_decide.ax_1_3,
 ShannonBounds.C11R5D186.step_n25._native.native_decide.ax_1_4,
 ShannonBounds.C11R5D186.step_n25._native.native_decide.ax_1_5,
 ShannonBounds.C11R5D186.step_n25._native.native_decide.ax_1_6,
 ShannonBounds.C11R5D186.step_n25._native.native_decide.ax_1_7,
 ShannonBounds.C11R5D186.step_n26._native.native_decide.ax_1_1,
 ShannonBounds.C11R5D186.step_n26._native.native_decide.ax_1_2,
 ShannonBounds.C11R5D186.step_n26._native.native_decide.ax_1_3,
 ShannonBounds.C11R5D186.step_n26._native.native_decide.ax_1_4,
 ShannonBounds.C11R5D186.step_n26._native.native_decide.ax_1_5,
 ShannonBounds.C11R5D186.step_n26._native.native_decide.ax_1_6,
 ShannonBounds.C11R5D186.step_n26._native.native_decide.ax_1_7,
 ShannonBounds.C11R5D186.step_n3._native.native_decide.ax_1_1,
 ShannonBounds.C11R5D186.step_n3._native.native_decide.ax_1_2,
 ShannonBounds.C11R5D186.step_n3._native.native_decide.ax_1_3,
 ShannonBounds.C11R5D186.step_n3._native.native_decide.ax_1_4,
 ShannonBounds.C11R5D186.step_n3._native.native_decide.ax_1_5,
 ShannonBounds.C11R5D186.step_n3._native.native_decide.ax_1_6,
 ShannonBounds.C11R5D186.step_n3._native.native_decide.ax_1_7,
 ShannonBounds.C11R5D186.step_n4._native.native_decide.ax_1_1,
 ShannonBounds.C11R5D186.step_n4._native.native_decide.ax_1_2,
 ShannonBounds.C11R5D186.step_n4._native.native_decide.ax_1_3,
 ShannonBounds.C11R5D186.step_n4._native.native_decide.ax_1_4,
 ShannonBounds.C11R5D186.step_n4._native.native_decide.ax_1_5,
 ShannonBounds.C11R5D186.step_n4._native.native_decide.ax_1_6,
 ShannonBounds.C11R5D186.step_n4._native.native_decide.ax_1_7,
 ShannonBounds.C11R5D186.step_n5._native.native_decide.ax_1_1,
 ShannonBounds.C11R5D186.step_n5._native.native_decide.ax_1_2,
 ShannonBounds.C11R5D186.step_n5._native.native_decide.ax_1_3,
 ShannonBounds.C11R5D186.step_n5._native.native_decide.ax_1_4,
 ShannonBounds.C11R5D186.step_n5._native.native_decide.ax_1_5,
 ShannonBounds.C11R5D186.step_n5._native.native_decide.ax_1_6,
 ShannonBounds.C11R5D186.step_n5._native.native_decide.ax_1_7,
 ShannonBounds.C11R5D186.step_n6._native.native_decide.ax_1_1,
 ShannonBounds.C11R5D186.step_n6._native.native_decide.ax_1_2,
 ShannonBounds.C11R5D186.step_n6._native.native_decide.ax_1_3,
 ShannonBounds.C11R5D186.step_n6._native.native_decide.ax_1_4,
 ShannonBounds.C11R5D186.step_n6._native.native_decide.ax_1_5,
 ShannonBounds.C11R5D186.step_n6._native.native_decide.ax_1_6,
 ShannonBounds.C11R5D186.step_n6._native.native_decide.ax_1_7,
 ShannonBounds.C11R5D186.step_n7._native.native_decide.ax_1_1,
 ShannonBounds.C11R5D186.step_n7._native.native_decide.ax_1_2,
 ShannonBounds.C11R5D186.step_n7._native.native_decide.ax_1_3,
 ShannonBounds.C11R5D186.step_n7._native.native_decide.ax_1_4,
 ShannonBounds.C11R5D186.step_n7._native.native_decide.ax_1_5,
 ShannonBounds.C11R5D186.step_n7._native.native_decide.ax_1_6,
 ShannonBounds.C11R5D186.step_n7._native.native_decide.ax_1_7,
 ShannonBounds.C11R5D186.step_n8._native.native_decide.ax_1_1,
 ShannonBounds.C11R5D186.step_n8._native.native_decide.ax_1_2,
 ShannonBounds.C11R5D186.step_n8._native.native_decide.ax_1_3,
 ShannonBounds.C11R5D186.step_n8._native.native_decide.ax_1_4,
 ShannonBounds.C11R5D186.step_n8._native.native_decide.ax_1_5,
 ShannonBounds.C11R5D186.step_n8._native.native_decide.ax_1_6,
 ShannonBounds.C11R5D186.step_n8._native.native_decide.ax_1_7,
 ShannonBounds.C11R5D186.step_n9._native.native_decide.ax_1_1,
 ShannonBounds.C11R5D186.step_n9._native.native_decide.ax_1_2,
 ShannonBounds.C11R5D186.step_n9._native.native_decide.ax_1_3,
 ShannonBounds.C11R5D186.step_n9._native.native_decide.ax_1_4,
 ShannonBounds.C11R5D186.step_n9._native.native_decide.ax_1_5,
 ShannonBounds.C11R5D186.step_n9._native.native_decide.ax_1_6,
 ShannonBounds.C11R5D186.step_n9._native.native_decide.ax_1_7,
 ShannonBounds.C11R5D186.terminal_value._native.native_decide.ax_1_1,
 ShannonBounds.C11R5Tables.S_0058d965adce02f4._native.native_decide.ax_1,
 ShannonBounds.C11R5Tables.S_0058d965adce02f4._native.native_decide.ax_2,
 ShannonBounds.C11R5Tables.S_01f11d8929277edb._native.native_decide.ax_1,
 ShannonBounds.C11R5Tables.S_01f11d8929277edb._native.native_decide.ax_2,
 ShannonBounds.C11R5Tables.S_04339297651c9c49._native.native_decide.ax_1,
 ShannonBounds.C11R5Tables.S_04339297651c9c49._native.native_decide.ax_2,
 ShannonBounds.C11R5Tables.S_0ac0bf4804630912._native.native_decide.ax_1,
 ShannonBounds.C11R5Tables.S_0ac0bf4804630912._native.native_decide.ax_2,
 ShannonBounds.C11R5Tables.S_0c7cb632d1153343._native.native_decide.ax_1,
 ShannonBounds.C11R5Tables.S_0c7cb632d1153343._native.native_decide.ax_2,
 ShannonBounds.C11R5Tables.S_18277b0c484b4c41._native.native_decide.ax_1,
 ShannonBounds.C11R5Tables.S_18277b0c484b4c41._native.native_decide.ax_2,
 ShannonBounds.C11R5Tables.S_3daf90758a80fbb9._native.native_decide.ax_1,
 ShannonBounds.C11R5Tables.S_3daf90758a80fbb9._native.native_decide.ax_2,
 ShannonBounds.C11R5Tables.S_3e8694d6a5bfe173._native.native_decide.ax_1,
 ShannonBounds.C11R5Tables.S_3e8694d6a5bfe173._native.native_decide.ax_2,
 ShannonBounds.C11R5Tables.S_6859b0ec25991d42._native.native_decide.ax_1,
 ShannonBounds.C11R5Tables.S_6859b0ec25991d42._native.native_decide.ax_2,
 ShannonBounds.C11R5Tables.S_787c56f586779bfd._native.native_decide.ax_1,
 ShannonBounds.C11R5Tables.S_787c56f586779bfd._native.native_decide.ax_2,
 ShannonBounds.C11R5Tables.S_7b6c163f0dc4b608._native.native_decide.ax_1,
 ShannonBounds.C11R5Tables.S_7b6c163f0dc4b608._native.native_decide.ax_2,
 ShannonBounds.C11R5Tables.S_adfa0199080b0c49._native.native_decide.ax_1,
 ShannonBounds.C11R5Tables.S_e788020168e26abb._native.native_decide.ax_1,
 ShannonBounds.C11R5Tables.S_e788020168e26abb._native.native_decide.ax_2,
 ShannonBounds.C11R5Tables.S_e9ef2871c79d62be._native.native_decide.ax_1,
 ShannonBounds.C11R5Tables.S_e9ef2871c79d62be._native.native_decide.ax_2,
 ShannonBounds.C11R5Tables.S_f621e9dcab9f974c._native.native_decide.ax_1,
 ShannonBounds.C11R5Tables.S_f621e9dcab9f974c._native.native_decide.ax_2,
 ShannonBounds.C11R5Tables.S_f97d79adc1a9e27c._native.native_decide.ax_1,
 ShannonBounds.C11R5Tables.S_f97d79adc1a9e27c._native.native_decide.ax_2]
'ShannonBounds.C11R5D186.step_v' depends on axioms: [propext, Classical.choice.{u}, Quot.sound.{u}]
'ShannonBounds.C11R5D186.step_n1' depends on axioms: [propext,
 Classical.choice.{u},
 Quot.sound.{u},
 ShannonBounds.C11R5D186.step_n1._native.native_decide.ax_1_1,
 ShannonBounds.C11R5D186.step_n1._native.native_decide.ax_1_2,
 ShannonBounds.C11R5D186.step_n1._native.native_decide.ax_1_3,
 ShannonBounds.C11R5D186.step_n1._native.native_decide.ax_1_4,
 ShannonBounds.C11R5D186.step_n1._native.native_decide.ax_1_5,
 ShannonBounds.C11R5D186.step_n1._native.native_decide.ax_1_6,
 ShannonBounds.C11R5D186.step_n1._native.native_decide.ax_1_7,
 ShannonBounds.C11R5Tables.S_0ac0bf4804630912._native.native_decide.ax_1,
 ShannonBounds.C11R5Tables.S_0ac0bf4804630912._native.native_decide.ax_2]
'ShannonBounds.C11R5D186.step_n2' depends on axioms: [propext,
 Classical.choice.{u},
 Quot.sound.{u},
 ShannonBounds.C11R5D186.step_n1._native.native_decide.ax_1_1,
 ShannonBounds.C11R5D186.step_n1._native.native_decide.ax_1_2,
 ShannonBounds.C11R5D186.step_n1._native.native_decide.ax_1_3,
 ShannonBounds.C11R5D186.step_n1._native.native_decide.ax_1_4,
 ShannonBounds.C11R5D186.step_n1._native.native_decide.ax_1_5,
 ShannonBounds.C11R5D186.step_n1._native.native_decide.ax_1_6,
 ShannonBounds.C11R5D186.step_n1._native.native_decide.ax_1_7,
 ShannonBounds.C11R5D186.step_n2._native.native_decide.ax_1_1,
 ShannonBounds.C11R5D186.step_n2._native.native_decide.ax_1_2,
 ShannonBounds.C11R5D186.step_n2._native.native_decide.ax_1_3,
 ShannonBounds.C11R5D186.step_n2._native.native_decide.ax_1_4,
 ShannonBounds.C11R5D186.step_n2._native.native_decide.ax_1_5,
 ShannonBounds.C11R5D186.step_n2._native.native_decide.ax_1_6,
 ShannonBounds.C11R5D186.step_n2._native.native_decide.ax_1_7,
 ShannonBounds.C11R5Tables.S_0ac0bf4804630912._native.native_decide.ax_1,
 ShannonBounds.C11R5Tables.S_0ac0bf4804630912._native.native_decide.ax_2,
 ShannonBounds.C11R5Tables.S_0c7cb632d1153343._native.native_decide.ax_1,
 ShannonBounds.C11R5Tables.S_0c7cb632d1153343._native.native_decide.ax_2]
'ShannonBounds.C11R5D186.step_n3' depends on axioms: [propext,
 Classical.choice.{u},
 Quot.sound.{u},
 ShannonBounds.C11R5D186.step_n1._native.native_decide.ax_1_1,
 ShannonBounds.C11R5D186.step_n1._native.native_decide.ax_1_2,
 ShannonBounds.C11R5D186.step_n1._native.native_decide.ax_1_3,
 ShannonBounds.C11R5D186.step_n1._native.native_decide.ax_1_4,
 ShannonBounds.C11R5D186.step_n1._native.native_decide.ax_1_5,
 ShannonBounds.C11R5D186.step_n1._native.native_decide.ax_1_6,
 ShannonBounds.C11R5D186.step_n1._native.native_decide.ax_1_7,
 ShannonBounds.C11R5D186.step_n2._native.native_decide.ax_1_1,
 ShannonBounds.C11R5D186.step_n2._native.native_decide.ax_1_2,
 ShannonBounds.C11R5D186.step_n2._native.native_decide.ax_1_3,
 ShannonBounds.C11R5D186.step_n2._native.native_decide.ax_1_4,
 ShannonBounds.C11R5D186.step_n2._native.native_decide.ax_1_5,
 ShannonBounds.C11R5D186.step_n2._native.native_decide.ax_1_6,
 ShannonBounds.C11R5D186.step_n2._native.native_decide.ax_1_7,
 ShannonBounds.C11R5D186.step_n3._native.native_decide.ax_1_1,
 ShannonBounds.C11R5D186.step_n3._native.native_decide.ax_1_2,
 ShannonBounds.C11R5D186.step_n3._native.native_decide.ax_1_3,
 ShannonBounds.C11R5D186.step_n3._native.native_decide.ax_1_4,
 ShannonBounds.C11R5D186.step_n3._native.native_decide.ax_1_5,
 ShannonBounds.C11R5D186.step_n3._native.native_decide.ax_1_6,
 ShannonBounds.C11R5D186.step_n3._native.native_decide.ax_1_7,
 ShannonBounds.C11R5Tables.S_0ac0bf4804630912._native.native_decide.ax_1,
 ShannonBounds.C11R5Tables.S_0ac0bf4804630912._native.native_decide.ax_2,
 ShannonBounds.C11R5Tables.S_0c7cb632d1153343._native.native_decide.ax_1,
 ShannonBounds.C11R5Tables.S_0c7cb632d1153343._native.native_decide.ax_2,
 ShannonBounds.C11R5Tables.S_e9ef2871c79d62be._native.native_decide.ax_1,
 ShannonBounds.C11R5Tables.S_e9ef2871c79d62be._native.native_decide.ax_2]
'ShannonBounds.C11R5D186.step_n4' depends on axioms: [propext,
 Classical.choice.{u},
 Quot.sound.{u},
 ShannonBounds.C11R5D186.step_n1._native.native_decide.ax_1_1,
 ShannonBounds.C11R5D186.step_n1._native.native_decide.ax_1_2,
 ShannonBounds.C11R5D186.step_n1._native.native_decide.ax_1_3,
 ShannonBounds.C11R5D186.step_n1._native.native_decide.ax_1_4,
 ShannonBounds.C11R5D186.step_n1._native.native_decide.ax_1_5,
 ShannonBounds.C11R5D186.step_n1._native.native_decide.ax_1_6,
 ShannonBounds.C11R5D186.step_n1._native.native_decide.ax_1_7,
 ShannonBounds.C11R5D186.step_n2._native.native_decide.ax_1_1,
 ShannonBounds.C11R5D186.step_n2._native.native_decide.ax_1_2,
 ShannonBounds.C11R5D186.step_n2._native.native_decide.ax_1_3,
 ShannonBounds.C11R5D186.step_n2._native.native_decide.ax_1_4,
 ShannonBounds.C11R5D186.step_n2._native.native_decide.ax_1_5,
 ShannonBounds.C11R5D186.step_n2._native.native_decide.ax_1_6,
 ShannonBounds.C11R5D186.step_n2._native.native_decide.ax_1_7,
 ShannonBounds.C11R5D186.step_n3._native.native_decide.ax_1_1,
 ShannonBounds.C11R5D186.step_n3._native.native_decide.ax_1_2,
 ShannonBounds.C11R5D186.step_n3._native.native_decide.ax_1_3,
 ShannonBounds.C11R5D186.step_n3._native.native_decide.ax_1_4,
 ShannonBounds.C11R5D186.step_n3._native.native_decide.ax_1_5,
 ShannonBounds.C11R5D186.step_n3._native.native_decide.ax_1_6,
 ShannonBounds.C11R5D186.step_n3._native.native_decide.ax_1_7,
 ShannonBounds.C11R5D186.step_n4._native.native_decide.ax_1_1,
 ShannonBounds.C11R5D186.step_n4._native.native_decide.ax_1_2,
 ShannonBounds.C11R5D186.step_n4._native.native_decide.ax_1_3,
 ShannonBounds.C11R5D186.step_n4._native.native_decide.ax_1_4,
 ShannonBounds.C11R5D186.step_n4._native.native_decide.ax_1_5,
 ShannonBounds.C11R5D186.step_n4._native.native_decide.ax_1_6,
 ShannonBounds.C11R5D186.step_n4._native.native_decide.ax_1_7,
 ShannonBounds.C11R5Tables.S_0ac0bf4804630912._native.native_decide.ax_1,
 ShannonBounds.C11R5Tables.S_0ac0bf4804630912._native.native_decide.ax_2,
 ShannonBounds.C11R5Tables.S_0c7cb632d1153343._native.native_decide.ax_1,
 ShannonBounds.C11R5Tables.S_0c7cb632d1153343._native.native_decide.ax_2,
 ShannonBounds.C11R5Tables.S_e788020168e26abb._native.native_decide.ax_1,
 ShannonBounds.C11R5Tables.S_e788020168e26abb._native.native_decide.ax_2,
 ShannonBounds.C11R5Tables.S_e9ef2871c79d62be._native.native_decide.ax_1,
 ShannonBounds.C11R5Tables.S_e9ef2871c79d62be._native.native_decide.ax_2]
'ShannonBounds.C11R5D186.step_n5' depends on axioms: [propext,
 Classical.choice.{u},
 Quot.sound.{u},
 ShannonBounds.C11R5D186.step_n5._native.native_decide.ax_1_1,
 ShannonBounds.C11R5D186.step_n5._native.native_decide.ax_1_2,
 ShannonBounds.C11R5D186.step_n5._native.native_decide.ax_1_3,
 ShannonBounds.C11R5D186.step_n5._native.native_decide.ax_1_4,
 ShannonBounds.C11R5D186.step_n5._native.native_decide.ax_1_5,
 ShannonBounds.C11R5D186.step_n5._native.native_decide.ax_1_6,
 ShannonBounds.C11R5D186.step_n5._native.native_decide.ax_1_7,
 ShannonBounds.C11R5Tables.S_18277b0c484b4c41._native.native_decide.ax_1,
 ShannonBounds.C11R5Tables.S_18277b0c484b4c41._native.native_decide.ax_2]
'ShannonBounds.C11R5D186.step_n6' depends on axioms: [propext,
 Classical.choice.{u},
 Quot.sound.{u},
 ShannonBounds.C11R5D186.step_n5._native.native_decide.ax_1_1,
 ShannonBounds.C11R5D186.step_n5._native.native_decide.ax_1_2,
 ShannonBounds.C11R5D186.step_n5._native.native_decide.ax_1_3,
 ShannonBounds.C11R5D186.step_n5._native.native_decide.ax_1_4,
 ShannonBounds.C11R5D186.step_n5._native.native_decide.ax_1_5,
 ShannonBounds.C11R5D186.step_n5._native.native_decide.ax_1_6,
 ShannonBounds.C11R5D186.step_n5._native.native_decide.ax_1_7,
 ShannonBounds.C11R5D186.step_n6._native.native_decide.ax_1_1,
 ShannonBounds.C11R5D186.step_n6._native.native_decide.ax_1_2,
 ShannonBounds.C11R5D186.step_n6._native.native_decide.ax_1_3,
 ShannonBounds.C11R5D186.step_n6._native.native_decide.ax_1_4,
 ShannonBounds.C11R5D186.step_n6._native.native_decide.ax_1_5,
 ShannonBounds.C11R5D186.step_n6._native.native_decide.ax_1_6,
 ShannonBounds.C11R5D186.step_n6._native.native_decide.ax_1_7,
 ShannonBounds.C11R5Tables.S_18277b0c484b4c41._native.native_decide.ax_1,
 ShannonBounds.C11R5Tables.S_18277b0c484b4c41._native.native_decide.ax_2,
 ShannonBounds.C11R5Tables.S_3daf90758a80fbb9._native.native_decide.ax_1,
 ShannonBounds.C11R5Tables.S_3daf90758a80fbb9._native.native_decide.ax_2]
'ShannonBounds.C11R5D186.step_n7' depends on axioms: [propext,
 Classical.choice.{u},
 Quot.sound.{u},
 ShannonBounds.C11R5D186.step_n5._native.native_decide.ax_1_1,
 ShannonBounds.C11R5D186.step_n5._native.native_decide.ax_1_2,
 ShannonBounds.C11R5D186.step_n5._native.native_decide.ax_1_3,
 ShannonBounds.C11R5D186.step_n5._native.native_decide.ax_1_4,
 ShannonBounds.C11R5D186.step_n5._native.native_decide.ax_1_5,
 ShannonBounds.C11R5D186.step_n5._native.native_decide.ax_1_6,
 ShannonBounds.C11R5D186.step_n5._native.native_decide.ax_1_7,
 ShannonBounds.C11R5D186.step_n6._native.native_decide.ax_1_1,
 ShannonBounds.C11R5D186.step_n6._native.native_decide.ax_1_2,
 ShannonBounds.C11R5D186.step_n6._native.native_decide.ax_1_3,
 ShannonBounds.C11R5D186.step_n6._native.native_decide.ax_1_4,
 ShannonBounds.C11R5D186.step_n6._native.native_decide.ax_1_5,
 ShannonBounds.C11R5D186.step_n6._native.native_decide.ax_1_6,
 ShannonBounds.C11R5D186.step_n6._native.native_decide.ax_1_7,
 ShannonBounds.C11R5D186.step_n7._native.native_decide.ax_1_1,
 ShannonBounds.C11R5D186.step_n7._native.native_decide.ax_1_2,
 ShannonBounds.C11R5D186.step_n7._native.native_decide.ax_1_3,
 ShannonBounds.C11R5D186.step_n7._native.native_decide.ax_1_4,
 ShannonBounds.C11R5D186.step_n7._native.native_decide.ax_1_5,
 ShannonBounds.C11R5D186.step_n7._native.native_decide.ax_1_6,
 ShannonBounds.C11R5D186.step_n7._native.native_decide.ax_1_7,
 ShannonBounds.C11R5Tables.S_18277b0c484b4c41._native.native_decide.ax_1,
 ShannonBounds.C11R5Tables.S_18277b0c484b4c41._native.native_decide.ax_2,
 ShannonBounds.C11R5Tables.S_3daf90758a80fbb9._native.native_decide.ax_1,
 ShannonBounds.C11R5Tables.S_3daf90758a80fbb9._native.native_decide.ax_2,
 ShannonBounds.C11R5Tables.S_e788020168e26abb._native.native_decide.ax_1,
 ShannonBounds.C11R5Tables.S_e788020168e26abb._native.native_decide.ax_2]
'ShannonBounds.C11R5D186.step_n8' depends on axioms: [propext,
 Classical.choice.{u},
 Quot.sound.{u},
 ShannonBounds.C11R5D186.step_n8._native.native_decide.ax_1_1,
 ShannonBounds.C11R5D186.step_n8._native.native_decide.ax_1_2,
 ShannonBounds.C11R5D186.step_n8._native.native_decide.ax_1_3,
 ShannonBounds.C11R5D186.step_n8._native.native_decide.ax_1_4,
 ShannonBounds.C11R5D186.step_n8._native.native_decide.ax_1_5,
 ShannonBounds.C11R5D186.step_n8._native.native_decide.ax_1_6,
 ShannonBounds.C11R5D186.step_n8._native.native_decide.ax_1_7,
 ShannonBounds.C11R5Tables.S_6859b0ec25991d42._native.native_decide.ax_1,
 ShannonBounds.C11R5Tables.S_6859b0ec25991d42._native.native_decide.ax_2]
'ShannonBounds.C11R5D186.step_n9' depends on axioms: [propext,
 Classical.choice.{u},
 Quot.sound.{u},
 ShannonBounds.C11R5D186.step_n8._native.native_decide.ax_1_1,
 ShannonBounds.C11R5D186.step_n8._native.native_decide.ax_1_2,
 ShannonBounds.C11R5D186.step_n8._native.native_decide.ax_1_3,
 ShannonBounds.C11R5D186.step_n8._native.native_decide.ax_1_4,
 ShannonBounds.C11R5D186.step_n8._native.native_decide.ax_1_5,
 ShannonBounds.C11R5D186.step_n8._native.native_decide.ax_1_6,
 ShannonBounds.C11R5D186.step_n8._native.native_decide.ax_1_7,
 ShannonBounds.C11R5D186.step_n9._native.native_decide.ax_1_1,
 ShannonBounds.C11R5D186.step_n9._native.native_decide.ax_1_2,
 ShannonBounds.C11R5D186.step_n9._native.native_decide.ax_1_3,
 ShannonBounds.C11R5D186.step_n9._native.native_decide.ax_1_4,
 ShannonBounds.C11R5D186.step_n9._native.native_decide.ax_1_5,
 ShannonBounds.C11R5D186.step_n9._native.native_decide.ax_1_6,
 ShannonBounds.C11R5D186.step_n9._native.native_decide.ax_1_7,
 ShannonBounds.C11R5Tables.S_6859b0ec25991d42._native.native_decide.ax_1,
 ShannonBounds.C11R5Tables.S_6859b0ec25991d42._native.native_decide.ax_2,
 ShannonBounds.C11R5Tables.S_f621e9dcab9f974c._native.native_decide.ax_1,
 ShannonBounds.C11R5Tables.S_f621e9dcab9f974c._native.native_decide.ax_2]
'ShannonBounds.C11R5D186.step_n10' depends on axioms: [propext,
 Classical.choice.{u},
 Quot.sound.{u},
 ShannonBounds.C11R5D186.step_n10._native.native_decide.ax_1_1,
 ShannonBounds.C11R5D186.step_n10._native.native_decide.ax_1_2,
 ShannonBounds.C11R5D186.step_n10._native.native_decide.ax_1_3,
 ShannonBounds.C11R5D186.step_n10._native.native_decide.ax_1_4,
 ShannonBounds.C11R5D186.step_n10._native.native_decide.ax_1_5,
 ShannonBounds.C11R5D186.step_n10._native.native_decide.ax_1_6,
 ShannonBounds.C11R5D186.step_n10._native.native_decide.ax_1_7,
 ShannonBounds.C11R5Tables.S_e788020168e26abb._native.native_decide.ax_1,
 ShannonBounds.C11R5Tables.S_e788020168e26abb._native.native_decide.ax_2]
'ShannonBounds.C11R5D186.step_n11' depends on axioms: [propext,
 Classical.choice.{u},
 Quot.sound.{u},
 ShannonBounds.C11R5D186.step_n10._native.native_decide.ax_1_1,
 ShannonBounds.C11R5D186.step_n10._native.native_decide.ax_1_2,
 ShannonBounds.C11R5D186.step_n10._native.native_decide.ax_1_3,
 ShannonBounds.C11R5D186.step_n10._native.native_decide.ax_1_4,
 ShannonBounds.C11R5D186.step_n10._native.native_decide.ax_1_5,
 ShannonBounds.C11R5D186.step_n10._native.native_decide.ax_1_6,
 ShannonBounds.C11R5D186.step_n10._native.native_decide.ax_1_7,
 ShannonBounds.C11R5D186.step_n11._native.native_decide.ax_1_1,
 ShannonBounds.C11R5D186.step_n11._native.native_decide.ax_1_2,
 ShannonBounds.C11R5D186.step_n11._native.native_decide.ax_1_3,
 ShannonBounds.C11R5D186.step_n11._native.native_decide.ax_1_4,
 ShannonBounds.C11R5D186.step_n11._native.native_decide.ax_1_5,
 ShannonBounds.C11R5D186.step_n11._native.native_decide.ax_1_6,
 ShannonBounds.C11R5D186.step_n11._native.native_decide.ax_1_7,
 ShannonBounds.C11R5D186.step_n8._native.native_decide.ax_1_1,
 ShannonBounds.C11R5D186.step_n8._native.native_decide.ax_1_2,
 ShannonBounds.C11R5D186.step_n8._native.native_decide.ax_1_3,
 ShannonBounds.C11R5D186.step_n8._native.native_decide.ax_1_4,
 ShannonBounds.C11R5D186.step_n8._native.native_decide.ax_1_5,
 ShannonBounds.C11R5D186.step_n8._native.native_decide.ax_1_6,
 ShannonBounds.C11R5D186.step_n8._native.native_decide.ax_1_7,
 ShannonBounds.C11R5D186.step_n9._native.native_decide.ax_1_1,
 ShannonBounds.C11R5D186.step_n9._native.native_decide.ax_1_2,
 ShannonBounds.C11R5D186.step_n9._native.native_decide.ax_1_3,
 ShannonBounds.C11R5D186.step_n9._native.native_decide.ax_1_4,
 ShannonBounds.C11R5D186.step_n9._native.native_decide.ax_1_5,
 ShannonBounds.C11R5D186.step_n9._native.native_decide.ax_1_6,
 ShannonBounds.C11R5D186.step_n9._native.native_decide.ax_1_7,
 ShannonBounds.C11R5Tables.S_3e8694d6a5bfe173._native.native_decide.ax_1,
 ShannonBounds.C11R5Tables.S_3e8694d6a5bfe173._native.native_decide.ax_2,
 ShannonBounds.C11R5Tables.S_6859b0ec25991d42._native.native_decide.ax_1,
 ShannonBounds.C11R5Tables.S_6859b0ec25991d42._native.native_decide.ax_2,
 ShannonBounds.C11R5Tables.S_e788020168e26abb._native.native_decide.ax_1,
 ShannonBounds.C11R5Tables.S_e788020168e26abb._native.native_decide.ax_2,
 ShannonBounds.C11R5Tables.S_f621e9dcab9f974c._native.native_decide.ax_1,
 ShannonBounds.C11R5Tables.S_f621e9dcab9f974c._native.native_decide.ax_2]
'ShannonBounds.C11R5D186.step_n12' depends on axioms: [propext,
 Classical.choice.{u},
 Quot.sound.{u},
 ShannonBounds.C11R5D186.step_n12._native.native_decide.ax_1_1,
 ShannonBounds.C11R5D186.step_n12._native.native_decide.ax_1_2,
 ShannonBounds.C11R5D186.step_n12._native.native_decide.ax_1_3,
 ShannonBounds.C11R5D186.step_n12._native.native_decide.ax_1_4,
 ShannonBounds.C11R5D186.step_n12._native.native_decide.ax_1_5,
 ShannonBounds.C11R5D186.step_n12._native.native_decide.ax_1_6,
 ShannonBounds.C11R5D186.step_n12._native.native_decide.ax_1_7,
 ShannonBounds.C11R5D186.step_n8._native.native_decide.ax_1_1,
 ShannonBounds.C11R5D186.step_n8._native.native_decide.ax_1_2,
 ShannonBounds.C11R5D186.step_n8._native.native_decide.ax_1_3,
 ShannonBounds.C11R5D186.step_n8._native.native_decide.ax_1_4,
 ShannonBounds.C11R5D186.step_n8._native.native_decide.ax_1_5,
 ShannonBounds.C11R5D186.step_n8._native.native_decide.ax_1_6,
 ShannonBounds.C11R5D186.step_n8._native.native_decide.ax_1_7,
 ShannonBounds.C11R5Tables.S_04339297651c9c49._native.native_decide.ax_1,
 ShannonBounds.C11R5Tables.S_04339297651c9c49._native.native_decide.ax_2,
 ShannonBounds.C11R5Tables.S_6859b0ec25991d42._native.native_decide.ax_1,
 ShannonBounds.C11R5Tables.S_6859b0ec25991d42._native.native_decide.ax_2]
'ShannonBounds.C11R5D186.step_n13' depends on axioms: [propext,
 Classical.choice.{u},
 Quot.sound.{u},
 ShannonBounds.C11R5D186.step_n13._native.native_decide.ax_1_1,
 ShannonBounds.C11R5D186.step_n13._native.native_decide.ax_1_2,
 ShannonBounds.C11R5D186.step_n13._native.native_decide.ax_1_3,
 ShannonBounds.C11R5D186.step_n13._native.native_decide.ax_1_4,
 ShannonBounds.C11R5D186.step_n13._native.native_decide.ax_1_5,
 ShannonBounds.C11R5D186.step_n13._native.native_decide.ax_1_6,
 ShannonBounds.C11R5D186.step_n13._native.native_decide.ax_1_7,
 ShannonBounds.C11R5Tables.S_e9ef2871c79d62be._native.native_decide.ax_1,
 ShannonBounds.C11R5Tables.S_e9ef2871c79d62be._native.native_decide.ax_2]
'ShannonBounds.C11R5D186.step_n14' depends on axioms: [propext,
 Classical.choice.{u},
 Quot.sound.{u},
 ShannonBounds.C11R5D186.step_n10._native.native_decide.ax_1_1,
 ShannonBounds.C11R5D186.step_n10._native.native_decide.ax_1_2,
 ShannonBounds.C11R5D186.step_n10._native.native_decide.ax_1_3,
 ShannonBounds.C11R5D186.step_n10._native.native_decide.ax_1_4,
 ShannonBounds.C11R5D186.step_n10._native.native_decide.ax_1_5,
 ShannonBounds.C11R5D186.step_n10._native.native_decide.ax_1_6,
 ShannonBounds.C11R5D186.step_n10._native.native_decide.ax_1_7,
 ShannonBounds.C11R5D186.step_n12._native.native_decide.ax_1_1,
 ShannonBounds.C11R5D186.step_n12._native.native_decide.ax_1_2,
 ShannonBounds.C11R5D186.step_n12._native.native_decide.ax_1_3,
 ShannonBounds.C11R5D186.step_n12._native.native_decide.ax_1_4,
 ShannonBounds.C11R5D186.step_n12._native.native_decide.ax_1_5,
 ShannonBounds.C11R5D186.step_n12._native.native_decide.ax_1_6,
 ShannonBounds.C11R5D186.step_n12._native.native_decide.ax_1_7,
 ShannonBounds.C11R5D186.step_n13._native.native_decide.ax_1_1,
 ShannonBounds.C11R5D186.step_n13._native.native_decide.ax_1_2,
 ShannonBounds.C11R5D186.step_n13._native.native_decide.ax_1_3,
 ShannonBounds.C11R5D186.step_n13._native.native_decide.ax_1_4,
 ShannonBounds.C11R5D186.step_n13._native.native_decide.ax_1_5,
 ShannonBounds.C11R5D186.step_n13._native.native_decide.ax_1_6,
 ShannonBounds.C11R5D186.step_n13._native.native_decide.ax_1_7,
 ShannonBounds.C11R5D186.step_n14._native.native_decide.ax_1_1,
 ShannonBounds.C11R5D186.step_n14._native.native_decide.ax_1_2,
 ShannonBounds.C11R5D186.step_n14._native.native_decide.ax_1_3,
 ShannonBounds.C11R5D186.step_n14._native.native_decide.ax_1_4,
 ShannonBounds.C11R5D186.step_n14._native.native_decide.ax_1_5,
 ShannonBounds.C11R5D186.step_n14._native.native_decide.ax_1_6,
 ShannonBounds.C11R5D186.step_n14._native.native_decide.ax_1_7,
 ShannonBounds.C11R5D186.step_n8._native.native_decide.ax_1_1,
 ShannonBounds.C11R5D186.step_n8._native.native_decide.ax_1_2,
 ShannonBounds.C11R5D186.step_n8._native.native_decide.ax_1_3,
 ShannonBounds.C11R5D186.step_n8._native.native_decide.ax_1_4,
 ShannonBounds.C11R5D186.step_n8._native.native_decide.ax_1_5,
 ShannonBounds.C11R5D186.step_n8._native.native_decide.ax_1_6,
 ShannonBounds.C11R5D186.step_n8._native.native_decide.ax_1_7,
 ShannonBounds.C11R5Tables.S_04339297651c9c49._native.native_decide.ax_1,
 ShannonBounds.C11R5Tables.S_04339297651c9c49._native.native_decide.ax_2,
 ShannonBounds.C11R5Tables.S_6859b0ec25991d42._native.native_decide.ax_1,
 ShannonBounds.C11R5Tables.S_6859b0ec25991d42._native.native_decide.ax_2,
 ShannonBounds.C11R5Tables.S_7b6c163f0dc4b608._native.native_decide.ax_1,
 ShannonBounds.C11R5Tables.S_7b6c163f0dc4b608._native.native_decide.ax_2,
 ShannonBounds.C11R5Tables.S_e788020168e26abb._native.native_decide.ax_1,
 ShannonBounds.C11R5Tables.S_e788020168e26abb._native.native_decide.ax_2,
 ShannonBounds.C11R5Tables.S_e9ef2871c79d62be._native.native_decide.ax_1,
 ShannonBounds.C11R5Tables.S_e9ef2871c79d62be._native.native_decide.ax_2]
'ShannonBounds.C11R5D186.step_n15' depends on axioms: [propext,
 Classical.choice.{u},
 Quot.sound.{u},
 ShannonBounds.C11R5D186.step_n10._native.native_decide.ax_1_1,
 ShannonBounds.C11R5D186.step_n10._native.native_decide.ax_1_2,
 ShannonBounds.C11R5D186.step_n10._native.native_decide.ax_1_3,
 ShannonBounds.C11R5D186.step_n10._native.native_decide.ax_1_4,
 ShannonBounds.C11R5D186.step_n10._native.native_decide.ax_1_5,
 ShannonBounds.C11R5D186.step_n10._native.native_decide.ax_1_6,
 ShannonBounds.C11R5D186.step_n10._native.native_decide.ax_1_7,
 ShannonBounds.C11R5D186.step_n15._native.native_decide.ax_1_1,
 ShannonBounds.C11R5D186.step_n15._native.native_decide.ax_1_2,
 ShannonBounds.C11R5D186.step_n15._native.native_decide.ax_1_3,
 ShannonBounds.C11R5D186.step_n15._native.native_decide.ax_1_4,
 ShannonBounds.C11R5D186.step_n15._native.native_decide.ax_1_5,
 ShannonBounds.C11R5D186.step_n15._native.native_decide.ax_1_6,
 ShannonBounds.C11R5D186.step_n15._native.native_decide.ax_1_7,
 ShannonBounds.C11R5Tables.S_04339297651c9c49._native.native_decide.ax_1,
 ShannonBounds.C11R5Tables.S_04339297651c9c49._native.native_decide.ax_2,
 ShannonBounds.C11R5Tables.S_e788020168e26abb._native.native_decide.ax_1,
 ShannonBounds.C11R5Tables.S_e788020168e26abb._native.native_decide.ax_2]
'ShannonBounds.C11R5D186.step_n16' depends on axioms: [propext,
 Classical.choice.{u},
 Quot.sound.{u},
 ShannonBounds.C11R5D186.step_n10._native.native_decide.ax_1_1,
 ShannonBounds.C11R5D186.step_n10._native.native_decide.ax_1_2,
 ShannonBounds.C11R5D186.step_n10._native.native_decide.ax_1_3,
 ShannonBounds.C11R5D186.step_n10._native.native_decide.ax_1_4,
 ShannonBounds.C11R5D186.step_n10._native.native_decide.ax_1_5,
 ShannonBounds.C11R5D186.step_n10._native.native_decide.ax_1_6,
 ShannonBounds.C11R5D186.step_n10._native.native_decide.ax_1_7,
 ShannonBounds.C11R5D186.step_n15._native.native_decide.ax_1_1,
 ShannonBounds.C11R5D186.step_n15._native.native_decide.ax_1_2,
 ShannonBounds.C11R5D186.step_n15._native.native_decide.ax_1_3,
 ShannonBounds.C11R5D186.step_n15._native.native_decide.ax_1_4,
 ShannonBounds.C11R5D186.step_n15._native.native_decide.ax_1_5,
 ShannonBounds.C11R5D186.step_n15._native.native_decide.ax_1_6,
 ShannonBounds.C11R5D186.step_n15._native.native_decide.ax_1_7,
 ShannonBounds.C11R5D186.step_n16._native.native_decide.ax_1_1,
 ShannonBounds.C11R5D186.step_n16._native.native_decide.ax_1_2,
 ShannonBounds.C11R5D186.step_n16._native.native_decide.ax_1_3,
 ShannonBounds.C11R5D186.step_n16._native.native_decide.ax_1_4,
 ShannonBounds.C11R5D186.step_n16._native.native_decide.ax_1_5,
 ShannonBounds.C11R5D186.step_n16._native.native_decide.ax_1_6,
 ShannonBounds.C11R5D186.step_n16._native.native_decide.ax_1_7,
 ShannonBounds.C11R5Tables.S_01f11d8929277edb._native.native_decide.ax_1,
 ShannonBounds.C11R5Tables.S_01f11d8929277edb._native.native_decide.ax_2,
 ShannonBounds.C11R5Tables.S_04339297651c9c49._native.native_decide.ax_1,
 ShannonBounds.C11R5Tables.S_04339297651c9c49._native.native_decide.ax_2,
 ShannonBounds.C11R5Tables.S_e788020168e26abb._native.native_decide.ax_1,
 ShannonBounds.C11R5Tables.S_e788020168e26abb._native.native_decide.ax_2]
'ShannonBounds.C11R5D186.step_n17' depends on axioms: [propext,
 Classical.choice.{u},
 Quot.sound.{u},
 ShannonBounds.C11R5D186.step_n10._native.native_decide.ax_1_1,
 ShannonBounds.C11R5D186.step_n10._native.native_decide.ax_1_2,
 ShannonBounds.C11R5D186.step_n10._native.native_decide.ax_1_3,
 ShannonBounds.C11R5D186.step_n10._native.native_decide.ax_1_4,
 ShannonBounds.C11R5D186.step_n10._native.native_decide.ax_1_5,
 ShannonBounds.C11R5D186.step_n10._native.native_decide.ax_1_6,
 ShannonBounds.C11R5D186.step_n10._native.native_decide.ax_1_7,
 ShannonBounds.C11R5D186.step_n11._native.native_decide.ax_1_1,
 ShannonBounds.C11R5D186.step_n11._native.native_decide.ax_1_2,
 ShannonBounds.C11R5D186.step_n11._native.native_decide.ax_1_3,
 ShannonBounds.C11R5D186.step_n11._native.native_decide.ax_1_4,
 ShannonBounds.C11R5D186.step_n11._native.native_decide.ax_1_5,
 ShannonBounds.C11R5D186.step_n11._native.native_decide.ax_1_6,
 ShannonBounds.C11R5D186.step_n11._native.native_decide.ax_1_7,
 ShannonBounds.C11R5D186.step_n12._native.native_decide.ax_1_1,
 ShannonBounds.C11R5D186.step_n12._native.native_decide.ax_1_2,
 ShannonBounds.C11R5D186.step_n12._native.native_decide.ax_1_3,
 ShannonBounds.C11R5D186.step_n12._native.native_decide.ax_1_4,
 ShannonBounds.C11R5D186.step_n12._native.native_decide.ax_1_5,
 ShannonBounds.C11R5D186.step_n12._native.native_decide.ax_1_6,
 ShannonBounds.C11R5D186.step_n12._native.native_decide.ax_1_7,
 ShannonBounds.C11R5D186.step_n13._native.native_decide.ax_1_1,
 ShannonBounds.C11R5D186.step_n13._native.native_decide.ax_1_2,
 ShannonBounds.C11R5D186.step_n13._native.native_decide.ax_1_3,
 ShannonBounds.C11R5D186.step_n13._native.native_decide.ax_1_4,
 ShannonBounds.C11R5D186.step_n13._native.native_decide.ax_1_5,
 ShannonBounds.C11R5D186.step_n13._native.native_decide.ax_1_6,
 ShannonBounds.C11R5D186.step_n13._native.native_decide.ax_1_7,
 ShannonBounds.C11R5D186.step_n14._native.native_decide.ax_1_1,
 ShannonBounds.C11R5D186.step_n14._native.native_decide.ax_1_2,
 ShannonBounds.C11R5D186.step_n14._native.native_decide.ax_1_3,
 ShannonBounds.C11R5D186.step_n14._native.native_decide.ax_1_4,
 ShannonBounds.C11R5D186.step_n14._native.native_decide.ax_1_5,
 ShannonBounds.C11R5D186.step_n14._native.native_decide.ax_1_6,
 ShannonBounds.C11R5D186.step_n14._native.native_decide.ax_1_7,
 ShannonBounds.C11R5D186.step_n15._native.native_decide.ax_1_1,
 ShannonBounds.C11R5D186.step_n15._native.native_decide.ax_1_2,
 ShannonBounds.C11R5D186.step_n15._native.native_decide.ax_1_3,
 ShannonBounds.C11R5D186.step_n15._native.native_decide.ax_1_4,
 ShannonBounds.C11R5D186.step_n15._native.native_decide.ax_1_5,
 ShannonBounds.C11R5D186.step_n15._native.native_decide.ax_1_6,
 ShannonBounds.C11R5D186.step_n15._native.native_decide.ax_1_7,
 ShannonBounds.C11R5D186.step_n16._native.native_decide.ax_1_1,
 ShannonBounds.C11R5D186.step_n16._native.native_decide.ax_1_2,
 ShannonBounds.C11R5D186.step_n16._native.native_decide.ax_1_3,
 ShannonBounds.C11R5D186.step_n16._native.native_decide.ax_1_4,
 ShannonBounds.C11R5D186.step_n16._native.native_decide.ax_1_5,
 ShannonBounds.C11R5D186.step_n16._native.native_decide.ax_1_6,
 ShannonBounds.C11R5D186.step_n16._native.native_decide.ax_1_7,
 ShannonBounds.C11R5D186.step_n17._native.native_decide.ax_1_1,
 ShannonBounds.C11R5D186.step_n17._native.native_decide.ax_1_2,
 ShannonBounds.C11R5D186.step_n17._native.native_decide.ax_1_3,
 ShannonBounds.C11R5D186.step_n17._native.native_decide.ax_1_4,
 ShannonBounds.C11R5D186.step_n17._native.native_decide.ax_1_5,
 ShannonBounds.C11R5D186.step_n17._native.native_decide.ax_1_6,
 ShannonBounds.C11R5D186.step_n17._native.native_decide.ax_1_7,
 ShannonBounds.C11R5D186.step_n8._native.native_decide.ax_1_1,
 ShannonBounds.C11R5D186.step_n8._native.native_decide.ax_1_2,
 ShannonBounds.C11R5D186.step_n8._native.native_decide.ax_1_3,
 ShannonBounds.C11R5D186.step_n8._native.native_decide.ax_1_4,
 ShannonBounds.C11R5D186.step_n8._native.native_decide.ax_1_5,
 ShannonBounds.C11R5D186.step_n8._native.native_decide.ax_1_6,
 ShannonBounds.C11R5D186.step_n8._native.native_decide.ax_1_7,
 ShannonBounds.C11R5D186.step_n9._native.native_decide.ax_1_1,
 ShannonBounds.C11R5D186.step_n9._native.native_decide.ax_1_2,
 ShannonBounds.C11R5D186.step_n9._native.native_decide.ax_1_3,
 ShannonBounds.C11R5D186.step_n9._native.native_decide.ax_1_4,
 ShannonBounds.C11R5D186.step_n9._native.native_decide.ax_1_5,
 ShannonBounds.C11R5D186.step_n9._native.native_decide.ax_1_6,
 ShannonBounds.C11R5D186.step_n9._native.native_decide.ax_1_7,
 ShannonBounds.C11R5Tables.S_01f11d8929277edb._native.native_decide.ax_1,
 ShannonBounds.C11R5Tables.S_01f11d8929277edb._native.native_decide.ax_2,
 ShannonBounds.C11R5Tables.S_04339297651c9c49._native.native_decide.ax_1,
 ShannonBounds.C11R5Tables.S_04339297651c9c49._native.native_decide.ax_2,
 ShannonBounds.C11R5Tables.S_3e8694d6a5bfe173._native.native_decide.ax_1,
 ShannonBounds.C11R5Tables.S_3e8694d6a5bfe173._native.native_decide.ax_2,
 ShannonBounds.C11R5Tables.S_6859b0ec25991d42._native.native_decide.ax_1,
 ShannonBounds.C11R5Tables.S_6859b0ec25991d42._native.native_decide.ax_2,
 ShannonBounds.C11R5Tables.S_787c56f586779bfd._native.native_decide.ax_1,
 ShannonBounds.C11R5Tables.S_787c56f586779bfd._native.native_decide.ax_2,
 ShannonBounds.C11R5Tables.S_7b6c163f0dc4b608._native.native_decide.ax_1,
 ShannonBounds.C11R5Tables.S_7b6c163f0dc4b608._native.native_decide.ax_2,
 ShannonBounds.C11R5Tables.S_e788020168e26abb._native.native_decide.ax_1,
 ShannonBounds.C11R5Tables.S_e788020168e26abb._native.native_decide.ax_2,
 ShannonBounds.C11R5Tables.S_e9ef2871c79d62be._native.native_decide.ax_1,
 ShannonBounds.C11R5Tables.S_e9ef2871c79d62be._native.native_decide.ax_2,
 ShannonBounds.C11R5Tables.S_f621e9dcab9f974c._native.native_decide.ax_1,
 ShannonBounds.C11R5Tables.S_f621e9dcab9f974c._native.native_decide.ax_2]
'ShannonBounds.C11R5D186.step_n18' depends on axioms: [propext,
 Classical.choice.{u},
 Quot.sound.{u},
 ShannonBounds.C11R5D186.step_n18._native.native_decide.ax_1_1,
 ShannonBounds.C11R5D186.step_n18._native.native_decide.ax_1_2,
 ShannonBounds.C11R5D186.step_n18._native.native_decide.ax_1_3,
 ShannonBounds.C11R5D186.step_n18._native.native_decide.ax_1_4,
 ShannonBounds.C11R5D186.step_n18._native.native_decide.ax_1_5,
 ShannonBounds.C11R5D186.step_n18._native.native_decide.ax_1_6,
 ShannonBounds.C11R5D186.step_n18._native.native_decide.ax_1_7,
 ShannonBounds.C11R5D186.step_n8._native.native_decide.ax_1_1,
 ShannonBounds.C11R5D186.step_n8._native.native_decide.ax_1_2,
 ShannonBounds.C11R5D186.step_n8._native.native_decide.ax_1_3,
 ShannonBounds.C11R5D186.step_n8._native.native_decide.ax_1_4,
 ShannonBounds.C11R5D186.step_n8._native.native_decide.ax_1_5,
 ShannonBounds.C11R5D186.step_n8._native.native_decide.ax_1_6,
 ShannonBounds.C11R5D186.step_n8._native.native_decide.ax_1_7,
 ShannonBounds.C11R5Tables.S_6859b0ec25991d42._native.native_decide.ax_1,
 ShannonBounds.C11R5Tables.S_6859b0ec25991d42._native.native_decide.ax_2,
 ShannonBounds.C11R5Tables.S_f97d79adc1a9e27c._native.native_decide.ax_1,
 ShannonBounds.C11R5Tables.S_f97d79adc1a9e27c._native.native_decide.ax_2]
'ShannonBounds.C11R5D186.step_n19' depends on axioms: [propext,
 Classical.choice.{u},
 Quot.sound.{u},
 ShannonBounds.C11R5D186.step_n19._native.native_decide.ax_1_1,
 ShannonBounds.C11R5D186.step_n19._native.native_decide.ax_1_2,
 ShannonBounds.C11R5D186.step_n19._native.native_decide.ax_1_3,
 ShannonBounds.C11R5D186.step_n19._native.native_decide.ax_1_4,
 ShannonBounds.C11R5D186.step_n19._native.native_decide.ax_1_5,
 ShannonBounds.C11R5D186.step_n19._native.native_decide.ax_1_6,
 ShannonBounds.C11R5D186.step_n19._native.native_decide.ax_1_7,
 ShannonBounds.C11R5D186.step_n5._native.native_decide.ax_1_1,
 ShannonBounds.C11R5D186.step_n5._native.native_decide.ax_1_2,
 ShannonBounds.C11R5D186.step_n5._native.native_decide.ax_1_3,
 ShannonBounds.C11R5D186.step_n5._native.native_decide.ax_1_4,
 ShannonBounds.C11R5D186.step_n5._native.native_decide.ax_1_5,
 ShannonBounds.C11R5D186.step_n5._native.native_decide.ax_1_6,
 ShannonBounds.C11R5D186.step_n5._native.native_decide.ax_1_7,
 ShannonBounds.C11R5D186.step_n6._native.native_decide.ax_1_1,
 ShannonBounds.C11R5D186.step_n6._native.native_decide.ax_1_2,
 ShannonBounds.C11R5D186.step_n6._native.native_decide.ax_1_3,
 ShannonBounds.C11R5D186.step_n6._native.native_decide.ax_1_4,
 ShannonBounds.C11R5D186.step_n6._native.native_decide.ax_1_5,
 ShannonBounds.C11R5D186.step_n6._native.native_decide.ax_1_6,
 ShannonBounds.C11R5D186.step_n6._native.native_decide.ax_1_7,
 ShannonBounds.C11R5Tables.S_18277b0c484b4c41._native.native_decide.ax_1,
 ShannonBounds.C11R5Tables.S_18277b0c484b4c41._native.native_decide.ax_2,
 ShannonBounds.C11R5Tables.S_3daf90758a80fbb9._native.native_decide.ax_1,
 ShannonBounds.C11R5Tables.S_3daf90758a80fbb9._native.native_decide.ax_2,
 ShannonBounds.C11R5Tables.S_7b6c163f0dc4b608._native.native_decide.ax_1,
 ShannonBounds.C11R5Tables.S_7b6c163f0dc4b608._native.native_decide.ax_2]
'ShannonBounds.C11R5D186.step_n20' depends on axioms: [propext,
 Classical.choice.{u},
 Quot.sound.{u},
 ShannonBounds.C11R5D186.step_n19._native.native_decide.ax_1_1,
 ShannonBounds.C11R5D186.step_n19._native.native_decide.ax_1_2,
 ShannonBounds.C11R5D186.step_n19._native.native_decide.ax_1_3,
 ShannonBounds.C11R5D186.step_n19._native.native_decide.ax_1_4,
 ShannonBounds.C11R5D186.step_n19._native.native_decide.ax_1_5,
 ShannonBounds.C11R5D186.step_n19._native.native_decide.ax_1_6,
 ShannonBounds.C11R5D186.step_n19._native.native_decide.ax_1_7,
 ShannonBounds.C11R5D186.step_n20._native.native_decide.ax_1_1,
 ShannonBounds.C11R5D186.step_n20._native.native_decide.ax_1_2,
 ShannonBounds.C11R5D186.step_n20._native.native_decide.ax_1_3,
 ShannonBounds.C11R5D186.step_n20._native.native_decide.ax_1_4,
 ShannonBounds.C11R5D186.step_n20._native.native_decide.ax_1_5,
 ShannonBounds.C11R5D186.step_n20._native.native_decide.ax_1_6,
 ShannonBounds.C11R5D186.step_n20._native.native_decide.ax_1_7,
 ShannonBounds.C11R5D186.step_n5._native.native_decide.ax_1_1,
 ShannonBounds.C11R5D186.step_n5._native.native_decide.ax_1_2,
 ShannonBounds.C11R5D186.step_n5._native.native_decide.ax_1_3,
 ShannonBounds.C11R5D186.step_n5._native.native_decide.ax_1_4,
 ShannonBounds.C11R5D186.step_n5._native.native_decide.ax_1_5,
 ShannonBounds.C11R5D186.step_n5._native.native_decide.ax_1_6,
 ShannonBounds.C11R5D186.step_n5._native.native_decide.ax_1_7,
 ShannonBounds.C11R5D186.step_n6._native.native_decide.ax_1_1,
 ShannonBounds.C11R5D186.step_n6._native.native_decide.ax_1_2,
 ShannonBounds.C11R5D186.step_n6._native.native_decide.ax_1_3,
 ShannonBounds.C11R5D186.step_n6._native.native_decide.ax_1_4,
 ShannonBounds.C11R5D186.step_n6._native.native_decide.ax_1_5,
 ShannonBounds.C11R5D186.step_n6._native.native_decide.ax_1_6,
 ShannonBounds.C11R5D186.step_n6._native.native_decide.ax_1_7,
 ShannonBounds.C11R5Tables.S_18277b0c484b4c41._native.native_decide.ax_1,
 ShannonBounds.C11R5Tables.S_18277b0c484b4c41._native.native_decide.ax_2,
 ShannonBounds.C11R5Tables.S_3daf90758a80fbb9._native.native_decide.ax_1,
 ShannonBounds.C11R5Tables.S_3daf90758a80fbb9._native.native_decide.ax_2,
 ShannonBounds.C11R5Tables.S_7b6c163f0dc4b608._native.native_decide.ax_1,
 ShannonBounds.C11R5Tables.S_7b6c163f0dc4b608._native.native_decide.ax_2,
 ShannonBounds.C11R5Tables.S_e788020168e26abb._native.native_decide.ax_1,
 ShannonBounds.C11R5Tables.S_e788020168e26abb._native.native_decide.ax_2]
'ShannonBounds.C11R5D186.step_n21' depends on axioms: [propext,
 Classical.choice.{u},
 Quot.sound.{u},
 ShannonBounds.C11R5D186.step_n19._native.native_decide.ax_1_1,
 ShannonBounds.C11R5D186.step_n19._native.native_decide.ax_1_2,
 ShannonBounds.C11R5D186.step_n19._native.native_decide.ax_1_3,
 ShannonBounds.C11R5D186.step_n19._native.native_decide.ax_1_4,
 ShannonBounds.C11R5D186.step_n19._native.native_decide.ax_1_5,
 ShannonBounds.C11R5D186.step_n19._native.native_decide.ax_1_6,
 ShannonBounds.C11R5D186.step_n19._native.native_decide.ax_1_7,
 ShannonBounds.C11R5D186.step_n20._native.native_decide.ax_1_1,
 ShannonBounds.C11R5D186.step_n20._native.native_decide.ax_1_2,
 ShannonBounds.C11R5D186.step_n20._native.native_decide.ax_1_3,
 ShannonBounds.C11R5D186.step_n20._native.native_decide.ax_1_4,
 ShannonBounds.C11R5D186.step_n20._native.native_decide.ax_1_5,
 ShannonBounds.C11R5D186.step_n20._native.native_decide.ax_1_6,
 ShannonBounds.C11R5D186.step_n20._native.native_decide.ax_1_7,
 ShannonBounds.C11R5D186.step_n21._native.native_decide.ax_1_1,
 ShannonBounds.C11R5D186.step_n21._native.native_decide.ax_1_2,
 ShannonBounds.C11R5D186.step_n21._native.native_decide.ax_1_3,
 ShannonBounds.C11R5D186.step_n21._native.native_decide.ax_1_4,
 ShannonBounds.C11R5D186.step_n21._native.native_decide.ax_1_5,
 ShannonBounds.C11R5D186.step_n21._native.native_decide.ax_1_6,
 ShannonBounds.C11R5D186.step_n21._native.native_decide.ax_1_7,
 ShannonBounds.C11R5D186.step_n5._native.native_decide.ax_1_1,
 ShannonBounds.C11R5D186.step_n5._native.native_decide.ax_1_2,
 ShannonBounds.C11R5D186.step_n5._native.native_decide.ax_1_3,
 ShannonBounds.C11R5D186.step_n5._native.native_decide.ax_1_4,
 ShannonBounds.C11R5D186.step_n5._native.native_decide.ax_1_5,
 ShannonBounds.C11R5D186.step_n5._native.native_decide.ax_1_6,
 ShannonBounds.C11R5D186.step_n5._native.native_decide.ax_1_7,
 ShannonBounds.C11R5D186.step_n6._native.native_decide.ax_1_1,
 ShannonBounds.C11R5D186.step_n6._native.native_decide.ax_1_2,
 ShannonBounds.C11R5D186.step_n6._native.native_decide.ax_1_3,
 ShannonBounds.C11R5D186.step_n6._native.native_decide.ax_1_4,
 ShannonBounds.C11R5D186.step_n6._native.native_decide.ax_1_5,
 ShannonBounds.C11R5D186.step_n6._native.native_decide.ax_1_6,
 ShannonBounds.C11R5D186.step_n6._native.native_decide.ax_1_7,
 ShannonBounds.C11R5Tables.S_18277b0c484b4c41._native.native_decide.ax_1,
 ShannonBounds.C11R5Tables.S_18277b0c484b4c41._native.native_decide.ax_2,
 ShannonBounds.C11R5Tables.S_3daf90758a80fbb9._native.native_decide.ax_1,
 ShannonBounds.C11R5Tables.S_3daf90758a80fbb9._native.native_decide.ax_2,
 ShannonBounds.C11R5Tables.S_7b6c163f0dc4b608._native.native_decide.ax_1,
 ShannonBounds.C11R5Tables.S_7b6c163f0dc4b608._native.native_decide.ax_2,
 ShannonBounds.C11R5Tables.S_e788020168e26abb._native.native_decide.ax_1,
 ShannonBounds.C11R5Tables.S_e788020168e26abb._native.native_decide.ax_2]
'ShannonBounds.C11R5D186.step_n22' depends on axioms: [propext,
 Classical.choice.{u},
 Quot.sound.{u},
 ShannonBounds.C11R5D186.step_n19._native.native_decide.ax_1_1,
 ShannonBounds.C11R5D186.step_n19._native.native_decide.ax_1_2,
 ShannonBounds.C11R5D186.step_n19._native.native_decide.ax_1_3,
 ShannonBounds.C11R5D186.step_n19._native.native_decide.ax_1_4,
 ShannonBounds.C11R5D186.step_n19._native.native_decide.ax_1_5,
 ShannonBounds.C11R5D186.step_n19._native.native_decide.ax_1_6,
 ShannonBounds.C11R5D186.step_n19._native.native_decide.ax_1_7,
 ShannonBounds.C11R5D186.step_n20._native.native_decide.ax_1_1,
 ShannonBounds.C11R5D186.step_n20._native.native_decide.ax_1_2,
 ShannonBounds.C11R5D186.step_n20._native.native_decide.ax_1_3,
 ShannonBounds.C11R5D186.step_n20._native.native_decide.ax_1_4,
 ShannonBounds.C11R5D186.step_n20._native.native_decide.ax_1_5,
 ShannonBounds.C11R5D186.step_n20._native.native_decide.ax_1_6,
 ShannonBounds.C11R5D186.step_n20._native.native_decide.ax_1_7,
 ShannonBounds.C11R5D186.step_n21._native.native_decide.ax_1_1,
 ShannonBounds.C11R5D186.step_n21._native.native_decide.ax_1_2,
 ShannonBounds.C11R5D186.step_n21._native.native_decide.ax_1_3,
 ShannonBounds.C11R5D186.step_n21._native.native_decide.ax_1_4,
 ShannonBounds.C11R5D186.step_n21._native.native_decide.ax_1_5,
 ShannonBounds.C11R5D186.step_n21._native.native_decide.ax_1_6,
 ShannonBounds.C11R5D186.step_n21._native.native_decide.ax_1_7,
 ShannonBounds.C11R5D186.step_n22._native.native_decide.ax_1_1,
 ShannonBounds.C11R5D186.step_n22._native.native_decide.ax_1_2,
 ShannonBounds.C11R5D186.step_n22._native.native_decide.ax_1_3,
 ShannonBounds.C11R5D186.step_n22._native.native_decide.ax_1_4,
 ShannonBounds.C11R5D186.step_n22._native.native_decide.ax_1_5,
 ShannonBounds.C11R5D186.step_n22._native.native_decide.ax_1_6,
 ShannonBounds.C11R5D186.step_n22._native.native_decide.ax_1_7,
 ShannonBounds.C11R5D186.step_n5._native.native_decide.ax_1_1,
 ShannonBounds.C11R5D186.step_n5._native.native_decide.ax_1_2,
 ShannonBounds.C11R5D186.step_n5._native.native_decide.ax_1_3,
 ShannonBounds.C11R5D186.step_n5._native.native_decide.ax_1_4,
 ShannonBounds.C11R5D186.step_n5._native.native_decide.ax_1_5,
 ShannonBounds.C11R5D186.step_n5._native.native_decide.ax_1_6,
 ShannonBounds.C11R5D186.step_n5._native.native_decide.ax_1_7,
 ShannonBounds.C11R5D186.step_n6._native.native_decide.ax_1_1,
 ShannonBounds.C11R5D186.step_n6._native.native_decide.ax_1_2,
 ShannonBounds.C11R5D186.step_n6._native.native_decide.ax_1_3,
 ShannonBounds.C11R5D186.step_n6._native.native_decide.ax_1_4,
 ShannonBounds.C11R5D186.step_n6._native.native_decide.ax_1_5,
 ShannonBounds.C11R5D186.step_n6._native.native_decide.ax_1_6,
 ShannonBounds.C11R5D186.step_n6._native.native_decide.ax_1_7,
 ShannonBounds.C11R5Tables.S_18277b0c484b4c41._native.native_decide.ax_1,
 ShannonBounds.C11R5Tables.S_18277b0c484b4c41._native.native_decide.ax_2,
 ShannonBounds.C11R5Tables.S_3daf90758a80fbb9._native.native_decide.ax_1,
 ShannonBounds.C11R5Tables.S_3daf90758a80fbb9._native.native_decide.ax_2,
 ShannonBounds.C11R5Tables.S_7b6c163f0dc4b608._native.native_decide.ax_1,
 ShannonBounds.C11R5Tables.S_7b6c163f0dc4b608._native.native_decide.ax_2,
 ShannonBounds.C11R5Tables.S_e788020168e26abb._native.native_decide.ax_1,
 ShannonBounds.C11R5Tables.S_e788020168e26abb._native.native_decide.ax_2]
'ShannonBounds.C11R5D186.step_n23' depends on axioms: [propext,
 Classical.choice.{u},
 Quot.sound.{u},
 ShannonBounds.C11R5D186.step_n19._native.native_decide.ax_1_1,
 ShannonBounds.C11R5D186.step_n19._native.native_decide.ax_1_2,
 ShannonBounds.C11R5D186.step_n19._native.native_decide.ax_1_3,
 ShannonBounds.C11R5D186.step_n19._native.native_decide.ax_1_4,
 ShannonBounds.C11R5D186.step_n19._native.native_decide.ax_1_5,
 ShannonBounds.C11R5D186.step_n19._native.native_decide.ax_1_6,
 ShannonBounds.C11R5D186.step_n19._native.native_decide.ax_1_7,
 ShannonBounds.C11R5D186.step_n20._native.native_decide.ax_1_1,
 ShannonBounds.C11R5D186.step_n20._native.native_decide.ax_1_2,
 ShannonBounds.C11R5D186.step_n20._native.native_decide.ax_1_3,
 ShannonBounds.C11R5D186.step_n20._native.native_decide.ax_1_4,
 ShannonBounds.C11R5D186.step_n20._native.native_decide.ax_1_5,
 ShannonBounds.C11R5D186.step_n20._native.native_decide.ax_1_6,
 ShannonBounds.C11R5D186.step_n20._native.native_decide.ax_1_7,
 ShannonBounds.C11R5D186.step_n21._native.native_decide.ax_1_1,
 ShannonBounds.C11R5D186.step_n21._native.native_decide.ax_1_2,
 ShannonBounds.C11R5D186.step_n21._native.native_decide.ax_1_3,
 ShannonBounds.C11R5D186.step_n21._native.native_decide.ax_1_4,
 ShannonBounds.C11R5D186.step_n21._native.native_decide.ax_1_5,
 ShannonBounds.C11R5D186.step_n21._native.native_decide.ax_1_6,
 ShannonBounds.C11R5D186.step_n21._native.native_decide.ax_1_7,
 ShannonBounds.C11R5D186.step_n22._native.native_decide.ax_1_1,
 ShannonBounds.C11R5D186.step_n22._native.native_decide.ax_1_2,
 ShannonBounds.C11R5D186.step_n22._native.native_decide.ax_1_3,
 ShannonBounds.C11R5D186.step_n22._native.native_decide.ax_1_4,
 ShannonBounds.C11R5D186.step_n22._native.native_decide.ax_1_5,
 ShannonBounds.C11R5D186.step_n22._native.native_decide.ax_1_6,
 ShannonBounds.C11R5D186.step_n22._native.native_decide.ax_1_7,
 ShannonBounds.C11R5D186.step_n23._native.native_decide.ax_1_1,
 ShannonBounds.C11R5D186.step_n23._native.native_decide.ax_1_2,
 ShannonBounds.C11R5D186.step_n23._native.native_decide.ax_1_3,
 ShannonBounds.C11R5D186.step_n23._native.native_decide.ax_1_4,
 ShannonBounds.C11R5D186.step_n23._native.native_decide.ax_1_5,
 ShannonBounds.C11R5D186.step_n23._native.native_decide.ax_1_6,
 ShannonBounds.C11R5D186.step_n23._native.native_decide.ax_1_7,
 ShannonBounds.C11R5D186.step_n5._native.native_decide.ax_1_1,
 ShannonBounds.C11R5D186.step_n5._native.native_decide.ax_1_2,
 ShannonBounds.C11R5D186.step_n5._native.native_decide.ax_1_3,
 ShannonBounds.C11R5D186.step_n5._native.native_decide.ax_1_4,
 ShannonBounds.C11R5D186.step_n5._native.native_decide.ax_1_5,
 ShannonBounds.C11R5D186.step_n5._native.native_decide.ax_1_6,
 ShannonBounds.C11R5D186.step_n5._native.native_decide.ax_1_7,
 ShannonBounds.C11R5D186.step_n6._native.native_decide.ax_1_1,
 ShannonBounds.C11R5D186.step_n6._native.native_decide.ax_1_2,
 ShannonBounds.C11R5D186.step_n6._native.native_decide.ax_1_3,
 ShannonBounds.C11R5D186.step_n6._native.native_decide.ax_1_4,
 ShannonBounds.C11R5D186.step_n6._native.native_decide.ax_1_5,
 ShannonBounds.C11R5D186.step_n6._native.native_decide.ax_1_6,
 ShannonBounds.C11R5D186.step_n6._native.native_decide.ax_1_7,
 ShannonBounds.C11R5Tables.S_18277b0c484b4c41._native.native_decide.ax_1,
 ShannonBounds.C11R5Tables.S_18277b0c484b4c41._native.native_decide.ax_2,
 ShannonBounds.C11R5Tables.S_3daf90758a80fbb9._native.native_decide.ax_1,
 ShannonBounds.C11R5Tables.S_3daf90758a80fbb9._native.native_decide.ax_2,
 ShannonBounds.C11R5Tables.S_7b6c163f0dc4b608._native.native_decide.ax_1,
 ShannonBounds.C11R5Tables.S_7b6c163f0dc4b608._native.native_decide.ax_2,
 ShannonBounds.C11R5Tables.S_e788020168e26abb._native.native_decide.ax_1,
 ShannonBounds.C11R5Tables.S_e788020168e26abb._native.native_decide.ax_2]
'ShannonBounds.C11R5D186.step_n24' depends on axioms: [propext,
 Classical.choice.{u},
 Quot.sound.{u},
 ShannonBounds.C11R5D186.step_n19._native.native_decide.ax_1_1,
 ShannonBounds.C11R5D186.step_n19._native.native_decide.ax_1_2,
 ShannonBounds.C11R5D186.step_n19._native.native_decide.ax_1_3,
 ShannonBounds.C11R5D186.step_n19._native.native_decide.ax_1_4,
 ShannonBounds.C11R5D186.step_n19._native.native_decide.ax_1_5,
 ShannonBounds.C11R5D186.step_n19._native.native_decide.ax_1_6,
 ShannonBounds.C11R5D186.step_n19._native.native_decide.ax_1_7,
 ShannonBounds.C11R5D186.step_n20._native.native_decide.ax_1_1,
 ShannonBounds.C11R5D186.step_n20._native.native_decide.ax_1_2,
 ShannonBounds.C11R5D186.step_n20._native.native_decide.ax_1_3,
 ShannonBounds.C11R5D186.step_n20._native.native_decide.ax_1_4,
 ShannonBounds.C11R5D186.step_n20._native.native_decide.ax_1_5,
 ShannonBounds.C11R5D186.step_n20._native.native_decide.ax_1_6,
 ShannonBounds.C11R5D186.step_n20._native.native_decide.ax_1_7,
 ShannonBounds.C11R5D186.step_n21._native.native_decide.ax_1_1,
 ShannonBounds.C11R5D186.step_n21._native.native_decide.ax_1_2,
 ShannonBounds.C11R5D186.step_n21._native.native_decide.ax_1_3,
 ShannonBounds.C11R5D186.step_n21._native.native_decide.ax_1_4,
 ShannonBounds.C11R5D186.step_n21._native.native_decide.ax_1_5,
 ShannonBounds.C11R5D186.step_n21._native.native_decide.ax_1_6,
 ShannonBounds.C11R5D186.step_n21._native.native_decide.ax_1_7,
 ShannonBounds.C11R5D186.step_n22._native.native_decide.ax_1_1,
 ShannonBounds.C11R5D186.step_n22._native.native_decide.ax_1_2,
 ShannonBounds.C11R5D186.step_n22._native.native_decide.ax_1_3,
 ShannonBounds.C11R5D186.step_n22._native.native_decide.ax_1_4,
 ShannonBounds.C11R5D186.step_n22._native.native_decide.ax_1_5,
 ShannonBounds.C11R5D186.step_n22._native.native_decide.ax_1_6,
 ShannonBounds.C11R5D186.step_n22._native.native_decide.ax_1_7,
 ShannonBounds.C11R5D186.step_n23._native.native_decide.ax_1_1,
 ShannonBounds.C11R5D186.step_n23._native.native_decide.ax_1_2,
 ShannonBounds.C11R5D186.step_n23._native.native_decide.ax_1_3,
 ShannonBounds.C11R5D186.step_n23._native.native_decide.ax_1_4,
 ShannonBounds.C11R5D186.step_n23._native.native_decide.ax_1_5,
 ShannonBounds.C11R5D186.step_n23._native.native_decide.ax_1_6,
 ShannonBounds.C11R5D186.step_n23._native.native_decide.ax_1_7,
 ShannonBounds.C11R5D186.step_n24._native.native_decide.ax_1_1,
 ShannonBounds.C11R5D186.step_n24._native.native_decide.ax_1_2,
 ShannonBounds.C11R5D186.step_n24._native.native_decide.ax_1_3,
 ShannonBounds.C11R5D186.step_n24._native.native_decide.ax_1_4,
 ShannonBounds.C11R5D186.step_n24._native.native_decide.ax_1_5,
 ShannonBounds.C11R5D186.step_n24._native.native_decide.ax_1_6,
 ShannonBounds.C11R5D186.step_n24._native.native_decide.ax_1_7,
 ShannonBounds.C11R5D186.step_n5._native.native_decide.ax_1_1,
 ShannonBounds.C11R5D186.step_n5._native.native_decide.ax_1_2,
 ShannonBounds.C11R5D186.step_n5._native.native_decide.ax_1_3,
 ShannonBounds.C11R5D186.step_n5._native.native_decide.ax_1_4,
 ShannonBounds.C11R5D186.step_n5._native.native_decide.ax_1_5,
 ShannonBounds.C11R5D186.step_n5._native.native_decide.ax_1_6,
 ShannonBounds.C11R5D186.step_n5._native.native_decide.ax_1_7,
 ShannonBounds.C11R5D186.step_n6._native.native_decide.ax_1_1,
 ShannonBounds.C11R5D186.step_n6._native.native_decide.ax_1_2,
 ShannonBounds.C11R5D186.step_n6._native.native_decide.ax_1_3,
 ShannonBounds.C11R5D186.step_n6._native.native_decide.ax_1_4,
 ShannonBounds.C11R5D186.step_n6._native.native_decide.ax_1_5,
 ShannonBounds.C11R5D186.step_n6._native.native_decide.ax_1_6,
 ShannonBounds.C11R5D186.step_n6._native.native_decide.ax_1_7,
 ShannonBounds.C11R5Tables.S_18277b0c484b4c41._native.native_decide.ax_1,
 ShannonBounds.C11R5Tables.S_18277b0c484b4c41._native.native_decide.ax_2,
 ShannonBounds.C11R5Tables.S_3daf90758a80fbb9._native.native_decide.ax_1,
 ShannonBounds.C11R5Tables.S_3daf90758a80fbb9._native.native_decide.ax_2,
 ShannonBounds.C11R5Tables.S_7b6c163f0dc4b608._native.native_decide.ax_1,
 ShannonBounds.C11R5Tables.S_7b6c163f0dc4b608._native.native_decide.ax_2,
 ShannonBounds.C11R5Tables.S_e788020168e26abb._native.native_decide.ax_1,
 ShannonBounds.C11R5Tables.S_e788020168e26abb._native.native_decide.ax_2]
'ShannonBounds.C11R5D186.step_n25' depends on axioms: [propext,
 Classical.choice.{u},
 Quot.sound.{u},
 ShannonBounds.C11R5D186.step_n10._native.native_decide.ax_1_1,
 ShannonBounds.C11R5D186.step_n10._native.native_decide.ax_1_2,
 ShannonBounds.C11R5D186.step_n10._native.native_decide.ax_1_3,
 ShannonBounds.C11R5D186.step_n10._native.native_decide.ax_1_4,
 ShannonBounds.C11R5D186.step_n10._native.native_decide.ax_1_5,
 ShannonBounds.C11R5D186.step_n10._native.native_decide.ax_1_6,
 ShannonBounds.C11R5D186.step_n10._native.native_decide.ax_1_7,
 ShannonBounds.C11R5D186.step_n13._native.native_decide.ax_1_1,
 ShannonBounds.C11R5D186.step_n13._native.native_decide.ax_1_2,
 ShannonBounds.C11R5D186.step_n13._native.native_decide.ax_1_3,
 ShannonBounds.C11R5D186.step_n13._native.native_decide.ax_1_4,
 ShannonBounds.C11R5D186.step_n13._native.native_decide.ax_1_5,
 ShannonBounds.C11R5D186.step_n13._native.native_decide.ax_1_6,
 ShannonBounds.C11R5D186.step_n13._native.native_decide.ax_1_7,
 ShannonBounds.C11R5D186.step_n15._native.native_decide.ax_1_1,
 ShannonBounds.C11R5D186.step_n15._native.native_decide.ax_1_2,
 ShannonBounds.C11R5D186.step_n15._native.native_decide.ax_1_3,
 ShannonBounds.C11R5D186.step_n15._native.native_decide.ax_1_4,
 ShannonBounds.C11R5D186.step_n15._native.native_decide.ax_1_5,
 ShannonBounds.C11R5D186.step_n15._native.native_decide.ax_1_6,
 ShannonBounds.C11R5D186.step_n15._native.native_decide.ax_1_7,
 ShannonBounds.C11R5D186.step_n25._native.native_decide.ax_1_1,
 ShannonBounds.C11R5D186.step_n25._native.native_decide.ax_1_2,
 ShannonBounds.C11R5D186.step_n25._native.native_decide.ax_1_3,
 ShannonBounds.C11R5D186.step_n25._native.native_decide.ax_1_4,
 ShannonBounds.C11R5D186.step_n25._native.native_decide.ax_1_5,
 ShannonBounds.C11R5D186.step_n25._native.native_decide.ax_1_6,
 ShannonBounds.C11R5D186.step_n25._native.native_decide.ax_1_7,
 ShannonBounds.C11R5Tables.S_04339297651c9c49._native.native_decide.ax_1,
 ShannonBounds.C11R5Tables.S_04339297651c9c49._native.native_decide.ax_2,
 ShannonBounds.C11R5Tables.S_7b6c163f0dc4b608._native.native_decide.ax_1,
 ShannonBounds.C11R5Tables.S_7b6c163f0dc4b608._native.native_decide.ax_2,
 ShannonBounds.C11R5Tables.S_e788020168e26abb._native.native_decide.ax_1,
 ShannonBounds.C11R5Tables.S_e788020168e26abb._native.native_decide.ax_2,
 ShannonBounds.C11R5Tables.S_e9ef2871c79d62be._native.native_decide.ax_1,
 ShannonBounds.C11R5Tables.S_e9ef2871c79d62be._native.native_decide.ax_2]
'ShannonBounds.C11R5D186.step_n26' depends on axioms: [propext,
 Classical.choice.{u},
 Quot.sound.{u},
 ShannonBounds.C11R5D186.step_n10._native.native_decide.ax_1_1,
 ShannonBounds.C11R5D186.step_n10._native.native_decide.ax_1_2,
 ShannonBounds.C11R5D186.step_n10._native.native_decide.ax_1_3,
 ShannonBounds.C11R5D186.step_n10._native.native_decide.ax_1_4,
 ShannonBounds.C11R5D186.step_n10._native.native_decide.ax_1_5,
 ShannonBounds.C11R5D186.step_n10._native.native_decide.ax_1_6,
 ShannonBounds.C11R5D186.step_n10._native.native_decide.ax_1_7,
 ShannonBounds.C11R5D186.step_n13._native.native_decide.ax_1_1,
 ShannonBounds.C11R5D186.step_n13._native.native_decide.ax_1_2,
 ShannonBounds.C11R5D186.step_n13._native.native_decide.ax_1_3,
 ShannonBounds.C11R5D186.step_n13._native.native_decide.ax_1_4,
 ShannonBounds.C11R5D186.step_n13._native.native_decide.ax_1_5,
 ShannonBounds.C11R5D186.step_n13._native.native_decide.ax_1_6,
 ShannonBounds.C11R5D186.step_n13._native.native_decide.ax_1_7,
 ShannonBounds.C11R5D186.step_n15._native.native_decide.ax_1_1,
 ShannonBounds.C11R5D186.step_n15._native.native_decide.ax_1_2,
 ShannonBounds.C11R5D186.step_n15._native.native_decide.ax_1_3,
 ShannonBounds.C11R5D186.step_n15._native.native_decide.ax_1_4,
 ShannonBounds.C11R5D186.step_n15._native.native_decide.ax_1_5,
 ShannonBounds.C11R5D186.step_n15._native.native_decide.ax_1_6,
 ShannonBounds.C11R5D186.step_n15._native.native_decide.ax_1_7,
 ShannonBounds.C11R5D186.step_n18._native.native_decide.ax_1_1,
 ShannonBounds.C11R5D186.step_n18._native.native_decide.ax_1_2,
 ShannonBounds.C11R5D186.step_n18._native.native_decide.ax_1_3,
 ShannonBounds.C11R5D186.step_n18._native.native_decide.ax_1_4,
 ShannonBounds.C11R5D186.step_n18._native.native_decide.ax_1_5,
 ShannonBounds.C11R5D186.step_n18._native.native_decide.ax_1_6,
 ShannonBounds.C11R5D186.step_n18._native.native_decide.ax_1_7,
 ShannonBounds.C11R5D186.step_n19._native.native_decide.ax_1_1,
 ShannonBounds.C11R5D186.step_n19._native.native_decide.ax_1_2,
 ShannonBounds.C11R5D186.step_n19._native.native_decide.ax_1_3,
 ShannonBounds.C11R5D186.step_n19._native.native_decide.ax_1_4,
 ShannonBounds.C11R5D186.step_n19._native.native_decide.ax_1_5,
 ShannonBounds.C11R5D186.step_n19._native.native_decide.ax_1_6,
 ShannonBounds.C11R5D186.step_n19._native.native_decide.ax_1_7,
 ShannonBounds.C11R5D186.step_n20._native.native_decide.ax_1_1,
 ShannonBounds.C11R5D186.step_n20._native.native_decide.ax_1_2,
 ShannonBounds.C11R5D186.step_n20._native.native_decide.ax_1_3,
 ShannonBounds.C11R5D186.step_n20._native.native_decide.ax_1_4,
 ShannonBounds.C11R5D186.step_n20._native.native_decide.ax_1_5,
 ShannonBounds.C11R5D186.step_n20._native.native_decide.ax_1_6,
 ShannonBounds.C11R5D186.step_n20._native.native_decide.ax_1_7,
 ShannonBounds.C11R5D186.step_n21._native.native_decide.ax_1_1,
 ShannonBounds.C11R5D186.step_n21._native.native_decide.ax_1_2,
 ShannonBounds.C11R5D186.step_n21._native.native_decide.ax_1_3,
 ShannonBounds.C11R5D186.step_n21._native.native_decide.ax_1_4,
 ShannonBounds.C11R5D186.step_n21._native.native_decide.ax_1_5,
 ShannonBounds.C11R5D186.step_n21._native.native_decide.ax_1_6,
 ShannonBounds.C11R5D186.step_n21._native.native_decide.ax_1_7,
 ShannonBounds.C11R5D186.step_n22._native.native_decide.ax_1_1,
 ShannonBounds.C11R5D186.step_n22._native.native_decide.ax_1_2,
 ShannonBounds.C11R5D186.step_n22._native.native_decide.ax_1_3,
 ShannonBounds.C11R5D186.step_n22._native.native_decide.ax_1_4,
 ShannonBounds.C11R5D186.step_n22._native.native_decide.ax_1_5,
 ShannonBounds.C11R5D186.step_n22._native.native_decide.ax_1_6,
 ShannonBounds.C11R5D186.step_n22._native.native_decide.ax_1_7,
 ShannonBounds.C11R5D186.step_n23._native.native_decide.ax_1_1,
 ShannonBounds.C11R5D186.step_n23._native.native_decide.ax_1_2,
 ShannonBounds.C11R5D186.step_n23._native.native_decide.ax_1_3,
 ShannonBounds.C11R5D186.step_n23._native.native_decide.ax_1_4,
 ShannonBounds.C11R5D186.step_n23._native.native_decide.ax_1_5,
 ShannonBounds.C11R5D186.step_n23._native.native_decide.ax_1_6,
 ShannonBounds.C11R5D186.step_n23._native.native_decide.ax_1_7,
 ShannonBounds.C11R5D186.step_n24._native.native_decide.ax_1_1,
 ShannonBounds.C11R5D186.step_n24._native.native_decide.ax_1_2,
 ShannonBounds.C11R5D186.step_n24._native.native_decide.ax_1_3,
 ShannonBounds.C11R5D186.step_n24._native.native_decide.ax_1_4,
 ShannonBounds.C11R5D186.step_n24._native.native_decide.ax_1_5,
 ShannonBounds.C11R5D186.step_n24._native.native_decide.ax_1_6,
 ShannonBounds.C11R5D186.step_n24._native.native_decide.ax_1_7,
 ShannonBounds.C11R5D186.step_n25._native.native_decide.ax_1_1,
 ShannonBounds.C11R5D186.step_n25._native.native_decide.ax_1_2,
 ShannonBounds.C11R5D186.step_n25._native.native_decide.ax_1_3,
 ShannonBounds.C11R5D186.step_n25._native.native_decide.ax_1_4,
 ShannonBounds.C11R5D186.step_n25._native.native_decide.ax_1_5,
 ShannonBounds.C11R5D186.step_n25._native.native_decide.ax_1_6,
 ShannonBounds.C11R5D186.step_n25._native.native_decide.ax_1_7,
 ShannonBounds.C11R5D186.step_n26._native.native_decide.ax_1_1,
 ShannonBounds.C11R5D186.step_n26._native.native_decide.ax_1_2,
 ShannonBounds.C11R5D186.step_n26._native.native_decide.ax_1_3,
 ShannonBounds.C11R5D186.step_n26._native.native_decide.ax_1_4,
 ShannonBounds.C11R5D186.step_n26._native.native_decide.ax_1_5,
 ShannonBounds.C11R5D186.step_n26._native.native_decide.ax_1_6,
 ShannonBounds.C11R5D186.step_n26._native.native_decide.ax_1_7,
 ShannonBounds.C11R5D186.step_n5._native.native_decide.ax_1_1,
 ShannonBounds.C11R5D186.step_n5._native.native_decide.ax_1_2,
 ShannonBounds.C11R5D186.step_n5._native.native_decide.ax_1_3,
 ShannonBounds.C11R5D186.step_n5._native.native_decide.ax_1_4,
 ShannonBounds.C11R5D186.step_n5._native.native_decide.ax_1_5,
 ShannonBounds.C11R5D186.step_n5._native.native_decide.ax_1_6,
 ShannonBounds.C11R5D186.step_n5._native.native_decide.ax_1_7,
 ShannonBounds.C11R5D186.step_n6._native.native_decide.ax_1_1,
 ShannonBounds.C11R5D186.step_n6._native.native_decide.ax_1_2,
 ShannonBounds.C11R5D186.step_n6._native.native_decide.ax_1_3,
 ShannonBounds.C11R5D186.step_n6._native.native_decide.ax_1_4,
 ShannonBounds.C11R5D186.step_n6._native.native_decide.ax_1_5,
 ShannonBounds.C11R5D186.step_n6._native.native_decide.ax_1_6,
 ShannonBounds.C11R5D186.step_n6._native.native_decide.ax_1_7,
 ShannonBounds.C11R5D186.step_n8._native.native_decide.ax_1_1,
 ShannonBounds.C11R5D186.step_n8._native.native_decide.ax_1_2,
 ShannonBounds.C11R5D186.step_n8._native.native_decide.ax_1_3,
 ShannonBounds.C11R5D186.step_n8._native.native_decide.ax_1_4,
 ShannonBounds.C11R5D186.step_n8._native.native_decide.ax_1_5,
 ShannonBounds.C11R5D186.step_n8._native.native_decide.ax_1_6,
 ShannonBounds.C11R5D186.step_n8._native.native_decide.ax_1_7,
 ShannonBounds.C11R5Tables.S_0058d965adce02f4._native.native_decide.ax_1,
 ShannonBounds.C11R5Tables.S_0058d965adce02f4._native.native_decide.ax_2,
 ShannonBounds.C11R5Tables.S_04339297651c9c49._native.native_decide.ax_1,
 ShannonBounds.C11R5Tables.S_04339297651c9c49._native.native_decide.ax_2,
 ShannonBounds.C11R5Tables.S_18277b0c484b4c41._native.native_decide.ax_1,
 ShannonBounds.C11R5Tables.S_18277b0c484b4c41._native.native_decide.ax_2,
 ShannonBounds.C11R5Tables.S_3daf90758a80fbb9._native.native_decide.ax_1,
 ShannonBounds.C11R5Tables.S_3daf90758a80fbb9._native.native_decide.ax_2,
 ShannonBounds.C11R5Tables.S_6859b0ec25991d42._native.native_decide.ax_1,
 ShannonBounds.C11R5Tables.S_6859b0ec25991d42._native.native_decide.ax_2,
 ShannonBounds.C11R5Tables.S_7b6c163f0dc4b608._native.native_decide.ax_1,
 ShannonBounds.C11R5Tables.S_7b6c163f0dc4b608._native.native_decide.ax_2,
 ShannonBounds.C11R5Tables.S_e788020168e26abb._native.native_decide.ax_1,
 ShannonBounds.C11R5Tables.S_e788020168e26abb._native.native_decide.ax_2,
 ShannonBounds.C11R5Tables.S_e9ef2871c79d62be._native.native_decide.ax_1,
 ShannonBounds.C11R5Tables.S_e9ef2871c79d62be._native.native_decide.ax_2,
 ShannonBounds.C11R5Tables.S_f97d79adc1a9e27c._native.native_decide.ax_1,
 ShannonBounds.C11R5Tables.S_f97d79adc1a9e27c._native.native_decide.ax_2]
'ShannonBounds.C11R5D186.cross_power_BPZ_207' depends on axioms: [propext,
 ShannonBounds.C11R5D186.cross_power_BPZ_207._native.native_decide.ax_1_1]
'ShannonBounds.C11R5D186.strict_root_BPZ_207' depends on axioms: [propext,
 Classical.choice.{u},
 Quot.sound.{u},
 ShannonBounds.C11R5D186.cross_power_BPZ_207._native.native_decide.ax_1_1]
'ShannonBounds.C11R5D186.cross_power_R3_207' depends on axioms: [propext,
 ShannonBounds.C11R5D186.cross_power_R3_207._native.native_decide.ax_1_1]
'ShannonBounds.C11R5D186.strict_root_R3_207' depends on axioms: [propext,
 Classical.choice.{u},
 Quot.sound.{u},
 ShannonBounds.C11R5D186.cross_power_R3_207._native.native_decide.ax_1_1]
'ShannonBounds.C11R5D186.cross_power_R4_201' depends on axioms: [propext,
 ShannonBounds.C11R5D186.cross_power_R4_201._native.native_decide.ax_1_1]
'ShannonBounds.C11R5D186.strict_root_R4_201' depends on axioms: [propext,
 Classical.choice.{u},
 Quot.sound.{u},
 ShannonBounds.C11R5D186.cross_power_R4_201._native.native_decide.ax_1_1]
'ShannonBounds.C11R5D186.cross_power_R4_210' depends on axioms: [propext,
 ShannonBounds.C11R5D186.cross_power_R4_210._native.native_decide.ax_1_1]
'ShannonBounds.C11R5D186.strict_root_R4_210' depends on axioms: [propext,
 Classical.choice.{u},
 Quot.sound.{u},
 ShannonBounds.C11R5D186.cross_power_R4_210._native.native_decide.ax_1_1]
'ShannonBounds.C11R5D198.card_codeBase' depends on axioms: [propext,
 Classical.choice.{u},
 Quot.sound.{u},
 ShannonBounds.C11R5D198.step_n1._native.native_decide.ax_1_1,
 ShannonBounds.C11R5D198.step_n1._native.native_decide.ax_1_2,
 ShannonBounds.C11R5D198.step_n1._native.native_decide.ax_1_3,
 ShannonBounds.C11R5D198.step_n1._native.native_decide.ax_1_4,
 ShannonBounds.C11R5D198.step_n1._native.native_decide.ax_1_5,
 ShannonBounds.C11R5D198.step_n1._native.native_decide.ax_1_6,
 ShannonBounds.C11R5D198.step_n1._native.native_decide.ax_1_7,
 ShannonBounds.C11R5D198.step_n10._native.native_decide.ax_1_1,
 ShannonBounds.C11R5D198.step_n10._native.native_decide.ax_1_2,
 ShannonBounds.C11R5D198.step_n10._native.native_decide.ax_1_3,
 ShannonBounds.C11R5D198.step_n10._native.native_decide.ax_1_4,
 ShannonBounds.C11R5D198.step_n10._native.native_decide.ax_1_5,
 ShannonBounds.C11R5D198.step_n10._native.native_decide.ax_1_6,
 ShannonBounds.C11R5D198.step_n10._native.native_decide.ax_1_7,
 ShannonBounds.C11R5D198.step_n11._native.native_decide.ax_1_1,
 ShannonBounds.C11R5D198.step_n11._native.native_decide.ax_1_2,
 ShannonBounds.C11R5D198.step_n11._native.native_decide.ax_1_3,
 ShannonBounds.C11R5D198.step_n11._native.native_decide.ax_1_4,
 ShannonBounds.C11R5D198.step_n11._native.native_decide.ax_1_5,
 ShannonBounds.C11R5D198.step_n11._native.native_decide.ax_1_6,
 ShannonBounds.C11R5D198.step_n11._native.native_decide.ax_1_7,
 ShannonBounds.C11R5D198.step_n12._native.native_decide.ax_1_1,
 ShannonBounds.C11R5D198.step_n12._native.native_decide.ax_1_2,
 ShannonBounds.C11R5D198.step_n12._native.native_decide.ax_1_3,
 ShannonBounds.C11R5D198.step_n12._native.native_decide.ax_1_4,
 ShannonBounds.C11R5D198.step_n12._native.native_decide.ax_1_5,
 ShannonBounds.C11R5D198.step_n12._native.native_decide.ax_1_6,
 ShannonBounds.C11R5D198.step_n12._native.native_decide.ax_1_7,
 ShannonBounds.C11R5D198.step_n13._native.native_decide.ax_1_1,
 ShannonBounds.C11R5D198.step_n13._native.native_decide.ax_1_2,
 ShannonBounds.C11R5D198.step_n13._native.native_decide.ax_1_3,
 ShannonBounds.C11R5D198.step_n13._native.native_decide.ax_1_4,
 ShannonBounds.C11R5D198.step_n13._native.native_decide.ax_1_5,
 ShannonBounds.C11R5D198.step_n13._native.native_decide.ax_1_6,
 ShannonBounds.C11R5D198.step_n13._native.native_decide.ax_1_7,
 ShannonBounds.C11R5D198.step_n14._native.native_decide.ax_1_1,
 ShannonBounds.C11R5D198.step_n14._native.native_decide.ax_1_2,
 ShannonBounds.C11R5D198.step_n14._native.native_decide.ax_1_3,
 ShannonBounds.C11R5D198.step_n14._native.native_decide.ax_1_4,
 ShannonBounds.C11R5D198.step_n14._native.native_decide.ax_1_5,
 ShannonBounds.C11R5D198.step_n14._native.native_decide.ax_1_6,
 ShannonBounds.C11R5D198.step_n14._native.native_decide.ax_1_7,
 ShannonBounds.C11R5D198.step_n15._native.native_decide.ax_1_1,
 ShannonBounds.C11R5D198.step_n15._native.native_decide.ax_1_2,
 ShannonBounds.C11R5D198.step_n15._native.native_decide.ax_1_3,
 ShannonBounds.C11R5D198.step_n15._native.native_decide.ax_1_4,
 ShannonBounds.C11R5D198.step_n15._native.native_decide.ax_1_5,
 ShannonBounds.C11R5D198.step_n15._native.native_decide.ax_1_6,
 ShannonBounds.C11R5D198.step_n15._native.native_decide.ax_1_7,
 ShannonBounds.C11R5D198.step_n16._native.native_decide.ax_1_1,
 ShannonBounds.C11R5D198.step_n16._native.native_decide.ax_1_2,
 ShannonBounds.C11R5D198.step_n16._native.native_decide.ax_1_3,
 ShannonBounds.C11R5D198.step_n16._native.native_decide.ax_1_4,
 ShannonBounds.C11R5D198.step_n16._native.native_decide.ax_1_5,
 ShannonBounds.C11R5D198.step_n16._native.native_decide.ax_1_6,
 ShannonBounds.C11R5D198.step_n16._native.native_decide.ax_1_7,
 ShannonBounds.C11R5D198.step_n17._native.native_decide.ax_1_1,
 ShannonBounds.C11R5D198.step_n17._native.native_decide.ax_1_2,
 ShannonBounds.C11R5D198.step_n17._native.native_decide.ax_1_3,
 ShannonBounds.C11R5D198.step_n17._native.native_decide.ax_1_4,
 ShannonBounds.C11R5D198.step_n17._native.native_decide.ax_1_5,
 ShannonBounds.C11R5D198.step_n17._native.native_decide.ax_1_6,
 ShannonBounds.C11R5D198.step_n17._native.native_decide.ax_1_7,
 ShannonBounds.C11R5D198.step_n18._native.native_decide.ax_1_1,
 ShannonBounds.C11R5D198.step_n18._native.native_decide.ax_1_2,
 ShannonBounds.C11R5D198.step_n18._native.native_decide.ax_1_3,
 ShannonBounds.C11R5D198.step_n18._native.native_decide.ax_1_4,
 ShannonBounds.C11R5D198.step_n18._native.native_decide.ax_1_5,
 ShannonBounds.C11R5D198.step_n18._native.native_decide.ax_1_6,
 ShannonBounds.C11R5D198.step_n18._native.native_decide.ax_1_7,
 ShannonBounds.C11R5D198.step_n19._native.native_decide.ax_1_1,
 ShannonBounds.C11R5D198.step_n19._native.native_decide.ax_1_2,
 ShannonBounds.C11R5D198.step_n19._native.native_decide.ax_1_3,
 ShannonBounds.C11R5D198.step_n19._native.native_decide.ax_1_4,
 ShannonBounds.C11R5D198.step_n19._native.native_decide.ax_1_5,
 ShannonBounds.C11R5D198.step_n19._native.native_decide.ax_1_6,
 ShannonBounds.C11R5D198.step_n19._native.native_decide.ax_1_7,
 ShannonBounds.C11R5D198.step_n2._native.native_decide.ax_1_1,
 ShannonBounds.C11R5D198.step_n2._native.native_decide.ax_1_2,
 ShannonBounds.C11R5D198.step_n2._native.native_decide.ax_1_3,
 ShannonBounds.C11R5D198.step_n2._native.native_decide.ax_1_4,
 ShannonBounds.C11R5D198.step_n2._native.native_decide.ax_1_5,
 ShannonBounds.C11R5D198.step_n2._native.native_decide.ax_1_6,
 ShannonBounds.C11R5D198.step_n2._native.native_decide.ax_1_7,
 ShannonBounds.C11R5D198.step_n20._native.native_decide.ax_1_1,
 ShannonBounds.C11R5D198.step_n20._native.native_decide.ax_1_2,
 ShannonBounds.C11R5D198.step_n20._native.native_decide.ax_1_3,
 ShannonBounds.C11R5D198.step_n20._native.native_decide.ax_1_4,
 ShannonBounds.C11R5D198.step_n20._native.native_decide.ax_1_5,
 ShannonBounds.C11R5D198.step_n20._native.native_decide.ax_1_6,
 ShannonBounds.C11R5D198.step_n20._native.native_decide.ax_1_7,
 ShannonBounds.C11R5D198.step_n21._native.native_decide.ax_1_1,
 ShannonBounds.C11R5D198.step_n21._native.native_decide.ax_1_2,
 ShannonBounds.C11R5D198.step_n21._native.native_decide.ax_1_3,
 ShannonBounds.C11R5D198.step_n21._native.native_decide.ax_1_4,
 ShannonBounds.C11R5D198.step_n21._native.native_decide.ax_1_5,
 ShannonBounds.C11R5D198.step_n21._native.native_decide.ax_1_6,
 ShannonBounds.C11R5D198.step_n21._native.native_decide.ax_1_7,
 ShannonBounds.C11R5D198.step_n22._native.native_decide.ax_1_1,
 ShannonBounds.C11R5D198.step_n22._native.native_decide.ax_1_2,
 ShannonBounds.C11R5D198.step_n22._native.native_decide.ax_1_3,
 ShannonBounds.C11R5D198.step_n22._native.native_decide.ax_1_4,
 ShannonBounds.C11R5D198.step_n22._native.native_decide.ax_1_5,
 ShannonBounds.C11R5D198.step_n22._native.native_decide.ax_1_6,
 ShannonBounds.C11R5D198.step_n22._native.native_decide.ax_1_7,
 ShannonBounds.C11R5D198.step_n23._native.native_decide.ax_1_1,
 ShannonBounds.C11R5D198.step_n23._native.native_decide.ax_1_2,
 ShannonBounds.C11R5D198.step_n23._native.native_decide.ax_1_3,
 ShannonBounds.C11R5D198.step_n23._native.native_decide.ax_1_4,
 ShannonBounds.C11R5D198.step_n23._native.native_decide.ax_1_5,
 ShannonBounds.C11R5D198.step_n23._native.native_decide.ax_1_6,
 ShannonBounds.C11R5D198.step_n23._native.native_decide.ax_1_7,
 ShannonBounds.C11R5D198.step_n24._native.native_decide.ax_1_1,
 ShannonBounds.C11R5D198.step_n24._native.native_decide.ax_1_2,
 ShannonBounds.C11R5D198.step_n24._native.native_decide.ax_1_3,
 ShannonBounds.C11R5D198.step_n24._native.native_decide.ax_1_4,
 ShannonBounds.C11R5D198.step_n24._native.native_decide.ax_1_5,
 ShannonBounds.C11R5D198.step_n24._native.native_decide.ax_1_6,
 ShannonBounds.C11R5D198.step_n24._native.native_decide.ax_1_7,
 ShannonBounds.C11R5D198.step_n25._native.native_decide.ax_1_1,
 ShannonBounds.C11R5D198.step_n25._native.native_decide.ax_1_2,
 ShannonBounds.C11R5D198.step_n25._native.native_decide.ax_1_3,
 ShannonBounds.C11R5D198.step_n25._native.native_decide.ax_1_4,
 ShannonBounds.C11R5D198.step_n25._native.native_decide.ax_1_5,
 ShannonBounds.C11R5D198.step_n25._native.native_decide.ax_1_6,
 ShannonBounds.C11R5D198.step_n25._native.native_decide.ax_1_7,
 ShannonBounds.C11R5D198.step_n26._native.native_decide.ax_1_1,
 ShannonBounds.C11R5D198.step_n26._native.native_decide.ax_1_2,
 ShannonBounds.C11R5D198.step_n26._native.native_decide.ax_1_3,
 ShannonBounds.C11R5D198.step_n26._native.native_decide.ax_1_4,
 ShannonBounds.C11R5D198.step_n26._native.native_decide.ax_1_5,
 ShannonBounds.C11R5D198.step_n26._native.native_decide.ax_1_6,
 ShannonBounds.C11R5D198.step_n26._native.native_decide.ax_1_7,
 ShannonBounds.C11R5D198.step_n27._native.native_decide.ax_1_1,
 ShannonBounds.C11R5D198.step_n27._native.native_decide.ax_1_2,
 ShannonBounds.C11R5D198.step_n27._native.native_decide.ax_1_3,
 ShannonBounds.C11R5D198.step_n27._native.native_decide.ax_1_4,
 ShannonBounds.C11R5D198.step_n27._native.native_decide.ax_1_5,
 ShannonBounds.C11R5D198.step_n27._native.native_decide.ax_1_6,
 ShannonBounds.C11R5D198.step_n27._native.native_decide.ax_1_7,
 ShannonBounds.C11R5D198.step_n28._native.native_decide.ax_1_1,
 ShannonBounds.C11R5D198.step_n28._native.native_decide.ax_1_2,
 ShannonBounds.C11R5D198.step_n28._native.native_decide.ax_1_3,
 ShannonBounds.C11R5D198.step_n28._native.native_decide.ax_1_4,
 ShannonBounds.C11R5D198.step_n28._native.native_decide.ax_1_5,
 ShannonBounds.C11R5D198.step_n28._native.native_decide.ax_1_6,
 ShannonBounds.C11R5D198.step_n28._native.native_decide.ax_1_7,
 ShannonBounds.C11R5D198.step_n29._native.native_decide.ax_1_1,
 ShannonBounds.C11R5D198.step_n29._native.native_decide.ax_1_2,
 ShannonBounds.C11R5D198.step_n29._native.native_decide.ax_1_3,
 ShannonBounds.C11R5D198.step_n29._native.native_decide.ax_1_4,
 ShannonBounds.C11R5D198.step_n29._native.native_decide.ax_1_5,
 ShannonBounds.C11R5D198.step_n29._native.native_decide.ax_1_6,
 ShannonBounds.C11R5D198.step_n29._native.native_decide.ax_1_7,
 ShannonBounds.C11R5D198.step_n3._native.native_decide.ax_1_1,
 ShannonBounds.C11R5D198.step_n3._native.native_decide.ax_1_2,
 ShannonBounds.C11R5D198.step_n3._native.native_decide.ax_1_3,
 ShannonBounds.C11R5D198.step_n3._native.native_decide.ax_1_4,
 ShannonBounds.C11R5D198.step_n3._native.native_decide.ax_1_5,
 ShannonBounds.C11R5D198.step_n3._native.native_decide.ax_1_6,
 ShannonBounds.C11R5D198.step_n3._native.native_decide.ax_1_7,
 ShannonBounds.C11R5D198.step_n4._native.native_decide.ax_1_1,
 ShannonBounds.C11R5D198.step_n4._native.native_decide.ax_1_2,
 ShannonBounds.C11R5D198.step_n4._native.native_decide.ax_1_3,
 ShannonBounds.C11R5D198.step_n4._native.native_decide.ax_1_4,
 ShannonBounds.C11R5D198.step_n4._native.native_decide.ax_1_5,
 ShannonBounds.C11R5D198.step_n4._native.native_decide.ax_1_6,
 ShannonBounds.C11R5D198.step_n4._native.native_decide.ax_1_7,
 ShannonBounds.C11R5D198.step_n5._native.native_decide.ax_1_1,
 ShannonBounds.C11R5D198.step_n5._native.native_decide.ax_1_2,
 ShannonBounds.C11R5D198.step_n5._native.native_decide.ax_1_3,
 ShannonBounds.C11R5D198.step_n5._native.native_decide.ax_1_4,
 ShannonBounds.C11R5D198.step_n5._native.native_decide.ax_1_5,
 ShannonBounds.C11R5D198.step_n5._native.native_decide.ax_1_6,
 ShannonBounds.C11R5D198.step_n5._native.native_decide.ax_1_7,
 ShannonBounds.C11R5D198.step_n6._native.native_decide.ax_1_1,
 ShannonBounds.C11R5D198.step_n6._native.native_decide.ax_1_2,
 ShannonBounds.C11R5D198.step_n6._native.native_decide.ax_1_3,
 ShannonBounds.C11R5D198.step_n6._native.native_decide.ax_1_4,
 ShannonBounds.C11R5D198.step_n6._native.native_decide.ax_1_5,
 ShannonBounds.C11R5D198.step_n6._native.native_decide.ax_1_6,
 ShannonBounds.C11R5D198.step_n6._native.native_decide.ax_1_7,
 ShannonBounds.C11R5D198.step_n7._native.native_decide.ax_1_1,
 ShannonBounds.C11R5D198.step_n7._native.native_decide.ax_1_2,
 ShannonBounds.C11R5D198.step_n7._native.native_decide.ax_1_3,
 ShannonBounds.C11R5D198.step_n7._native.native_decide.ax_1_4,
 ShannonBounds.C11R5D198.step_n7._native.native_decide.ax_1_5,
 ShannonBounds.C11R5D198.step_n7._native.native_decide.ax_1_6,
 ShannonBounds.C11R5D198.step_n7._native.native_decide.ax_1_7,
 ShannonBounds.C11R5D198.step_n8._native.native_decide.ax_1_1,
 ShannonBounds.C11R5D198.step_n8._native.native_decide.ax_1_2,
 ShannonBounds.C11R5D198.step_n8._native.native_decide.ax_1_3,
 ShannonBounds.C11R5D198.step_n8._native.native_decide.ax_1_4,
 ShannonBounds.C11R5D198.step_n8._native.native_decide.ax_1_5,
 ShannonBounds.C11R5D198.step_n8._native.native_decide.ax_1_6,
 ShannonBounds.C11R5D198.step_n8._native.native_decide.ax_1_7,
 ShannonBounds.C11R5D198.step_n9._native.native_decide.ax_1_1,
 ShannonBounds.C11R5D198.step_n9._native.native_decide.ax_1_2,
 ShannonBounds.C11R5D198.step_n9._native.native_decide.ax_1_3,
 ShannonBounds.C11R5D198.step_n9._native.native_decide.ax_1_4,
 ShannonBounds.C11R5D198.step_n9._native.native_decide.ax_1_5,
 ShannonBounds.C11R5D198.step_n9._native.native_decide.ax_1_6,
 ShannonBounds.C11R5D198.step_n9._native.native_decide.ax_1_7,
 ShannonBounds.C11R5D198.terminal_value._native.native_decide.ax_1_1,
 ShannonBounds.C11R5Tables.S_0058d965adce02f4._native.native_decide.ax_1,
 ShannonBounds.C11R5Tables.S_0058d965adce02f4._native.native_decide.ax_2,
 ShannonBounds.C11R5Tables.S_04339297651c9c49._native.native_decide.ax_1,
 ShannonBounds.C11R5Tables.S_04339297651c9c49._native.native_decide.ax_2,
 ShannonBounds.C11R5Tables.S_18277b0c484b4c41._native.native_decide.ax_1,
 ShannonBounds.C11R5Tables.S_18277b0c484b4c41._native.native_decide.ax_2,
 ShannonBounds.C11R5Tables.S_313b085cba4d0ce6._native.native_decide.ax_1,
 ShannonBounds.C11R5Tables.S_31d500a381a04d9a._native.native_decide.ax_1,
 ShannonBounds.C11R5Tables.S_31d500a381a04d9a._native.native_decide.ax_2,
 ShannonBounds.C11R5Tables.S_36518f191584a644._native.native_decide.ax_1,
 ShannonBounds.C11R5Tables.S_36518f191584a644._native.native_decide.ax_2,
 ShannonBounds.C11R5Tables.S_3b145410351af05c._native.native_decide.ax_1,
 ShannonBounds.C11R5Tables.S_3b145410351af05c._native.native_decide.ax_2,
 ShannonBounds.C11R5Tables.S_3daf90758a80fbb9._native.native_decide.ax_1,
 ShannonBounds.C11R5Tables.S_3daf90758a80fbb9._native.native_decide.ax_2,
 ShannonBounds.C11R5Tables.S_3e8694d6a5bfe173._native.native_decide.ax_1,
 ShannonBounds.C11R5Tables.S_3e8694d6a5bfe173._native.native_decide.ax_2,
 ShannonBounds.C11R5Tables.S_59b3ea5954777333._native.native_decide.ax_1,
 ShannonBounds.C11R5Tables.S_59b3ea5954777333._native.native_decide.ax_2,
 ShannonBounds.C11R5Tables.S_6356700cb05251b5._native.native_decide.ax_1,
 ShannonBounds.C11R5Tables.S_6356700cb05251b5._native.native_decide.ax_2,
 ShannonBounds.C11R5Tables.S_660b0244997e1b9c._native.native_decide.ax_1,
 ShannonBounds.C11R5Tables.S_660b0244997e1b9c._native.native_decide.ax_2,
 ShannonBounds.C11R5Tables.S_6859b0ec25991d42._native.native_decide.ax_1,
 ShannonBounds.C11R5Tables.S_6859b0ec25991d42._native.native_decide.ax_2,
 ShannonBounds.C11R5Tables.S_7b6c163f0dc4b608._native.native_decide.ax_1,
 ShannonBounds.C11R5Tables.S_7b6c163f0dc4b608._native.native_decide.ax_2,
 ShannonBounds.C11R5Tables.S_a41106e52a48b9a6._native.native_decide.ax_1,
 ShannonBounds.C11R5Tables.S_a41106e52a48b9a6._native.native_decide.ax_2,
 ShannonBounds.C11R5Tables.S_b014d29111062762._native.native_decide.ax_1,
 ShannonBounds.C11R5Tables.S_b014d29111062762._native.native_decide.ax_2,
 ShannonBounds.C11R5Tables.S_cd41b86686c50a10._native.native_decide.ax_1,
 ShannonBounds.C11R5Tables.S_cd41b86686c50a10._native.native_decide.ax_2,
 ShannonBounds.C11R5Tables.S_e620baced0654ce9._native.native_decide.ax_1,
 ShannonBounds.C11R5Tables.S_e620baced0654ce9._native.native_decide.ax_2,
 ShannonBounds.C11R5Tables.S_e788020168e26abb._native.native_decide.ax_1,
 ShannonBounds.C11R5Tables.S_e788020168e26abb._native.native_decide.ax_2,
 ShannonBounds.C11R5Tables.S_e9ef2871c79d62be._native.native_decide.ax_1,
 ShannonBounds.C11R5Tables.S_e9ef2871c79d62be._native.native_decide.ax_2]
'ShannonBounds.C11R5D198.card_code' depends on axioms: [propext,
 Classical.choice.{u},
 Quot.sound.{u},
 ShannonBounds.BaseC11.IlenCheck._native.native_decide.ax_1_1,
 ShannonBounds.BaseC11.Iset._native.native_decide.ax_1,
 ShannonBounds.BaseC11.XcFalseLenCheck._native.native_decide.ax_1_1,
 ShannonBounds.BaseC11.XcTrueLenCheck._native.native_decide.ax_1_1,
 ShannonBounds.BaseC11.XlenCheck._native.native_decide.ax_1_1,
 ShannonBounds.BaseC11.Xset._native.native_decide.ax_1,
 ShannonBounds.BaseC11.altInjCheck._native.native_decide.ax_1_1,
 ShannonBounds.BaseC11.altNotCheck._native.native_decide.ax_1_1,
 ShannonBounds.BaseC11.epParentCheck._native.native_decide.ax_1_1,
 ShannonBounds.BaseC11.pFalseCheck._native.native_decide.ax_1_1,
 ShannonBounds.BaseC11.pTrueCheck._native.native_decide.ax_1_1,
 ShannonBounds.BaseC11.pairConflict._native.native_decide.ax_1_1,
 ShannonBounds.BaseC11.pairwiseOK_I._native.native_decide.ax_1_1,
 ShannonBounds.BaseC11.pairwiseOK_X._native.native_decide.ax_1_1,
 ShannonBounds.BaseC11.portsCheck._native.native_decide.ax_1_1,
 ShannonBounds.BaseC11.portsLenCheck._native.native_decide.ax_1_1,
 ShannonBounds.BaseC11.portsSet._native.native_decide.ax_1,
 ShannonBounds.BaseC11.privCheck._native.native_decide.ax_1_1,
 ShannonBounds.BaseC11.sconf_iff_conflict._native.native_decide.ax_1_1,
 ShannonBounds.BaseC11.sconf_refl._native.native_decide.ax_1_1,
 ShannonBounds.BaseC11.sconf_symm._native.native_decide.ax_1_1,
 ShannonBounds.BaseC11.sepCheck._native.native_decide.ax_1_1,
 ShannonBounds.C11R5D198.step_n1._native.native_decide.ax_1_1,
 ShannonBounds.C11R5D198.step_n1._native.native_decide.ax_1_2,
 ShannonBounds.C11R5D198.step_n1._native.native_decide.ax_1_3,
 ShannonBounds.C11R5D198.step_n1._native.native_decide.ax_1_4,
 ShannonBounds.C11R5D198.step_n1._native.native_decide.ax_1_5,
 ShannonBounds.C11R5D198.step_n1._native.native_decide.ax_1_6,
 ShannonBounds.C11R5D198.step_n1._native.native_decide.ax_1_7,
 ShannonBounds.C11R5D198.step_n10._native.native_decide.ax_1_1,
 ShannonBounds.C11R5D198.step_n10._native.native_decide.ax_1_2,
 ShannonBounds.C11R5D198.step_n10._native.native_decide.ax_1_3,
 ShannonBounds.C11R5D198.step_n10._native.native_decide.ax_1_4,
 ShannonBounds.C11R5D198.step_n10._native.native_decide.ax_1_5,
 ShannonBounds.C11R5D198.step_n10._native.native_decide.ax_1_6,
 ShannonBounds.C11R5D198.step_n10._native.native_decide.ax_1_7,
 ShannonBounds.C11R5D198.step_n11._native.native_decide.ax_1_1,
 ShannonBounds.C11R5D198.step_n11._native.native_decide.ax_1_2,
 ShannonBounds.C11R5D198.step_n11._native.native_decide.ax_1_3,
 ShannonBounds.C11R5D198.step_n11._native.native_decide.ax_1_4,
 ShannonBounds.C11R5D198.step_n11._native.native_decide.ax_1_5,
 ShannonBounds.C11R5D198.step_n11._native.native_decide.ax_1_6,
 ShannonBounds.C11R5D198.step_n11._native.native_decide.ax_1_7,
 ShannonBounds.C11R5D198.step_n12._native.native_decide.ax_1_1,
 ShannonBounds.C11R5D198.step_n12._native.native_decide.ax_1_2,
 ShannonBounds.C11R5D198.step_n12._native.native_decide.ax_1_3,
 ShannonBounds.C11R5D198.step_n12._native.native_decide.ax_1_4,
 ShannonBounds.C11R5D198.step_n12._native.native_decide.ax_1_5,
 ShannonBounds.C11R5D198.step_n12._native.native_decide.ax_1_6,
 ShannonBounds.C11R5D198.step_n12._native.native_decide.ax_1_7,
 ShannonBounds.C11R5D198.step_n13._native.native_decide.ax_1_1,
 ShannonBounds.C11R5D198.step_n13._native.native_decide.ax_1_2,
 ShannonBounds.C11R5D198.step_n13._native.native_decide.ax_1_3,
 ShannonBounds.C11R5D198.step_n13._native.native_decide.ax_1_4,
 ShannonBounds.C11R5D198.step_n13._native.native_decide.ax_1_5,
 ShannonBounds.C11R5D198.step_n13._native.native_decide.ax_1_6,
 ShannonBounds.C11R5D198.step_n13._native.native_decide.ax_1_7,
 ShannonBounds.C11R5D198.step_n14._native.native_decide.ax_1_1,
 ShannonBounds.C11R5D198.step_n14._native.native_decide.ax_1_2,
 ShannonBounds.C11R5D198.step_n14._native.native_decide.ax_1_3,
 ShannonBounds.C11R5D198.step_n14._native.native_decide.ax_1_4,
 ShannonBounds.C11R5D198.step_n14._native.native_decide.ax_1_5,
 ShannonBounds.C11R5D198.step_n14._native.native_decide.ax_1_6,
 ShannonBounds.C11R5D198.step_n14._native.native_decide.ax_1_7,
 ShannonBounds.C11R5D198.step_n15._native.native_decide.ax_1_1,
 ShannonBounds.C11R5D198.step_n15._native.native_decide.ax_1_2,
 ShannonBounds.C11R5D198.step_n15._native.native_decide.ax_1_3,
 ShannonBounds.C11R5D198.step_n15._native.native_decide.ax_1_4,
 ShannonBounds.C11R5D198.step_n15._native.native_decide.ax_1_5,
 ShannonBounds.C11R5D198.step_n15._native.native_decide.ax_1_6,
 ShannonBounds.C11R5D198.step_n15._native.native_decide.ax_1_7,
 ShannonBounds.C11R5D198.step_n16._native.native_decide.ax_1_1,
 ShannonBounds.C11R5D198.step_n16._native.native_decide.ax_1_2,
 ShannonBounds.C11R5D198.step_n16._native.native_decide.ax_1_3,
 ShannonBounds.C11R5D198.step_n16._native.native_decide.ax_1_4,
 ShannonBounds.C11R5D198.step_n16._native.native_decide.ax_1_5,
 ShannonBounds.C11R5D198.step_n16._native.native_decide.ax_1_6,
 ShannonBounds.C11R5D198.step_n16._native.native_decide.ax_1_7,
 ShannonBounds.C11R5D198.step_n17._native.native_decide.ax_1_1,
 ShannonBounds.C11R5D198.step_n17._native.native_decide.ax_1_2,
 ShannonBounds.C11R5D198.step_n17._native.native_decide.ax_1_3,
 ShannonBounds.C11R5D198.step_n17._native.native_decide.ax_1_4,
 ShannonBounds.C11R5D198.step_n17._native.native_decide.ax_1_5,
 ShannonBounds.C11R5D198.step_n17._native.native_decide.ax_1_6,
 ShannonBounds.C11R5D198.step_n17._native.native_decide.ax_1_7,
 ShannonBounds.C11R5D198.step_n18._native.native_decide.ax_1_1,
 ShannonBounds.C11R5D198.step_n18._native.native_decide.ax_1_2,
 ShannonBounds.C11R5D198.step_n18._native.native_decide.ax_1_3,
 ShannonBounds.C11R5D198.step_n18._native.native_decide.ax_1_4,
 ShannonBounds.C11R5D198.step_n18._native.native_decide.ax_1_5,
 ShannonBounds.C11R5D198.step_n18._native.native_decide.ax_1_6,
 ShannonBounds.C11R5D198.step_n18._native.native_decide.ax_1_7,
 ShannonBounds.C11R5D198.step_n19._native.native_decide.ax_1_1,
 ShannonBounds.C11R5D198.step_n19._native.native_decide.ax_1_2,
 ShannonBounds.C11R5D198.step_n19._native.native_decide.ax_1_3,
 ShannonBounds.C11R5D198.step_n19._native.native_decide.ax_1_4,
 ShannonBounds.C11R5D198.step_n19._native.native_decide.ax_1_5,
 ShannonBounds.C11R5D198.step_n19._native.native_decide.ax_1_6,
 ShannonBounds.C11R5D198.step_n19._native.native_decide.ax_1_7,
 ShannonBounds.C11R5D198.step_n2._native.native_decide.ax_1_1,
 ShannonBounds.C11R5D198.step_n2._native.native_decide.ax_1_2,
 ShannonBounds.C11R5D198.step_n2._native.native_decide.ax_1_3,
 ShannonBounds.C11R5D198.step_n2._native.native_decide.ax_1_4,
 ShannonBounds.C11R5D198.step_n2._native.native_decide.ax_1_5,
 ShannonBounds.C11R5D198.step_n2._native.native_decide.ax_1_6,
 ShannonBounds.C11R5D198.step_n2._native.native_decide.ax_1_7,
 ShannonBounds.C11R5D198.step_n20._native.native_decide.ax_1_1,
 ShannonBounds.C11R5D198.step_n20._native.native_decide.ax_1_2,
 ShannonBounds.C11R5D198.step_n20._native.native_decide.ax_1_3,
 ShannonBounds.C11R5D198.step_n20._native.native_decide.ax_1_4,
 ShannonBounds.C11R5D198.step_n20._native.native_decide.ax_1_5,
 ShannonBounds.C11R5D198.step_n20._native.native_decide.ax_1_6,
 ShannonBounds.C11R5D198.step_n20._native.native_decide.ax_1_7,
 ShannonBounds.C11R5D198.step_n21._native.native_decide.ax_1_1,
 ShannonBounds.C11R5D198.step_n21._native.native_decide.ax_1_2,
 ShannonBounds.C11R5D198.step_n21._native.native_decide.ax_1_3,
 ShannonBounds.C11R5D198.step_n21._native.native_decide.ax_1_4,
 ShannonBounds.C11R5D198.step_n21._native.native_decide.ax_1_5,
 ShannonBounds.C11R5D198.step_n21._native.native_decide.ax_1_6,
 ShannonBounds.C11R5D198.step_n21._native.native_decide.ax_1_7,
 ShannonBounds.C11R5D198.step_n22._native.native_decide.ax_1_1,
 ShannonBounds.C11R5D198.step_n22._native.native_decide.ax_1_2,
 ShannonBounds.C11R5D198.step_n22._native.native_decide.ax_1_3,
 ShannonBounds.C11R5D198.step_n22._native.native_decide.ax_1_4,
 ShannonBounds.C11R5D198.step_n22._native.native_decide.ax_1_5,
 ShannonBounds.C11R5D198.step_n22._native.native_decide.ax_1_6,
 ShannonBounds.C11R5D198.step_n22._native.native_decide.ax_1_7,
 ShannonBounds.C11R5D198.step_n23._native.native_decide.ax_1_1,
 ShannonBounds.C11R5D198.step_n23._native.native_decide.ax_1_2,
 ShannonBounds.C11R5D198.step_n23._native.native_decide.ax_1_3,
 ShannonBounds.C11R5D198.step_n23._native.native_decide.ax_1_4,
 ShannonBounds.C11R5D198.step_n23._native.native_decide.ax_1_5,
 ShannonBounds.C11R5D198.step_n23._native.native_decide.ax_1_6,
 ShannonBounds.C11R5D198.step_n23._native.native_decide.ax_1_7,
 ShannonBounds.C11R5D198.step_n24._native.native_decide.ax_1_1,
 ShannonBounds.C11R5D198.step_n24._native.native_decide.ax_1_2,
 ShannonBounds.C11R5D198.step_n24._native.native_decide.ax_1_3,
 ShannonBounds.C11R5D198.step_n24._native.native_decide.ax_1_4,
 ShannonBounds.C11R5D198.step_n24._native.native_decide.ax_1_5,
 ShannonBounds.C11R5D198.step_n24._native.native_decide.ax_1_6,
 ShannonBounds.C11R5D198.step_n24._native.native_decide.ax_1_7,
 ShannonBounds.C11R5D198.step_n25._native.native_decide.ax_1_1,
 ShannonBounds.C11R5D198.step_n25._native.native_decide.ax_1_2,
 ShannonBounds.C11R5D198.step_n25._native.native_decide.ax_1_3,
 ShannonBounds.C11R5D198.step_n25._native.native_decide.ax_1_4,
 ShannonBounds.C11R5D198.step_n25._native.native_decide.ax_1_5,
 ShannonBounds.C11R5D198.step_n25._native.native_decide.ax_1_6,
 ShannonBounds.C11R5D198.step_n25._native.native_decide.ax_1_7,
 ShannonBounds.C11R5D198.step_n26._native.native_decide.ax_1_1,
 ShannonBounds.C11R5D198.step_n26._native.native_decide.ax_1_2,
 ShannonBounds.C11R5D198.step_n26._native.native_decide.ax_1_3,
 ShannonBounds.C11R5D198.step_n26._native.native_decide.ax_1_4,
 ShannonBounds.C11R5D198.step_n26._native.native_decide.ax_1_5,
 ShannonBounds.C11R5D198.step_n26._native.native_decide.ax_1_6,
 ShannonBounds.C11R5D198.step_n26._native.native_decide.ax_1_7,
 ShannonBounds.C11R5D198.step_n27._native.native_decide.ax_1_1,
 ShannonBounds.C11R5D198.step_n27._native.native_decide.ax_1_2,
 ShannonBounds.C11R5D198.step_n27._native.native_decide.ax_1_3,
 ShannonBounds.C11R5D198.step_n27._native.native_decide.ax_1_4,
 ShannonBounds.C11R5D198.step_n27._native.native_decide.ax_1_5,
 ShannonBounds.C11R5D198.step_n27._native.native_decide.ax_1_6,
 ShannonBounds.C11R5D198.step_n27._native.native_decide.ax_1_7,
 ShannonBounds.C11R5D198.step_n28._native.native_decide.ax_1_1,
 ShannonBounds.C11R5D198.step_n28._native.native_decide.ax_1_2,
 ShannonBounds.C11R5D198.step_n28._native.native_decide.ax_1_3,
 ShannonBounds.C11R5D198.step_n28._native.native_decide.ax_1_4,
 ShannonBounds.C11R5D198.step_n28._native.native_decide.ax_1_5,
 ShannonBounds.C11R5D198.step_n28._native.native_decide.ax_1_6,
 ShannonBounds.C11R5D198.step_n28._native.native_decide.ax_1_7,
 ShannonBounds.C11R5D198.step_n29._native.native_decide.ax_1_1,
 ShannonBounds.C11R5D198.step_n29._native.native_decide.ax_1_2,
 ShannonBounds.C11R5D198.step_n29._native.native_decide.ax_1_3,
 ShannonBounds.C11R5D198.step_n29._native.native_decide.ax_1_4,
 ShannonBounds.C11R5D198.step_n29._native.native_decide.ax_1_5,
 ShannonBounds.C11R5D198.step_n29._native.native_decide.ax_1_6,
 ShannonBounds.C11R5D198.step_n29._native.native_decide.ax_1_7,
 ShannonBounds.C11R5D198.step_n3._native.native_decide.ax_1_1,
 ShannonBounds.C11R5D198.step_n3._native.native_decide.ax_1_2,
 ShannonBounds.C11R5D198.step_n3._native.native_decide.ax_1_3,
 ShannonBounds.C11R5D198.step_n3._native.native_decide.ax_1_4,
 ShannonBounds.C11R5D198.step_n3._native.native_decide.ax_1_5,
 ShannonBounds.C11R5D198.step_n3._native.native_decide.ax_1_6,
 ShannonBounds.C11R5D198.step_n3._native.native_decide.ax_1_7,
 ShannonBounds.C11R5D198.step_n4._native.native_decide.ax_1_1,
 ShannonBounds.C11R5D198.step_n4._native.native_decide.ax_1_2,
 ShannonBounds.C11R5D198.step_n4._native.native_decide.ax_1_3,
 ShannonBounds.C11R5D198.step_n4._native.native_decide.ax_1_4,
 ShannonBounds.C11R5D198.step_n4._native.native_decide.ax_1_5,
 ShannonBounds.C11R5D198.step_n4._native.native_decide.ax_1_6,
 ShannonBounds.C11R5D198.step_n4._native.native_decide.ax_1_7,
 ShannonBounds.C11R5D198.step_n5._native.native_decide.ax_1_1,
 ShannonBounds.C11R5D198.step_n5._native.native_decide.ax_1_2,
 ShannonBounds.C11R5D198.step_n5._native.native_decide.ax_1_3,
 ShannonBounds.C11R5D198.step_n5._native.native_decide.ax_1_4,
 ShannonBounds.C11R5D198.step_n5._native.native_decide.ax_1_5,
 ShannonBounds.C11R5D198.step_n5._native.native_decide.ax_1_6,
 ShannonBounds.C11R5D198.step_n5._native.native_decide.ax_1_7,
 ShannonBounds.C11R5D198.step_n6._native.native_decide.ax_1_1,
 ShannonBounds.C11R5D198.step_n6._native.native_decide.ax_1_2,
 ShannonBounds.C11R5D198.step_n6._native.native_decide.ax_1_3,
 ShannonBounds.C11R5D198.step_n6._native.native_decide.ax_1_4,
 ShannonBounds.C11R5D198.step_n6._native.native_decide.ax_1_5,
 ShannonBounds.C11R5D198.step_n6._native.native_decide.ax_1_6,
 ShannonBounds.C11R5D198.step_n6._native.native_decide.ax_1_7,
 ShannonBounds.C11R5D198.step_n7._native.native_decide.ax_1_1,
 ShannonBounds.C11R5D198.step_n7._native.native_decide.ax_1_2,
 ShannonBounds.C11R5D198.step_n7._native.native_decide.ax_1_3,
 ShannonBounds.C11R5D198.step_n7._native.native_decide.ax_1_4,
 ShannonBounds.C11R5D198.step_n7._native.native_decide.ax_1_5,
 ShannonBounds.C11R5D198.step_n7._native.native_decide.ax_1_6,
 ShannonBounds.C11R5D198.step_n7._native.native_decide.ax_1_7,
 ShannonBounds.C11R5D198.step_n8._native.native_decide.ax_1_1,
 ShannonBounds.C11R5D198.step_n8._native.native_decide.ax_1_2,
 ShannonBounds.C11R5D198.step_n8._native.native_decide.ax_1_3,
 ShannonBounds.C11R5D198.step_n8._native.native_decide.ax_1_4,
 ShannonBounds.C11R5D198.step_n8._native.native_decide.ax_1_5,
 ShannonBounds.C11R5D198.step_n8._native.native_decide.ax_1_6,
 ShannonBounds.C11R5D198.step_n8._native.native_decide.ax_1_7,
 ShannonBounds.C11R5D198.step_n9._native.native_decide.ax_1_1,
 ShannonBounds.C11R5D198.step_n9._native.native_decide.ax_1_2,
 ShannonBounds.C11R5D198.step_n9._native.native_decide.ax_1_3,
 ShannonBounds.C11R5D198.step_n9._native.native_decide.ax_1_4,
 ShannonBounds.C11R5D198.step_n9._native.native_decide.ax_1_5,
 ShannonBounds.C11R5D198.step_n9._native.native_decide.ax_1_6,
 ShannonBounds.C11R5D198.step_n9._native.native_decide.ax_1_7,
 ShannonBounds.C11R5D198.terminal_value._native.native_decide.ax_1_1,
 ShannonBounds.C11R5Tables.S_0058d965adce02f4._native.native_decide.ax_1,
 ShannonBounds.C11R5Tables.S_0058d965adce02f4._native.native_decide.ax_2,
 ShannonBounds.C11R5Tables.S_04339297651c9c49._native.native_decide.ax_1,
 ShannonBounds.C11R5Tables.S_04339297651c9c49._native.native_decide.ax_2,
 ShannonBounds.C11R5Tables.S_18277b0c484b4c41._native.native_decide.ax_1,
 ShannonBounds.C11R5Tables.S_18277b0c484b4c41._native.native_decide.ax_2,
 ShannonBounds.C11R5Tables.S_313b085cba4d0ce6._native.native_decide.ax_1,
 ShannonBounds.C11R5Tables.S_31d500a381a04d9a._native.native_decide.ax_1,
 ShannonBounds.C11R5Tables.S_31d500a381a04d9a._native.native_decide.ax_2,
 ShannonBounds.C11R5Tables.S_36518f191584a644._native.native_decide.ax_1,
 ShannonBounds.C11R5Tables.S_36518f191584a644._native.native_decide.ax_2,
 ShannonBounds.C11R5Tables.S_3b145410351af05c._native.native_decide.ax_1,
 ShannonBounds.C11R5Tables.S_3b145410351af05c._native.native_decide.ax_2,
 ShannonBounds.C11R5Tables.S_3daf90758a80fbb9._native.native_decide.ax_1,
 ShannonBounds.C11R5Tables.S_3daf90758a80fbb9._native.native_decide.ax_2,
 ShannonBounds.C11R5Tables.S_3e8694d6a5bfe173._native.native_decide.ax_1,
 ShannonBounds.C11R5Tables.S_3e8694d6a5bfe173._native.native_decide.ax_2,
 ShannonBounds.C11R5Tables.S_59b3ea5954777333._native.native_decide.ax_1,
 ShannonBounds.C11R5Tables.S_59b3ea5954777333._native.native_decide.ax_2,
 ShannonBounds.C11R5Tables.S_6356700cb05251b5._native.native_decide.ax_1,
 ShannonBounds.C11R5Tables.S_6356700cb05251b5._native.native_decide.ax_2,
 ShannonBounds.C11R5Tables.S_660b0244997e1b9c._native.native_decide.ax_1,
 ShannonBounds.C11R5Tables.S_660b0244997e1b9c._native.native_decide.ax_2,
 ShannonBounds.C11R5Tables.S_6859b0ec25991d42._native.native_decide.ax_1,
 ShannonBounds.C11R5Tables.S_6859b0ec25991d42._native.native_decide.ax_2,
 ShannonBounds.C11R5Tables.S_7b6c163f0dc4b608._native.native_decide.ax_1,
 ShannonBounds.C11R5Tables.S_7b6c163f0dc4b608._native.native_decide.ax_2,
 ShannonBounds.C11R5Tables.S_a41106e52a48b9a6._native.native_decide.ax_1,
 ShannonBounds.C11R5Tables.S_a41106e52a48b9a6._native.native_decide.ax_2,
 ShannonBounds.C11R5Tables.S_b014d29111062762._native.native_decide.ax_1,
 ShannonBounds.C11R5Tables.S_b014d29111062762._native.native_decide.ax_2,
 ShannonBounds.C11R5Tables.S_cd41b86686c50a10._native.native_decide.ax_1,
 ShannonBounds.C11R5Tables.S_cd41b86686c50a10._native.native_decide.ax_2,
 ShannonBounds.C11R5Tables.S_e620baced0654ce9._native.native_decide.ax_1,
 ShannonBounds.C11R5Tables.S_e620baced0654ce9._native.native_decide.ax_2,
 ShannonBounds.C11R5Tables.S_e788020168e26abb._native.native_decide.ax_1,
 ShannonBounds.C11R5Tables.S_e788020168e26abb._native.native_decide.ax_2,
 ShannonBounds.C11R5Tables.S_e9ef2871c79d62be._native.native_decide.ax_1,
 ShannonBounds.C11R5Tables.S_e9ef2871c79d62be._native.native_decide.ax_2]
'ShannonBounds.C11R5D198.independent_code' depends on axioms: [propext,
 Classical.choice.{u},
 Quot.sound.{u},
 ShannonBounds.BaseC11.Iset._native.native_decide.ax_1,
 ShannonBounds.BaseC11.Xset._native.native_decide.ax_1,
 ShannonBounds.BaseC11.altInjCheck._native.native_decide.ax_1_1,
 ShannonBounds.BaseC11.altNotCheck._native.native_decide.ax_1_1,
 ShannonBounds.BaseC11.epParentCheck._native.native_decide.ax_1_1,
 ShannonBounds.BaseC11.pFalseCheck._native.native_decide.ax_1_1,
 ShannonBounds.BaseC11.pTrueCheck._native.native_decide.ax_1_1,
 ShannonBounds.BaseC11.pairConflict._native.native_decide.ax_1_1,
 ShannonBounds.BaseC11.pairwiseOK_I._native.native_decide.ax_1_1,
 ShannonBounds.BaseC11.pairwiseOK_X._native.native_decide.ax_1_1,
 ShannonBounds.BaseC11.portsCheck._native.native_decide.ax_1_1,
 ShannonBounds.BaseC11.portsSet._native.native_decide.ax_1,
 ShannonBounds.BaseC11.privCheck._native.native_decide.ax_1_1,
 ShannonBounds.BaseC11.sconf_iff_conflict._native.native_decide.ax_1_1,
 ShannonBounds.BaseC11.sconf_refl._native.native_decide.ax_1_1,
 ShannonBounds.BaseC11.sconf_symm._native.native_decide.ax_1_1,
 ShannonBounds.BaseC11.sepCheck._native.native_decide.ax_1_1,
 ShannonBounds.C11R5Tables.S_0058d965adce02f4._native.native_decide.ax_1,
 ShannonBounds.C11R5Tables.S_0058d965adce02f4._native.native_decide.ax_2,
 ShannonBounds.C11R5Tables.S_04339297651c9c49._native.native_decide.ax_1,
 ShannonBounds.C11R5Tables.S_04339297651c9c49._native.native_decide.ax_2,
 ShannonBounds.C11R5Tables.S_18277b0c484b4c41._native.native_decide.ax_1,
 ShannonBounds.C11R5Tables.S_18277b0c484b4c41._native.native_decide.ax_2,
 ShannonBounds.C11R5Tables.S_313b085cba4d0ce6._native.native_decide.ax_1,
 ShannonBounds.C11R5Tables.S_31d500a381a04d9a._native.native_decide.ax_1,
 ShannonBounds.C11R5Tables.S_31d500a381a04d9a._native.native_decide.ax_2,
 ShannonBounds.C11R5Tables.S_36518f191584a644._native.native_decide.ax_1,
 ShannonBounds.C11R5Tables.S_36518f191584a644._native.native_decide.ax_2,
 ShannonBounds.C11R5Tables.S_3b145410351af05c._native.native_decide.ax_1,
 ShannonBounds.C11R5Tables.S_3b145410351af05c._native.native_decide.ax_2,
 ShannonBounds.C11R5Tables.S_3daf90758a80fbb9._native.native_decide.ax_1,
 ShannonBounds.C11R5Tables.S_3daf90758a80fbb9._native.native_decide.ax_2,
 ShannonBounds.C11R5Tables.S_3e8694d6a5bfe173._native.native_decide.ax_1,
 ShannonBounds.C11R5Tables.S_3e8694d6a5bfe173._native.native_decide.ax_2,
 ShannonBounds.C11R5Tables.S_59b3ea5954777333._native.native_decide.ax_1,
 ShannonBounds.C11R5Tables.S_59b3ea5954777333._native.native_decide.ax_2,
 ShannonBounds.C11R5Tables.S_6356700cb05251b5._native.native_decide.ax_1,
 ShannonBounds.C11R5Tables.S_6356700cb05251b5._native.native_decide.ax_2,
 ShannonBounds.C11R5Tables.S_660b0244997e1b9c._native.native_decide.ax_1,
 ShannonBounds.C11R5Tables.S_660b0244997e1b9c._native.native_decide.ax_2,
 ShannonBounds.C11R5Tables.S_6859b0ec25991d42._native.native_decide.ax_1,
 ShannonBounds.C11R5Tables.S_6859b0ec25991d42._native.native_decide.ax_2,
 ShannonBounds.C11R5Tables.S_7b6c163f0dc4b608._native.native_decide.ax_1,
 ShannonBounds.C11R5Tables.S_7b6c163f0dc4b608._native.native_decide.ax_2,
 ShannonBounds.C11R5Tables.S_a41106e52a48b9a6._native.native_decide.ax_1,
 ShannonBounds.C11R5Tables.S_a41106e52a48b9a6._native.native_decide.ax_2,
 ShannonBounds.C11R5Tables.S_b014d29111062762._native.native_decide.ax_1,
 ShannonBounds.C11R5Tables.S_b014d29111062762._native.native_decide.ax_2,
 ShannonBounds.C11R5Tables.S_cd41b86686c50a10._native.native_decide.ax_1,
 ShannonBounds.C11R5Tables.S_cd41b86686c50a10._native.native_decide.ax_2,
 ShannonBounds.C11R5Tables.S_e620baced0654ce9._native.native_decide.ax_1,
 ShannonBounds.C11R5Tables.S_e620baced0654ce9._native.native_decide.ax_2,
 ShannonBounds.C11R5Tables.S_e788020168e26abb._native.native_decide.ax_1,
 ShannonBounds.C11R5Tables.S_e788020168e26abb._native.native_decide.ax_2,
 ShannonBounds.C11R5Tables.S_e9ef2871c79d62be._native.native_decide.ax_1,
 ShannonBounds.C11R5Tables.S_e9ef2871c79d62be._native.native_decide.ax_2]
'ShannonBounds.C11R5D198.exists_code' depends on axioms: [propext,
 Classical.choice.{u},
 Quot.sound.{u},
 ShannonBounds.BaseC11.IlenCheck._native.native_decide.ax_1_1,
 ShannonBounds.BaseC11.Iset._native.native_decide.ax_1,
 ShannonBounds.BaseC11.XcFalseLenCheck._native.native_decide.ax_1_1,
 ShannonBounds.BaseC11.XcTrueLenCheck._native.native_decide.ax_1_1,
 ShannonBounds.BaseC11.XlenCheck._native.native_decide.ax_1_1,
 ShannonBounds.BaseC11.Xset._native.native_decide.ax_1,
 ShannonBounds.BaseC11.altInjCheck._native.native_decide.ax_1_1,
 ShannonBounds.BaseC11.altNotCheck._native.native_decide.ax_1_1,
 ShannonBounds.BaseC11.epParentCheck._native.native_decide.ax_1_1,
 ShannonBounds.BaseC11.pFalseCheck._native.native_decide.ax_1_1,
 ShannonBounds.BaseC11.pTrueCheck._native.native_decide.ax_1_1,
 ShannonBounds.BaseC11.pairConflict._native.native_decide.ax_1_1,
 ShannonBounds.BaseC11.pairwiseOK_I._native.native_decide.ax_1_1,
 ShannonBounds.BaseC11.pairwiseOK_X._native.native_decide.ax_1_1,
 ShannonBounds.BaseC11.portsCheck._native.native_decide.ax_1_1,
 ShannonBounds.BaseC11.portsLenCheck._native.native_decide.ax_1_1,
 ShannonBounds.BaseC11.portsSet._native.native_decide.ax_1,
 ShannonBounds.BaseC11.privCheck._native.native_decide.ax_1_1,
 ShannonBounds.BaseC11.sconf_iff_conflict._native.native_decide.ax_1_1,
 ShannonBounds.BaseC11.sconf_refl._native.native_decide.ax_1_1,
 ShannonBounds.BaseC11.sconf_symm._native.native_decide.ax_1_1,
 ShannonBounds.BaseC11.sepCheck._native.native_decide.ax_1_1,
 ShannonBounds.C11R5D198.step_n1._native.native_decide.ax_1_1,
 ShannonBounds.C11R5D198.step_n1._native.native_decide.ax_1_2,
 ShannonBounds.C11R5D198.step_n1._native.native_decide.ax_1_3,
 ShannonBounds.C11R5D198.step_n1._native.native_decide.ax_1_4,
 ShannonBounds.C11R5D198.step_n1._native.native_decide.ax_1_5,
 ShannonBounds.C11R5D198.step_n1._native.native_decide.ax_1_6,
 ShannonBounds.C11R5D198.step_n1._native.native_decide.ax_1_7,
 ShannonBounds.C11R5D198.step_n10._native.native_decide.ax_1_1,
 ShannonBounds.C11R5D198.step_n10._native.native_decide.ax_1_2,
 ShannonBounds.C11R5D198.step_n10._native.native_decide.ax_1_3,
 ShannonBounds.C11R5D198.step_n10._native.native_decide.ax_1_4,
 ShannonBounds.C11R5D198.step_n10._native.native_decide.ax_1_5,
 ShannonBounds.C11R5D198.step_n10._native.native_decide.ax_1_6,
 ShannonBounds.C11R5D198.step_n10._native.native_decide.ax_1_7,
 ShannonBounds.C11R5D198.step_n11._native.native_decide.ax_1_1,
 ShannonBounds.C11R5D198.step_n11._native.native_decide.ax_1_2,
 ShannonBounds.C11R5D198.step_n11._native.native_decide.ax_1_3,
 ShannonBounds.C11R5D198.step_n11._native.native_decide.ax_1_4,
 ShannonBounds.C11R5D198.step_n11._native.native_decide.ax_1_5,
 ShannonBounds.C11R5D198.step_n11._native.native_decide.ax_1_6,
 ShannonBounds.C11R5D198.step_n11._native.native_decide.ax_1_7,
 ShannonBounds.C11R5D198.step_n12._native.native_decide.ax_1_1,
 ShannonBounds.C11R5D198.step_n12._native.native_decide.ax_1_2,
 ShannonBounds.C11R5D198.step_n12._native.native_decide.ax_1_3,
 ShannonBounds.C11R5D198.step_n12._native.native_decide.ax_1_4,
 ShannonBounds.C11R5D198.step_n12._native.native_decide.ax_1_5,
 ShannonBounds.C11R5D198.step_n12._native.native_decide.ax_1_6,
 ShannonBounds.C11R5D198.step_n12._native.native_decide.ax_1_7,
 ShannonBounds.C11R5D198.step_n13._native.native_decide.ax_1_1,
 ShannonBounds.C11R5D198.step_n13._native.native_decide.ax_1_2,
 ShannonBounds.C11R5D198.step_n13._native.native_decide.ax_1_3,
 ShannonBounds.C11R5D198.step_n13._native.native_decide.ax_1_4,
 ShannonBounds.C11R5D198.step_n13._native.native_decide.ax_1_5,
 ShannonBounds.C11R5D198.step_n13._native.native_decide.ax_1_6,
 ShannonBounds.C11R5D198.step_n13._native.native_decide.ax_1_7,
 ShannonBounds.C11R5D198.step_n14._native.native_decide.ax_1_1,
 ShannonBounds.C11R5D198.step_n14._native.native_decide.ax_1_2,
 ShannonBounds.C11R5D198.step_n14._native.native_decide.ax_1_3,
 ShannonBounds.C11R5D198.step_n14._native.native_decide.ax_1_4,
 ShannonBounds.C11R5D198.step_n14._native.native_decide.ax_1_5,
 ShannonBounds.C11R5D198.step_n14._native.native_decide.ax_1_6,
 ShannonBounds.C11R5D198.step_n14._native.native_decide.ax_1_7,
 ShannonBounds.C11R5D198.step_n15._native.native_decide.ax_1_1,
 ShannonBounds.C11R5D198.step_n15._native.native_decide.ax_1_2,
 ShannonBounds.C11R5D198.step_n15._native.native_decide.ax_1_3,
 ShannonBounds.C11R5D198.step_n15._native.native_decide.ax_1_4,
 ShannonBounds.C11R5D198.step_n15._native.native_decide.ax_1_5,
 ShannonBounds.C11R5D198.step_n15._native.native_decide.ax_1_6,
 ShannonBounds.C11R5D198.step_n15._native.native_decide.ax_1_7,
 ShannonBounds.C11R5D198.step_n16._native.native_decide.ax_1_1,
 ShannonBounds.C11R5D198.step_n16._native.native_decide.ax_1_2,
 ShannonBounds.C11R5D198.step_n16._native.native_decide.ax_1_3,
 ShannonBounds.C11R5D198.step_n16._native.native_decide.ax_1_4,
 ShannonBounds.C11R5D198.step_n16._native.native_decide.ax_1_5,
 ShannonBounds.C11R5D198.step_n16._native.native_decide.ax_1_6,
 ShannonBounds.C11R5D198.step_n16._native.native_decide.ax_1_7,
 ShannonBounds.C11R5D198.step_n17._native.native_decide.ax_1_1,
 ShannonBounds.C11R5D198.step_n17._native.native_decide.ax_1_2,
 ShannonBounds.C11R5D198.step_n17._native.native_decide.ax_1_3,
 ShannonBounds.C11R5D198.step_n17._native.native_decide.ax_1_4,
 ShannonBounds.C11R5D198.step_n17._native.native_decide.ax_1_5,
 ShannonBounds.C11R5D198.step_n17._native.native_decide.ax_1_6,
 ShannonBounds.C11R5D198.step_n17._native.native_decide.ax_1_7,
 ShannonBounds.C11R5D198.step_n18._native.native_decide.ax_1_1,
 ShannonBounds.C11R5D198.step_n18._native.native_decide.ax_1_2,
 ShannonBounds.C11R5D198.step_n18._native.native_decide.ax_1_3,
 ShannonBounds.C11R5D198.step_n18._native.native_decide.ax_1_4,
 ShannonBounds.C11R5D198.step_n18._native.native_decide.ax_1_5,
 ShannonBounds.C11R5D198.step_n18._native.native_decide.ax_1_6,
 ShannonBounds.C11R5D198.step_n18._native.native_decide.ax_1_7,
 ShannonBounds.C11R5D198.step_n19._native.native_decide.ax_1_1,
 ShannonBounds.C11R5D198.step_n19._native.native_decide.ax_1_2,
 ShannonBounds.C11R5D198.step_n19._native.native_decide.ax_1_3,
 ShannonBounds.C11R5D198.step_n19._native.native_decide.ax_1_4,
 ShannonBounds.C11R5D198.step_n19._native.native_decide.ax_1_5,
 ShannonBounds.C11R5D198.step_n19._native.native_decide.ax_1_6,
 ShannonBounds.C11R5D198.step_n19._native.native_decide.ax_1_7,
 ShannonBounds.C11R5D198.step_n2._native.native_decide.ax_1_1,
 ShannonBounds.C11R5D198.step_n2._native.native_decide.ax_1_2,
 ShannonBounds.C11R5D198.step_n2._native.native_decide.ax_1_3,
 ShannonBounds.C11R5D198.step_n2._native.native_decide.ax_1_4,
 ShannonBounds.C11R5D198.step_n2._native.native_decide.ax_1_5,
 ShannonBounds.C11R5D198.step_n2._native.native_decide.ax_1_6,
 ShannonBounds.C11R5D198.step_n2._native.native_decide.ax_1_7,
 ShannonBounds.C11R5D198.step_n20._native.native_decide.ax_1_1,
 ShannonBounds.C11R5D198.step_n20._native.native_decide.ax_1_2,
 ShannonBounds.C11R5D198.step_n20._native.native_decide.ax_1_3,
 ShannonBounds.C11R5D198.step_n20._native.native_decide.ax_1_4,
 ShannonBounds.C11R5D198.step_n20._native.native_decide.ax_1_5,
 ShannonBounds.C11R5D198.step_n20._native.native_decide.ax_1_6,
 ShannonBounds.C11R5D198.step_n20._native.native_decide.ax_1_7,
 ShannonBounds.C11R5D198.step_n21._native.native_decide.ax_1_1,
 ShannonBounds.C11R5D198.step_n21._native.native_decide.ax_1_2,
 ShannonBounds.C11R5D198.step_n21._native.native_decide.ax_1_3,
 ShannonBounds.C11R5D198.step_n21._native.native_decide.ax_1_4,
 ShannonBounds.C11R5D198.step_n21._native.native_decide.ax_1_5,
 ShannonBounds.C11R5D198.step_n21._native.native_decide.ax_1_6,
 ShannonBounds.C11R5D198.step_n21._native.native_decide.ax_1_7,
 ShannonBounds.C11R5D198.step_n22._native.native_decide.ax_1_1,
 ShannonBounds.C11R5D198.step_n22._native.native_decide.ax_1_2,
 ShannonBounds.C11R5D198.step_n22._native.native_decide.ax_1_3,
 ShannonBounds.C11R5D198.step_n22._native.native_decide.ax_1_4,
 ShannonBounds.C11R5D198.step_n22._native.native_decide.ax_1_5,
 ShannonBounds.C11R5D198.step_n22._native.native_decide.ax_1_6,
 ShannonBounds.C11R5D198.step_n22._native.native_decide.ax_1_7,
 ShannonBounds.C11R5D198.step_n23._native.native_decide.ax_1_1,
 ShannonBounds.C11R5D198.step_n23._native.native_decide.ax_1_2,
 ShannonBounds.C11R5D198.step_n23._native.native_decide.ax_1_3,
 ShannonBounds.C11R5D198.step_n23._native.native_decide.ax_1_4,
 ShannonBounds.C11R5D198.step_n23._native.native_decide.ax_1_5,
 ShannonBounds.C11R5D198.step_n23._native.native_decide.ax_1_6,
 ShannonBounds.C11R5D198.step_n23._native.native_decide.ax_1_7,
 ShannonBounds.C11R5D198.step_n24._native.native_decide.ax_1_1,
 ShannonBounds.C11R5D198.step_n24._native.native_decide.ax_1_2,
 ShannonBounds.C11R5D198.step_n24._native.native_decide.ax_1_3,
 ShannonBounds.C11R5D198.step_n24._native.native_decide.ax_1_4,
 ShannonBounds.C11R5D198.step_n24._native.native_decide.ax_1_5,
 ShannonBounds.C11R5D198.step_n24._native.native_decide.ax_1_6,
 ShannonBounds.C11R5D198.step_n24._native.native_decide.ax_1_7,
 ShannonBounds.C11R5D198.step_n25._native.native_decide.ax_1_1,
 ShannonBounds.C11R5D198.step_n25._native.native_decide.ax_1_2,
 ShannonBounds.C11R5D198.step_n25._native.native_decide.ax_1_3,
 ShannonBounds.C11R5D198.step_n25._native.native_decide.ax_1_4,
 ShannonBounds.C11R5D198.step_n25._native.native_decide.ax_1_5,
 ShannonBounds.C11R5D198.step_n25._native.native_decide.ax_1_6,
 ShannonBounds.C11R5D198.step_n25._native.native_decide.ax_1_7,
 ShannonBounds.C11R5D198.step_n26._native.native_decide.ax_1_1,
 ShannonBounds.C11R5D198.step_n26._native.native_decide.ax_1_2,
 ShannonBounds.C11R5D198.step_n26._native.native_decide.ax_1_3,
 ShannonBounds.C11R5D198.step_n26._native.native_decide.ax_1_4,
 ShannonBounds.C11R5D198.step_n26._native.native_decide.ax_1_5,
 ShannonBounds.C11R5D198.step_n26._native.native_decide.ax_1_6,
 ShannonBounds.C11R5D198.step_n26._native.native_decide.ax_1_7,
 ShannonBounds.C11R5D198.step_n27._native.native_decide.ax_1_1,
 ShannonBounds.C11R5D198.step_n27._native.native_decide.ax_1_2,
 ShannonBounds.C11R5D198.step_n27._native.native_decide.ax_1_3,
 ShannonBounds.C11R5D198.step_n27._native.native_decide.ax_1_4,
 ShannonBounds.C11R5D198.step_n27._native.native_decide.ax_1_5,
 ShannonBounds.C11R5D198.step_n27._native.native_decide.ax_1_6,
 ShannonBounds.C11R5D198.step_n27._native.native_decide.ax_1_7,
 ShannonBounds.C11R5D198.step_n28._native.native_decide.ax_1_1,
 ShannonBounds.C11R5D198.step_n28._native.native_decide.ax_1_2,
 ShannonBounds.C11R5D198.step_n28._native.native_decide.ax_1_3,
 ShannonBounds.C11R5D198.step_n28._native.native_decide.ax_1_4,
 ShannonBounds.C11R5D198.step_n28._native.native_decide.ax_1_5,
 ShannonBounds.C11R5D198.step_n28._native.native_decide.ax_1_6,
 ShannonBounds.C11R5D198.step_n28._native.native_decide.ax_1_7,
 ShannonBounds.C11R5D198.step_n29._native.native_decide.ax_1_1,
 ShannonBounds.C11R5D198.step_n29._native.native_decide.ax_1_2,
 ShannonBounds.C11R5D198.step_n29._native.native_decide.ax_1_3,
 ShannonBounds.C11R5D198.step_n29._native.native_decide.ax_1_4,
 ShannonBounds.C11R5D198.step_n29._native.native_decide.ax_1_5,
 ShannonBounds.C11R5D198.step_n29._native.native_decide.ax_1_6,
 ShannonBounds.C11R5D198.step_n29._native.native_decide.ax_1_7,
 ShannonBounds.C11R5D198.step_n3._native.native_decide.ax_1_1,
 ShannonBounds.C11R5D198.step_n3._native.native_decide.ax_1_2,
 ShannonBounds.C11R5D198.step_n3._native.native_decide.ax_1_3,
 ShannonBounds.C11R5D198.step_n3._native.native_decide.ax_1_4,
 ShannonBounds.C11R5D198.step_n3._native.native_decide.ax_1_5,
 ShannonBounds.C11R5D198.step_n3._native.native_decide.ax_1_6,
 ShannonBounds.C11R5D198.step_n3._native.native_decide.ax_1_7,
 ShannonBounds.C11R5D198.step_n4._native.native_decide.ax_1_1,
 ShannonBounds.C11R5D198.step_n4._native.native_decide.ax_1_2,
 ShannonBounds.C11R5D198.step_n4._native.native_decide.ax_1_3,
 ShannonBounds.C11R5D198.step_n4._native.native_decide.ax_1_4,
 ShannonBounds.C11R5D198.step_n4._native.native_decide.ax_1_5,
 ShannonBounds.C11R5D198.step_n4._native.native_decide.ax_1_6,
 ShannonBounds.C11R5D198.step_n4._native.native_decide.ax_1_7,
 ShannonBounds.C11R5D198.step_n5._native.native_decide.ax_1_1,
 ShannonBounds.C11R5D198.step_n5._native.native_decide.ax_1_2,
 ShannonBounds.C11R5D198.step_n5._native.native_decide.ax_1_3,
 ShannonBounds.C11R5D198.step_n5._native.native_decide.ax_1_4,
 ShannonBounds.C11R5D198.step_n5._native.native_decide.ax_1_5,
 ShannonBounds.C11R5D198.step_n5._native.native_decide.ax_1_6,
 ShannonBounds.C11R5D198.step_n5._native.native_decide.ax_1_7,
 ShannonBounds.C11R5D198.step_n6._native.native_decide.ax_1_1,
 ShannonBounds.C11R5D198.step_n6._native.native_decide.ax_1_2,
 ShannonBounds.C11R5D198.step_n6._native.native_decide.ax_1_3,
 ShannonBounds.C11R5D198.step_n6._native.native_decide.ax_1_4,
 ShannonBounds.C11R5D198.step_n6._native.native_decide.ax_1_5,
 ShannonBounds.C11R5D198.step_n6._native.native_decide.ax_1_6,
 ShannonBounds.C11R5D198.step_n6._native.native_decide.ax_1_7,
 ShannonBounds.C11R5D198.step_n7._native.native_decide.ax_1_1,
 ShannonBounds.C11R5D198.step_n7._native.native_decide.ax_1_2,
 ShannonBounds.C11R5D198.step_n7._native.native_decide.ax_1_3,
 ShannonBounds.C11R5D198.step_n7._native.native_decide.ax_1_4,
 ShannonBounds.C11R5D198.step_n7._native.native_decide.ax_1_5,
 ShannonBounds.C11R5D198.step_n7._native.native_decide.ax_1_6,
 ShannonBounds.C11R5D198.step_n7._native.native_decide.ax_1_7,
 ShannonBounds.C11R5D198.step_n8._native.native_decide.ax_1_1,
 ShannonBounds.C11R5D198.step_n8._native.native_decide.ax_1_2,
 ShannonBounds.C11R5D198.step_n8._native.native_decide.ax_1_3,
 ShannonBounds.C11R5D198.step_n8._native.native_decide.ax_1_4,
 ShannonBounds.C11R5D198.step_n8._native.native_decide.ax_1_5,
 ShannonBounds.C11R5D198.step_n8._native.native_decide.ax_1_6,
 ShannonBounds.C11R5D198.step_n8._native.native_decide.ax_1_7,
 ShannonBounds.C11R5D198.step_n9._native.native_decide.ax_1_1,
 ShannonBounds.C11R5D198.step_n9._native.native_decide.ax_1_2,
 ShannonBounds.C11R5D198.step_n9._native.native_decide.ax_1_3,
 ShannonBounds.C11R5D198.step_n9._native.native_decide.ax_1_4,
 ShannonBounds.C11R5D198.step_n9._native.native_decide.ax_1_5,
 ShannonBounds.C11R5D198.step_n9._native.native_decide.ax_1_6,
 ShannonBounds.C11R5D198.step_n9._native.native_decide.ax_1_7,
 ShannonBounds.C11R5D198.terminal_value._native.native_decide.ax_1_1,
 ShannonBounds.C11R5Tables.S_0058d965adce02f4._native.native_decide.ax_1,
 ShannonBounds.C11R5Tables.S_0058d965adce02f4._native.native_decide.ax_2,
 ShannonBounds.C11R5Tables.S_04339297651c9c49._native.native_decide.ax_1,
 ShannonBounds.C11R5Tables.S_04339297651c9c49._native.native_decide.ax_2,
 ShannonBounds.C11R5Tables.S_18277b0c484b4c41._native.native_decide.ax_1,
 ShannonBounds.C11R5Tables.S_18277b0c484b4c41._native.native_decide.ax_2,
 ShannonBounds.C11R5Tables.S_313b085cba4d0ce6._native.native_decide.ax_1,
 ShannonBounds.C11R5Tables.S_31d500a381a04d9a._native.native_decide.ax_1,
 ShannonBounds.C11R5Tables.S_31d500a381a04d9a._native.native_decide.ax_2,
 ShannonBounds.C11R5Tables.S_36518f191584a644._native.native_decide.ax_1,
 ShannonBounds.C11R5Tables.S_36518f191584a644._native.native_decide.ax_2,
 ShannonBounds.C11R5Tables.S_3b145410351af05c._native.native_decide.ax_1,
 ShannonBounds.C11R5Tables.S_3b145410351af05c._native.native_decide.ax_2,
 ShannonBounds.C11R5Tables.S_3daf90758a80fbb9._native.native_decide.ax_1,
 ShannonBounds.C11R5Tables.S_3daf90758a80fbb9._native.native_decide.ax_2,
 ShannonBounds.C11R5Tables.S_3e8694d6a5bfe173._native.native_decide.ax_1,
 ShannonBounds.C11R5Tables.S_3e8694d6a5bfe173._native.native_decide.ax_2,
 ShannonBounds.C11R5Tables.S_59b3ea5954777333._native.native_decide.ax_1,
 ShannonBounds.C11R5Tables.S_59b3ea5954777333._native.native_decide.ax_2,
 ShannonBounds.C11R5Tables.S_6356700cb05251b5._native.native_decide.ax_1,
 ShannonBounds.C11R5Tables.S_6356700cb05251b5._native.native_decide.ax_2,
 ShannonBounds.C11R5Tables.S_660b0244997e1b9c._native.native_decide.ax_1,
 ShannonBounds.C11R5Tables.S_660b0244997e1b9c._native.native_decide.ax_2,
 ShannonBounds.C11R5Tables.S_6859b0ec25991d42._native.native_decide.ax_1,
 ShannonBounds.C11R5Tables.S_6859b0ec25991d42._native.native_decide.ax_2,
 ShannonBounds.C11R5Tables.S_7b6c163f0dc4b608._native.native_decide.ax_1,
 ShannonBounds.C11R5Tables.S_7b6c163f0dc4b608._native.native_decide.ax_2,
 ShannonBounds.C11R5Tables.S_a41106e52a48b9a6._native.native_decide.ax_1,
 ShannonBounds.C11R5Tables.S_a41106e52a48b9a6._native.native_decide.ax_2,
 ShannonBounds.C11R5Tables.S_b014d29111062762._native.native_decide.ax_1,
 ShannonBounds.C11R5Tables.S_b014d29111062762._native.native_decide.ax_2,
 ShannonBounds.C11R5Tables.S_cd41b86686c50a10._native.native_decide.ax_1,
 ShannonBounds.C11R5Tables.S_cd41b86686c50a10._native.native_decide.ax_2,
 ShannonBounds.C11R5Tables.S_e620baced0654ce9._native.native_decide.ax_1,
 ShannonBounds.C11R5Tables.S_e620baced0654ce9._native.native_decide.ax_2,
 ShannonBounds.C11R5Tables.S_e788020168e26abb._native.native_decide.ax_1,
 ShannonBounds.C11R5Tables.S_e788020168e26abb._native.native_decide.ax_2,
 ShannonBounds.C11R5Tables.S_e9ef2871c79d62be._native.native_decide.ax_1,
 ShannonBounds.C11R5Tables.S_e9ef2871c79d62be._native.native_decide.ax_2]
'ShannonBounds.C11R5D198.alpha_ge' depends on axioms: [propext,
 Classical.choice.{u},
 Quot.sound.{u},
 ShannonBounds.BaseC11.IlenCheck._native.native_decide.ax_1_1,
 ShannonBounds.BaseC11.Iset._native.native_decide.ax_1,
 ShannonBounds.BaseC11.XcFalseLenCheck._native.native_decide.ax_1_1,
 ShannonBounds.BaseC11.XcTrueLenCheck._native.native_decide.ax_1_1,
 ShannonBounds.BaseC11.XlenCheck._native.native_decide.ax_1_1,
 ShannonBounds.BaseC11.Xset._native.native_decide.ax_1,
 ShannonBounds.BaseC11.altInjCheck._native.native_decide.ax_1_1,
 ShannonBounds.BaseC11.altNotCheck._native.native_decide.ax_1_1,
 ShannonBounds.BaseC11.epParentCheck._native.native_decide.ax_1_1,
 ShannonBounds.BaseC11.pFalseCheck._native.native_decide.ax_1_1,
 ShannonBounds.BaseC11.pTrueCheck._native.native_decide.ax_1_1,
 ShannonBounds.BaseC11.pairConflict._native.native_decide.ax_1_1,
 ShannonBounds.BaseC11.pairwiseOK_I._native.native_decide.ax_1_1,
 ShannonBounds.BaseC11.pairwiseOK_X._native.native_decide.ax_1_1,
 ShannonBounds.BaseC11.portsCheck._native.native_decide.ax_1_1,
 ShannonBounds.BaseC11.portsLenCheck._native.native_decide.ax_1_1,
 ShannonBounds.BaseC11.portsSet._native.native_decide.ax_1,
 ShannonBounds.BaseC11.privCheck._native.native_decide.ax_1_1,
 ShannonBounds.BaseC11.sconf_iff_conflict._native.native_decide.ax_1_1,
 ShannonBounds.BaseC11.sconf_refl._native.native_decide.ax_1_1,
 ShannonBounds.BaseC11.sconf_symm._native.native_decide.ax_1_1,
 ShannonBounds.BaseC11.sepCheck._native.native_decide.ax_1_1,
 ShannonBounds.C11R5D198.step_n1._native.native_decide.ax_1_1,
 ShannonBounds.C11R5D198.step_n1._native.native_decide.ax_1_2,
 ShannonBounds.C11R5D198.step_n1._native.native_decide.ax_1_3,
 ShannonBounds.C11R5D198.step_n1._native.native_decide.ax_1_4,
 ShannonBounds.C11R5D198.step_n1._native.native_decide.ax_1_5,
 ShannonBounds.C11R5D198.step_n1._native.native_decide.ax_1_6,
 ShannonBounds.C11R5D198.step_n1._native.native_decide.ax_1_7,
 ShannonBounds.C11R5D198.step_n10._native.native_decide.ax_1_1,
 ShannonBounds.C11R5D198.step_n10._native.native_decide.ax_1_2,
 ShannonBounds.C11R5D198.step_n10._native.native_decide.ax_1_3,
 ShannonBounds.C11R5D198.step_n10._native.native_decide.ax_1_4,
 ShannonBounds.C11R5D198.step_n10._native.native_decide.ax_1_5,
 ShannonBounds.C11R5D198.step_n10._native.native_decide.ax_1_6,
 ShannonBounds.C11R5D198.step_n10._native.native_decide.ax_1_7,
 ShannonBounds.C11R5D198.step_n11._native.native_decide.ax_1_1,
 ShannonBounds.C11R5D198.step_n11._native.native_decide.ax_1_2,
 ShannonBounds.C11R5D198.step_n11._native.native_decide.ax_1_3,
 ShannonBounds.C11R5D198.step_n11._native.native_decide.ax_1_4,
 ShannonBounds.C11R5D198.step_n11._native.native_decide.ax_1_5,
 ShannonBounds.C11R5D198.step_n11._native.native_decide.ax_1_6,
 ShannonBounds.C11R5D198.step_n11._native.native_decide.ax_1_7,
 ShannonBounds.C11R5D198.step_n12._native.native_decide.ax_1_1,
 ShannonBounds.C11R5D198.step_n12._native.native_decide.ax_1_2,
 ShannonBounds.C11R5D198.step_n12._native.native_decide.ax_1_3,
 ShannonBounds.C11R5D198.step_n12._native.native_decide.ax_1_4,
 ShannonBounds.C11R5D198.step_n12._native.native_decide.ax_1_5,
 ShannonBounds.C11R5D198.step_n12._native.native_decide.ax_1_6,
 ShannonBounds.C11R5D198.step_n12._native.native_decide.ax_1_7,
 ShannonBounds.C11R5D198.step_n13._native.native_decide.ax_1_1,
 ShannonBounds.C11R5D198.step_n13._native.native_decide.ax_1_2,
 ShannonBounds.C11R5D198.step_n13._native.native_decide.ax_1_3,
 ShannonBounds.C11R5D198.step_n13._native.native_decide.ax_1_4,
 ShannonBounds.C11R5D198.step_n13._native.native_decide.ax_1_5,
 ShannonBounds.C11R5D198.step_n13._native.native_decide.ax_1_6,
 ShannonBounds.C11R5D198.step_n13._native.native_decide.ax_1_7,
 ShannonBounds.C11R5D198.step_n14._native.native_decide.ax_1_1,
 ShannonBounds.C11R5D198.step_n14._native.native_decide.ax_1_2,
 ShannonBounds.C11R5D198.step_n14._native.native_decide.ax_1_3,
 ShannonBounds.C11R5D198.step_n14._native.native_decide.ax_1_4,
 ShannonBounds.C11R5D198.step_n14._native.native_decide.ax_1_5,
 ShannonBounds.C11R5D198.step_n14._native.native_decide.ax_1_6,
 ShannonBounds.C11R5D198.step_n14._native.native_decide.ax_1_7,
 ShannonBounds.C11R5D198.step_n15._native.native_decide.ax_1_1,
 ShannonBounds.C11R5D198.step_n15._native.native_decide.ax_1_2,
 ShannonBounds.C11R5D198.step_n15._native.native_decide.ax_1_3,
 ShannonBounds.C11R5D198.step_n15._native.native_decide.ax_1_4,
 ShannonBounds.C11R5D198.step_n15._native.native_decide.ax_1_5,
 ShannonBounds.C11R5D198.step_n15._native.native_decide.ax_1_6,
 ShannonBounds.C11R5D198.step_n15._native.native_decide.ax_1_7,
 ShannonBounds.C11R5D198.step_n16._native.native_decide.ax_1_1,
 ShannonBounds.C11R5D198.step_n16._native.native_decide.ax_1_2,
 ShannonBounds.C11R5D198.step_n16._native.native_decide.ax_1_3,
 ShannonBounds.C11R5D198.step_n16._native.native_decide.ax_1_4,
 ShannonBounds.C11R5D198.step_n16._native.native_decide.ax_1_5,
 ShannonBounds.C11R5D198.step_n16._native.native_decide.ax_1_6,
 ShannonBounds.C11R5D198.step_n16._native.native_decide.ax_1_7,
 ShannonBounds.C11R5D198.step_n17._native.native_decide.ax_1_1,
 ShannonBounds.C11R5D198.step_n17._native.native_decide.ax_1_2,
 ShannonBounds.C11R5D198.step_n17._native.native_decide.ax_1_3,
 ShannonBounds.C11R5D198.step_n17._native.native_decide.ax_1_4,
 ShannonBounds.C11R5D198.step_n17._native.native_decide.ax_1_5,
 ShannonBounds.C11R5D198.step_n17._native.native_decide.ax_1_6,
 ShannonBounds.C11R5D198.step_n17._native.native_decide.ax_1_7,
 ShannonBounds.C11R5D198.step_n18._native.native_decide.ax_1_1,
 ShannonBounds.C11R5D198.step_n18._native.native_decide.ax_1_2,
 ShannonBounds.C11R5D198.step_n18._native.native_decide.ax_1_3,
 ShannonBounds.C11R5D198.step_n18._native.native_decide.ax_1_4,
 ShannonBounds.C11R5D198.step_n18._native.native_decide.ax_1_5,
 ShannonBounds.C11R5D198.step_n18._native.native_decide.ax_1_6,
 ShannonBounds.C11R5D198.step_n18._native.native_decide.ax_1_7,
 ShannonBounds.C11R5D198.step_n19._native.native_decide.ax_1_1,
 ShannonBounds.C11R5D198.step_n19._native.native_decide.ax_1_2,
 ShannonBounds.C11R5D198.step_n19._native.native_decide.ax_1_3,
 ShannonBounds.C11R5D198.step_n19._native.native_decide.ax_1_4,
 ShannonBounds.C11R5D198.step_n19._native.native_decide.ax_1_5,
 ShannonBounds.C11R5D198.step_n19._native.native_decide.ax_1_6,
 ShannonBounds.C11R5D198.step_n19._native.native_decide.ax_1_7,
 ShannonBounds.C11R5D198.step_n2._native.native_decide.ax_1_1,
 ShannonBounds.C11R5D198.step_n2._native.native_decide.ax_1_2,
 ShannonBounds.C11R5D198.step_n2._native.native_decide.ax_1_3,
 ShannonBounds.C11R5D198.step_n2._native.native_decide.ax_1_4,
 ShannonBounds.C11R5D198.step_n2._native.native_decide.ax_1_5,
 ShannonBounds.C11R5D198.step_n2._native.native_decide.ax_1_6,
 ShannonBounds.C11R5D198.step_n2._native.native_decide.ax_1_7,
 ShannonBounds.C11R5D198.step_n20._native.native_decide.ax_1_1,
 ShannonBounds.C11R5D198.step_n20._native.native_decide.ax_1_2,
 ShannonBounds.C11R5D198.step_n20._native.native_decide.ax_1_3,
 ShannonBounds.C11R5D198.step_n20._native.native_decide.ax_1_4,
 ShannonBounds.C11R5D198.step_n20._native.native_decide.ax_1_5,
 ShannonBounds.C11R5D198.step_n20._native.native_decide.ax_1_6,
 ShannonBounds.C11R5D198.step_n20._native.native_decide.ax_1_7,
 ShannonBounds.C11R5D198.step_n21._native.native_decide.ax_1_1,
 ShannonBounds.C11R5D198.step_n21._native.native_decide.ax_1_2,
 ShannonBounds.C11R5D198.step_n21._native.native_decide.ax_1_3,
 ShannonBounds.C11R5D198.step_n21._native.native_decide.ax_1_4,
 ShannonBounds.C11R5D198.step_n21._native.native_decide.ax_1_5,
 ShannonBounds.C11R5D198.step_n21._native.native_decide.ax_1_6,
 ShannonBounds.C11R5D198.step_n21._native.native_decide.ax_1_7,
 ShannonBounds.C11R5D198.step_n22._native.native_decide.ax_1_1,
 ShannonBounds.C11R5D198.step_n22._native.native_decide.ax_1_2,
 ShannonBounds.C11R5D198.step_n22._native.native_decide.ax_1_3,
 ShannonBounds.C11R5D198.step_n22._native.native_decide.ax_1_4,
 ShannonBounds.C11R5D198.step_n22._native.native_decide.ax_1_5,
 ShannonBounds.C11R5D198.step_n22._native.native_decide.ax_1_6,
 ShannonBounds.C11R5D198.step_n22._native.native_decide.ax_1_7,
 ShannonBounds.C11R5D198.step_n23._native.native_decide.ax_1_1,
 ShannonBounds.C11R5D198.step_n23._native.native_decide.ax_1_2,
 ShannonBounds.C11R5D198.step_n23._native.native_decide.ax_1_3,
 ShannonBounds.C11R5D198.step_n23._native.native_decide.ax_1_4,
 ShannonBounds.C11R5D198.step_n23._native.native_decide.ax_1_5,
 ShannonBounds.C11R5D198.step_n23._native.native_decide.ax_1_6,
 ShannonBounds.C11R5D198.step_n23._native.native_decide.ax_1_7,
 ShannonBounds.C11R5D198.step_n24._native.native_decide.ax_1_1,
 ShannonBounds.C11R5D198.step_n24._native.native_decide.ax_1_2,
 ShannonBounds.C11R5D198.step_n24._native.native_decide.ax_1_3,
 ShannonBounds.C11R5D198.step_n24._native.native_decide.ax_1_4,
 ShannonBounds.C11R5D198.step_n24._native.native_decide.ax_1_5,
 ShannonBounds.C11R5D198.step_n24._native.native_decide.ax_1_6,
 ShannonBounds.C11R5D198.step_n24._native.native_decide.ax_1_7,
 ShannonBounds.C11R5D198.step_n25._native.native_decide.ax_1_1,
 ShannonBounds.C11R5D198.step_n25._native.native_decide.ax_1_2,
 ShannonBounds.C11R5D198.step_n25._native.native_decide.ax_1_3,
 ShannonBounds.C11R5D198.step_n25._native.native_decide.ax_1_4,
 ShannonBounds.C11R5D198.step_n25._native.native_decide.ax_1_5,
 ShannonBounds.C11R5D198.step_n25._native.native_decide.ax_1_6,
 ShannonBounds.C11R5D198.step_n25._native.native_decide.ax_1_7,
 ShannonBounds.C11R5D198.step_n26._native.native_decide.ax_1_1,
 ShannonBounds.C11R5D198.step_n26._native.native_decide.ax_1_2,
 ShannonBounds.C11R5D198.step_n26._native.native_decide.ax_1_3,
 ShannonBounds.C11R5D198.step_n26._native.native_decide.ax_1_4,
 ShannonBounds.C11R5D198.step_n26._native.native_decide.ax_1_5,
 ShannonBounds.C11R5D198.step_n26._native.native_decide.ax_1_6,
 ShannonBounds.C11R5D198.step_n26._native.native_decide.ax_1_7,
 ShannonBounds.C11R5D198.step_n27._native.native_decide.ax_1_1,
 ShannonBounds.C11R5D198.step_n27._native.native_decide.ax_1_2,
 ShannonBounds.C11R5D198.step_n27._native.native_decide.ax_1_3,
 ShannonBounds.C11R5D198.step_n27._native.native_decide.ax_1_4,
 ShannonBounds.C11R5D198.step_n27._native.native_decide.ax_1_5,
 ShannonBounds.C11R5D198.step_n27._native.native_decide.ax_1_6,
 ShannonBounds.C11R5D198.step_n27._native.native_decide.ax_1_7,
 ShannonBounds.C11R5D198.step_n28._native.native_decide.ax_1_1,
 ShannonBounds.C11R5D198.step_n28._native.native_decide.ax_1_2,
 ShannonBounds.C11R5D198.step_n28._native.native_decide.ax_1_3,
 ShannonBounds.C11R5D198.step_n28._native.native_decide.ax_1_4,
 ShannonBounds.C11R5D198.step_n28._native.native_decide.ax_1_5,
 ShannonBounds.C11R5D198.step_n28._native.native_decide.ax_1_6,
 ShannonBounds.C11R5D198.step_n28._native.native_decide.ax_1_7,
 ShannonBounds.C11R5D198.step_n29._native.native_decide.ax_1_1,
 ShannonBounds.C11R5D198.step_n29._native.native_decide.ax_1_2,
 ShannonBounds.C11R5D198.step_n29._native.native_decide.ax_1_3,
 ShannonBounds.C11R5D198.step_n29._native.native_decide.ax_1_4,
 ShannonBounds.C11R5D198.step_n29._native.native_decide.ax_1_5,
 ShannonBounds.C11R5D198.step_n29._native.native_decide.ax_1_6,
 ShannonBounds.C11R5D198.step_n29._native.native_decide.ax_1_7,
 ShannonBounds.C11R5D198.step_n3._native.native_decide.ax_1_1,
 ShannonBounds.C11R5D198.step_n3._native.native_decide.ax_1_2,
 ShannonBounds.C11R5D198.step_n3._native.native_decide.ax_1_3,
 ShannonBounds.C11R5D198.step_n3._native.native_decide.ax_1_4,
 ShannonBounds.C11R5D198.step_n3._native.native_decide.ax_1_5,
 ShannonBounds.C11R5D198.step_n3._native.native_decide.ax_1_6,
 ShannonBounds.C11R5D198.step_n3._native.native_decide.ax_1_7,
 ShannonBounds.C11R5D198.step_n4._native.native_decide.ax_1_1,
 ShannonBounds.C11R5D198.step_n4._native.native_decide.ax_1_2,
 ShannonBounds.C11R5D198.step_n4._native.native_decide.ax_1_3,
 ShannonBounds.C11R5D198.step_n4._native.native_decide.ax_1_4,
 ShannonBounds.C11R5D198.step_n4._native.native_decide.ax_1_5,
 ShannonBounds.C11R5D198.step_n4._native.native_decide.ax_1_6,
 ShannonBounds.C11R5D198.step_n4._native.native_decide.ax_1_7,
 ShannonBounds.C11R5D198.step_n5._native.native_decide.ax_1_1,
 ShannonBounds.C11R5D198.step_n5._native.native_decide.ax_1_2,
 ShannonBounds.C11R5D198.step_n5._native.native_decide.ax_1_3,
 ShannonBounds.C11R5D198.step_n5._native.native_decide.ax_1_4,
 ShannonBounds.C11R5D198.step_n5._native.native_decide.ax_1_5,
 ShannonBounds.C11R5D198.step_n5._native.native_decide.ax_1_6,
 ShannonBounds.C11R5D198.step_n5._native.native_decide.ax_1_7,
 ShannonBounds.C11R5D198.step_n6._native.native_decide.ax_1_1,
 ShannonBounds.C11R5D198.step_n6._native.native_decide.ax_1_2,
 ShannonBounds.C11R5D198.step_n6._native.native_decide.ax_1_3,
 ShannonBounds.C11R5D198.step_n6._native.native_decide.ax_1_4,
 ShannonBounds.C11R5D198.step_n6._native.native_decide.ax_1_5,
 ShannonBounds.C11R5D198.step_n6._native.native_decide.ax_1_6,
 ShannonBounds.C11R5D198.step_n6._native.native_decide.ax_1_7,
 ShannonBounds.C11R5D198.step_n7._native.native_decide.ax_1_1,
 ShannonBounds.C11R5D198.step_n7._native.native_decide.ax_1_2,
 ShannonBounds.C11R5D198.step_n7._native.native_decide.ax_1_3,
 ShannonBounds.C11R5D198.step_n7._native.native_decide.ax_1_4,
 ShannonBounds.C11R5D198.step_n7._native.native_decide.ax_1_5,
 ShannonBounds.C11R5D198.step_n7._native.native_decide.ax_1_6,
 ShannonBounds.C11R5D198.step_n7._native.native_decide.ax_1_7,
 ShannonBounds.C11R5D198.step_n8._native.native_decide.ax_1_1,
 ShannonBounds.C11R5D198.step_n8._native.native_decide.ax_1_2,
 ShannonBounds.C11R5D198.step_n8._native.native_decide.ax_1_3,
 ShannonBounds.C11R5D198.step_n8._native.native_decide.ax_1_4,
 ShannonBounds.C11R5D198.step_n8._native.native_decide.ax_1_5,
 ShannonBounds.C11R5D198.step_n8._native.native_decide.ax_1_6,
 ShannonBounds.C11R5D198.step_n8._native.native_decide.ax_1_7,
 ShannonBounds.C11R5D198.step_n9._native.native_decide.ax_1_1,
 ShannonBounds.C11R5D198.step_n9._native.native_decide.ax_1_2,
 ShannonBounds.C11R5D198.step_n9._native.native_decide.ax_1_3,
 ShannonBounds.C11R5D198.step_n9._native.native_decide.ax_1_4,
 ShannonBounds.C11R5D198.step_n9._native.native_decide.ax_1_5,
 ShannonBounds.C11R5D198.step_n9._native.native_decide.ax_1_6,
 ShannonBounds.C11R5D198.step_n9._native.native_decide.ax_1_7,
 ShannonBounds.C11R5D198.terminal_value._native.native_decide.ax_1_1,
 ShannonBounds.C11R5Tables.S_0058d965adce02f4._native.native_decide.ax_1,
 ShannonBounds.C11R5Tables.S_0058d965adce02f4._native.native_decide.ax_2,
 ShannonBounds.C11R5Tables.S_04339297651c9c49._native.native_decide.ax_1,
 ShannonBounds.C11R5Tables.S_04339297651c9c49._native.native_decide.ax_2,
 ShannonBounds.C11R5Tables.S_18277b0c484b4c41._native.native_decide.ax_1,
 ShannonBounds.C11R5Tables.S_18277b0c484b4c41._native.native_decide.ax_2,
 ShannonBounds.C11R5Tables.S_313b085cba4d0ce6._native.native_decide.ax_1,
 ShannonBounds.C11R5Tables.S_31d500a381a04d9a._native.native_decide.ax_1,
 ShannonBounds.C11R5Tables.S_31d500a381a04d9a._native.native_decide.ax_2,
 ShannonBounds.C11R5Tables.S_36518f191584a644._native.native_decide.ax_1,
 ShannonBounds.C11R5Tables.S_36518f191584a644._native.native_decide.ax_2,
 ShannonBounds.C11R5Tables.S_3b145410351af05c._native.native_decide.ax_1,
 ShannonBounds.C11R5Tables.S_3b145410351af05c._native.native_decide.ax_2,
 ShannonBounds.C11R5Tables.S_3daf90758a80fbb9._native.native_decide.ax_1,
 ShannonBounds.C11R5Tables.S_3daf90758a80fbb9._native.native_decide.ax_2,
 ShannonBounds.C11R5Tables.S_3e8694d6a5bfe173._native.native_decide.ax_1,
 ShannonBounds.C11R5Tables.S_3e8694d6a5bfe173._native.native_decide.ax_2,
 ShannonBounds.C11R5Tables.S_59b3ea5954777333._native.native_decide.ax_1,
 ShannonBounds.C11R5Tables.S_59b3ea5954777333._native.native_decide.ax_2,
 ShannonBounds.C11R5Tables.S_6356700cb05251b5._native.native_decide.ax_1,
 ShannonBounds.C11R5Tables.S_6356700cb05251b5._native.native_decide.ax_2,
 ShannonBounds.C11R5Tables.S_660b0244997e1b9c._native.native_decide.ax_1,
 ShannonBounds.C11R5Tables.S_660b0244997e1b9c._native.native_decide.ax_2,
 ShannonBounds.C11R5Tables.S_6859b0ec25991d42._native.native_decide.ax_1,
 ShannonBounds.C11R5Tables.S_6859b0ec25991d42._native.native_decide.ax_2,
 ShannonBounds.C11R5Tables.S_7b6c163f0dc4b608._native.native_decide.ax_1,
 ShannonBounds.C11R5Tables.S_7b6c163f0dc4b608._native.native_decide.ax_2,
 ShannonBounds.C11R5Tables.S_a41106e52a48b9a6._native.native_decide.ax_1,
 ShannonBounds.C11R5Tables.S_a41106e52a48b9a6._native.native_decide.ax_2,
 ShannonBounds.C11R5Tables.S_b014d29111062762._native.native_decide.ax_1,
 ShannonBounds.C11R5Tables.S_b014d29111062762._native.native_decide.ax_2,
 ShannonBounds.C11R5Tables.S_cd41b86686c50a10._native.native_decide.ax_1,
 ShannonBounds.C11R5Tables.S_cd41b86686c50a10._native.native_decide.ax_2,
 ShannonBounds.C11R5Tables.S_e620baced0654ce9._native.native_decide.ax_1,
 ShannonBounds.C11R5Tables.S_e620baced0654ce9._native.native_decide.ax_2,
 ShannonBounds.C11R5Tables.S_e788020168e26abb._native.native_decide.ax_1,
 ShannonBounds.C11R5Tables.S_e788020168e26abb._native.native_decide.ax_2,
 ShannonBounds.C11R5Tables.S_e9ef2871c79d62be._native.native_decide.ax_1,
 ShannonBounds.C11R5Tables.S_e9ef2871c79d62be._native.native_decide.ax_2]
'ShannonBounds.C11R5D198.capacity_root' depends on axioms: [propext,
 Classical.choice.{u},
 Quot.sound.{u},
 ShannonBounds.BaseC11.IlenCheck._native.native_decide.ax_1_1,
 ShannonBounds.BaseC11.Iset._native.native_decide.ax_1,
 ShannonBounds.BaseC11.XcFalseLenCheck._native.native_decide.ax_1_1,
 ShannonBounds.BaseC11.XcTrueLenCheck._native.native_decide.ax_1_1,
 ShannonBounds.BaseC11.XlenCheck._native.native_decide.ax_1_1,
 ShannonBounds.BaseC11.Xset._native.native_decide.ax_1,
 ShannonBounds.BaseC11.altInjCheck._native.native_decide.ax_1_1,
 ShannonBounds.BaseC11.altNotCheck._native.native_decide.ax_1_1,
 ShannonBounds.BaseC11.epParentCheck._native.native_decide.ax_1_1,
 ShannonBounds.BaseC11.pFalseCheck._native.native_decide.ax_1_1,
 ShannonBounds.BaseC11.pTrueCheck._native.native_decide.ax_1_1,
 ShannonBounds.BaseC11.pairConflict._native.native_decide.ax_1_1,
 ShannonBounds.BaseC11.pairwiseOK_I._native.native_decide.ax_1_1,
 ShannonBounds.BaseC11.pairwiseOK_X._native.native_decide.ax_1_1,
 ShannonBounds.BaseC11.portsCheck._native.native_decide.ax_1_1,
 ShannonBounds.BaseC11.portsLenCheck._native.native_decide.ax_1_1,
 ShannonBounds.BaseC11.portsSet._native.native_decide.ax_1,
 ShannonBounds.BaseC11.privCheck._native.native_decide.ax_1_1,
 ShannonBounds.BaseC11.sconf_iff_conflict._native.native_decide.ax_1_1,
 ShannonBounds.BaseC11.sconf_refl._native.native_decide.ax_1_1,
 ShannonBounds.BaseC11.sconf_symm._native.native_decide.ax_1_1,
 ShannonBounds.BaseC11.sepCheck._native.native_decide.ax_1_1,
 ShannonBounds.C11R5D198.step_n1._native.native_decide.ax_1_1,
 ShannonBounds.C11R5D198.step_n1._native.native_decide.ax_1_2,
 ShannonBounds.C11R5D198.step_n1._native.native_decide.ax_1_3,
 ShannonBounds.C11R5D198.step_n1._native.native_decide.ax_1_4,
 ShannonBounds.C11R5D198.step_n1._native.native_decide.ax_1_5,
 ShannonBounds.C11R5D198.step_n1._native.native_decide.ax_1_6,
 ShannonBounds.C11R5D198.step_n1._native.native_decide.ax_1_7,
 ShannonBounds.C11R5D198.step_n10._native.native_decide.ax_1_1,
 ShannonBounds.C11R5D198.step_n10._native.native_decide.ax_1_2,
 ShannonBounds.C11R5D198.step_n10._native.native_decide.ax_1_3,
 ShannonBounds.C11R5D198.step_n10._native.native_decide.ax_1_4,
 ShannonBounds.C11R5D198.step_n10._native.native_decide.ax_1_5,
 ShannonBounds.C11R5D198.step_n10._native.native_decide.ax_1_6,
 ShannonBounds.C11R5D198.step_n10._native.native_decide.ax_1_7,
 ShannonBounds.C11R5D198.step_n11._native.native_decide.ax_1_1,
 ShannonBounds.C11R5D198.step_n11._native.native_decide.ax_1_2,
 ShannonBounds.C11R5D198.step_n11._native.native_decide.ax_1_3,
 ShannonBounds.C11R5D198.step_n11._native.native_decide.ax_1_4,
 ShannonBounds.C11R5D198.step_n11._native.native_decide.ax_1_5,
 ShannonBounds.C11R5D198.step_n11._native.native_decide.ax_1_6,
 ShannonBounds.C11R5D198.step_n11._native.native_decide.ax_1_7,
 ShannonBounds.C11R5D198.step_n12._native.native_decide.ax_1_1,
 ShannonBounds.C11R5D198.step_n12._native.native_decide.ax_1_2,
 ShannonBounds.C11R5D198.step_n12._native.native_decide.ax_1_3,
 ShannonBounds.C11R5D198.step_n12._native.native_decide.ax_1_4,
 ShannonBounds.C11R5D198.step_n12._native.native_decide.ax_1_5,
 ShannonBounds.C11R5D198.step_n12._native.native_decide.ax_1_6,
 ShannonBounds.C11R5D198.step_n12._native.native_decide.ax_1_7,
 ShannonBounds.C11R5D198.step_n13._native.native_decide.ax_1_1,
 ShannonBounds.C11R5D198.step_n13._native.native_decide.ax_1_2,
 ShannonBounds.C11R5D198.step_n13._native.native_decide.ax_1_3,
 ShannonBounds.C11R5D198.step_n13._native.native_decide.ax_1_4,
 ShannonBounds.C11R5D198.step_n13._native.native_decide.ax_1_5,
 ShannonBounds.C11R5D198.step_n13._native.native_decide.ax_1_6,
 ShannonBounds.C11R5D198.step_n13._native.native_decide.ax_1_7,
 ShannonBounds.C11R5D198.step_n14._native.native_decide.ax_1_1,
 ShannonBounds.C11R5D198.step_n14._native.native_decide.ax_1_2,
 ShannonBounds.C11R5D198.step_n14._native.native_decide.ax_1_3,
 ShannonBounds.C11R5D198.step_n14._native.native_decide.ax_1_4,
 ShannonBounds.C11R5D198.step_n14._native.native_decide.ax_1_5,
 ShannonBounds.C11R5D198.step_n14._native.native_decide.ax_1_6,
 ShannonBounds.C11R5D198.step_n14._native.native_decide.ax_1_7,
 ShannonBounds.C11R5D198.step_n15._native.native_decide.ax_1_1,
 ShannonBounds.C11R5D198.step_n15._native.native_decide.ax_1_2,
 ShannonBounds.C11R5D198.step_n15._native.native_decide.ax_1_3,
 ShannonBounds.C11R5D198.step_n15._native.native_decide.ax_1_4,
 ShannonBounds.C11R5D198.step_n15._native.native_decide.ax_1_5,
 ShannonBounds.C11R5D198.step_n15._native.native_decide.ax_1_6,
 ShannonBounds.C11R5D198.step_n15._native.native_decide.ax_1_7,
 ShannonBounds.C11R5D198.step_n16._native.native_decide.ax_1_1,
 ShannonBounds.C11R5D198.step_n16._native.native_decide.ax_1_2,
 ShannonBounds.C11R5D198.step_n16._native.native_decide.ax_1_3,
 ShannonBounds.C11R5D198.step_n16._native.native_decide.ax_1_4,
 ShannonBounds.C11R5D198.step_n16._native.native_decide.ax_1_5,
 ShannonBounds.C11R5D198.step_n16._native.native_decide.ax_1_6,
 ShannonBounds.C11R5D198.step_n16._native.native_decide.ax_1_7,
 ShannonBounds.C11R5D198.step_n17._native.native_decide.ax_1_1,
 ShannonBounds.C11R5D198.step_n17._native.native_decide.ax_1_2,
 ShannonBounds.C11R5D198.step_n17._native.native_decide.ax_1_3,
 ShannonBounds.C11R5D198.step_n17._native.native_decide.ax_1_4,
 ShannonBounds.C11R5D198.step_n17._native.native_decide.ax_1_5,
 ShannonBounds.C11R5D198.step_n17._native.native_decide.ax_1_6,
 ShannonBounds.C11R5D198.step_n17._native.native_decide.ax_1_7,
 ShannonBounds.C11R5D198.step_n18._native.native_decide.ax_1_1,
 ShannonBounds.C11R5D198.step_n18._native.native_decide.ax_1_2,
 ShannonBounds.C11R5D198.step_n18._native.native_decide.ax_1_3,
 ShannonBounds.C11R5D198.step_n18._native.native_decide.ax_1_4,
 ShannonBounds.C11R5D198.step_n18._native.native_decide.ax_1_5,
 ShannonBounds.C11R5D198.step_n18._native.native_decide.ax_1_6,
 ShannonBounds.C11R5D198.step_n18._native.native_decide.ax_1_7,
 ShannonBounds.C11R5D198.step_n19._native.native_decide.ax_1_1,
 ShannonBounds.C11R5D198.step_n19._native.native_decide.ax_1_2,
 ShannonBounds.C11R5D198.step_n19._native.native_decide.ax_1_3,
 ShannonBounds.C11R5D198.step_n19._native.native_decide.ax_1_4,
 ShannonBounds.C11R5D198.step_n19._native.native_decide.ax_1_5,
 ShannonBounds.C11R5D198.step_n19._native.native_decide.ax_1_6,
 ShannonBounds.C11R5D198.step_n19._native.native_decide.ax_1_7,
 ShannonBounds.C11R5D198.step_n2._native.native_decide.ax_1_1,
 ShannonBounds.C11R5D198.step_n2._native.native_decide.ax_1_2,
 ShannonBounds.C11R5D198.step_n2._native.native_decide.ax_1_3,
 ShannonBounds.C11R5D198.step_n2._native.native_decide.ax_1_4,
 ShannonBounds.C11R5D198.step_n2._native.native_decide.ax_1_5,
 ShannonBounds.C11R5D198.step_n2._native.native_decide.ax_1_6,
 ShannonBounds.C11R5D198.step_n2._native.native_decide.ax_1_7,
 ShannonBounds.C11R5D198.step_n20._native.native_decide.ax_1_1,
 ShannonBounds.C11R5D198.step_n20._native.native_decide.ax_1_2,
 ShannonBounds.C11R5D198.step_n20._native.native_decide.ax_1_3,
 ShannonBounds.C11R5D198.step_n20._native.native_decide.ax_1_4,
 ShannonBounds.C11R5D198.step_n20._native.native_decide.ax_1_5,
 ShannonBounds.C11R5D198.step_n20._native.native_decide.ax_1_6,
 ShannonBounds.C11R5D198.step_n20._native.native_decide.ax_1_7,
 ShannonBounds.C11R5D198.step_n21._native.native_decide.ax_1_1,
 ShannonBounds.C11R5D198.step_n21._native.native_decide.ax_1_2,
 ShannonBounds.C11R5D198.step_n21._native.native_decide.ax_1_3,
 ShannonBounds.C11R5D198.step_n21._native.native_decide.ax_1_4,
 ShannonBounds.C11R5D198.step_n21._native.native_decide.ax_1_5,
 ShannonBounds.C11R5D198.step_n21._native.native_decide.ax_1_6,
 ShannonBounds.C11R5D198.step_n21._native.native_decide.ax_1_7,
 ShannonBounds.C11R5D198.step_n22._native.native_decide.ax_1_1,
 ShannonBounds.C11R5D198.step_n22._native.native_decide.ax_1_2,
 ShannonBounds.C11R5D198.step_n22._native.native_decide.ax_1_3,
 ShannonBounds.C11R5D198.step_n22._native.native_decide.ax_1_4,
 ShannonBounds.C11R5D198.step_n22._native.native_decide.ax_1_5,
 ShannonBounds.C11R5D198.step_n22._native.native_decide.ax_1_6,
 ShannonBounds.C11R5D198.step_n22._native.native_decide.ax_1_7,
 ShannonBounds.C11R5D198.step_n23._native.native_decide.ax_1_1,
 ShannonBounds.C11R5D198.step_n23._native.native_decide.ax_1_2,
 ShannonBounds.C11R5D198.step_n23._native.native_decide.ax_1_3,
 ShannonBounds.C11R5D198.step_n23._native.native_decide.ax_1_4,
 ShannonBounds.C11R5D198.step_n23._native.native_decide.ax_1_5,
 ShannonBounds.C11R5D198.step_n23._native.native_decide.ax_1_6,
 ShannonBounds.C11R5D198.step_n23._native.native_decide.ax_1_7,
 ShannonBounds.C11R5D198.step_n24._native.native_decide.ax_1_1,
 ShannonBounds.C11R5D198.step_n24._native.native_decide.ax_1_2,
 ShannonBounds.C11R5D198.step_n24._native.native_decide.ax_1_3,
 ShannonBounds.C11R5D198.step_n24._native.native_decide.ax_1_4,
 ShannonBounds.C11R5D198.step_n24._native.native_decide.ax_1_5,
 ShannonBounds.C11R5D198.step_n24._native.native_decide.ax_1_6,
 ShannonBounds.C11R5D198.step_n24._native.native_decide.ax_1_7,
 ShannonBounds.C11R5D198.step_n25._native.native_decide.ax_1_1,
 ShannonBounds.C11R5D198.step_n25._native.native_decide.ax_1_2,
 ShannonBounds.C11R5D198.step_n25._native.native_decide.ax_1_3,
 ShannonBounds.C11R5D198.step_n25._native.native_decide.ax_1_4,
 ShannonBounds.C11R5D198.step_n25._native.native_decide.ax_1_5,
 ShannonBounds.C11R5D198.step_n25._native.native_decide.ax_1_6,
 ShannonBounds.C11R5D198.step_n25._native.native_decide.ax_1_7,
 ShannonBounds.C11R5D198.step_n26._native.native_decide.ax_1_1,
 ShannonBounds.C11R5D198.step_n26._native.native_decide.ax_1_2,
 ShannonBounds.C11R5D198.step_n26._native.native_decide.ax_1_3,
 ShannonBounds.C11R5D198.step_n26._native.native_decide.ax_1_4,
 ShannonBounds.C11R5D198.step_n26._native.native_decide.ax_1_5,
 ShannonBounds.C11R5D198.step_n26._native.native_decide.ax_1_6,
 ShannonBounds.C11R5D198.step_n26._native.native_decide.ax_1_7,
 ShannonBounds.C11R5D198.step_n27._native.native_decide.ax_1_1,
 ShannonBounds.C11R5D198.step_n27._native.native_decide.ax_1_2,
 ShannonBounds.C11R5D198.step_n27._native.native_decide.ax_1_3,
 ShannonBounds.C11R5D198.step_n27._native.native_decide.ax_1_4,
 ShannonBounds.C11R5D198.step_n27._native.native_decide.ax_1_5,
 ShannonBounds.C11R5D198.step_n27._native.native_decide.ax_1_6,
 ShannonBounds.C11R5D198.step_n27._native.native_decide.ax_1_7,
 ShannonBounds.C11R5D198.step_n28._native.native_decide.ax_1_1,
 ShannonBounds.C11R5D198.step_n28._native.native_decide.ax_1_2,
 ShannonBounds.C11R5D198.step_n28._native.native_decide.ax_1_3,
 ShannonBounds.C11R5D198.step_n28._native.native_decide.ax_1_4,
 ShannonBounds.C11R5D198.step_n28._native.native_decide.ax_1_5,
 ShannonBounds.C11R5D198.step_n28._native.native_decide.ax_1_6,
 ShannonBounds.C11R5D198.step_n28._native.native_decide.ax_1_7,
 ShannonBounds.C11R5D198.step_n29._native.native_decide.ax_1_1,
 ShannonBounds.C11R5D198.step_n29._native.native_decide.ax_1_2,
 ShannonBounds.C11R5D198.step_n29._native.native_decide.ax_1_3,
 ShannonBounds.C11R5D198.step_n29._native.native_decide.ax_1_4,
 ShannonBounds.C11R5D198.step_n29._native.native_decide.ax_1_5,
 ShannonBounds.C11R5D198.step_n29._native.native_decide.ax_1_6,
 ShannonBounds.C11R5D198.step_n29._native.native_decide.ax_1_7,
 ShannonBounds.C11R5D198.step_n3._native.native_decide.ax_1_1,
 ShannonBounds.C11R5D198.step_n3._native.native_decide.ax_1_2,
 ShannonBounds.C11R5D198.step_n3._native.native_decide.ax_1_3,
 ShannonBounds.C11R5D198.step_n3._native.native_decide.ax_1_4,
 ShannonBounds.C11R5D198.step_n3._native.native_decide.ax_1_5,
 ShannonBounds.C11R5D198.step_n3._native.native_decide.ax_1_6,
 ShannonBounds.C11R5D198.step_n3._native.native_decide.ax_1_7,
 ShannonBounds.C11R5D198.step_n4._native.native_decide.ax_1_1,
 ShannonBounds.C11R5D198.step_n4._native.native_decide.ax_1_2,
 ShannonBounds.C11R5D198.step_n4._native.native_decide.ax_1_3,
 ShannonBounds.C11R5D198.step_n4._native.native_decide.ax_1_4,
 ShannonBounds.C11R5D198.step_n4._native.native_decide.ax_1_5,
 ShannonBounds.C11R5D198.step_n4._native.native_decide.ax_1_6,
 ShannonBounds.C11R5D198.step_n4._native.native_decide.ax_1_7,
 ShannonBounds.C11R5D198.step_n5._native.native_decide.ax_1_1,
 ShannonBounds.C11R5D198.step_n5._native.native_decide.ax_1_2,
 ShannonBounds.C11R5D198.step_n5._native.native_decide.ax_1_3,
 ShannonBounds.C11R5D198.step_n5._native.native_decide.ax_1_4,
 ShannonBounds.C11R5D198.step_n5._native.native_decide.ax_1_5,
 ShannonBounds.C11R5D198.step_n5._native.native_decide.ax_1_6,
 ShannonBounds.C11R5D198.step_n5._native.native_decide.ax_1_7,
 ShannonBounds.C11R5D198.step_n6._native.native_decide.ax_1_1,
 ShannonBounds.C11R5D198.step_n6._native.native_decide.ax_1_2,
 ShannonBounds.C11R5D198.step_n6._native.native_decide.ax_1_3,
 ShannonBounds.C11R5D198.step_n6._native.native_decide.ax_1_4,
 ShannonBounds.C11R5D198.step_n6._native.native_decide.ax_1_5,
 ShannonBounds.C11R5D198.step_n6._native.native_decide.ax_1_6,
 ShannonBounds.C11R5D198.step_n6._native.native_decide.ax_1_7,
 ShannonBounds.C11R5D198.step_n7._native.native_decide.ax_1_1,
 ShannonBounds.C11R5D198.step_n7._native.native_decide.ax_1_2,
 ShannonBounds.C11R5D198.step_n7._native.native_decide.ax_1_3,
 ShannonBounds.C11R5D198.step_n7._native.native_decide.ax_1_4,
 ShannonBounds.C11R5D198.step_n7._native.native_decide.ax_1_5,
 ShannonBounds.C11R5D198.step_n7._native.native_decide.ax_1_6,
 ShannonBounds.C11R5D198.step_n7._native.native_decide.ax_1_7,
 ShannonBounds.C11R5D198.step_n8._native.native_decide.ax_1_1,
 ShannonBounds.C11R5D198.step_n8._native.native_decide.ax_1_2,
 ShannonBounds.C11R5D198.step_n8._native.native_decide.ax_1_3,
 ShannonBounds.C11R5D198.step_n8._native.native_decide.ax_1_4,
 ShannonBounds.C11R5D198.step_n8._native.native_decide.ax_1_5,
 ShannonBounds.C11R5D198.step_n8._native.native_decide.ax_1_6,
 ShannonBounds.C11R5D198.step_n8._native.native_decide.ax_1_7,
 ShannonBounds.C11R5D198.step_n9._native.native_decide.ax_1_1,
 ShannonBounds.C11R5D198.step_n9._native.native_decide.ax_1_2,
 ShannonBounds.C11R5D198.step_n9._native.native_decide.ax_1_3,
 ShannonBounds.C11R5D198.step_n9._native.native_decide.ax_1_4,
 ShannonBounds.C11R5D198.step_n9._native.native_decide.ax_1_5,
 ShannonBounds.C11R5D198.step_n9._native.native_decide.ax_1_6,
 ShannonBounds.C11R5D198.step_n9._native.native_decide.ax_1_7,
 ShannonBounds.C11R5D198.terminal_value._native.native_decide.ax_1_1,
 ShannonBounds.C11R5Tables.S_0058d965adce02f4._native.native_decide.ax_1,
 ShannonBounds.C11R5Tables.S_0058d965adce02f4._native.native_decide.ax_2,
 ShannonBounds.C11R5Tables.S_04339297651c9c49._native.native_decide.ax_1,
 ShannonBounds.C11R5Tables.S_04339297651c9c49._native.native_decide.ax_2,
 ShannonBounds.C11R5Tables.S_18277b0c484b4c41._native.native_decide.ax_1,
 ShannonBounds.C11R5Tables.S_18277b0c484b4c41._native.native_decide.ax_2,
 ShannonBounds.C11R5Tables.S_313b085cba4d0ce6._native.native_decide.ax_1,
 ShannonBounds.C11R5Tables.S_31d500a381a04d9a._native.native_decide.ax_1,
 ShannonBounds.C11R5Tables.S_31d500a381a04d9a._native.native_decide.ax_2,
 ShannonBounds.C11R5Tables.S_36518f191584a644._native.native_decide.ax_1,
 ShannonBounds.C11R5Tables.S_36518f191584a644._native.native_decide.ax_2,
 ShannonBounds.C11R5Tables.S_3b145410351af05c._native.native_decide.ax_1,
 ShannonBounds.C11R5Tables.S_3b145410351af05c._native.native_decide.ax_2,
 ShannonBounds.C11R5Tables.S_3daf90758a80fbb9._native.native_decide.ax_1,
 ShannonBounds.C11R5Tables.S_3daf90758a80fbb9._native.native_decide.ax_2,
 ShannonBounds.C11R5Tables.S_3e8694d6a5bfe173._native.native_decide.ax_1,
 ShannonBounds.C11R5Tables.S_3e8694d6a5bfe173._native.native_decide.ax_2,
 ShannonBounds.C11R5Tables.S_59b3ea5954777333._native.native_decide.ax_1,
 ShannonBounds.C11R5Tables.S_59b3ea5954777333._native.native_decide.ax_2,
 ShannonBounds.C11R5Tables.S_6356700cb05251b5._native.native_decide.ax_1,
 ShannonBounds.C11R5Tables.S_6356700cb05251b5._native.native_decide.ax_2,
 ShannonBounds.C11R5Tables.S_660b0244997e1b9c._native.native_decide.ax_1,
 ShannonBounds.C11R5Tables.S_660b0244997e1b9c._native.native_decide.ax_2,
 ShannonBounds.C11R5Tables.S_6859b0ec25991d42._native.native_decide.ax_1,
 ShannonBounds.C11R5Tables.S_6859b0ec25991d42._native.native_decide.ax_2,
 ShannonBounds.C11R5Tables.S_7b6c163f0dc4b608._native.native_decide.ax_1,
 ShannonBounds.C11R5Tables.S_7b6c163f0dc4b608._native.native_decide.ax_2,
 ShannonBounds.C11R5Tables.S_a41106e52a48b9a6._native.native_decide.ax_1,
 ShannonBounds.C11R5Tables.S_a41106e52a48b9a6._native.native_decide.ax_2,
 ShannonBounds.C11R5Tables.S_b014d29111062762._native.native_decide.ax_1,
 ShannonBounds.C11R5Tables.S_b014d29111062762._native.native_decide.ax_2,
 ShannonBounds.C11R5Tables.S_cd41b86686c50a10._native.native_decide.ax_1,
 ShannonBounds.C11R5Tables.S_cd41b86686c50a10._native.native_decide.ax_2,
 ShannonBounds.C11R5Tables.S_e620baced0654ce9._native.native_decide.ax_1,
 ShannonBounds.C11R5Tables.S_e620baced0654ce9._native.native_decide.ax_2,
 ShannonBounds.C11R5Tables.S_e788020168e26abb._native.native_decide.ax_1,
 ShannonBounds.C11R5Tables.S_e788020168e26abb._native.native_decide.ax_2,
 ShannonBounds.C11R5Tables.S_e9ef2871c79d62be._native.native_decide.ax_1,
 ShannonBounds.C11R5Tables.S_e9ef2871c79d62be._native.native_decide.ax_2]
'ShannonBounds.C11R5D198.root_bracket' depends on axioms: [propext,
 Classical.choice.{u},
 Quot.sound.{u},
 ShannonBounds.C11R5D198.decimal_lower_integer._native.native_decide.ax_1_1,
 ShannonBounds.C11R5D198.decimal_upper_integer._native.native_decide.ax_1_1]
'ShannonBounds.C11R5D198.capacity_lower' depends on axioms: [propext,
 Classical.choice.{u},
 Quot.sound.{u},
 ShannonBounds.BaseC11.IlenCheck._native.native_decide.ax_1_1,
 ShannonBounds.BaseC11.Iset._native.native_decide.ax_1,
 ShannonBounds.BaseC11.XcFalseLenCheck._native.native_decide.ax_1_1,
 ShannonBounds.BaseC11.XcTrueLenCheck._native.native_decide.ax_1_1,
 ShannonBounds.BaseC11.XlenCheck._native.native_decide.ax_1_1,
 ShannonBounds.BaseC11.Xset._native.native_decide.ax_1,
 ShannonBounds.BaseC11.altInjCheck._native.native_decide.ax_1_1,
 ShannonBounds.BaseC11.altNotCheck._native.native_decide.ax_1_1,
 ShannonBounds.BaseC11.epParentCheck._native.native_decide.ax_1_1,
 ShannonBounds.BaseC11.pFalseCheck._native.native_decide.ax_1_1,
 ShannonBounds.BaseC11.pTrueCheck._native.native_decide.ax_1_1,
 ShannonBounds.BaseC11.pairConflict._native.native_decide.ax_1_1,
 ShannonBounds.BaseC11.pairwiseOK_I._native.native_decide.ax_1_1,
 ShannonBounds.BaseC11.pairwiseOK_X._native.native_decide.ax_1_1,
 ShannonBounds.BaseC11.portsCheck._native.native_decide.ax_1_1,
 ShannonBounds.BaseC11.portsLenCheck._native.native_decide.ax_1_1,
 ShannonBounds.BaseC11.portsSet._native.native_decide.ax_1,
 ShannonBounds.BaseC11.privCheck._native.native_decide.ax_1_1,
 ShannonBounds.BaseC11.sconf_iff_conflict._native.native_decide.ax_1_1,
 ShannonBounds.BaseC11.sconf_refl._native.native_decide.ax_1_1,
 ShannonBounds.BaseC11.sconf_symm._native.native_decide.ax_1_1,
 ShannonBounds.BaseC11.sepCheck._native.native_decide.ax_1_1,
 ShannonBounds.C11R5D198.decimal_lower_integer._native.native_decide.ax_1_1,
 ShannonBounds.C11R5D198.decimal_upper_integer._native.native_decide.ax_1_1,
 ShannonBounds.C11R5D198.step_n1._native.native_decide.ax_1_1,
 ShannonBounds.C11R5D198.step_n1._native.native_decide.ax_1_2,
 ShannonBounds.C11R5D198.step_n1._native.native_decide.ax_1_3,
 ShannonBounds.C11R5D198.step_n1._native.native_decide.ax_1_4,
 ShannonBounds.C11R5D198.step_n1._native.native_decide.ax_1_5,
 ShannonBounds.C11R5D198.step_n1._native.native_decide.ax_1_6,
 ShannonBounds.C11R5D198.step_n1._native.native_decide.ax_1_7,
 ShannonBounds.C11R5D198.step_n10._native.native_decide.ax_1_1,
 ShannonBounds.C11R5D198.step_n10._native.native_decide.ax_1_2,
 ShannonBounds.C11R5D198.step_n10._native.native_decide.ax_1_3,
 ShannonBounds.C11R5D198.step_n10._native.native_decide.ax_1_4,
 ShannonBounds.C11R5D198.step_n10._native.native_decide.ax_1_5,
 ShannonBounds.C11R5D198.step_n10._native.native_decide.ax_1_6,
 ShannonBounds.C11R5D198.step_n10._native.native_decide.ax_1_7,
 ShannonBounds.C11R5D198.step_n11._native.native_decide.ax_1_1,
 ShannonBounds.C11R5D198.step_n11._native.native_decide.ax_1_2,
 ShannonBounds.C11R5D198.step_n11._native.native_decide.ax_1_3,
 ShannonBounds.C11R5D198.step_n11._native.native_decide.ax_1_4,
 ShannonBounds.C11R5D198.step_n11._native.native_decide.ax_1_5,
 ShannonBounds.C11R5D198.step_n11._native.native_decide.ax_1_6,
 ShannonBounds.C11R5D198.step_n11._native.native_decide.ax_1_7,
 ShannonBounds.C11R5D198.step_n12._native.native_decide.ax_1_1,
 ShannonBounds.C11R5D198.step_n12._native.native_decide.ax_1_2,
 ShannonBounds.C11R5D198.step_n12._native.native_decide.ax_1_3,
 ShannonBounds.C11R5D198.step_n12._native.native_decide.ax_1_4,
 ShannonBounds.C11R5D198.step_n12._native.native_decide.ax_1_5,
 ShannonBounds.C11R5D198.step_n12._native.native_decide.ax_1_6,
 ShannonBounds.C11R5D198.step_n12._native.native_decide.ax_1_7,
 ShannonBounds.C11R5D198.step_n13._native.native_decide.ax_1_1,
 ShannonBounds.C11R5D198.step_n13._native.native_decide.ax_1_2,
 ShannonBounds.C11R5D198.step_n13._native.native_decide.ax_1_3,
 ShannonBounds.C11R5D198.step_n13._native.native_decide.ax_1_4,
 ShannonBounds.C11R5D198.step_n13._native.native_decide.ax_1_5,
 ShannonBounds.C11R5D198.step_n13._native.native_decide.ax_1_6,
 ShannonBounds.C11R5D198.step_n13._native.native_decide.ax_1_7,
 ShannonBounds.C11R5D198.step_n14._native.native_decide.ax_1_1,
 ShannonBounds.C11R5D198.step_n14._native.native_decide.ax_1_2,
 ShannonBounds.C11R5D198.step_n14._native.native_decide.ax_1_3,
 ShannonBounds.C11R5D198.step_n14._native.native_decide.ax_1_4,
 ShannonBounds.C11R5D198.step_n14._native.native_decide.ax_1_5,
 ShannonBounds.C11R5D198.step_n14._native.native_decide.ax_1_6,
 ShannonBounds.C11R5D198.step_n14._native.native_decide.ax_1_7,
 ShannonBounds.C11R5D198.step_n15._native.native_decide.ax_1_1,
 ShannonBounds.C11R5D198.step_n15._native.native_decide.ax_1_2,
 ShannonBounds.C11R5D198.step_n15._native.native_decide.ax_1_3,
 ShannonBounds.C11R5D198.step_n15._native.native_decide.ax_1_4,
 ShannonBounds.C11R5D198.step_n15._native.native_decide.ax_1_5,
 ShannonBounds.C11R5D198.step_n15._native.native_decide.ax_1_6,
 ShannonBounds.C11R5D198.step_n15._native.native_decide.ax_1_7,
 ShannonBounds.C11R5D198.step_n16._native.native_decide.ax_1_1,
 ShannonBounds.C11R5D198.step_n16._native.native_decide.ax_1_2,
 ShannonBounds.C11R5D198.step_n16._native.native_decide.ax_1_3,
 ShannonBounds.C11R5D198.step_n16._native.native_decide.ax_1_4,
 ShannonBounds.C11R5D198.step_n16._native.native_decide.ax_1_5,
 ShannonBounds.C11R5D198.step_n16._native.native_decide.ax_1_6,
 ShannonBounds.C11R5D198.step_n16._native.native_decide.ax_1_7,
 ShannonBounds.C11R5D198.step_n17._native.native_decide.ax_1_1,
 ShannonBounds.C11R5D198.step_n17._native.native_decide.ax_1_2,
 ShannonBounds.C11R5D198.step_n17._native.native_decide.ax_1_3,
 ShannonBounds.C11R5D198.step_n17._native.native_decide.ax_1_4,
 ShannonBounds.C11R5D198.step_n17._native.native_decide.ax_1_5,
 ShannonBounds.C11R5D198.step_n17._native.native_decide.ax_1_6,
 ShannonBounds.C11R5D198.step_n17._native.native_decide.ax_1_7,
 ShannonBounds.C11R5D198.step_n18._native.native_decide.ax_1_1,
 ShannonBounds.C11R5D198.step_n18._native.native_decide.ax_1_2,
 ShannonBounds.C11R5D198.step_n18._native.native_decide.ax_1_3,
 ShannonBounds.C11R5D198.step_n18._native.native_decide.ax_1_4,
 ShannonBounds.C11R5D198.step_n18._native.native_decide.ax_1_5,
 ShannonBounds.C11R5D198.step_n18._native.native_decide.ax_1_6,
 ShannonBounds.C11R5D198.step_n18._native.native_decide.ax_1_7,
 ShannonBounds.C11R5D198.step_n19._native.native_decide.ax_1_1,
 ShannonBounds.C11R5D198.step_n19._native.native_decide.ax_1_2,
 ShannonBounds.C11R5D198.step_n19._native.native_decide.ax_1_3,
 ShannonBounds.C11R5D198.step_n19._native.native_decide.ax_1_4,
 ShannonBounds.C11R5D198.step_n19._native.native_decide.ax_1_5,
 ShannonBounds.C11R5D198.step_n19._native.native_decide.ax_1_6,
 ShannonBounds.C11R5D198.step_n19._native.native_decide.ax_1_7,
 ShannonBounds.C11R5D198.step_n2._native.native_decide.ax_1_1,
 ShannonBounds.C11R5D198.step_n2._native.native_decide.ax_1_2,
 ShannonBounds.C11R5D198.step_n2._native.native_decide.ax_1_3,
 ShannonBounds.C11R5D198.step_n2._native.native_decide.ax_1_4,
 ShannonBounds.C11R5D198.step_n2._native.native_decide.ax_1_5,
 ShannonBounds.C11R5D198.step_n2._native.native_decide.ax_1_6,
 ShannonBounds.C11R5D198.step_n2._native.native_decide.ax_1_7,
 ShannonBounds.C11R5D198.step_n20._native.native_decide.ax_1_1,
 ShannonBounds.C11R5D198.step_n20._native.native_decide.ax_1_2,
 ShannonBounds.C11R5D198.step_n20._native.native_decide.ax_1_3,
 ShannonBounds.C11R5D198.step_n20._native.native_decide.ax_1_4,
 ShannonBounds.C11R5D198.step_n20._native.native_decide.ax_1_5,
 ShannonBounds.C11R5D198.step_n20._native.native_decide.ax_1_6,
 ShannonBounds.C11R5D198.step_n20._native.native_decide.ax_1_7,
 ShannonBounds.C11R5D198.step_n21._native.native_decide.ax_1_1,
 ShannonBounds.C11R5D198.step_n21._native.native_decide.ax_1_2,
 ShannonBounds.C11R5D198.step_n21._native.native_decide.ax_1_3,
 ShannonBounds.C11R5D198.step_n21._native.native_decide.ax_1_4,
 ShannonBounds.C11R5D198.step_n21._native.native_decide.ax_1_5,
 ShannonBounds.C11R5D198.step_n21._native.native_decide.ax_1_6,
 ShannonBounds.C11R5D198.step_n21._native.native_decide.ax_1_7,
 ShannonBounds.C11R5D198.step_n22._native.native_decide.ax_1_1,
 ShannonBounds.C11R5D198.step_n22._native.native_decide.ax_1_2,
 ShannonBounds.C11R5D198.step_n22._native.native_decide.ax_1_3,
 ShannonBounds.C11R5D198.step_n22._native.native_decide.ax_1_4,
 ShannonBounds.C11R5D198.step_n22._native.native_decide.ax_1_5,
 ShannonBounds.C11R5D198.step_n22._native.native_decide.ax_1_6,
 ShannonBounds.C11R5D198.step_n22._native.native_decide.ax_1_7,
 ShannonBounds.C11R5D198.step_n23._native.native_decide.ax_1_1,
 ShannonBounds.C11R5D198.step_n23._native.native_decide.ax_1_2,
 ShannonBounds.C11R5D198.step_n23._native.native_decide.ax_1_3,
 ShannonBounds.C11R5D198.step_n23._native.native_decide.ax_1_4,
 ShannonBounds.C11R5D198.step_n23._native.native_decide.ax_1_5,
 ShannonBounds.C11R5D198.step_n23._native.native_decide.ax_1_6,
 ShannonBounds.C11R5D198.step_n23._native.native_decide.ax_1_7,
 ShannonBounds.C11R5D198.step_n24._native.native_decide.ax_1_1,
 ShannonBounds.C11R5D198.step_n24._native.native_decide.ax_1_2,
 ShannonBounds.C11R5D198.step_n24._native.native_decide.ax_1_3,
 ShannonBounds.C11R5D198.step_n24._native.native_decide.ax_1_4,
 ShannonBounds.C11R5D198.step_n24._native.native_decide.ax_1_5,
 ShannonBounds.C11R5D198.step_n24._native.native_decide.ax_1_6,
 ShannonBounds.C11R5D198.step_n24._native.native_decide.ax_1_7,
 ShannonBounds.C11R5D198.step_n25._native.native_decide.ax_1_1,
 ShannonBounds.C11R5D198.step_n25._native.native_decide.ax_1_2,
 ShannonBounds.C11R5D198.step_n25._native.native_decide.ax_1_3,
 ShannonBounds.C11R5D198.step_n25._native.native_decide.ax_1_4,
 ShannonBounds.C11R5D198.step_n25._native.native_decide.ax_1_5,
 ShannonBounds.C11R5D198.step_n25._native.native_decide.ax_1_6,
 ShannonBounds.C11R5D198.step_n25._native.native_decide.ax_1_7,
 ShannonBounds.C11R5D198.step_n26._native.native_decide.ax_1_1,
 ShannonBounds.C11R5D198.step_n26._native.native_decide.ax_1_2,
 ShannonBounds.C11R5D198.step_n26._native.native_decide.ax_1_3,
 ShannonBounds.C11R5D198.step_n26._native.native_decide.ax_1_4,
 ShannonBounds.C11R5D198.step_n26._native.native_decide.ax_1_5,
 ShannonBounds.C11R5D198.step_n26._native.native_decide.ax_1_6,
 ShannonBounds.C11R5D198.step_n26._native.native_decide.ax_1_7,
 ShannonBounds.C11R5D198.step_n27._native.native_decide.ax_1_1,
 ShannonBounds.C11R5D198.step_n27._native.native_decide.ax_1_2,
 ShannonBounds.C11R5D198.step_n27._native.native_decide.ax_1_3,
 ShannonBounds.C11R5D198.step_n27._native.native_decide.ax_1_4,
 ShannonBounds.C11R5D198.step_n27._native.native_decide.ax_1_5,
 ShannonBounds.C11R5D198.step_n27._native.native_decide.ax_1_6,
 ShannonBounds.C11R5D198.step_n27._native.native_decide.ax_1_7,
 ShannonBounds.C11R5D198.step_n28._native.native_decide.ax_1_1,
 ShannonBounds.C11R5D198.step_n28._native.native_decide.ax_1_2,
 ShannonBounds.C11R5D198.step_n28._native.native_decide.ax_1_3,
 ShannonBounds.C11R5D198.step_n28._native.native_decide.ax_1_4,
 ShannonBounds.C11R5D198.step_n28._native.native_decide.ax_1_5,
 ShannonBounds.C11R5D198.step_n28._native.native_decide.ax_1_6,
 ShannonBounds.C11R5D198.step_n28._native.native_decide.ax_1_7,
 ShannonBounds.C11R5D198.step_n29._native.native_decide.ax_1_1,
 ShannonBounds.C11R5D198.step_n29._native.native_decide.ax_1_2,
 ShannonBounds.C11R5D198.step_n29._native.native_decide.ax_1_3,
 ShannonBounds.C11R5D198.step_n29._native.native_decide.ax_1_4,
 ShannonBounds.C11R5D198.step_n29._native.native_decide.ax_1_5,
 ShannonBounds.C11R5D198.step_n29._native.native_decide.ax_1_6,
 ShannonBounds.C11R5D198.step_n29._native.native_decide.ax_1_7,
 ShannonBounds.C11R5D198.step_n3._native.native_decide.ax_1_1,
 ShannonBounds.C11R5D198.step_n3._native.native_decide.ax_1_2,
 ShannonBounds.C11R5D198.step_n3._native.native_decide.ax_1_3,
 ShannonBounds.C11R5D198.step_n3._native.native_decide.ax_1_4,
 ShannonBounds.C11R5D198.step_n3._native.native_decide.ax_1_5,
 ShannonBounds.C11R5D198.step_n3._native.native_decide.ax_1_6,
 ShannonBounds.C11R5D198.step_n3._native.native_decide.ax_1_7,
 ShannonBounds.C11R5D198.step_n4._native.native_decide.ax_1_1,
 ShannonBounds.C11R5D198.step_n4._native.native_decide.ax_1_2,
 ShannonBounds.C11R5D198.step_n4._native.native_decide.ax_1_3,
 ShannonBounds.C11R5D198.step_n4._native.native_decide.ax_1_4,
 ShannonBounds.C11R5D198.step_n4._native.native_decide.ax_1_5,
 ShannonBounds.C11R5D198.step_n4._native.native_decide.ax_1_6,
 ShannonBounds.C11R5D198.step_n4._native.native_decide.ax_1_7,
 ShannonBounds.C11R5D198.step_n5._native.native_decide.ax_1_1,
 ShannonBounds.C11R5D198.step_n5._native.native_decide.ax_1_2,
 ShannonBounds.C11R5D198.step_n5._native.native_decide.ax_1_3,
 ShannonBounds.C11R5D198.step_n5._native.native_decide.ax_1_4,
 ShannonBounds.C11R5D198.step_n5._native.native_decide.ax_1_5,
 ShannonBounds.C11R5D198.step_n5._native.native_decide.ax_1_6,
 ShannonBounds.C11R5D198.step_n5._native.native_decide.ax_1_7,
 ShannonBounds.C11R5D198.step_n6._native.native_decide.ax_1_1,
 ShannonBounds.C11R5D198.step_n6._native.native_decide.ax_1_2,
 ShannonBounds.C11R5D198.step_n6._native.native_decide.ax_1_3,
 ShannonBounds.C11R5D198.step_n6._native.native_decide.ax_1_4,
 ShannonBounds.C11R5D198.step_n6._native.native_decide.ax_1_5,
 ShannonBounds.C11R5D198.step_n6._native.native_decide.ax_1_6,
 ShannonBounds.C11R5D198.step_n6._native.native_decide.ax_1_7,
 ShannonBounds.C11R5D198.step_n7._native.native_decide.ax_1_1,
 ShannonBounds.C11R5D198.step_n7._native.native_decide.ax_1_2,
 ShannonBounds.C11R5D198.step_n7._native.native_decide.ax_1_3,
 ShannonBounds.C11R5D198.step_n7._native.native_decide.ax_1_4,
 ShannonBounds.C11R5D198.step_n7._native.native_decide.ax_1_5,
 ShannonBounds.C11R5D198.step_n7._native.native_decide.ax_1_6,
 ShannonBounds.C11R5D198.step_n7._native.native_decide.ax_1_7,
 ShannonBounds.C11R5D198.step_n8._native.native_decide.ax_1_1,
 ShannonBounds.C11R5D198.step_n8._native.native_decide.ax_1_2,
 ShannonBounds.C11R5D198.step_n8._native.native_decide.ax_1_3,
 ShannonBounds.C11R5D198.step_n8._native.native_decide.ax_1_4,
 ShannonBounds.C11R5D198.step_n8._native.native_decide.ax_1_5,
 ShannonBounds.C11R5D198.step_n8._native.native_decide.ax_1_6,
 ShannonBounds.C11R5D198.step_n8._native.native_decide.ax_1_7,
 ShannonBounds.C11R5D198.step_n9._native.native_decide.ax_1_1,
 ShannonBounds.C11R5D198.step_n9._native.native_decide.ax_1_2,
 ShannonBounds.C11R5D198.step_n9._native.native_decide.ax_1_3,
 ShannonBounds.C11R5D198.step_n9._native.native_decide.ax_1_4,
 ShannonBounds.C11R5D198.step_n9._native.native_decide.ax_1_5,
 ShannonBounds.C11R5D198.step_n9._native.native_decide.ax_1_6,
 ShannonBounds.C11R5D198.step_n9._native.native_decide.ax_1_7,
 ShannonBounds.C11R5D198.terminal_value._native.native_decide.ax_1_1,
 ShannonBounds.C11R5Tables.S_0058d965adce02f4._native.native_decide.ax_1,
 ShannonBounds.C11R5Tables.S_0058d965adce02f4._native.native_decide.ax_2,
 ShannonBounds.C11R5Tables.S_04339297651c9c49._native.native_decide.ax_1,
 ShannonBounds.C11R5Tables.S_04339297651c9c49._native.native_decide.ax_2,
 ShannonBounds.C11R5Tables.S_18277b0c484b4c41._native.native_decide.ax_1,
 ShannonBounds.C11R5Tables.S_18277b0c484b4c41._native.native_decide.ax_2,
 ShannonBounds.C11R5Tables.S_313b085cba4d0ce6._native.native_decide.ax_1,
 ShannonBounds.C11R5Tables.S_31d500a381a04d9a._native.native_decide.ax_1,
 ShannonBounds.C11R5Tables.S_31d500a381a04d9a._native.native_decide.ax_2,
 ShannonBounds.C11R5Tables.S_36518f191584a644._native.native_decide.ax_1,
 ShannonBounds.C11R5Tables.S_36518f191584a644._native.native_decide.ax_2,
 ShannonBounds.C11R5Tables.S_3b145410351af05c._native.native_decide.ax_1,
 ShannonBounds.C11R5Tables.S_3b145410351af05c._native.native_decide.ax_2,
 ShannonBounds.C11R5Tables.S_3daf90758a80fbb9._native.native_decide.ax_1,
 ShannonBounds.C11R5Tables.S_3daf90758a80fbb9._native.native_decide.ax_2,
 ShannonBounds.C11R5Tables.S_3e8694d6a5bfe173._native.native_decide.ax_1,
 ShannonBounds.C11R5Tables.S_3e8694d6a5bfe173._native.native_decide.ax_2,
 ShannonBounds.C11R5Tables.S_59b3ea5954777333._native.native_decide.ax_1,
 ShannonBounds.C11R5Tables.S_59b3ea5954777333._native.native_decide.ax_2,
 ShannonBounds.C11R5Tables.S_6356700cb05251b5._native.native_decide.ax_1,
 ShannonBounds.C11R5Tables.S_6356700cb05251b5._native.native_decide.ax_2,
 ShannonBounds.C11R5Tables.S_660b0244997e1b9c._native.native_decide.ax_1,
 ShannonBounds.C11R5Tables.S_660b0244997e1b9c._native.native_decide.ax_2,
 ShannonBounds.C11R5Tables.S_6859b0ec25991d42._native.native_decide.ax_1,
 ShannonBounds.C11R5Tables.S_6859b0ec25991d42._native.native_decide.ax_2,
 ShannonBounds.C11R5Tables.S_7b6c163f0dc4b608._native.native_decide.ax_1,
 ShannonBounds.C11R5Tables.S_7b6c163f0dc4b608._native.native_decide.ax_2,
 ShannonBounds.C11R5Tables.S_a41106e52a48b9a6._native.native_decide.ax_1,
 ShannonBounds.C11R5Tables.S_a41106e52a48b9a6._native.native_decide.ax_2,
 ShannonBounds.C11R5Tables.S_b014d29111062762._native.native_decide.ax_1,
 ShannonBounds.C11R5Tables.S_b014d29111062762._native.native_decide.ax_2,
 ShannonBounds.C11R5Tables.S_cd41b86686c50a10._native.native_decide.ax_1,
 ShannonBounds.C11R5Tables.S_cd41b86686c50a10._native.native_decide.ax_2,
 ShannonBounds.C11R5Tables.S_e620baced0654ce9._native.native_decide.ax_1,
 ShannonBounds.C11R5Tables.S_e620baced0654ce9._native.native_decide.ax_2,
 ShannonBounds.C11R5Tables.S_e788020168e26abb._native.native_decide.ax_1,
 ShannonBounds.C11R5Tables.S_e788020168e26abb._native.native_decide.ax_2,
 ShannonBounds.C11R5Tables.S_e9ef2871c79d62be._native.native_decide.ax_1,
 ShannonBounds.C11R5Tables.S_e9ef2871c79d62be._native.native_decide.ax_2]
'ShannonBounds.C11R5D198.step_v' depends on axioms: [propext, Classical.choice.{u}, Quot.sound.{u}]
'ShannonBounds.C11R5D198.step_n1' depends on axioms: [propext,
 Classical.choice.{u},
 Quot.sound.{u},
 ShannonBounds.C11R5D198.step_n1._native.native_decide.ax_1_1,
 ShannonBounds.C11R5D198.step_n1._native.native_decide.ax_1_2,
 ShannonBounds.C11R5D198.step_n1._native.native_decide.ax_1_3,
 ShannonBounds.C11R5D198.step_n1._native.native_decide.ax_1_4,
 ShannonBounds.C11R5D198.step_n1._native.native_decide.ax_1_5,
 ShannonBounds.C11R5D198.step_n1._native.native_decide.ax_1_6,
 ShannonBounds.C11R5D198.step_n1._native.native_decide.ax_1_7,
 ShannonBounds.C11R5Tables.S_36518f191584a644._native.native_decide.ax_1,
 ShannonBounds.C11R5Tables.S_36518f191584a644._native.native_decide.ax_2]
'ShannonBounds.C11R5D198.step_n2' depends on axioms: [propext,
 Classical.choice.{u},
 Quot.sound.{u},
 ShannonBounds.C11R5D198.step_n1._native.native_decide.ax_1_1,
 ShannonBounds.C11R5D198.step_n1._native.native_decide.ax_1_2,
 ShannonBounds.C11R5D198.step_n1._native.native_decide.ax_1_3,
 ShannonBounds.C11R5D198.step_n1._native.native_decide.ax_1_4,
 ShannonBounds.C11R5D198.step_n1._native.native_decide.ax_1_5,
 ShannonBounds.C11R5D198.step_n1._native.native_decide.ax_1_6,
 ShannonBounds.C11R5D198.step_n1._native.native_decide.ax_1_7,
 ShannonBounds.C11R5D198.step_n2._native.native_decide.ax_1_1,
 ShannonBounds.C11R5D198.step_n2._native.native_decide.ax_1_2,
 ShannonBounds.C11R5D198.step_n2._native.native_decide.ax_1_3,
 ShannonBounds.C11R5D198.step_n2._native.native_decide.ax_1_4,
 ShannonBounds.C11R5D198.step_n2._native.native_decide.ax_1_5,
 ShannonBounds.C11R5D198.step_n2._native.native_decide.ax_1_6,
 ShannonBounds.C11R5D198.step_n2._native.native_decide.ax_1_7,
 ShannonBounds.C11R5Tables.S_36518f191584a644._native.native_decide.ax_1,
 ShannonBounds.C11R5Tables.S_36518f191584a644._native.native_decide.ax_2,
 ShannonBounds.C11R5Tables.S_6859b0ec25991d42._native.native_decide.ax_1,
 ShannonBounds.C11R5Tables.S_6859b0ec25991d42._native.native_decide.ax_2]
'ShannonBounds.C11R5D198.step_n3' depends on axioms: [propext,
 Classical.choice.{u},
 Quot.sound.{u},
 ShannonBounds.C11R5D198.step_n1._native.native_decide.ax_1_1,
 ShannonBounds.C11R5D198.step_n1._native.native_decide.ax_1_2,
 ShannonBounds.C11R5D198.step_n1._native.native_decide.ax_1_3,
 ShannonBounds.C11R5D198.step_n1._native.native_decide.ax_1_4,
 ShannonBounds.C11R5D198.step_n1._native.native_decide.ax_1_5,
 ShannonBounds.C11R5D198.step_n1._native.native_decide.ax_1_6,
 ShannonBounds.C11R5D198.step_n1._native.native_decide.ax_1_7,
 ShannonBounds.C11R5D198.step_n2._native.native_decide.ax_1_1,
 ShannonBounds.C11R5D198.step_n2._native.native_decide.ax_1_2,
 ShannonBounds.C11R5D198.step_n2._native.native_decide.ax_1_3,
 ShannonBounds.C11R5D198.step_n2._native.native_decide.ax_1_4,
 ShannonBounds.C11R5D198.step_n2._native.native_decide.ax_1_5,
 ShannonBounds.C11R5D198.step_n2._native.native_decide.ax_1_6,
 ShannonBounds.C11R5D198.step_n2._native.native_decide.ax_1_7,
 ShannonBounds.C11R5D198.step_n3._native.native_decide.ax_1_1,
 ShannonBounds.C11R5D198.step_n3._native.native_decide.ax_1_2,
 ShannonBounds.C11R5D198.step_n3._native.native_decide.ax_1_3,
 ShannonBounds.C11R5D198.step_n3._native.native_decide.ax_1_4,
 ShannonBounds.C11R5D198.step_n3._native.native_decide.ax_1_5,
 ShannonBounds.C11R5D198.step_n3._native.native_decide.ax_1_6,
 ShannonBounds.C11R5D198.step_n3._native.native_decide.ax_1_7,
 ShannonBounds.C11R5Tables.S_36518f191584a644._native.native_decide.ax_1,
 ShannonBounds.C11R5Tables.S_36518f191584a644._native.native_decide.ax_2,
 ShannonBounds.C11R5Tables.S_6859b0ec25991d42._native.native_decide.ax_1,
 ShannonBounds.C11R5Tables.S_6859b0ec25991d42._native.native_decide.ax_2,
 ShannonBounds.C11R5Tables.S_b014d29111062762._native.native_decide.ax_1,
 ShannonBounds.C11R5Tables.S_b014d29111062762._native.native_decide.ax_2]
'ShannonBounds.C11R5D198.step_n4' depends on axioms: [propext,
 Classical.choice.{u},
 Quot.sound.{u},
 ShannonBounds.C11R5D198.step_n1._native.native_decide.ax_1_1,
 ShannonBounds.C11R5D198.step_n1._native.native_decide.ax_1_2,
 ShannonBounds.C11R5D198.step_n1._native.native_decide.ax_1_3,
 ShannonBounds.C11R5D198.step_n1._native.native_decide.ax_1_4,
 ShannonBounds.C11R5D198.step_n1._native.native_decide.ax_1_5,
 ShannonBounds.C11R5D198.step_n1._native.native_decide.ax_1_6,
 ShannonBounds.C11R5D198.step_n1._native.native_decide.ax_1_7,
 ShannonBounds.C11R5D198.step_n2._native.native_decide.ax_1_1,
 ShannonBounds.C11R5D198.step_n2._native.native_decide.ax_1_2,
 ShannonBounds.C11R5D198.step_n2._native.native_decide.ax_1_3,
 ShannonBounds.C11R5D198.step_n2._native.native_decide.ax_1_4,
 ShannonBounds.C11R5D198.step_n2._native.native_decide.ax_1_5,
 ShannonBounds.C11R5D198.step_n2._native.native_decide.ax_1_6,
 ShannonBounds.C11R5D198.step_n2._native.native_decide.ax_1_7,
 ShannonBounds.C11R5D198.step_n3._native.native_decide.ax_1_1,
 ShannonBounds.C11R5D198.step_n3._native.native_decide.ax_1_2,
 ShannonBounds.C11R5D198.step_n3._native.native_decide.ax_1_3,
 ShannonBounds.C11R5D198.step_n3._native.native_decide.ax_1_4,
 ShannonBounds.C11R5D198.step_n3._native.native_decide.ax_1_5,
 ShannonBounds.C11R5D198.step_n3._native.native_decide.ax_1_6,
 ShannonBounds.C11R5D198.step_n3._native.native_decide.ax_1_7,
 ShannonBounds.C11R5D198.step_n4._native.native_decide.ax_1_1,
 ShannonBounds.C11R5D198.step_n4._native.native_decide.ax_1_2,
 ShannonBounds.C11R5D198.step_n4._native.native_decide.ax_1_3,
 ShannonBounds.C11R5D198.step_n4._native.native_decide.ax_1_4,
 ShannonBounds.C11R5D198.step_n4._native.native_decide.ax_1_5,
 ShannonBounds.C11R5D198.step_n4._native.native_decide.ax_1_6,
 ShannonBounds.C11R5D198.step_n4._native.native_decide.ax_1_7,
 ShannonBounds.C11R5Tables.S_36518f191584a644._native.native_decide.ax_1,
 ShannonBounds.C11R5Tables.S_36518f191584a644._native.native_decide.ax_2,
 ShannonBounds.C11R5Tables.S_6859b0ec25991d42._native.native_decide.ax_1,
 ShannonBounds.C11R5Tables.S_6859b0ec25991d42._native.native_decide.ax_2,
 ShannonBounds.C11R5Tables.S_b014d29111062762._native.native_decide.ax_1,
 ShannonBounds.C11R5Tables.S_b014d29111062762._native.native_decide.ax_2]
'ShannonBounds.C11R5D198.step_n5' depends on axioms: [propext,
 Classical.choice.{u},
 Quot.sound.{u},
 ShannonBounds.C11R5D198.step_n1._native.native_decide.ax_1_1,
 ShannonBounds.C11R5D198.step_n1._native.native_decide.ax_1_2,
 ShannonBounds.C11R5D198.step_n1._native.native_decide.ax_1_3,
 ShannonBounds.C11R5D198.step_n1._native.native_decide.ax_1_4,
 ShannonBounds.C11R5D198.step_n1._native.native_decide.ax_1_5,
 ShannonBounds.C11R5D198.step_n1._native.native_decide.ax_1_6,
 ShannonBounds.C11R5D198.step_n1._native.native_decide.ax_1_7,
 ShannonBounds.C11R5D198.step_n2._native.native_decide.ax_1_1,
 ShannonBounds.C11R5D198.step_n2._native.native_decide.ax_1_2,
 ShannonBounds.C11R5D198.step_n2._native.native_decide.ax_1_3,
 ShannonBounds.C11R5D198.step_n2._native.native_decide.ax_1_4,
 ShannonBounds.C11R5D198.step_n2._native.native_decide.ax_1_5,
 ShannonBounds.C11R5D198.step_n2._native.native_decide.ax_1_6,
 ShannonBounds.C11R5D198.step_n2._native.native_decide.ax_1_7,
 ShannonBounds.C11R5D198.step_n3._native.native_decide.ax_1_1,
 ShannonBounds.C11R5D198.step_n3._native.native_decide.ax_1_2,
 ShannonBounds.C11R5D198.step_n3._native.native_decide.ax_1_3,
 ShannonBounds.C11R5D198.step_n3._native.native_decide.ax_1_4,
 ShannonBounds.C11R5D198.step_n3._native.native_decide.ax_1_5,
 ShannonBounds.C11R5D198.step_n3._native.native_decide.ax_1_6,
 ShannonBounds.C11R5D198.step_n3._native.native_decide.ax_1_7,
 ShannonBounds.C11R5D198.step_n4._native.native_decide.ax_1_1,
 ShannonBounds.C11R5D198.step_n4._native.native_decide.ax_1_2,
 ShannonBounds.C11R5D198.step_n4._native.native_decide.ax_1_3,
 ShannonBounds.C11R5D198.step_n4._native.native_decide.ax_1_4,
 ShannonBounds.C11R5D198.step_n4._native.native_decide.ax_1_5,
 ShannonBounds.C11R5D198.step_n4._native.native_decide.ax_1_6,
 ShannonBounds.C11R5D198.step_n4._native.native_decide.ax_1_7,
 ShannonBounds.C11R5D198.step_n5._native.native_decide.ax_1_1,
 ShannonBounds.C11R5D198.step_n5._native.native_decide.ax_1_2,
 ShannonBounds.C11R5D198.step_n5._native.native_decide.ax_1_3,
 ShannonBounds.C11R5D198.step_n5._native.native_decide.ax_1_4,
 ShannonBounds.C11R5D198.step_n5._native.native_decide.ax_1_5,
 ShannonBounds.C11R5D198.step_n5._native.native_decide.ax_1_6,
 ShannonBounds.C11R5D198.step_n5._native.native_decide.ax_1_7,
 ShannonBounds.C11R5Tables.S_36518f191584a644._native.native_decide.ax_1,
 ShannonBounds.C11R5Tables.S_36518f191584a644._native.native_decide.ax_2,
 ShannonBounds.C11R5Tables.S_6859b0ec25991d42._native.native_decide.ax_1,
 ShannonBounds.C11R5Tables.S_6859b0ec25991d42._native.native_decide.ax_2,
 ShannonBounds.C11R5Tables.S_b014d29111062762._native.native_decide.ax_1,
 ShannonBounds.C11R5Tables.S_b014d29111062762._native.native_decide.ax_2,
 ShannonBounds.C11R5Tables.S_e788020168e26abb._native.native_decide.ax_1,
 ShannonBounds.C11R5Tables.S_e788020168e26abb._native.native_decide.ax_2]
'ShannonBounds.C11R5D198.step_n6' depends on axioms: [propext,
 Classical.choice.{u},
 Quot.sound.{u},
 ShannonBounds.C11R5D198.step_n1._native.native_decide.ax_1_1,
 ShannonBounds.C11R5D198.step_n1._native.native_decide.ax_1_2,
 ShannonBounds.C11R5D198.step_n1._native.native_decide.ax_1_3,
 ShannonBounds.C11R5D198.step_n1._native.native_decide.ax_1_4,
 ShannonBounds.C11R5D198.step_n1._native.native_decide.ax_1_5,
 ShannonBounds.C11R5D198.step_n1._native.native_decide.ax_1_6,
 ShannonBounds.C11R5D198.step_n1._native.native_decide.ax_1_7,
 ShannonBounds.C11R5D198.step_n2._native.native_decide.ax_1_1,
 ShannonBounds.C11R5D198.step_n2._native.native_decide.ax_1_2,
 ShannonBounds.C11R5D198.step_n2._native.native_decide.ax_1_3,
 ShannonBounds.C11R5D198.step_n2._native.native_decide.ax_1_4,
 ShannonBounds.C11R5D198.step_n2._native.native_decide.ax_1_5,
 ShannonBounds.C11R5D198.step_n2._native.native_decide.ax_1_6,
 ShannonBounds.C11R5D198.step_n2._native.native_decide.ax_1_7,
 ShannonBounds.C11R5D198.step_n3._native.native_decide.ax_1_1,
 ShannonBounds.C11R5D198.step_n3._native.native_decide.ax_1_2,
 ShannonBounds.C11R5D198.step_n3._native.native_decide.ax_1_3,
 ShannonBounds.C11R5D198.step_n3._native.native_decide.ax_1_4,
 ShannonBounds.C11R5D198.step_n3._native.native_decide.ax_1_5,
 ShannonBounds.C11R5D198.step_n3._native.native_decide.ax_1_6,
 ShannonBounds.C11R5D198.step_n3._native.native_decide.ax_1_7,
 ShannonBounds.C11R5D198.step_n4._native.native_decide.ax_1_1,
 ShannonBounds.C11R5D198.step_n4._native.native_decide.ax_1_2,
 ShannonBounds.C11R5D198.step_n4._native.native_decide.ax_1_3,
 ShannonBounds.C11R5D198.step_n4._native.native_decide.ax_1_4,
 ShannonBounds.C11R5D198.step_n4._native.native_decide.ax_1_5,
 ShannonBounds.C11R5D198.step_n4._native.native_decide.ax_1_6,
 ShannonBounds.C11R5D198.step_n4._native.native_decide.ax_1_7,
 ShannonBounds.C11R5D198.step_n5._native.native_decide.ax_1_1,
 ShannonBounds.C11R5D198.step_n5._native.native_decide.ax_1_2,
 ShannonBounds.C11R5D198.step_n5._native.native_decide.ax_1_3,
 ShannonBounds.C11R5D198.step_n5._native.native_decide.ax_1_4,
 ShannonBounds.C11R5D198.step_n5._native.native_decide.ax_1_5,
 ShannonBounds.C11R5D198.step_n5._native.native_decide.ax_1_6,
 ShannonBounds.C11R5D198.step_n5._native.native_decide.ax_1_7,
 ShannonBounds.C11R5D198.step_n6._native.native_decide.ax_1_1,
 ShannonBounds.C11R5D198.step_n6._native.native_decide.ax_1_2,
 ShannonBounds.C11R5D198.step_n6._native.native_decide.ax_1_3,
 ShannonBounds.C11R5D198.step_n6._native.native_decide.ax_1_4,
 ShannonBounds.C11R5D198.step_n6._native.native_decide.ax_1_5,
 ShannonBounds.C11R5D198.step_n6._native.native_decide.ax_1_6,
 ShannonBounds.C11R5D198.step_n6._native.native_decide.ax_1_7,
 ShannonBounds.C11R5Tables.S_36518f191584a644._native.native_decide.ax_1,
 ShannonBounds.C11R5Tables.S_36518f191584a644._native.native_decide.ax_2,
 ShannonBounds.C11R5Tables.S_6859b0ec25991d42._native.native_decide.ax_1,
 ShannonBounds.C11R5Tables.S_6859b0ec25991d42._native.native_decide.ax_2,
 ShannonBounds.C11R5Tables.S_b014d29111062762._native.native_decide.ax_1,
 ShannonBounds.C11R5Tables.S_b014d29111062762._native.native_decide.ax_2,
 ShannonBounds.C11R5Tables.S_e788020168e26abb._native.native_decide.ax_1,
 ShannonBounds.C11R5Tables.S_e788020168e26abb._native.native_decide.ax_2]
'ShannonBounds.C11R5D198.step_n7' depends on axioms: [propext,
 Classical.choice.{u},
 Quot.sound.{u},
 ShannonBounds.C11R5D198.step_n7._native.native_decide.ax_1_1,
 ShannonBounds.C11R5D198.step_n7._native.native_decide.ax_1_2,
 ShannonBounds.C11R5D198.step_n7._native.native_decide.ax_1_3,
 ShannonBounds.C11R5D198.step_n7._native.native_decide.ax_1_4,
 ShannonBounds.C11R5D198.step_n7._native.native_decide.ax_1_5,
 ShannonBounds.C11R5D198.step_n7._native.native_decide.ax_1_6,
 ShannonBounds.C11R5D198.step_n7._native.native_decide.ax_1_7,
 ShannonBounds.C11R5Tables.S_18277b0c484b4c41._native.native_decide.ax_1,
 ShannonBounds.C11R5Tables.S_18277b0c484b4c41._native.native_decide.ax_2]
'ShannonBounds.C11R5D198.step_n8' depends on axioms: [propext,
 Classical.choice.{u},
 Quot.sound.{u},
 ShannonBounds.C11R5D198.step_n7._native.native_decide.ax_1_1,
 ShannonBounds.C11R5D198.step_n7._native.native_decide.ax_1_2,
 ShannonBounds.C11R5D198.step_n7._native.native_decide.ax_1_3,
 ShannonBounds.C11R5D198.step_n7._native.native_decide.ax_1_4,
 ShannonBounds.C11R5D198.step_n7._native.native_decide.ax_1_5,
 ShannonBounds.C11R5D198.step_n7._native.native_decide.ax_1_6,
 ShannonBounds.C11R5D198.step_n7._native.native_decide.ax_1_7,
 ShannonBounds.C11R5D198.step_n8._native.native_decide.ax_1_1,
 ShannonBounds.C11R5D198.step_n8._native.native_decide.ax_1_2,
 ShannonBounds.C11R5D198.step_n8._native.native_decide.ax_1_3,
 ShannonBounds.C11R5D198.step_n8._native.native_decide.ax_1_4,
 ShannonBounds.C11R5D198.step_n8._native.native_decide.ax_1_5,
 ShannonBounds.C11R5D198.step_n8._native.native_decide.ax_1_6,
 ShannonBounds.C11R5D198.step_n8._native.native_decide.ax_1_7,
 ShannonBounds.C11R5Tables.S_18277b0c484b4c41._native.native_decide.ax_1,
 ShannonBounds.C11R5Tables.S_18277b0c484b4c41._native.native_decide.ax_2,
 ShannonBounds.C11R5Tables.S_3daf90758a80fbb9._native.native_decide.ax_1,
 ShannonBounds.C11R5Tables.S_3daf90758a80fbb9._native.native_decide.ax_2]
'ShannonBounds.C11R5D198.step_n9' depends on axioms: [propext,
 Classical.choice.{u},
 Quot.sound.{u},
 ShannonBounds.C11R5D198.step_n7._native.native_decide.ax_1_1,
 ShannonBounds.C11R5D198.step_n7._native.native_decide.ax_1_2,
 ShannonBounds.C11R5D198.step_n7._native.native_decide.ax_1_3,
 ShannonBounds.C11R5D198.step_n7._native.native_decide.ax_1_4,
 ShannonBounds.C11R5D198.step_n7._native.native_decide.ax_1_5,
 ShannonBounds.C11R5D198.step_n7._native.native_decide.ax_1_6,
 ShannonBounds.C11R5D198.step_n7._native.native_decide.ax_1_7,
 ShannonBounds.C11R5D198.step_n8._native.native_decide.ax_1_1,
 ShannonBounds.C11R5D198.step_n8._native.native_decide.ax_1_2,
 ShannonBounds.C11R5D198.step_n8._native.native_decide.ax_1_3,
 ShannonBounds.C11R5D198.step_n8._native.native_decide.ax_1_4,
 ShannonBounds.C11R5D198.step_n8._native.native_decide.ax_1_5,
 ShannonBounds.C11R5D198.step_n8._native.native_decide.ax_1_6,
 ShannonBounds.C11R5D198.step_n8._native.native_decide.ax_1_7,
 ShannonBounds.C11R5D198.step_n9._native.native_decide.ax_1_1,
 ShannonBounds.C11R5D198.step_n9._native.native_decide.ax_1_2,
 ShannonBounds.C11R5D198.step_n9._native.native_decide.ax_1_3,
 ShannonBounds.C11R5D198.step_n9._native.native_decide.ax_1_4,
 ShannonBounds.C11R5D198.step_n9._native.native_decide.ax_1_5,
 ShannonBounds.C11R5D198.step_n9._native.native_decide.ax_1_6,
 ShannonBounds.C11R5D198.step_n9._native.native_decide.ax_1_7,
 ShannonBounds.C11R5Tables.S_18277b0c484b4c41._native.native_decide.ax_1,
 ShannonBounds.C11R5Tables.S_18277b0c484b4c41._native.native_decide.ax_2,
 ShannonBounds.C11R5Tables.S_3daf90758a80fbb9._native.native_decide.ax_1,
 ShannonBounds.C11R5Tables.S_3daf90758a80fbb9._native.native_decide.ax_2,
 ShannonBounds.C11R5Tables.S_e788020168e26abb._native.native_decide.ax_1,
 ShannonBounds.C11R5Tables.S_e788020168e26abb._native.native_decide.ax_2]
'ShannonBounds.C11R5D198.step_n10' depends on axioms: [propext,
 Classical.choice.{u},
 Quot.sound.{u},
 ShannonBounds.C11R5D198.step_n10._native.native_decide.ax_1_1,
 ShannonBounds.C11R5D198.step_n10._native.native_decide.ax_1_2,
 ShannonBounds.C11R5D198.step_n10._native.native_decide.ax_1_3,
 ShannonBounds.C11R5D198.step_n10._native.native_decide.ax_1_4,
 ShannonBounds.C11R5D198.step_n10._native.native_decide.ax_1_5,
 ShannonBounds.C11R5D198.step_n10._native.native_decide.ax_1_6,
 ShannonBounds.C11R5D198.step_n10._native.native_decide.ax_1_7,
 ShannonBounds.C11R5Tables.S_e788020168e26abb._native.native_decide.ax_1,
 ShannonBounds.C11R5Tables.S_e788020168e26abb._native.native_decide.ax_2]
'ShannonBounds.C11R5D198.step_n11' depends on axioms: [propext,
 Classical.choice.{u},
 Quot.sound.{u},
 ShannonBounds.C11R5D198.step_n11._native.native_decide.ax_1_1,
 ShannonBounds.C11R5D198.step_n11._native.native_decide.ax_1_2,
 ShannonBounds.C11R5D198.step_n11._native.native_decide.ax_1_3,
 ShannonBounds.C11R5D198.step_n11._native.native_decide.ax_1_4,
 ShannonBounds.C11R5D198.step_n11._native.native_decide.ax_1_5,
 ShannonBounds.C11R5D198.step_n11._native.native_decide.ax_1_6,
 ShannonBounds.C11R5D198.step_n11._native.native_decide.ax_1_7,
 ShannonBounds.C11R5Tables.S_3b145410351af05c._native.native_decide.ax_1,
 ShannonBounds.C11R5Tables.S_3b145410351af05c._native.native_decide.ax_2]
'ShannonBounds.C11R5D198.step_n12' depends on axioms: [propext,
 Classical.choice.{u},
 Quot.sound.{u},
 ShannonBounds.C11R5D198.step_n10._native.native_decide.ax_1_1,
 ShannonBounds.C11R5D198.step_n10._native.native_decide.ax_1_2,
 ShannonBounds.C11R5D198.step_n10._native.native_decide.ax_1_3,
 ShannonBounds.C11R5D198.step_n10._native.native_decide.ax_1_4,
 ShannonBounds.C11R5D198.step_n10._native.native_decide.ax_1_5,
 ShannonBounds.C11R5D198.step_n10._native.native_decide.ax_1_6,
 ShannonBounds.C11R5D198.step_n10._native.native_decide.ax_1_7,
 ShannonBounds.C11R5D198.step_n11._native.native_decide.ax_1_1,
 ShannonBounds.C11R5D198.step_n11._native.native_decide.ax_1_2,
 ShannonBounds.C11R5D198.step_n11._native.native_decide.ax_1_3,
 ShannonBounds.C11R5D198.step_n11._native.native_decide.ax_1_4,
 ShannonBounds.C11R5D198.step_n11._native.native_decide.ax_1_5,
 ShannonBounds.C11R5D198.step_n11._native.native_decide.ax_1_6,
 ShannonBounds.C11R5D198.step_n11._native.native_decide.ax_1_7,
 ShannonBounds.C11R5D198.step_n12._native.native_decide.ax_1_1,
 ShannonBounds.C11R5D198.step_n12._native.native_decide.ax_1_2,
 ShannonBounds.C11R5D198.step_n12._native.native_decide.ax_1_3,
 ShannonBounds.C11R5D198.step_n12._native.native_decide.ax_1_4,
 ShannonBounds.C11R5D198.step_n12._native.native_decide.ax_1_5,
 ShannonBounds.C11R5D198.step_n12._native.native_decide.ax_1_6,
 ShannonBounds.C11R5D198.step_n12._native.native_decide.ax_1_7,
 ShannonBounds.C11R5Tables.S_3b145410351af05c._native.native_decide.ax_1,
 ShannonBounds.C11R5Tables.S_3b145410351af05c._native.native_decide.ax_2,
 ShannonBounds.C11R5Tables.S_6859b0ec25991d42._native.native_decide.ax_1,
 ShannonBounds.C11R5Tables.S_6859b0ec25991d42._native.native_decide.ax_2,
 ShannonBounds.C11R5Tables.S_e788020168e26abb._native.native_decide.ax_1,
 ShannonBounds.C11R5Tables.S_e788020168e26abb._native.native_decide.ax_2]
'ShannonBounds.C11R5D198.step_n13' depends on axioms: [propext,
 Classical.choice.{u},
 Quot.sound.{u},
 ShannonBounds.C11R5D198.step_n13._native.native_decide.ax_1_1,
 ShannonBounds.C11R5D198.step_n13._native.native_decide.ax_1_2,
 ShannonBounds.C11R5D198.step_n13._native.native_decide.ax_1_3,
 ShannonBounds.C11R5D198.step_n13._native.native_decide.ax_1_4,
 ShannonBounds.C11R5D198.step_n13._native.native_decide.ax_1_5,
 ShannonBounds.C11R5D198.step_n13._native.native_decide.ax_1_6,
 ShannonBounds.C11R5D198.step_n13._native.native_decide.ax_1_7,
 ShannonBounds.C11R5Tables.S_6859b0ec25991d42._native.native_decide.ax_1,
 ShannonBounds.C11R5Tables.S_6859b0ec25991d42._native.native_decide.ax_2]
'ShannonBounds.C11R5D198.step_n14' depends on axioms: [propext,
 Classical.choice.{u},
 Quot.sound.{u},
 ShannonBounds.C11R5D198.step_n13._native.native_decide.ax_1_1,
 ShannonBounds.C11R5D198.step_n13._native.native_decide.ax_1_2,
 ShannonBounds.C11R5D198.step_n13._native.native_decide.ax_1_3,
 ShannonBounds.C11R5D198.step_n13._native.native_decide.ax_1_4,
 ShannonBounds.C11R5D198.step_n13._native.native_decide.ax_1_5,
 ShannonBounds.C11R5D198.step_n13._native.native_decide.ax_1_6,
 ShannonBounds.C11R5D198.step_n13._native.native_decide.ax_1_7,
 ShannonBounds.C11R5D198.step_n14._native.native_decide.ax_1_1,
 ShannonBounds.C11R5D198.step_n14._native.native_decide.ax_1_2,
 ShannonBounds.C11R5D198.step_n14._native.native_decide.ax_1_3,
 ShannonBounds.C11R5D198.step_n14._native.native_decide.ax_1_4,
 ShannonBounds.C11R5D198.step_n14._native.native_decide.ax_1_5,
 ShannonBounds.C11R5D198.step_n14._native.native_decide.ax_1_6,
 ShannonBounds.C11R5D198.step_n14._native.native_decide.ax_1_7,
 ShannonBounds.C11R5Tables.S_6859b0ec25991d42._native.native_decide.ax_1,
 ShannonBounds.C11R5Tables.S_6859b0ec25991d42._native.native_decide.ax_2,
 ShannonBounds.C11R5Tables.S_a41106e52a48b9a6._native.native_decide.ax_1,
 ShannonBounds.C11R5Tables.S_a41106e52a48b9a6._native.native_decide.ax_2]
'ShannonBounds.C11R5D198.step_n15' depends on axioms: [propext,
 Classical.choice.{u},
 Quot.sound.{u},
 ShannonBounds.C11R5D198.step_n10._native.native_decide.ax_1_1,
 ShannonBounds.C11R5D198.step_n10._native.native_decide.ax_1_2,
 ShannonBounds.C11R5D198.step_n10._native.native_decide.ax_1_3,
 ShannonBounds.C11R5D198.step_n10._native.native_decide.ax_1_4,
 ShannonBounds.C11R5D198.step_n10._native.native_decide.ax_1_5,
 ShannonBounds.C11R5D198.step_n10._native.native_decide.ax_1_6,
 ShannonBounds.C11R5D198.step_n10._native.native_decide.ax_1_7,
 ShannonBounds.C11R5D198.step_n11._native.native_decide.ax_1_1,
 ShannonBounds.C11R5D198.step_n11._native.native_decide.ax_1_2,
 ShannonBounds.C11R5D198.step_n11._native.native_decide.ax_1_3,
 ShannonBounds.C11R5D198.step_n11._native.native_decide.ax_1_4,
 ShannonBounds.C11R5D198.step_n11._native.native_decide.ax_1_5,
 ShannonBounds.C11R5D198.step_n11._native.native_decide.ax_1_6,
 ShannonBounds.C11R5D198.step_n11._native.native_decide.ax_1_7,
 ShannonBounds.C11R5D198.step_n13._native.native_decide.ax_1_1,
 ShannonBounds.C11R5D198.step_n13._native.native_decide.ax_1_2,
 ShannonBounds.C11R5D198.step_n13._native.native_decide.ax_1_3,
 ShannonBounds.C11R5D198.step_n13._native.native_decide.ax_1_4,
 ShannonBounds.C11R5D198.step_n13._native.native_decide.ax_1_5,
 ShannonBounds.C11R5D198.step_n13._native.native_decide.ax_1_6,
 ShannonBounds.C11R5D198.step_n13._native.native_decide.ax_1_7,
 ShannonBounds.C11R5D198.step_n14._native.native_decide.ax_1_1,
 ShannonBounds.C11R5D198.step_n14._native.native_decide.ax_1_2,
 ShannonBounds.C11R5D198.step_n14._native.native_decide.ax_1_3,
 ShannonBounds.C11R5D198.step_n14._native.native_decide.ax_1_4,
 ShannonBounds.C11R5D198.step_n14._native.native_decide.ax_1_5,
 ShannonBounds.C11R5D198.step_n14._native.native_decide.ax_1_6,
 ShannonBounds.C11R5D198.step_n14._native.native_decide.ax_1_7,
 ShannonBounds.C11R5D198.step_n15._native.native_decide.ax_1_1,
 ShannonBounds.C11R5D198.step_n15._native.native_decide.ax_1_2,
 ShannonBounds.C11R5D198.step_n15._native.native_decide.ax_1_3,
 ShannonBounds.C11R5D198.step_n15._native.native_decide.ax_1_4,
 ShannonBounds.C11R5D198.step_n15._native.native_decide.ax_1_5,
 ShannonBounds.C11R5D198.step_n15._native.native_decide.ax_1_6,
 ShannonBounds.C11R5D198.step_n15._native.native_decide.ax_1_7,
 ShannonBounds.C11R5Tables.S_3b145410351af05c._native.native_decide.ax_1,
 ShannonBounds.C11R5Tables.S_3b145410351af05c._native.native_decide.ax_2,
 ShannonBounds.C11R5Tables.S_3e8694d6a5bfe173._native.native_decide.ax_1,
 ShannonBounds.C11R5Tables.S_3e8694d6a5bfe173._native.native_decide.ax_2,
 ShannonBounds.C11R5Tables.S_6859b0ec25991d42._native.native_decide.ax_1,
 ShannonBounds.C11R5Tables.S_6859b0ec25991d42._native.native_decide.ax_2,
 ShannonBounds.C11R5Tables.S_a41106e52a48b9a6._native.native_decide.ax_1,
 ShannonBounds.C11R5Tables.S_a41106e52a48b9a6._native.native_decide.ax_2,
 ShannonBounds.C11R5Tables.S_e788020168e26abb._native.native_decide.ax_1,
 ShannonBounds.C11R5Tables.S_e788020168e26abb._native.native_decide.ax_2]
'ShannonBounds.C11R5D198.step_n16' depends on axioms: [propext,
 Classical.choice.{u},
 Quot.sound.{u},
 ShannonBounds.C11R5D198.step_n16._native.native_decide.ax_1_1,
 ShannonBounds.C11R5D198.step_n16._native.native_decide.ax_1_2,
 ShannonBounds.C11R5D198.step_n16._native.native_decide.ax_1_3,
 ShannonBounds.C11R5D198.step_n16._native.native_decide.ax_1_4,
 ShannonBounds.C11R5D198.step_n16._native.native_decide.ax_1_5,
 ShannonBounds.C11R5D198.step_n16._native.native_decide.ax_1_6,
 ShannonBounds.C11R5D198.step_n16._native.native_decide.ax_1_7,
 ShannonBounds.C11R5Tables.S_cd41b86686c50a10._native.native_decide.ax_1,
 ShannonBounds.C11R5Tables.S_cd41b86686c50a10._native.native_decide.ax_2]
'ShannonBounds.C11R5D198.step_n17' depends on axioms: [propext,
 Classical.choice.{u},
 Quot.sound.{u},
 ShannonBounds.C11R5D198.step_n16._native.native_decide.ax_1_1,
 ShannonBounds.C11R5D198.step_n16._native.native_decide.ax_1_2,
 ShannonBounds.C11R5D198.step_n16._native.native_decide.ax_1_3,
 ShannonBounds.C11R5D198.step_n16._native.native_decide.ax_1_4,
 ShannonBounds.C11R5D198.step_n16._native.native_decide.ax_1_5,
 ShannonBounds.C11R5D198.step_n16._native.native_decide.ax_1_6,
 ShannonBounds.C11R5D198.step_n16._native.native_decide.ax_1_7,
 ShannonBounds.C11R5D198.step_n17._native.native_decide.ax_1_1,
 ShannonBounds.C11R5D198.step_n17._native.native_decide.ax_1_2,
 ShannonBounds.C11R5D198.step_n17._native.native_decide.ax_1_3,
 ShannonBounds.C11R5D198.step_n17._native.native_decide.ax_1_4,
 ShannonBounds.C11R5D198.step_n17._native.native_decide.ax_1_5,
 ShannonBounds.C11R5D198.step_n17._native.native_decide.ax_1_6,
 ShannonBounds.C11R5D198.step_n17._native.native_decide.ax_1_7,
 ShannonBounds.C11R5Tables.S_6356700cb05251b5._native.native_decide.ax_1,
 ShannonBounds.C11R5Tables.S_6356700cb05251b5._native.native_decide.ax_2,
 ShannonBounds.C11R5Tables.S_cd41b86686c50a10._native.native_decide.ax_1,
 ShannonBounds.C11R5Tables.S_cd41b86686c50a10._native.native_decide.ax_2]
'ShannonBounds.C11R5D198.step_n18' depends on axioms: [propext,
 Classical.choice.{u},
 Quot.sound.{u},
 ShannonBounds.C11R5D198.step_n10._native.native_decide.ax_1_1,
 ShannonBounds.C11R5D198.step_n10._native.native_decide.ax_1_2,
 ShannonBounds.C11R5D198.step_n10._native.native_decide.ax_1_3,
 ShannonBounds.C11R5D198.step_n10._native.native_decide.ax_1_4,
 ShannonBounds.C11R5D198.step_n10._native.native_decide.ax_1_5,
 ShannonBounds.C11R5D198.step_n10._native.native_decide.ax_1_6,
 ShannonBounds.C11R5D198.step_n10._native.native_decide.ax_1_7,
 ShannonBounds.C11R5D198.step_n16._native.native_decide.ax_1_1,
 ShannonBounds.C11R5D198.step_n16._native.native_decide.ax_1_2,
 ShannonBounds.C11R5D198.step_n16._native.native_decide.ax_1_3,
 ShannonBounds.C11R5D198.step_n16._native.native_decide.ax_1_4,
 ShannonBounds.C11R5D198.step_n16._native.native_decide.ax_1_5,
 ShannonBounds.C11R5D198.step_n16._native.native_decide.ax_1_6,
 ShannonBounds.C11R5D198.step_n16._native.native_decide.ax_1_7,
 ShannonBounds.C11R5D198.step_n17._native.native_decide.ax_1_1,
 ShannonBounds.C11R5D198.step_n17._native.native_decide.ax_1_2,
 ShannonBounds.C11R5D198.step_n17._native.native_decide.ax_1_3,
 ShannonBounds.C11R5D198.step_n17._native.native_decide.ax_1_4,
 ShannonBounds.C11R5D198.step_n17._native.native_decide.ax_1_5,
 ShannonBounds.C11R5D198.step_n17._native.native_decide.ax_1_6,
 ShannonBounds.C11R5D198.step_n17._native.native_decide.ax_1_7,
 ShannonBounds.C11R5D198.step_n18._native.native_decide.ax_1_1,
 ShannonBounds.C11R5D198.step_n18._native.native_decide.ax_1_2,
 ShannonBounds.C11R5D198.step_n18._native.native_decide.ax_1_3,
 ShannonBounds.C11R5D198.step_n18._native.native_decide.ax_1_4,
 ShannonBounds.C11R5D198.step_n18._native.native_decide.ax_1_5,
 ShannonBounds.C11R5D198.step_n18._native.native_decide.ax_1_6,
 ShannonBounds.C11R5D198.step_n18._native.native_decide.ax_1_7,
 ShannonBounds.C11R5Tables.S_6356700cb05251b5._native.native_decide.ax_1,
 ShannonBounds.C11R5Tables.S_6356700cb05251b5._native.native_decide.ax_2,
 ShannonBounds.C11R5Tables.S_cd41b86686c50a10._native.native_decide.ax_1,
 ShannonBounds.C11R5Tables.S_cd41b86686c50a10._native.native_decide.ax_2,
 ShannonBounds.C11R5Tables.S_e620baced0654ce9._native.native_decide.ax_1,
 ShannonBounds.C11R5Tables.S_e620baced0654ce9._native.native_decide.ax_2,
 ShannonBounds.C11R5Tables.S_e788020168e26abb._native.native_decide.ax_1,
 ShannonBounds.C11R5Tables.S_e788020168e26abb._native.native_decide.ax_2]
'ShannonBounds.C11R5D198.step_n19' depends on axioms: [propext,
 Classical.choice.{u},
 Quot.sound.{u},
 ShannonBounds.C11R5D198.step_n10._native.native_decide.ax_1_1,
 ShannonBounds.C11R5D198.step_n10._native.native_decide.ax_1_2,
 ShannonBounds.C11R5D198.step_n10._native.native_decide.ax_1_3,
 ShannonBounds.C11R5D198.step_n10._native.native_decide.ax_1_4,
 ShannonBounds.C11R5D198.step_n10._native.native_decide.ax_1_5,
 ShannonBounds.C11R5D198.step_n10._native.native_decide.ax_1_6,
 ShannonBounds.C11R5D198.step_n10._native.native_decide.ax_1_7,
 ShannonBounds.C11R5D198.step_n11._native.native_decide.ax_1_1,
 ShannonBounds.C11R5D198.step_n11._native.native_decide.ax_1_2,
 ShannonBounds.C11R5D198.step_n11._native.native_decide.ax_1_3,
 ShannonBounds.C11R5D198.step_n11._native.native_decide.ax_1_4,
 ShannonBounds.C11R5D198.step_n11._native.native_decide.ax_1_5,
 ShannonBounds.C11R5D198.step_n11._native.native_decide.ax_1_6,
 ShannonBounds.C11R5D198.step_n11._native.native_decide.ax_1_7,
 ShannonBounds.C11R5D198.step_n12._native.native_decide.ax_1_1,
 ShannonBounds.C11R5D198.step_n12._native.native_decide.ax_1_2,
 ShannonBounds.C11R5D198.step_n12._native.native_decide.ax_1_3,
 ShannonBounds.C11R5D198.step_n12._native.native_decide.ax_1_4,
 ShannonBounds.C11R5D198.step_n12._native.native_decide.ax_1_5,
 ShannonBounds.C11R5D198.step_n12._native.native_decide.ax_1_6,
 ShannonBounds.C11R5D198.step_n12._native.native_decide.ax_1_7,
 ShannonBounds.C11R5D198.step_n13._native.native_decide.ax_1_1,
 ShannonBounds.C11R5D198.step_n13._native.native_decide.ax_1_2,
 ShannonBounds.C11R5D198.step_n13._native.native_decide.ax_1_3,
 ShannonBounds.C11R5D198.step_n13._native.native_decide.ax_1_4,
 ShannonBounds.C11R5D198.step_n13._native.native_decide.ax_1_5,
 ShannonBounds.C11R5D198.step_n13._native.native_decide.ax_1_6,
 ShannonBounds.C11R5D198.step_n13._native.native_decide.ax_1_7,
 ShannonBounds.C11R5D198.step_n14._native.native_decide.ax_1_1,
 ShannonBounds.C11R5D198.step_n14._native.native_decide.ax_1_2,
 ShannonBounds.C11R5D198.step_n14._native.native_decide.ax_1_3,
 ShannonBounds.C11R5D198.step_n14._native.native_decide.ax_1_4,
 ShannonBounds.C11R5D198.step_n14._native.native_decide.ax_1_5,
 ShannonBounds.C11R5D198.step_n14._native.native_decide.ax_1_6,
 ShannonBounds.C11R5D198.step_n14._native.native_decide.ax_1_7,
 ShannonBounds.C11R5D198.step_n15._native.native_decide.ax_1_1,
 ShannonBounds.C11R5D198.step_n15._native.native_decide.ax_1_2,
 ShannonBounds.C11R5D198.step_n15._native.native_decide.ax_1_3,
 ShannonBounds.C11R5D198.step_n15._native.native_decide.ax_1_4,
 ShannonBounds.C11R5D198.step_n15._native.native_decide.ax_1_5,
 ShannonBounds.C11R5D198.step_n15._native.native_decide.ax_1_6,
 ShannonBounds.C11R5D198.step_n15._native.native_decide.ax_1_7,
 ShannonBounds.C11R5D198.step_n16._native.native_decide.ax_1_1,
 ShannonBounds.C11R5D198.step_n16._native.native_decide.ax_1_2,
 ShannonBounds.C11R5D198.step_n16._native.native_decide.ax_1_3,
 ShannonBounds.C11R5D198.step_n16._native.native_decide.ax_1_4,
 ShannonBounds.C11R5D198.step_n16._native.native_decide.ax_1_5,
 ShannonBounds.C11R5D198.step_n16._native.native_decide.ax_1_6,
 ShannonBounds.C11R5D198.step_n16._native.native_decide.ax_1_7,
 ShannonBounds.C11R5D198.step_n17._native.native_decide.ax_1_1,
 ShannonBounds.C11R5D198.step_n17._native.native_decide.ax_1_2,
 ShannonBounds.C11R5D198.step_n17._native.native_decide.ax_1_3,
 ShannonBounds.C11R5D198.step_n17._native.native_decide.ax_1_4,
 ShannonBounds.C11R5D198.step_n17._native.native_decide.ax_1_5,
 ShannonBounds.C11R5D198.step_n17._native.native_decide.ax_1_6,
 ShannonBounds.C11R5D198.step_n17._native.native_decide.ax_1_7,
 ShannonBounds.C11R5D198.step_n18._native.native_decide.ax_1_1,
 ShannonBounds.C11R5D198.step_n18._native.native_decide.ax_1_2,
 ShannonBounds.C11R5D198.step_n18._native.native_decide.ax_1_3,
 ShannonBounds.C11R5D198.step_n18._native.native_decide.ax_1_4,
 ShannonBounds.C11R5D198.step_n18._native.native_decide.ax_1_5,
 ShannonBounds.C11R5D198.step_n18._native.native_decide.ax_1_6,
 ShannonBounds.C11R5D198.step_n18._native.native_decide.ax_1_7,
 ShannonBounds.C11R5D198.step_n19._native.native_decide.ax_1_1,
 ShannonBounds.C11R5D198.step_n19._native.native_decide.ax_1_2,
 ShannonBounds.C11R5D198.step_n19._native.native_decide.ax_1_3,
 ShannonBounds.C11R5D198.step_n19._native.native_decide.ax_1_4,
 ShannonBounds.C11R5D198.step_n19._native.native_decide.ax_1_5,
 ShannonBounds.C11R5D198.step_n19._native.native_decide.ax_1_6,
 ShannonBounds.C11R5D198.step_n19._native.native_decide.ax_1_7,
 ShannonBounds.C11R5Tables.S_0058d965adce02f4._native.native_decide.ax_1,
 ShannonBounds.C11R5Tables.S_0058d965adce02f4._native.native_decide.ax_2,
 ShannonBounds.C11R5Tables.S_3b145410351af05c._native.native_decide.ax_1,
 ShannonBounds.C11R5Tables.S_3b145410351af05c._native.native_decide.ax_2,
 ShannonBounds.C11R5Tables.S_3e8694d6a5bfe173._native.native_decide.ax_1,
 ShannonBounds.C11R5Tables.S_3e8694d6a5bfe173._native.native_decide.ax_2,
 ShannonBounds.C11R5Tables.S_6356700cb05251b5._native.native_decide.ax_1,
 ShannonBounds.C11R5Tables.S_6356700cb05251b5._native.native_decide.ax_2,
 ShannonBounds.C11R5Tables.S_6859b0ec25991d42._native.native_decide.ax_1,
 ShannonBounds.C11R5Tables.S_6859b0ec25991d42._native.native_decide.ax_2,
 ShannonBounds.C11R5Tables.S_a41106e52a48b9a6._native.native_decide.ax_1,
 ShannonBounds.C11R5Tables.S_a41106e52a48b9a6._native.native_decide.ax_2,
 ShannonBounds.C11R5Tables.S_cd41b86686c50a10._native.native_decide.ax_1,
 ShannonBounds.C11R5Tables.S_cd41b86686c50a10._native.native_decide.ax_2,
 ShannonBounds.C11R5Tables.S_e620baced0654ce9._native.native_decide.ax_1,
 ShannonBounds.C11R5Tables.S_e620baced0654ce9._native.native_decide.ax_2,
 ShannonBounds.C11R5Tables.S_e788020168e26abb._native.native_decide.ax_1,
 ShannonBounds.C11R5Tables.S_e788020168e26abb._native.native_decide.ax_2]
'ShannonBounds.C11R5D198.step_n20' depends on axioms: [propext,
 Classical.choice.{u},
 Quot.sound.{u},
 ShannonBounds.C11R5D198.step_n20._native.native_decide.ax_1_1,
 ShannonBounds.C11R5D198.step_n20._native.native_decide.ax_1_2,
 ShannonBounds.C11R5D198.step_n20._native.native_decide.ax_1_3,
 ShannonBounds.C11R5D198.step_n20._native.native_decide.ax_1_4,
 ShannonBounds.C11R5D198.step_n20._native.native_decide.ax_1_5,
 ShannonBounds.C11R5D198.step_n20._native.native_decide.ax_1_6,
 ShannonBounds.C11R5D198.step_n20._native.native_decide.ax_1_7,
 ShannonBounds.C11R5D198.step_n7._native.native_decide.ax_1_1,
 ShannonBounds.C11R5D198.step_n7._native.native_decide.ax_1_2,
 ShannonBounds.C11R5D198.step_n7._native.native_decide.ax_1_3,
 ShannonBounds.C11R5D198.step_n7._native.native_decide.ax_1_4,
 ShannonBounds.C11R5D198.step_n7._native.native_decide.ax_1_5,
 ShannonBounds.C11R5D198.step_n7._native.native_decide.ax_1_6,
 ShannonBounds.C11R5D198.step_n7._native.native_decide.ax_1_7,
 ShannonBounds.C11R5D198.step_n8._native.native_decide.ax_1_1,
 ShannonBounds.C11R5D198.step_n8._native.native_decide.ax_1_2,
 ShannonBounds.C11R5D198.step_n8._native.native_decide.ax_1_3,
 ShannonBounds.C11R5D198.step_n8._native.native_decide.ax_1_4,
 ShannonBounds.C11R5D198.step_n8._native.native_decide.ax_1_5,
 ShannonBounds.C11R5D198.step_n8._native.native_decide.ax_1_6,
 ShannonBounds.C11R5D198.step_n8._native.native_decide.ax_1_7,
 ShannonBounds.C11R5Tables.S_18277b0c484b4c41._native.native_decide.ax_1,
 ShannonBounds.C11R5Tables.S_18277b0c484b4c41._native.native_decide.ax_2,
 ShannonBounds.C11R5Tables.S_3daf90758a80fbb9._native.native_decide.ax_1,
 ShannonBounds.C11R5Tables.S_3daf90758a80fbb9._native.native_decide.ax_2,
 ShannonBounds.C11R5Tables.S_59b3ea5954777333._native.native_decide.ax_1,
 ShannonBounds.C11R5Tables.S_59b3ea5954777333._native.native_decide.ax_2]
'ShannonBounds.C11R5D198.step_n21' depends on axioms: [propext,
 Classical.choice.{u},
 Quot.sound.{u},
 ShannonBounds.C11R5D198.step_n20._native.native_decide.ax_1_1,
 ShannonBounds.C11R5D198.step_n20._native.native_decide.ax_1_2,
 ShannonBounds.C11R5D198.step_n20._native.native_decide.ax_1_3,
 ShannonBounds.C11R5D198.step_n20._native.native_decide.ax_1_4,
 ShannonBounds.C11R5D198.step_n20._native.native_decide.ax_1_5,
 ShannonBounds.C11R5D198.step_n20._native.native_decide.ax_1_6,
 ShannonBounds.C11R5D198.step_n20._native.native_decide.ax_1_7,
 ShannonBounds.C11R5D198.step_n21._native.native_decide.ax_1_1,
 ShannonBounds.C11R5D198.step_n21._native.native_decide.ax_1_2,
 ShannonBounds.C11R5D198.step_n21._native.native_decide.ax_1_3,
 ShannonBounds.C11R5D198.step_n21._native.native_decide.ax_1_4,
 ShannonBounds.C11R5D198.step_n21._native.native_decide.ax_1_5,
 ShannonBounds.C11R5D198.step_n21._native.native_decide.ax_1_6,
 ShannonBounds.C11R5D198.step_n21._native.native_decide.ax_1_7,
 ShannonBounds.C11R5D198.step_n7._native.native_decide.ax_1_1,
 ShannonBounds.C11R5D198.step_n7._native.native_decide.ax_1_2,
 ShannonBounds.C11R5D198.step_n7._native.native_decide.ax_1_3,
 ShannonBounds.C11R5D198.step_n7._native.native_decide.ax_1_4,
 ShannonBounds.C11R5D198.step_n7._native.native_decide.ax_1_5,
 ShannonBounds.C11R5D198.step_n7._native.native_decide.ax_1_6,
 ShannonBounds.C11R5D198.step_n7._native.native_decide.ax_1_7,
 ShannonBounds.C11R5D198.step_n8._native.native_decide.ax_1_1,
 ShannonBounds.C11R5D198.step_n8._native.native_decide.ax_1_2,
 ShannonBounds.C11R5D198.step_n8._native.native_decide.ax_1_3,
 ShannonBounds.C11R5D198.step_n8._native.native_decide.ax_1_4,
 ShannonBounds.C11R5D198.step_n8._native.native_decide.ax_1_5,
 ShannonBounds.C11R5D198.step_n8._native.native_decide.ax_1_6,
 ShannonBounds.C11R5D198.step_n8._native.native_decide.ax_1_7,
 ShannonBounds.C11R5Tables.S_18277b0c484b4c41._native.native_decide.ax_1,
 ShannonBounds.C11R5Tables.S_18277b0c484b4c41._native.native_decide.ax_2,
 ShannonBounds.C11R5Tables.S_3daf90758a80fbb9._native.native_decide.ax_1,
 ShannonBounds.C11R5Tables.S_3daf90758a80fbb9._native.native_decide.ax_2,
 ShannonBounds.C11R5Tables.S_59b3ea5954777333._native.native_decide.ax_1,
 ShannonBounds.C11R5Tables.S_59b3ea5954777333._native.native_decide.ax_2,
 ShannonBounds.C11R5Tables.S_e9ef2871c79d62be._native.native_decide.ax_1,
 ShannonBounds.C11R5Tables.S_e9ef2871c79d62be._native.native_decide.ax_2]
'ShannonBounds.C11R5D198.step_n22' depends on axioms: [propext,
 Classical.choice.{u},
 Quot.sound.{u},
 ShannonBounds.C11R5D198.step_n20._native.native_decide.ax_1_1,
 ShannonBounds.C11R5D198.step_n20._native.native_decide.ax_1_2,
 ShannonBounds.C11R5D198.step_n20._native.native_decide.ax_1_3,
 ShannonBounds.C11R5D198.step_n20._native.native_decide.ax_1_4,
 ShannonBounds.C11R5D198.step_n20._native.native_decide.ax_1_5,
 ShannonBounds.C11R5D198.step_n20._native.native_decide.ax_1_6,
 ShannonBounds.C11R5D198.step_n20._native.native_decide.ax_1_7,
 ShannonBounds.C11R5D198.step_n21._native.native_decide.ax_1_1,
 ShannonBounds.C11R5D198.step_n21._native.native_decide.ax_1_2,
 ShannonBounds.C11R5D198.step_n21._native.native_decide.ax_1_3,
 ShannonBounds.C11R5D198.step_n21._native.native_decide.ax_1_4,
 ShannonBounds.C11R5D198.step_n21._native.native_decide.ax_1_5,
 ShannonBounds.C11R5D198.step_n21._native.native_decide.ax_1_6,
 ShannonBounds.C11R5D198.step_n21._native.native_decide.ax_1_7,
 ShannonBounds.C11R5D198.step_n22._native.native_decide.ax_1_1,
 ShannonBounds.C11R5D198.step_n22._native.native_decide.ax_1_2,
 ShannonBounds.C11R5D198.step_n22._native.native_decide.ax_1_3,
 ShannonBounds.C11R5D198.step_n22._native.native_decide.ax_1_4,
 ShannonBounds.C11R5D198.step_n22._native.native_decide.ax_1_5,
 ShannonBounds.C11R5D198.step_n22._native.native_decide.ax_1_6,
 ShannonBounds.C11R5D198.step_n22._native.native_decide.ax_1_7,
 ShannonBounds.C11R5D198.step_n7._native.native_decide.ax_1_1,
 ShannonBounds.C11R5D198.step_n7._native.native_decide.ax_1_2,
 ShannonBounds.C11R5D198.step_n7._native.native_decide.ax_1_3,
 ShannonBounds.C11R5D198.step_n7._native.native_decide.ax_1_4,
 ShannonBounds.C11R5D198.step_n7._native.native_decide.ax_1_5,
 ShannonBounds.C11R5D198.step_n7._native.native_decide.ax_1_6,
 ShannonBounds.C11R5D198.step_n7._native.native_decide.ax_1_7,
 ShannonBounds.C11R5D198.step_n8._native.native_decide.ax_1_1,
 ShannonBounds.C11R5D198.step_n8._native.native_decide.ax_1_2,
 ShannonBounds.C11R5D198.step_n8._native.native_decide.ax_1_3,
 ShannonBounds.C11R5D198.step_n8._native.native_decide.ax_1_4,
 ShannonBounds.C11R5D198.step_n8._native.native_decide.ax_1_5,
 ShannonBounds.C11R5D198.step_n8._native.native_decide.ax_1_6,
 ShannonBounds.C11R5D198.step_n8._native.native_decide.ax_1_7,
 ShannonBounds.C11R5Tables.S_18277b0c484b4c41._native.native_decide.ax_1,
 ShannonBounds.C11R5Tables.S_18277b0c484b4c41._native.native_decide.ax_2,
 ShannonBounds.C11R5Tables.S_3daf90758a80fbb9._native.native_decide.ax_1,
 ShannonBounds.C11R5Tables.S_3daf90758a80fbb9._native.native_decide.ax_2,
 ShannonBounds.C11R5Tables.S_59b3ea5954777333._native.native_decide.ax_1,
 ShannonBounds.C11R5Tables.S_59b3ea5954777333._native.native_decide.ax_2,
 ShannonBounds.C11R5Tables.S_e788020168e26abb._native.native_decide.ax_1,
 ShannonBounds.C11R5Tables.S_e788020168e26abb._native.native_decide.ax_2,
 ShannonBounds.C11R5Tables.S_e9ef2871c79d62be._native.native_decide.ax_1,
 ShannonBounds.C11R5Tables.S_e9ef2871c79d62be._native.native_decide.ax_2]
'ShannonBounds.C11R5D198.step_n23' depends on axioms: [propext,
 Classical.choice.{u},
 Quot.sound.{u},
 ShannonBounds.C11R5D198.step_n20._native.native_decide.ax_1_1,
 ShannonBounds.C11R5D198.step_n20._native.native_decide.ax_1_2,
 ShannonBounds.C11R5D198.step_n20._native.native_decide.ax_1_3,
 ShannonBounds.C11R5D198.step_n20._native.native_decide.ax_1_4,
 ShannonBounds.C11R5D198.step_n20._native.native_decide.ax_1_5,
 ShannonBounds.C11R5D198.step_n20._native.native_decide.ax_1_6,
 ShannonBounds.C11R5D198.step_n20._native.native_decide.ax_1_7,
 ShannonBounds.C11R5D198.step_n21._native.native_decide.ax_1_1,
 ShannonBounds.C11R5D198.step_n21._native.native_decide.ax_1_2,
 ShannonBounds.C11R5D198.step_n21._native.native_decide.ax_1_3,
 ShannonBounds.C11R5D198.step_n21._native.native_decide.ax_1_4,
 ShannonBounds.C11R5D198.step_n21._native.native_decide.ax_1_5,
 ShannonBounds.C11R5D198.step_n21._native.native_decide.ax_1_6,
 ShannonBounds.C11R5D198.step_n21._native.native_decide.ax_1_7,
 ShannonBounds.C11R5D198.step_n22._native.native_decide.ax_1_1,
 ShannonBounds.C11R5D198.step_n22._native.native_decide.ax_1_2,
 ShannonBounds.C11R5D198.step_n22._native.native_decide.ax_1_3,
 ShannonBounds.C11R5D198.step_n22._native.native_decide.ax_1_4,
 ShannonBounds.C11R5D198.step_n22._native.native_decide.ax_1_5,
 ShannonBounds.C11R5D198.step_n22._native.native_decide.ax_1_6,
 ShannonBounds.C11R5D198.step_n22._native.native_decide.ax_1_7,
 ShannonBounds.C11R5D198.step_n23._native.native_decide.ax_1_1,
 ShannonBounds.C11R5D198.step_n23._native.native_decide.ax_1_2,
 ShannonBounds.C11R5D198.step_n23._native.native_decide.ax_1_3,
 ShannonBounds.C11R5D198.step_n23._native.native_decide.ax_1_4,
 ShannonBounds.C11R5D198.step_n23._native.native_decide.ax_1_5,
 ShannonBounds.C11R5D198.step_n23._native.native_decide.ax_1_6,
 ShannonBounds.C11R5D198.step_n23._native.native_decide.ax_1_7,
 ShannonBounds.C11R5D198.step_n7._native.native_decide.ax_1_1,
 ShannonBounds.C11R5D198.step_n7._native.native_decide.ax_1_2,
 ShannonBounds.C11R5D198.step_n7._native.native_decide.ax_1_3,
 ShannonBounds.C11R5D198.step_n7._native.native_decide.ax_1_4,
 ShannonBounds.C11R5D198.step_n7._native.native_decide.ax_1_5,
 ShannonBounds.C11R5D198.step_n7._native.native_decide.ax_1_6,
 ShannonBounds.C11R5D198.step_n7._native.native_decide.ax_1_7,
 ShannonBounds.C11R5D198.step_n8._native.native_decide.ax_1_1,
 ShannonBounds.C11R5D198.step_n8._native.native_decide.ax_1_2,
 ShannonBounds.C11R5D198.step_n8._native.native_decide.ax_1_3,
 ShannonBounds.C11R5D198.step_n8._native.native_decide.ax_1_4,
 ShannonBounds.C11R5D198.step_n8._native.native_decide.ax_1_5,
 ShannonBounds.C11R5D198.step_n8._native.native_decide.ax_1_6,
 ShannonBounds.C11R5D198.step_n8._native.native_decide.ax_1_7,
 ShannonBounds.C11R5Tables.S_18277b0c484b4c41._native.native_decide.ax_1,
 ShannonBounds.C11R5Tables.S_18277b0c484b4c41._native.native_decide.ax_2,
 ShannonBounds.C11R5Tables.S_3daf90758a80fbb9._native.native_decide.ax_1,
 ShannonBounds.C11R5Tables.S_3daf90758a80fbb9._native.native_decide.ax_2,
 ShannonBounds.C11R5Tables.S_59b3ea5954777333._native.native_decide.ax_1,
 ShannonBounds.C11R5Tables.S_59b3ea5954777333._native.native_decide.ax_2,
 ShannonBounds.C11R5Tables.S_e788020168e26abb._native.native_decide.ax_1,
 ShannonBounds.C11R5Tables.S_e788020168e26abb._native.native_decide.ax_2,
 ShannonBounds.C11R5Tables.S_e9ef2871c79d62be._native.native_decide.ax_1,
 ShannonBounds.C11R5Tables.S_e9ef2871c79d62be._native.native_decide.ax_2]
'ShannonBounds.C11R5D198.step_n24' depends on axioms: [propext,
 Classical.choice.{u},
 Quot.sound.{u},
 ShannonBounds.C11R5D198.step_n20._native.native_decide.ax_1_1,
 ShannonBounds.C11R5D198.step_n20._native.native_decide.ax_1_2,
 ShannonBounds.C11R5D198.step_n20._native.native_decide.ax_1_3,
 ShannonBounds.C11R5D198.step_n20._native.native_decide.ax_1_4,
 ShannonBounds.C11R5D198.step_n20._native.native_decide.ax_1_5,
 ShannonBounds.C11R5D198.step_n20._native.native_decide.ax_1_6,
 ShannonBounds.C11R5D198.step_n20._native.native_decide.ax_1_7,
 ShannonBounds.C11R5D198.step_n21._native.native_decide.ax_1_1,
 ShannonBounds.C11R5D198.step_n21._native.native_decide.ax_1_2,
 ShannonBounds.C11R5D198.step_n21._native.native_decide.ax_1_3,
 ShannonBounds.C11R5D198.step_n21._native.native_decide.ax_1_4,
 ShannonBounds.C11R5D198.step_n21._native.native_decide.ax_1_5,
 ShannonBounds.C11R5D198.step_n21._native.native_decide.ax_1_6,
 ShannonBounds.C11R5D198.step_n21._native.native_decide.ax_1_7,
 ShannonBounds.C11R5D198.step_n22._native.native_decide.ax_1_1,
 ShannonBounds.C11R5D198.step_n22._native.native_decide.ax_1_2,
 ShannonBounds.C11R5D198.step_n22._native.native_decide.ax_1_3,
 ShannonBounds.C11R5D198.step_n22._native.native_decide.ax_1_4,
 ShannonBounds.C11R5D198.step_n22._native.native_decide.ax_1_5,
 ShannonBounds.C11R5D198.step_n22._native.native_decide.ax_1_6,
 ShannonBounds.C11R5D198.step_n22._native.native_decide.ax_1_7,
 ShannonBounds.C11R5D198.step_n23._native.native_decide.ax_1_1,
 ShannonBounds.C11R5D198.step_n23._native.native_decide.ax_1_2,
 ShannonBounds.C11R5D198.step_n23._native.native_decide.ax_1_3,
 ShannonBounds.C11R5D198.step_n23._native.native_decide.ax_1_4,
 ShannonBounds.C11R5D198.step_n23._native.native_decide.ax_1_5,
 ShannonBounds.C11R5D198.step_n23._native.native_decide.ax_1_6,
 ShannonBounds.C11R5D198.step_n23._native.native_decide.ax_1_7,
 ShannonBounds.C11R5D198.step_n24._native.native_decide.ax_1_1,
 ShannonBounds.C11R5D198.step_n24._native.native_decide.ax_1_2,
 ShannonBounds.C11R5D198.step_n24._native.native_decide.ax_1_3,
 ShannonBounds.C11R5D198.step_n24._native.native_decide.ax_1_4,
 ShannonBounds.C11R5D198.step_n24._native.native_decide.ax_1_5,
 ShannonBounds.C11R5D198.step_n24._native.native_decide.ax_1_6,
 ShannonBounds.C11R5D198.step_n24._native.native_decide.ax_1_7,
 ShannonBounds.C11R5D198.step_n7._native.native_decide.ax_1_1,
 ShannonBounds.C11R5D198.step_n7._native.native_decide.ax_1_2,
 ShannonBounds.C11R5D198.step_n7._native.native_decide.ax_1_3,
 ShannonBounds.C11R5D198.step_n7._native.native_decide.ax_1_4,
 ShannonBounds.C11R5D198.step_n7._native.native_decide.ax_1_5,
 ShannonBounds.C11R5D198.step_n7._native.native_decide.ax_1_6,
 ShannonBounds.C11R5D198.step_n7._native.native_decide.ax_1_7,
 ShannonBounds.C11R5D198.step_n8._native.native_decide.ax_1_1,
 ShannonBounds.C11R5D198.step_n8._native.native_decide.ax_1_2,
 ShannonBounds.C11R5D198.step_n8._native.native_decide.ax_1_3,
 ShannonBounds.C11R5D198.step_n8._native.native_decide.ax_1_4,
 ShannonBounds.C11R5D198.step_n8._native.native_decide.ax_1_5,
 ShannonBounds.C11R5D198.step_n8._native.native_decide.ax_1_6,
 ShannonBounds.C11R5D198.step_n8._native.native_decide.ax_1_7,
 ShannonBounds.C11R5Tables.S_18277b0c484b4c41._native.native_decide.ax_1,
 ShannonBounds.C11R5Tables.S_18277b0c484b4c41._native.native_decide.ax_2,
 ShannonBounds.C11R5Tables.S_3daf90758a80fbb9._native.native_decide.ax_1,
 ShannonBounds.C11R5Tables.S_3daf90758a80fbb9._native.native_decide.ax_2,
 ShannonBounds.C11R5Tables.S_59b3ea5954777333._native.native_decide.ax_1,
 ShannonBounds.C11R5Tables.S_59b3ea5954777333._native.native_decide.ax_2,
 ShannonBounds.C11R5Tables.S_e788020168e26abb._native.native_decide.ax_1,
 ShannonBounds.C11R5Tables.S_e788020168e26abb._native.native_decide.ax_2,
 ShannonBounds.C11R5Tables.S_e9ef2871c79d62be._native.native_decide.ax_1,
 ShannonBounds.C11R5Tables.S_e9ef2871c79d62be._native.native_decide.ax_2]
'ShannonBounds.C11R5D198.step_n25' depends on axioms: [propext,
 Classical.choice.{u},
 Quot.sound.{u},
 ShannonBounds.C11R5D198.step_n1._native.native_decide.ax_1_1,
 ShannonBounds.C11R5D198.step_n1._native.native_decide.ax_1_2,
 ShannonBounds.C11R5D198.step_n1._native.native_decide.ax_1_3,
 ShannonBounds.C11R5D198.step_n1._native.native_decide.ax_1_4,
 ShannonBounds.C11R5D198.step_n1._native.native_decide.ax_1_5,
 ShannonBounds.C11R5D198.step_n1._native.native_decide.ax_1_6,
 ShannonBounds.C11R5D198.step_n1._native.native_decide.ax_1_7,
 ShannonBounds.C11R5D198.step_n25._native.native_decide.ax_1_1,
 ShannonBounds.C11R5D198.step_n25._native.native_decide.ax_1_2,
 ShannonBounds.C11R5D198.step_n25._native.native_decide.ax_1_3,
 ShannonBounds.C11R5D198.step_n25._native.native_decide.ax_1_4,
 ShannonBounds.C11R5D198.step_n25._native.native_decide.ax_1_5,
 ShannonBounds.C11R5D198.step_n25._native.native_decide.ax_1_6,
 ShannonBounds.C11R5D198.step_n25._native.native_decide.ax_1_7,
 ShannonBounds.C11R5Tables.S_04339297651c9c49._native.native_decide.ax_1,
 ShannonBounds.C11R5Tables.S_04339297651c9c49._native.native_decide.ax_2,
 ShannonBounds.C11R5Tables.S_36518f191584a644._native.native_decide.ax_1,
 ShannonBounds.C11R5Tables.S_36518f191584a644._native.native_decide.ax_2]
'ShannonBounds.C11R5D198.step_n26' depends on axioms: [propext,
 Classical.choice.{u},
 Quot.sound.{u},
 ShannonBounds.C11R5D198.step_n1._native.native_decide.ax_1_1,
 ShannonBounds.C11R5D198.step_n1._native.native_decide.ax_1_2,
 ShannonBounds.C11R5D198.step_n1._native.native_decide.ax_1_3,
 ShannonBounds.C11R5D198.step_n1._native.native_decide.ax_1_4,
 ShannonBounds.C11R5D198.step_n1._native.native_decide.ax_1_5,
 ShannonBounds.C11R5D198.step_n1._native.native_decide.ax_1_6,
 ShannonBounds.C11R5D198.step_n1._native.native_decide.ax_1_7,
 ShannonBounds.C11R5D198.step_n10._native.native_decide.ax_1_1,
 ShannonBounds.C11R5D198.step_n10._native.native_decide.ax_1_2,
 ShannonBounds.C11R5D198.step_n10._native.native_decide.ax_1_3,
 ShannonBounds.C11R5D198.step_n10._native.native_decide.ax_1_4,
 ShannonBounds.C11R5D198.step_n10._native.native_decide.ax_1_5,
 ShannonBounds.C11R5D198.step_n10._native.native_decide.ax_1_6,
 ShannonBounds.C11R5D198.step_n10._native.native_decide.ax_1_7,
 ShannonBounds.C11R5D198.step_n25._native.native_decide.ax_1_1,
 ShannonBounds.C11R5D198.step_n25._native.native_decide.ax_1_2,
 ShannonBounds.C11R5D198.step_n25._native.native_decide.ax_1_3,
 ShannonBounds.C11R5D198.step_n25._native.native_decide.ax_1_4,
 ShannonBounds.C11R5D198.step_n25._native.native_decide.ax_1_5,
 ShannonBounds.C11R5D198.step_n25._native.native_decide.ax_1_6,
 ShannonBounds.C11R5D198.step_n25._native.native_decide.ax_1_7,
 ShannonBounds.C11R5D198.step_n26._native.native_decide.ax_1_1,
 ShannonBounds.C11R5D198.step_n26._native.native_decide.ax_1_2,
 ShannonBounds.C11R5D198.step_n26._native.native_decide.ax_1_3,
 ShannonBounds.C11R5D198.step_n26._native.native_decide.ax_1_4,
 ShannonBounds.C11R5D198.step_n26._native.native_decide.ax_1_5,
 ShannonBounds.C11R5D198.step_n26._native.native_decide.ax_1_6,
 ShannonBounds.C11R5D198.step_n26._native.native_decide.ax_1_7,
 ShannonBounds.C11R5Tables.S_04339297651c9c49._native.native_decide.ax_1,
 ShannonBounds.C11R5Tables.S_04339297651c9c49._native.native_decide.ax_2,
 ShannonBounds.C11R5Tables.S_36518f191584a644._native.native_decide.ax_1,
 ShannonBounds.C11R5Tables.S_36518f191584a644._native.native_decide.ax_2,
 ShannonBounds.C11R5Tables.S_7b6c163f0dc4b608._native.native_decide.ax_1,
 ShannonBounds.C11R5Tables.S_7b6c163f0dc4b608._native.native_decide.ax_2,
 ShannonBounds.C11R5Tables.S_e788020168e26abb._native.native_decide.ax_1,
 ShannonBounds.C11R5Tables.S_e788020168e26abb._native.native_decide.ax_2]
'ShannonBounds.C11R5D198.step_n27' depends on axioms: [propext,
 Classical.choice.{u},
 Quot.sound.{u},
 ShannonBounds.C11R5D198.step_n16._native.native_decide.ax_1_1,
 ShannonBounds.C11R5D198.step_n16._native.native_decide.ax_1_2,
 ShannonBounds.C11R5D198.step_n16._native.native_decide.ax_1_3,
 ShannonBounds.C11R5D198.step_n16._native.native_decide.ax_1_4,
 ShannonBounds.C11R5D198.step_n16._native.native_decide.ax_1_5,
 ShannonBounds.C11R5D198.step_n16._native.native_decide.ax_1_6,
 ShannonBounds.C11R5D198.step_n16._native.native_decide.ax_1_7,
 ShannonBounds.C11R5D198.step_n27._native.native_decide.ax_1_1,
 ShannonBounds.C11R5D198.step_n27._native.native_decide.ax_1_2,
 ShannonBounds.C11R5D198.step_n27._native.native_decide.ax_1_3,
 ShannonBounds.C11R5D198.step_n27._native.native_decide.ax_1_4,
 ShannonBounds.C11R5D198.step_n27._native.native_decide.ax_1_5,
 ShannonBounds.C11R5D198.step_n27._native.native_decide.ax_1_6,
 ShannonBounds.C11R5D198.step_n27._native.native_decide.ax_1_7,
 ShannonBounds.C11R5Tables.S_cd41b86686c50a10._native.native_decide.ax_1,
 ShannonBounds.C11R5Tables.S_cd41b86686c50a10._native.native_decide.ax_2,
 ShannonBounds.C11R5Tables.S_e620baced0654ce9._native.native_decide.ax_1,
 ShannonBounds.C11R5Tables.S_e620baced0654ce9._native.native_decide.ax_2]
'ShannonBounds.C11R5D198.step_n28' depends on axioms: [propext,
 Classical.choice.{u},
 Quot.sound.{u},
 ShannonBounds.C11R5D198.step_n16._native.native_decide.ax_1_1,
 ShannonBounds.C11R5D198.step_n16._native.native_decide.ax_1_2,
 ShannonBounds.C11R5D198.step_n16._native.native_decide.ax_1_3,
 ShannonBounds.C11R5D198.step_n16._native.native_decide.ax_1_4,
 ShannonBounds.C11R5D198.step_n16._native.native_decide.ax_1_5,
 ShannonBounds.C11R5D198.step_n16._native.native_decide.ax_1_6,
 ShannonBounds.C11R5D198.step_n16._native.native_decide.ax_1_7,
 ShannonBounds.C11R5D198.step_n27._native.native_decide.ax_1_1,
 ShannonBounds.C11R5D198.step_n27._native.native_decide.ax_1_2,
 ShannonBounds.C11R5D198.step_n27._native.native_decide.ax_1_3,
 ShannonBounds.C11R5D198.step_n27._native.native_decide.ax_1_4,
 ShannonBounds.C11R5D198.step_n27._native.native_decide.ax_1_5,
 ShannonBounds.C11R5D198.step_n27._native.native_decide.ax_1_6,
 ShannonBounds.C11R5D198.step_n27._native.native_decide.ax_1_7,
 ShannonBounds.C11R5D198.step_n28._native.native_decide.ax_1_1,
 ShannonBounds.C11R5D198.step_n28._native.native_decide.ax_1_2,
 ShannonBounds.C11R5D198.step_n28._native.native_decide.ax_1_3,
 ShannonBounds.C11R5D198.step_n28._native.native_decide.ax_1_4,
 ShannonBounds.C11R5D198.step_n28._native.native_decide.ax_1_5,
 ShannonBounds.C11R5D198.step_n28._native.native_decide.ax_1_6,
 ShannonBounds.C11R5D198.step_n28._native.native_decide.ax_1_7,
 ShannonBounds.C11R5Tables.S_31d500a381a04d9a._native.native_decide.ax_1,
 ShannonBounds.C11R5Tables.S_31d500a381a04d9a._native.native_decide.ax_2,
 ShannonBounds.C11R5Tables.S_cd41b86686c50a10._native.native_decide.ax_1,
 ShannonBounds.C11R5Tables.S_cd41b86686c50a10._native.native_decide.ax_2,
 ShannonBounds.C11R5Tables.S_e620baced0654ce9._native.native_decide.ax_1,
 ShannonBounds.C11R5Tables.S_e620baced0654ce9._native.native_decide.ax_2]
'ShannonBounds.C11R5D198.step_n29' depends on axioms: [propext,
 Classical.choice.{u},
 Quot.sound.{u},
 ShannonBounds.C11R5D198.step_n1._native.native_decide.ax_1_1,
 ShannonBounds.C11R5D198.step_n1._native.native_decide.ax_1_2,
 ShannonBounds.C11R5D198.step_n1._native.native_decide.ax_1_3,
 ShannonBounds.C11R5D198.step_n1._native.native_decide.ax_1_4,
 ShannonBounds.C11R5D198.step_n1._native.native_decide.ax_1_5,
 ShannonBounds.C11R5D198.step_n1._native.native_decide.ax_1_6,
 ShannonBounds.C11R5D198.step_n1._native.native_decide.ax_1_7,
 ShannonBounds.C11R5D198.step_n10._native.native_decide.ax_1_1,
 ShannonBounds.C11R5D198.step_n10._native.native_decide.ax_1_2,
 ShannonBounds.C11R5D198.step_n10._native.native_decide.ax_1_3,
 ShannonBounds.C11R5D198.step_n10._native.native_decide.ax_1_4,
 ShannonBounds.C11R5D198.step_n10._native.native_decide.ax_1_5,
 ShannonBounds.C11R5D198.step_n10._native.native_decide.ax_1_6,
 ShannonBounds.C11R5D198.step_n10._native.native_decide.ax_1_7,
 ShannonBounds.C11R5D198.step_n16._native.native_decide.ax_1_1,
 ShannonBounds.C11R5D198.step_n16._native.native_decide.ax_1_2,
 ShannonBounds.C11R5D198.step_n16._native.native_decide.ax_1_3,
 ShannonBounds.C11R5D198.step_n16._native.native_decide.ax_1_4,
 ShannonBounds.C11R5D198.step_n16._native.native_decide.ax_1_5,
 ShannonBounds.C11R5D198.step_n16._native.native_decide.ax_1_6,
 ShannonBounds.C11R5D198.step_n16._native.native_decide.ax_1_7,
 ShannonBounds.C11R5D198.step_n20._native.native_decide.ax_1_1,
 ShannonBounds.C11R5D198.step_n20._native.native_decide.ax_1_2,
 ShannonBounds.C11R5D198.step_n20._native.native_decide.ax_1_3,
 ShannonBounds.C11R5D198.step_n20._native.native_decide.ax_1_4,
 ShannonBounds.C11R5D198.step_n20._native.native_decide.ax_1_5,
 ShannonBounds.C11R5D198.step_n20._native.native_decide.ax_1_6,
 ShannonBounds.C11R5D198.step_n20._native.native_decide.ax_1_7,
 ShannonBounds.C11R5D198.step_n21._native.native_decide.ax_1_1,
 ShannonBounds.C11R5D198.step_n21._native.native_decide.ax_1_2,
 ShannonBounds.C11R5D198.step_n21._native.native_decide.ax_1_3,
 ShannonBounds.C11R5D198.step_n21._native.native_decide.ax_1_4,
 ShannonBounds.C11R5D198.step_n21._native.native_decide.ax_1_5,
 ShannonBounds.C11R5D198.step_n21._native.native_decide.ax_1_6,
 ShannonBounds.C11R5D198.step_n21._native.native_decide.ax_1_7,
 ShannonBounds.C11R5D198.step_n22._native.native_decide.ax_1_1,
 ShannonBounds.C11R5D198.step_n22._native.native_decide.ax_1_2,
 ShannonBounds.C11R5D198.step_n22._native.native_decide.ax_1_3,
 ShannonBounds.C11R5D198.step_n22._native.native_decide.ax_1_4,
 ShannonBounds.C11R5D198.step_n22._native.native_decide.ax_1_5,
 ShannonBounds.C11R5D198.step_n22._native.native_decide.ax_1_6,
 ShannonBounds.C11R5D198.step_n22._native.native_decide.ax_1_7,
 ShannonBounds.C11R5D198.step_n23._native.native_decide.ax_1_1,
 ShannonBounds.C11R5D198.step_n23._native.native_decide.ax_1_2,
 ShannonBounds.C11R5D198.step_n23._native.native_decide.ax_1_3,
 ShannonBounds.C11R5D198.step_n23._native.native_decide.ax_1_4,
 ShannonBounds.C11R5D198.step_n23._native.native_decide.ax_1_5,
 ShannonBounds.C11R5D198.step_n23._native.native_decide.ax_1_6,
 ShannonBounds.C11R5D198.step_n23._native.native_decide.ax_1_7,
 ShannonBounds.C11R5D198.step_n24._native.native_decide.ax_1_1,
 ShannonBounds.C11R5D198.step_n24._native.native_decide.ax_1_2,
 ShannonBounds.C11R5D198.step_n24._native.native_decide.ax_1_3,
 ShannonBounds.C11R5D198.step_n24._native.native_decide.ax_1_4,
 ShannonBounds.C11R5D198.step_n24._native.native_decide.ax_1_5,
 ShannonBounds.C11R5D198.step_n24._native.native_decide.ax_1_6,
 ShannonBounds.C11R5D198.step_n24._native.native_decide.ax_1_7,
 ShannonBounds.C11R5D198.step_n25._native.native_decide.ax_1_1,
 ShannonBounds.C11R5D198.step_n25._native.native_decide.ax_1_2,
 ShannonBounds.C11R5D198.step_n25._native.native_decide.ax_1_3,
 ShannonBounds.C11R5D198.step_n25._native.native_decide.ax_1_4,
 ShannonBounds.C11R5D198.step_n25._native.native_decide.ax_1_5,
 ShannonBounds.C11R5D198.step_n25._native.native_decide.ax_1_6,
 ShannonBounds.C11R5D198.step_n25._native.native_decide.ax_1_7,
 ShannonBounds.C11R5D198.step_n26._native.native_decide.ax_1_1,
 ShannonBounds.C11R5D198.step_n26._native.native_decide.ax_1_2,
 ShannonBounds.C11R5D198.step_n26._native.native_decide.ax_1_3,
 ShannonBounds.C11R5D198.step_n26._native.native_decide.ax_1_4,
 ShannonBounds.C11R5D198.step_n26._native.native_decide.ax_1_5,
 ShannonBounds.C11R5D198.step_n26._native.native_decide.ax_1_6,
 ShannonBounds.C11R5D198.step_n26._native.native_decide.ax_1_7,
 ShannonBounds.C11R5D198.step_n27._native.native_decide.ax_1_1,
 ShannonBounds.C11R5D198.step_n27._native.native_decide.ax_1_2,
 ShannonBounds.C11R5D198.step_n27._native.native_decide.ax_1_3,
 ShannonBounds.C11R5D198.step_n27._native.native_decide.ax_1_4,
 ShannonBounds.C11R5D198.step_n27._native.native_decide.ax_1_5,
 ShannonBounds.C11R5D198.step_n27._native.native_decide.ax_1_6,
 ShannonBounds.C11R5D198.step_n27._native.native_decide.ax_1_7,
 ShannonBounds.C11R5D198.step_n28._native.native_decide.ax_1_1,
 ShannonBounds.C11R5D198.step_n28._native.native_decide.ax_1_2,
 ShannonBounds.C11R5D198.step_n28._native.native_decide.ax_1_3,
 ShannonBounds.C11R5D198.step_n28._native.native_decide.ax_1_4,
 ShannonBounds.C11R5D198.step_n28._native.native_decide.ax_1_5,
 ShannonBounds.C11R5D198.step_n28._native.native_decide.ax_1_6,
 ShannonBounds.C11R5D198.step_n28._native.native_decide.ax_1_7,
 ShannonBounds.C11R5D198.step_n29._native.native_decide.ax_1_1,
 ShannonBounds.C11R5D198.step_n29._native.native_decide.ax_1_2,
 ShannonBounds.C11R5D198.step_n29._native.native_decide.ax_1_3,
 ShannonBounds.C11R5D198.step_n29._native.native_decide.ax_1_4,
 ShannonBounds.C11R5D198.step_n29._native.native_decide.ax_1_5,
 ShannonBounds.C11R5D198.step_n29._native.native_decide.ax_1_6,
 ShannonBounds.C11R5D198.step_n29._native.native_decide.ax_1_7,
 ShannonBounds.C11R5D198.step_n7._native.native_decide.ax_1_1,
 ShannonBounds.C11R5D198.step_n7._native.native_decide.ax_1_2,
 ShannonBounds.C11R5D198.step_n7._native.native_decide.ax_1_3,
 ShannonBounds.C11R5D198.step_n7._native.native_decide.ax_1_4,
 ShannonBounds.C11R5D198.step_n7._native.native_decide.ax_1_5,
 ShannonBounds.C11R5D198.step_n7._native.native_decide.ax_1_6,
 ShannonBounds.C11R5D198.step_n7._native.native_decide.ax_1_7,
 ShannonBounds.C11R5D198.step_n8._native.native_decide.ax_1_1,
 ShannonBounds.C11R5D198.step_n8._native.native_decide.ax_1_2,
 ShannonBounds.C11R5D198.step_n8._native.native_decide.ax_1_3,
 ShannonBounds.C11R5D198.step_n8._native.native_decide.ax_1_4,
 ShannonBounds.C11R5D198.step_n8._native.native_decide.ax_1_5,
 ShannonBounds.C11R5D198.step_n8._native.native_decide.ax_1_6,
 ShannonBounds.C11R5D198.step_n8._native.native_decide.ax_1_7,
 ShannonBounds.C11R5Tables.S_04339297651c9c49._native.native_decide.ax_1,
 ShannonBounds.C11R5Tables.S_04339297651c9c49._native.native_decide.ax_2,
 ShannonBounds.C11R5Tables.S_18277b0c484b4c41._native.native_decide.ax_1,
 ShannonBounds.C11R5Tables.S_18277b0c484b4c41._native.native_decide.ax_2,
 ShannonBounds.C11R5Tables.S_31d500a381a04d9a._native.native_decide.ax_1,
 ShannonBounds.C11R5Tables.S_31d500a381a04d9a._native.native_decide.ax_2,
 ShannonBounds.C11R5Tables.S_36518f191584a644._native.native_decide.ax_1,
 ShannonBounds.C11R5Tables.S_36518f191584a644._native.native_decide.ax_2,
 ShannonBounds.C11R5Tables.S_3daf90758a80fbb9._native.native_decide.ax_1,
 ShannonBounds.C11R5Tables.S_3daf90758a80fbb9._native.native_decide.ax_2,
 ShannonBounds.C11R5Tables.S_59b3ea5954777333._native.native_decide.ax_1,
 ShannonBounds.C11R5Tables.S_59b3ea5954777333._native.native_decide.ax_2,
 ShannonBounds.C11R5Tables.S_660b0244997e1b9c._native.native_decide.ax_1,
 ShannonBounds.C11R5Tables.S_660b0244997e1b9c._native.native_decide.ax_2,
 ShannonBounds.C11R5Tables.S_7b6c163f0dc4b608._native.native_decide.ax_1,
 ShannonBounds.C11R5Tables.S_7b6c163f0dc4b608._native.native_decide.ax_2,
 ShannonBounds.C11R5Tables.S_cd41b86686c50a10._native.native_decide.ax_1,
 ShannonBounds.C11R5Tables.S_cd41b86686c50a10._native.native_decide.ax_2,
 ShannonBounds.C11R5Tables.S_e620baced0654ce9._native.native_decide.ax_1,
 ShannonBounds.C11R5Tables.S_e620baced0654ce9._native.native_decide.ax_2,
 ShannonBounds.C11R5Tables.S_e788020168e26abb._native.native_decide.ax_1,
 ShannonBounds.C11R5Tables.S_e788020168e26abb._native.native_decide.ax_2,
 ShannonBounds.C11R5Tables.S_e9ef2871c79d62be._native.native_decide.ax_1,
 ShannonBounds.C11R5Tables.S_e9ef2871c79d62be._native.native_decide.ax_2]
'ShannonBounds.C11R5D198.cross_power_BPZ_207' depends on axioms: [propext,
 ShannonBounds.C11R5D198.cross_power_BPZ_207._native.native_decide.ax_1_1]
'ShannonBounds.C11R5D198.strict_root_BPZ_207' depends on axioms: [propext,
 Classical.choice.{u},
 Quot.sound.{u},
 ShannonBounds.C11R5D198.cross_power_BPZ_207._native.native_decide.ax_1_1]
'ShannonBounds.C11R5D198.cross_power_R3_207' depends on axioms: [propext,
 ShannonBounds.C11R5D198.cross_power_R3_207._native.native_decide.ax_1_1]
'ShannonBounds.C11R5D198.strict_root_R3_207' depends on axioms: [propext,
 Classical.choice.{u},
 Quot.sound.{u},
 ShannonBounds.C11R5D198.cross_power_R3_207._native.native_decide.ax_1_1]
'ShannonBounds.C11R5D198.cross_power_R4_201' depends on axioms: [propext,
 ShannonBounds.C11R5D198.cross_power_R4_201._native.native_decide.ax_1_1]
'ShannonBounds.C11R5D198.strict_root_R4_201' depends on axioms: [propext,
 Classical.choice.{u},
 Quot.sound.{u},
 ShannonBounds.C11R5D198.cross_power_R4_201._native.native_decide.ax_1_1]
'ShannonBounds.C11R5D198.cross_power_R4_210' depends on axioms: [propext,
 ShannonBounds.C11R5D198.cross_power_R4_210._native.native_decide.ax_1_1]
'ShannonBounds.C11R5D198.strict_root_R4_210' depends on axioms: [propext,
 Classical.choice.{u},
 Quot.sound.{u},
 ShannonBounds.C11R5D198.cross_power_R4_210._native.native_decide.ax_1_1]
'ShannonBounds.C11R5D213.card_codeBase' depends on axioms: [propext,
 Classical.choice.{u},
 Quot.sound.{u},
 ShannonBounds.C11R5D213.step_n1._native.native_decide.ax_1_1,
 ShannonBounds.C11R5D213.step_n1._native.native_decide.ax_1_2,
 ShannonBounds.C11R5D213.step_n1._native.native_decide.ax_1_3,
 ShannonBounds.C11R5D213.step_n1._native.native_decide.ax_1_4,
 ShannonBounds.C11R5D213.step_n1._native.native_decide.ax_1_5,
 ShannonBounds.C11R5D213.step_n1._native.native_decide.ax_1_6,
 ShannonBounds.C11R5D213.step_n1._native.native_decide.ax_1_7,
 ShannonBounds.C11R5D213.step_n10._native.native_decide.ax_1_1,
 ShannonBounds.C11R5D213.step_n10._native.native_decide.ax_1_2,
 ShannonBounds.C11R5D213.step_n10._native.native_decide.ax_1_3,
 ShannonBounds.C11R5D213.step_n10._native.native_decide.ax_1_4,
 ShannonBounds.C11R5D213.step_n10._native.native_decide.ax_1_5,
 ShannonBounds.C11R5D213.step_n10._native.native_decide.ax_1_6,
 ShannonBounds.C11R5D213.step_n10._native.native_decide.ax_1_7,
 ShannonBounds.C11R5D213.step_n11._native.native_decide.ax_1_1,
 ShannonBounds.C11R5D213.step_n11._native.native_decide.ax_1_2,
 ShannonBounds.C11R5D213.step_n11._native.native_decide.ax_1_3,
 ShannonBounds.C11R5D213.step_n11._native.native_decide.ax_1_4,
 ShannonBounds.C11R5D213.step_n11._native.native_decide.ax_1_5,
 ShannonBounds.C11R5D213.step_n11._native.native_decide.ax_1_6,
 ShannonBounds.C11R5D213.step_n11._native.native_decide.ax_1_7,
 ShannonBounds.C11R5D213.step_n12._native.native_decide.ax_1_1,
 ShannonBounds.C11R5D213.step_n12._native.native_decide.ax_1_2,
 ShannonBounds.C11R5D213.step_n12._native.native_decide.ax_1_3,
 ShannonBounds.C11R5D213.step_n12._native.native_decide.ax_1_4,
 ShannonBounds.C11R5D213.step_n12._native.native_decide.ax_1_5,
 ShannonBounds.C11R5D213.step_n12._native.native_decide.ax_1_6,
 ShannonBounds.C11R5D213.step_n12._native.native_decide.ax_1_7,
 ShannonBounds.C11R5D213.step_n13._native.native_decide.ax_1_1,
 ShannonBounds.C11R5D213.step_n13._native.native_decide.ax_1_2,
 ShannonBounds.C11R5D213.step_n13._native.native_decide.ax_1_3,
 ShannonBounds.C11R5D213.step_n13._native.native_decide.ax_1_4,
 ShannonBounds.C11R5D213.step_n13._native.native_decide.ax_1_5,
 ShannonBounds.C11R5D213.step_n13._native.native_decide.ax_1_6,
 ShannonBounds.C11R5D213.step_n13._native.native_decide.ax_1_7,
 ShannonBounds.C11R5D213.step_n14._native.native_decide.ax_1_1,
 ShannonBounds.C11R5D213.step_n14._native.native_decide.ax_1_2,
 ShannonBounds.C11R5D213.step_n14._native.native_decide.ax_1_3,
 ShannonBounds.C11R5D213.step_n14._native.native_decide.ax_1_4,
 ShannonBounds.C11R5D213.step_n14._native.native_decide.ax_1_5,
 ShannonBounds.C11R5D213.step_n14._native.native_decide.ax_1_6,
 ShannonBounds.C11R5D213.step_n14._native.native_decide.ax_1_7,
 ShannonBounds.C11R5D213.step_n15._native.native_decide.ax_1_1,
 ShannonBounds.C11R5D213.step_n15._native.native_decide.ax_1_2,
 ShannonBounds.C11R5D213.step_n15._native.native_decide.ax_1_3,
 ShannonBounds.C11R5D213.step_n15._native.native_decide.ax_1_4,
 ShannonBounds.C11R5D213.step_n15._native.native_decide.ax_1_5,
 ShannonBounds.C11R5D213.step_n15._native.native_decide.ax_1_6,
 ShannonBounds.C11R5D213.step_n15._native.native_decide.ax_1_7,
 ShannonBounds.C11R5D213.step_n16._native.native_decide.ax_1_1,
 ShannonBounds.C11R5D213.step_n16._native.native_decide.ax_1_2,
 ShannonBounds.C11R5D213.step_n16._native.native_decide.ax_1_3,
 ShannonBounds.C11R5D213.step_n16._native.native_decide.ax_1_4,
 ShannonBounds.C11R5D213.step_n16._native.native_decide.ax_1_5,
 ShannonBounds.C11R5D213.step_n16._native.native_decide.ax_1_6,
 ShannonBounds.C11R5D213.step_n16._native.native_decide.ax_1_7,
 ShannonBounds.C11R5D213.step_n17._native.native_decide.ax_1_1,
 ShannonBounds.C11R5D213.step_n17._native.native_decide.ax_1_2,
 ShannonBounds.C11R5D213.step_n17._native.native_decide.ax_1_3,
 ShannonBounds.C11R5D213.step_n17._native.native_decide.ax_1_4,
 ShannonBounds.C11R5D213.step_n17._native.native_decide.ax_1_5,
 ShannonBounds.C11R5D213.step_n17._native.native_decide.ax_1_6,
 ShannonBounds.C11R5D213.step_n17._native.native_decide.ax_1_7,
 ShannonBounds.C11R5D213.step_n18._native.native_decide.ax_1_1,
 ShannonBounds.C11R5D213.step_n18._native.native_decide.ax_1_2,
 ShannonBounds.C11R5D213.step_n18._native.native_decide.ax_1_3,
 ShannonBounds.C11R5D213.step_n18._native.native_decide.ax_1_4,
 ShannonBounds.C11R5D213.step_n18._native.native_decide.ax_1_5,
 ShannonBounds.C11R5D213.step_n18._native.native_decide.ax_1_6,
 ShannonBounds.C11R5D213.step_n18._native.native_decide.ax_1_7,
 ShannonBounds.C11R5D213.step_n19._native.native_decide.ax_1_1,
 ShannonBounds.C11R5D213.step_n19._native.native_decide.ax_1_2,
 ShannonBounds.C11R5D213.step_n19._native.native_decide.ax_1_3,
 ShannonBounds.C11R5D213.step_n19._native.native_decide.ax_1_4,
 ShannonBounds.C11R5D213.step_n19._native.native_decide.ax_1_5,
 ShannonBounds.C11R5D213.step_n19._native.native_decide.ax_1_6,
 ShannonBounds.C11R5D213.step_n19._native.native_decide.ax_1_7,
 ShannonBounds.C11R5D213.step_n2._native.native_decide.ax_1_1,
 ShannonBounds.C11R5D213.step_n2._native.native_decide.ax_1_2,
 ShannonBounds.C11R5D213.step_n2._native.native_decide.ax_1_3,
 ShannonBounds.C11R5D213.step_n2._native.native_decide.ax_1_4,
 ShannonBounds.C11R5D213.step_n2._native.native_decide.ax_1_5,
 ShannonBounds.C11R5D213.step_n2._native.native_decide.ax_1_6,
 ShannonBounds.C11R5D213.step_n2._native.native_decide.ax_1_7,
 ShannonBounds.C11R5D213.step_n20._native.native_decide.ax_1_1,
 ShannonBounds.C11R5D213.step_n20._native.native_decide.ax_1_2,
 ShannonBounds.C11R5D213.step_n20._native.native_decide.ax_1_3,
 ShannonBounds.C11R5D213.step_n20._native.native_decide.ax_1_4,
 ShannonBounds.C11R5D213.step_n20._native.native_decide.ax_1_5,
 ShannonBounds.C11R5D213.step_n20._native.native_decide.ax_1_6,
 ShannonBounds.C11R5D213.step_n20._native.native_decide.ax_1_7,
 ShannonBounds.C11R5D213.step_n21._native.native_decide.ax_1_1,
 ShannonBounds.C11R5D213.step_n21._native.native_decide.ax_1_2,
 ShannonBounds.C11R5D213.step_n21._native.native_decide.ax_1_3,
 ShannonBounds.C11R5D213.step_n21._native.native_decide.ax_1_4,
 ShannonBounds.C11R5D213.step_n21._native.native_decide.ax_1_5,
 ShannonBounds.C11R5D213.step_n21._native.native_decide.ax_1_6,
 ShannonBounds.C11R5D213.step_n21._native.native_decide.ax_1_7,
 ShannonBounds.C11R5D213.step_n22._native.native_decide.ax_1_1,
 ShannonBounds.C11R5D213.step_n22._native.native_decide.ax_1_2,
 ShannonBounds.C11R5D213.step_n22._native.native_decide.ax_1_3,
 ShannonBounds.C11R5D213.step_n22._native.native_decide.ax_1_4,
 ShannonBounds.C11R5D213.step_n22._native.native_decide.ax_1_5,
 ShannonBounds.C11R5D213.step_n22._native.native_decide.ax_1_6,
 ShannonBounds.C11R5D213.step_n22._native.native_decide.ax_1_7,
 ShannonBounds.C11R5D213.step_n23._native.native_decide.ax_1_1,
 ShannonBounds.C11R5D213.step_n23._native.native_decide.ax_1_2,
 ShannonBounds.C11R5D213.step_n23._native.native_decide.ax_1_3,
 ShannonBounds.C11R5D213.step_n23._native.native_decide.ax_1_4,
 ShannonBounds.C11R5D213.step_n23._native.native_decide.ax_1_5,
 ShannonBounds.C11R5D213.step_n23._native.native_decide.ax_1_6,
 ShannonBounds.C11R5D213.step_n23._native.native_decide.ax_1_7,
 ShannonBounds.C11R5D213.step_n24._native.native_decide.ax_1_1,
 ShannonBounds.C11R5D213.step_n24._native.native_decide.ax_1_2,
 ShannonBounds.C11R5D213.step_n24._native.native_decide.ax_1_3,
 ShannonBounds.C11R5D213.step_n24._native.native_decide.ax_1_4,
 ShannonBounds.C11R5D213.step_n24._native.native_decide.ax_1_5,
 ShannonBounds.C11R5D213.step_n24._native.native_decide.ax_1_6,
 ShannonBounds.C11R5D213.step_n24._native.native_decide.ax_1_7,
 ShannonBounds.C11R5D213.step_n25._native.native_decide.ax_1_1,
 ShannonBounds.C11R5D213.step_n25._native.native_decide.ax_1_2,
 ShannonBounds.C11R5D213.step_n25._native.native_decide.ax_1_3,
 ShannonBounds.C11R5D213.step_n25._native.native_decide.ax_1_4,
 ShannonBounds.C11R5D213.step_n25._native.native_decide.ax_1_5,
 ShannonBounds.C11R5D213.step_n25._native.native_decide.ax_1_6,
 ShannonBounds.C11R5D213.step_n25._native.native_decide.ax_1_7,
 ShannonBounds.C11R5D213.step_n26._native.native_decide.ax_1_1,
 ShannonBounds.C11R5D213.step_n26._native.native_decide.ax_1_2,
 ShannonBounds.C11R5D213.step_n26._native.native_decide.ax_1_3,
 ShannonBounds.C11R5D213.step_n26._native.native_decide.ax_1_4,
 ShannonBounds.C11R5D213.step_n26._native.native_decide.ax_1_5,
 ShannonBounds.C11R5D213.step_n26._native.native_decide.ax_1_6,
 ShannonBounds.C11R5D213.step_n26._native.native_decide.ax_1_7,
 ShannonBounds.C11R5D213.step_n27._native.native_decide.ax_1_1,
 ShannonBounds.C11R5D213.step_n27._native.native_decide.ax_1_2,
 ShannonBounds.C11R5D213.step_n27._native.native_decide.ax_1_3,
 ShannonBounds.C11R5D213.step_n27._native.native_decide.ax_1_4,
 ShannonBounds.C11R5D213.step_n27._native.native_decide.ax_1_5,
 ShannonBounds.C11R5D213.step_n27._native.native_decide.ax_1_6,
 ShannonBounds.C11R5D213.step_n27._native.native_decide.ax_1_7,
 ShannonBounds.C11R5D213.step_n28._native.native_decide.ax_1_1,
 ShannonBounds.C11R5D213.step_n28._native.native_decide.ax_1_2,
 ShannonBounds.C11R5D213.step_n28._native.native_decide.ax_1_3,
 ShannonBounds.C11R5D213.step_n28._native.native_decide.ax_1_4,
 ShannonBounds.C11R5D213.step_n28._native.native_decide.ax_1_5,
 ShannonBounds.C11R5D213.step_n28._native.native_decide.ax_1_6,
 ShannonBounds.C11R5D213.step_n28._native.native_decide.ax_1_7,
 ShannonBounds.C11R5D213.step_n29._native.native_decide.ax_1_1,
 ShannonBounds.C11R5D213.step_n29._native.native_decide.ax_1_2,
 ShannonBounds.C11R5D213.step_n29._native.native_decide.ax_1_3,
 ShannonBounds.C11R5D213.step_n29._native.native_decide.ax_1_4,
 ShannonBounds.C11R5D213.step_n29._native.native_decide.ax_1_5,
 ShannonBounds.C11R5D213.step_n29._native.native_decide.ax_1_6,
 ShannonBounds.C11R5D213.step_n29._native.native_decide.ax_1_7,
 ShannonBounds.C11R5D213.step_n3._native.native_decide.ax_1_1,
 ShannonBounds.C11R5D213.step_n3._native.native_decide.ax_1_2,
 ShannonBounds.C11R5D213.step_n3._native.native_decide.ax_1_3,
 ShannonBounds.C11R5D213.step_n3._native.native_decide.ax_1_4,
 ShannonBounds.C11R5D213.step_n3._native.native_decide.ax_1_5,
 ShannonBounds.C11R5D213.step_n3._native.native_decide.ax_1_6,
 ShannonBounds.C11R5D213.step_n3._native.native_decide.ax_1_7,
 ShannonBounds.C11R5D213.step_n30._native.native_decide.ax_1_1,
 ShannonBounds.C11R5D213.step_n30._native.native_decide.ax_1_2,
 ShannonBounds.C11R5D213.step_n30._native.native_decide.ax_1_3,
 ShannonBounds.C11R5D213.step_n30._native.native_decide.ax_1_4,
 ShannonBounds.C11R5D213.step_n30._native.native_decide.ax_1_5,
 ShannonBounds.C11R5D213.step_n30._native.native_decide.ax_1_6,
 ShannonBounds.C11R5D213.step_n30._native.native_decide.ax_1_7,
 ShannonBounds.C11R5D213.step_n4._native.native_decide.ax_1_1,
 ShannonBounds.C11R5D213.step_n4._native.native_decide.ax_1_2,
 ShannonBounds.C11R5D213.step_n4._native.native_decide.ax_1_3,
 ShannonBounds.C11R5D213.step_n4._native.native_decide.ax_1_4,
 ShannonBounds.C11R5D213.step_n4._native.native_decide.ax_1_5,
 ShannonBounds.C11R5D213.step_n4._native.native_decide.ax_1_6,
 ShannonBounds.C11R5D213.step_n4._native.native_decide.ax_1_7,
 ShannonBounds.C11R5D213.step_n5._native.native_decide.ax_1_1,
 ShannonBounds.C11R5D213.step_n5._native.native_decide.ax_1_2,
 ShannonBounds.C11R5D213.step_n5._native.native_decide.ax_1_3,
 ShannonBounds.C11R5D213.step_n5._native.native_decide.ax_1_4,
 ShannonBounds.C11R5D213.step_n5._native.native_decide.ax_1_5,
 ShannonBounds.C11R5D213.step_n5._native.native_decide.ax_1_6,
 ShannonBounds.C11R5D213.step_n5._native.native_decide.ax_1_7,
 ShannonBounds.C11R5D213.step_n6._native.native_decide.ax_1_1,
 ShannonBounds.C11R5D213.step_n6._native.native_decide.ax_1_2,
 ShannonBounds.C11R5D213.step_n6._native.native_decide.ax_1_3,
 ShannonBounds.C11R5D213.step_n6._native.native_decide.ax_1_4,
 ShannonBounds.C11R5D213.step_n6._native.native_decide.ax_1_5,
 ShannonBounds.C11R5D213.step_n6._native.native_decide.ax_1_6,
 ShannonBounds.C11R5D213.step_n6._native.native_decide.ax_1_7,
 ShannonBounds.C11R5D213.step_n7._native.native_decide.ax_1_1,
 ShannonBounds.C11R5D213.step_n7._native.native_decide.ax_1_2,
 ShannonBounds.C11R5D213.step_n7._native.native_decide.ax_1_3,
 ShannonBounds.C11R5D213.step_n7._native.native_decide.ax_1_4,
 ShannonBounds.C11R5D213.step_n7._native.native_decide.ax_1_5,
 ShannonBounds.C11R5D213.step_n7._native.native_decide.ax_1_6,
 ShannonBounds.C11R5D213.step_n7._native.native_decide.ax_1_7,
 ShannonBounds.C11R5D213.step_n8._native.native_decide.ax_1_1,
 ShannonBounds.C11R5D213.step_n8._native.native_decide.ax_1_2,
 ShannonBounds.C11R5D213.step_n8._native.native_decide.ax_1_3,
 ShannonBounds.C11R5D213.step_n8._native.native_decide.ax_1_4,
 ShannonBounds.C11R5D213.step_n8._native.native_decide.ax_1_5,
 ShannonBounds.C11R5D213.step_n8._native.native_decide.ax_1_6,
 ShannonBounds.C11R5D213.step_n8._native.native_decide.ax_1_7,
 ShannonBounds.C11R5D213.step_n9._native.native_decide.ax_1_1,
 ShannonBounds.C11R5D213.step_n9._native.native_decide.ax_1_2,
 ShannonBounds.C11R5D213.step_n9._native.native_decide.ax_1_3,
 ShannonBounds.C11R5D213.step_n9._native.native_decide.ax_1_4,
 ShannonBounds.C11R5D213.step_n9._native.native_decide.ax_1_5,
 ShannonBounds.C11R5D213.step_n9._native.native_decide.ax_1_6,
 ShannonBounds.C11R5D213.step_n9._native.native_decide.ax_1_7,
 ShannonBounds.C11R5D213.terminal_value._native.native_decide.ax_1_1,
 ShannonBounds.C11R5Tables.S_0058d965adce02f4._native.native_decide.ax_1,
 ShannonBounds.C11R5Tables.S_0058d965adce02f4._native.native_decide.ax_2,
 ShannonBounds.C11R5Tables.S_04339297651c9c49._native.native_decide.ax_1,
 ShannonBounds.C11R5Tables.S_04339297651c9c49._native.native_decide.ax_2,
 ShannonBounds.C11R5Tables.S_15769811f129f696._native.native_decide.ax_1,
 ShannonBounds.C11R5Tables.S_15769811f129f696._native.native_decide.ax_2,
 ShannonBounds.C11R5Tables.S_18277b0c484b4c41._native.native_decide.ax_1,
 ShannonBounds.C11R5Tables.S_18277b0c484b4c41._native.native_decide.ax_2,
 ShannonBounds.C11R5Tables.S_31d500a381a04d9a._native.native_decide.ax_1,
 ShannonBounds.C11R5Tables.S_31d500a381a04d9a._native.native_decide.ax_2,
 ShannonBounds.C11R5Tables.S_36518f191584a644._native.native_decide.ax_1,
 ShannonBounds.C11R5Tables.S_36518f191584a644._native.native_decide.ax_2,
 ShannonBounds.C11R5Tables.S_3b145410351af05c._native.native_decide.ax_1,
 ShannonBounds.C11R5Tables.S_3b145410351af05c._native.native_decide.ax_2,
 ShannonBounds.C11R5Tables.S_3daf90758a80fbb9._native.native_decide.ax_1,
 ShannonBounds.C11R5Tables.S_3daf90758a80fbb9._native.native_decide.ax_2,
 ShannonBounds.C11R5Tables.S_3e8694d6a5bfe173._native.native_decide.ax_1,
 ShannonBounds.C11R5Tables.S_3e8694d6a5bfe173._native.native_decide.ax_2,
 ShannonBounds.C11R5Tables.S_59b3ea5954777333._native.native_decide.ax_1,
 ShannonBounds.C11R5Tables.S_59b3ea5954777333._native.native_decide.ax_2,
 ShannonBounds.C11R5Tables.S_660b0244997e1b9c._native.native_decide.ax_1,
 ShannonBounds.C11R5Tables.S_660b0244997e1b9c._native.native_decide.ax_2,
 ShannonBounds.C11R5Tables.S_6859b0ec25991d42._native.native_decide.ax_1,
 ShannonBounds.C11R5Tables.S_6859b0ec25991d42._native.native_decide.ax_2,
 ShannonBounds.C11R5Tables.S_77a9709d00257692._native.native_decide.ax_1,
 ShannonBounds.C11R5Tables.S_77a9709d00257692._native.native_decide.ax_2,
 ShannonBounds.C11R5Tables.S_7b6c163f0dc4b608._native.native_decide.ax_1,
 ShannonBounds.C11R5Tables.S_7b6c163f0dc4b608._native.native_decide.ax_2,
 ShannonBounds.C11R5Tables.S_a41106e52a48b9a6._native.native_decide.ax_1,
 ShannonBounds.C11R5Tables.S_a41106e52a48b9a6._native.native_decide.ax_2,
 ShannonBounds.C11R5Tables.S_cc0e5d2202d76d5d._native.native_decide.ax_1,
 ShannonBounds.C11R5Tables.S_cc0e5d2202d76d5d._native.native_decide.ax_2,
 ShannonBounds.C11R5Tables.S_cd41b86686c50a10._native.native_decide.ax_1,
 ShannonBounds.C11R5Tables.S_cd41b86686c50a10._native.native_decide.ax_2,
 ShannonBounds.C11R5Tables.S_cfb0e1863855bcb0._native.native_decide.ax_1,
 ShannonBounds.C11R5Tables.S_e620baced0654ce9._native.native_decide.ax_1,
 ShannonBounds.C11R5Tables.S_e620baced0654ce9._native.native_decide.ax_2,
 ShannonBounds.C11R5Tables.S_e788020168e26abb._native.native_decide.ax_1,
 ShannonBounds.C11R5Tables.S_e788020168e26abb._native.native_decide.ax_2,
 ShannonBounds.C11R5Tables.S_e9ef2871c79d62be._native.native_decide.ax_1,
 ShannonBounds.C11R5Tables.S_e9ef2871c79d62be._native.native_decide.ax_2,
 ShannonBounds.C11R5Tables.S_f509c81899188c6f._native.native_decide.ax_1,
 ShannonBounds.C11R5Tables.S_f509c81899188c6f._native.native_decide.ax_2]
'ShannonBounds.C11R5D213.card_code' depends on axioms: [propext,
 Classical.choice.{u},
 Quot.sound.{u},
 ShannonBounds.BaseC11.IlenCheck._native.native_decide.ax_1_1,
 ShannonBounds.BaseC11.Iset._native.native_decide.ax_1,
 ShannonBounds.BaseC11.XcFalseLenCheck._native.native_decide.ax_1_1,
 ShannonBounds.BaseC11.XcTrueLenCheck._native.native_decide.ax_1_1,
 ShannonBounds.BaseC11.XlenCheck._native.native_decide.ax_1_1,
 ShannonBounds.BaseC11.Xset._native.native_decide.ax_1,
 ShannonBounds.BaseC11.altInjCheck._native.native_decide.ax_1_1,
 ShannonBounds.BaseC11.altNotCheck._native.native_decide.ax_1_1,
 ShannonBounds.BaseC11.epParentCheck._native.native_decide.ax_1_1,
 ShannonBounds.BaseC11.pFalseCheck._native.native_decide.ax_1_1,
 ShannonBounds.BaseC11.pTrueCheck._native.native_decide.ax_1_1,
 ShannonBounds.BaseC11.pairConflict._native.native_decide.ax_1_1,
 ShannonBounds.BaseC11.pairwiseOK_I._native.native_decide.ax_1_1,
 ShannonBounds.BaseC11.pairwiseOK_X._native.native_decide.ax_1_1,
 ShannonBounds.BaseC11.portsCheck._native.native_decide.ax_1_1,
 ShannonBounds.BaseC11.portsLenCheck._native.native_decide.ax_1_1,
 ShannonBounds.BaseC11.portsSet._native.native_decide.ax_1,
 ShannonBounds.BaseC11.privCheck._native.native_decide.ax_1_1,
 ShannonBounds.BaseC11.sconf_iff_conflict._native.native_decide.ax_1_1,
 ShannonBounds.BaseC11.sconf_refl._native.native_decide.ax_1_1,
 ShannonBounds.BaseC11.sconf_symm._native.native_decide.ax_1_1,
 ShannonBounds.BaseC11.sepCheck._native.native_decide.ax_1_1,
 ShannonBounds.C11R5D213.step_n1._native.native_decide.ax_1_1,
 ShannonBounds.C11R5D213.step_n1._native.native_decide.ax_1_2,
 ShannonBounds.C11R5D213.step_n1._native.native_decide.ax_1_3,
 ShannonBounds.C11R5D213.step_n1._native.native_decide.ax_1_4,
 ShannonBounds.C11R5D213.step_n1._native.native_decide.ax_1_5,
 ShannonBounds.C11R5D213.step_n1._native.native_decide.ax_1_6,
 ShannonBounds.C11R5D213.step_n1._native.native_decide.ax_1_7,
 ShannonBounds.C11R5D213.step_n10._native.native_decide.ax_1_1,
 ShannonBounds.C11R5D213.step_n10._native.native_decide.ax_1_2,
 ShannonBounds.C11R5D213.step_n10._native.native_decide.ax_1_3,
 ShannonBounds.C11R5D213.step_n10._native.native_decide.ax_1_4,
 ShannonBounds.C11R5D213.step_n10._native.native_decide.ax_1_5,
 ShannonBounds.C11R5D213.step_n10._native.native_decide.ax_1_6,
 ShannonBounds.C11R5D213.step_n10._native.native_decide.ax_1_7,
 ShannonBounds.C11R5D213.step_n11._native.native_decide.ax_1_1,
 ShannonBounds.C11R5D213.step_n11._native.native_decide.ax_1_2,
 ShannonBounds.C11R5D213.step_n11._native.native_decide.ax_1_3,
 ShannonBounds.C11R5D213.step_n11._native.native_decide.ax_1_4,
 ShannonBounds.C11R5D213.step_n11._native.native_decide.ax_1_5,
 ShannonBounds.C11R5D213.step_n11._native.native_decide.ax_1_6,
 ShannonBounds.C11R5D213.step_n11._native.native_decide.ax_1_7,
 ShannonBounds.C11R5D213.step_n12._native.native_decide.ax_1_1,
 ShannonBounds.C11R5D213.step_n12._native.native_decide.ax_1_2,
 ShannonBounds.C11R5D213.step_n12._native.native_decide.ax_1_3,
 ShannonBounds.C11R5D213.step_n12._native.native_decide.ax_1_4,
 ShannonBounds.C11R5D213.step_n12._native.native_decide.ax_1_5,
 ShannonBounds.C11R5D213.step_n12._native.native_decide.ax_1_6,
 ShannonBounds.C11R5D213.step_n12._native.native_decide.ax_1_7,
 ShannonBounds.C11R5D213.step_n13._native.native_decide.ax_1_1,
 ShannonBounds.C11R5D213.step_n13._native.native_decide.ax_1_2,
 ShannonBounds.C11R5D213.step_n13._native.native_decide.ax_1_3,
 ShannonBounds.C11R5D213.step_n13._native.native_decide.ax_1_4,
 ShannonBounds.C11R5D213.step_n13._native.native_decide.ax_1_5,
 ShannonBounds.C11R5D213.step_n13._native.native_decide.ax_1_6,
 ShannonBounds.C11R5D213.step_n13._native.native_decide.ax_1_7,
 ShannonBounds.C11R5D213.step_n14._native.native_decide.ax_1_1,
 ShannonBounds.C11R5D213.step_n14._native.native_decide.ax_1_2,
 ShannonBounds.C11R5D213.step_n14._native.native_decide.ax_1_3,
 ShannonBounds.C11R5D213.step_n14._native.native_decide.ax_1_4,
 ShannonBounds.C11R5D213.step_n14._native.native_decide.ax_1_5,
 ShannonBounds.C11R5D213.step_n14._native.native_decide.ax_1_6,
 ShannonBounds.C11R5D213.step_n14._native.native_decide.ax_1_7,
 ShannonBounds.C11R5D213.step_n15._native.native_decide.ax_1_1,
 ShannonBounds.C11R5D213.step_n15._native.native_decide.ax_1_2,
 ShannonBounds.C11R5D213.step_n15._native.native_decide.ax_1_3,
 ShannonBounds.C11R5D213.step_n15._native.native_decide.ax_1_4,
 ShannonBounds.C11R5D213.step_n15._native.native_decide.ax_1_5,
 ShannonBounds.C11R5D213.step_n15._native.native_decide.ax_1_6,
 ShannonBounds.C11R5D213.step_n15._native.native_decide.ax_1_7,
 ShannonBounds.C11R5D213.step_n16._native.native_decide.ax_1_1,
 ShannonBounds.C11R5D213.step_n16._native.native_decide.ax_1_2,
 ShannonBounds.C11R5D213.step_n16._native.native_decide.ax_1_3,
 ShannonBounds.C11R5D213.step_n16._native.native_decide.ax_1_4,
 ShannonBounds.C11R5D213.step_n16._native.native_decide.ax_1_5,
 ShannonBounds.C11R5D213.step_n16._native.native_decide.ax_1_6,
 ShannonBounds.C11R5D213.step_n16._native.native_decide.ax_1_7,
 ShannonBounds.C11R5D213.step_n17._native.native_decide.ax_1_1,
 ShannonBounds.C11R5D213.step_n17._native.native_decide.ax_1_2,
 ShannonBounds.C11R5D213.step_n17._native.native_decide.ax_1_3,
 ShannonBounds.C11R5D213.step_n17._native.native_decide.ax_1_4,
 ShannonBounds.C11R5D213.step_n17._native.native_decide.ax_1_5,
 ShannonBounds.C11R5D213.step_n17._native.native_decide.ax_1_6,
 ShannonBounds.C11R5D213.step_n17._native.native_decide.ax_1_7,
 ShannonBounds.C11R5D213.step_n18._native.native_decide.ax_1_1,
 ShannonBounds.C11R5D213.step_n18._native.native_decide.ax_1_2,
 ShannonBounds.C11R5D213.step_n18._native.native_decide.ax_1_3,
 ShannonBounds.C11R5D213.step_n18._native.native_decide.ax_1_4,
 ShannonBounds.C11R5D213.step_n18._native.native_decide.ax_1_5,
 ShannonBounds.C11R5D213.step_n18._native.native_decide.ax_1_6,
 ShannonBounds.C11R5D213.step_n18._native.native_decide.ax_1_7,
 ShannonBounds.C11R5D213.step_n19._native.native_decide.ax_1_1,
 ShannonBounds.C11R5D213.step_n19._native.native_decide.ax_1_2,
 ShannonBounds.C11R5D213.step_n19._native.native_decide.ax_1_3,
 ShannonBounds.C11R5D213.step_n19._native.native_decide.ax_1_4,
 ShannonBounds.C11R5D213.step_n19._native.native_decide.ax_1_5,
 ShannonBounds.C11R5D213.step_n19._native.native_decide.ax_1_6,
 ShannonBounds.C11R5D213.step_n19._native.native_decide.ax_1_7,
 ShannonBounds.C11R5D213.step_n2._native.native_decide.ax_1_1,
 ShannonBounds.C11R5D213.step_n2._native.native_decide.ax_1_2,
 ShannonBounds.C11R5D213.step_n2._native.native_decide.ax_1_3,
 ShannonBounds.C11R5D213.step_n2._native.native_decide.ax_1_4,
 ShannonBounds.C11R5D213.step_n2._native.native_decide.ax_1_5,
 ShannonBounds.C11R5D213.step_n2._native.native_decide.ax_1_6,
 ShannonBounds.C11R5D213.step_n2._native.native_decide.ax_1_7,
 ShannonBounds.C11R5D213.step_n20._native.native_decide.ax_1_1,
 ShannonBounds.C11R5D213.step_n20._native.native_decide.ax_1_2,
 ShannonBounds.C11R5D213.step_n20._native.native_decide.ax_1_3,
 ShannonBounds.C11R5D213.step_n20._native.native_decide.ax_1_4,
 ShannonBounds.C11R5D213.step_n20._native.native_decide.ax_1_5,
 ShannonBounds.C11R5D213.step_n20._native.native_decide.ax_1_6,
 ShannonBounds.C11R5D213.step_n20._native.native_decide.ax_1_7,
 ShannonBounds.C11R5D213.step_n21._native.native_decide.ax_1_1,
 ShannonBounds.C11R5D213.step_n21._native.native_decide.ax_1_2,
 ShannonBounds.C11R5D213.step_n21._native.native_decide.ax_1_3,
 ShannonBounds.C11R5D213.step_n21._native.native_decide.ax_1_4,
 ShannonBounds.C11R5D213.step_n21._native.native_decide.ax_1_5,
 ShannonBounds.C11R5D213.step_n21._native.native_decide.ax_1_6,
 ShannonBounds.C11R5D213.step_n21._native.native_decide.ax_1_7,
 ShannonBounds.C11R5D213.step_n22._native.native_decide.ax_1_1,
 ShannonBounds.C11R5D213.step_n22._native.native_decide.ax_1_2,
 ShannonBounds.C11R5D213.step_n22._native.native_decide.ax_1_3,
 ShannonBounds.C11R5D213.step_n22._native.native_decide.ax_1_4,
 ShannonBounds.C11R5D213.step_n22._native.native_decide.ax_1_5,
 ShannonBounds.C11R5D213.step_n22._native.native_decide.ax_1_6,
 ShannonBounds.C11R5D213.step_n22._native.native_decide.ax_1_7,
 ShannonBounds.C11R5D213.step_n23._native.native_decide.ax_1_1,
 ShannonBounds.C11R5D213.step_n23._native.native_decide.ax_1_2,
 ShannonBounds.C11R5D213.step_n23._native.native_decide.ax_1_3,
 ShannonBounds.C11R5D213.step_n23._native.native_decide.ax_1_4,
 ShannonBounds.C11R5D213.step_n23._native.native_decide.ax_1_5,
 ShannonBounds.C11R5D213.step_n23._native.native_decide.ax_1_6,
 ShannonBounds.C11R5D213.step_n23._native.native_decide.ax_1_7,
 ShannonBounds.C11R5D213.step_n24._native.native_decide.ax_1_1,
 ShannonBounds.C11R5D213.step_n24._native.native_decide.ax_1_2,
 ShannonBounds.C11R5D213.step_n24._native.native_decide.ax_1_3,
 ShannonBounds.C11R5D213.step_n24._native.native_decide.ax_1_4,
 ShannonBounds.C11R5D213.step_n24._native.native_decide.ax_1_5,
 ShannonBounds.C11R5D213.step_n24._native.native_decide.ax_1_6,
 ShannonBounds.C11R5D213.step_n24._native.native_decide.ax_1_7,
 ShannonBounds.C11R5D213.step_n25._native.native_decide.ax_1_1,
 ShannonBounds.C11R5D213.step_n25._native.native_decide.ax_1_2,
 ShannonBounds.C11R5D213.step_n25._native.native_decide.ax_1_3,
 ShannonBounds.C11R5D213.step_n25._native.native_decide.ax_1_4,
 ShannonBounds.C11R5D213.step_n25._native.native_decide.ax_1_5,
 ShannonBounds.C11R5D213.step_n25._native.native_decide.ax_1_6,
 ShannonBounds.C11R5D213.step_n25._native.native_decide.ax_1_7,
 ShannonBounds.C11R5D213.step_n26._native.native_decide.ax_1_1,
 ShannonBounds.C11R5D213.step_n26._native.native_decide.ax_1_2,
 ShannonBounds.C11R5D213.step_n26._native.native_decide.ax_1_3,
 ShannonBounds.C11R5D213.step_n26._native.native_decide.ax_1_4,
 ShannonBounds.C11R5D213.step_n26._native.native_decide.ax_1_5,
 ShannonBounds.C11R5D213.step_n26._native.native_decide.ax_1_6,
 ShannonBounds.C11R5D213.step_n26._native.native_decide.ax_1_7,
 ShannonBounds.C11R5D213.step_n27._native.native_decide.ax_1_1,
 ShannonBounds.C11R5D213.step_n27._native.native_decide.ax_1_2,
 ShannonBounds.C11R5D213.step_n27._native.native_decide.ax_1_3,
 ShannonBounds.C11R5D213.step_n27._native.native_decide.ax_1_4,
 ShannonBounds.C11R5D213.step_n27._native.native_decide.ax_1_5,
 ShannonBounds.C11R5D213.step_n27._native.native_decide.ax_1_6,
 ShannonBounds.C11R5D213.step_n27._native.native_decide.ax_1_7,
 ShannonBounds.C11R5D213.step_n28._native.native_decide.ax_1_1,
 ShannonBounds.C11R5D213.step_n28._native.native_decide.ax_1_2,
 ShannonBounds.C11R5D213.step_n28._native.native_decide.ax_1_3,
 ShannonBounds.C11R5D213.step_n28._native.native_decide.ax_1_4,
 ShannonBounds.C11R5D213.step_n28._native.native_decide.ax_1_5,
 ShannonBounds.C11R5D213.step_n28._native.native_decide.ax_1_6,
 ShannonBounds.C11R5D213.step_n28._native.native_decide.ax_1_7,
 ShannonBounds.C11R5D213.step_n29._native.native_decide.ax_1_1,
 ShannonBounds.C11R5D213.step_n29._native.native_decide.ax_1_2,
 ShannonBounds.C11R5D213.step_n29._native.native_decide.ax_1_3,
 ShannonBounds.C11R5D213.step_n29._native.native_decide.ax_1_4,
 ShannonBounds.C11R5D213.step_n29._native.native_decide.ax_1_5,
 ShannonBounds.C11R5D213.step_n29._native.native_decide.ax_1_6,
 ShannonBounds.C11R5D213.step_n29._native.native_decide.ax_1_7,
 ShannonBounds.C11R5D213.step_n3._native.native_decide.ax_1_1,
 ShannonBounds.C11R5D213.step_n3._native.native_decide.ax_1_2,
 ShannonBounds.C11R5D213.step_n3._native.native_decide.ax_1_3,
 ShannonBounds.C11R5D213.step_n3._native.native_decide.ax_1_4,
 ShannonBounds.C11R5D213.step_n3._native.native_decide.ax_1_5,
 ShannonBounds.C11R5D213.step_n3._native.native_decide.ax_1_6,
 ShannonBounds.C11R5D213.step_n3._native.native_decide.ax_1_7,
 ShannonBounds.C11R5D213.step_n30._native.native_decide.ax_1_1,
 ShannonBounds.C11R5D213.step_n30._native.native_decide.ax_1_2,
 ShannonBounds.C11R5D213.step_n30._native.native_decide.ax_1_3,
 ShannonBounds.C11R5D213.step_n30._native.native_decide.ax_1_4,
 ShannonBounds.C11R5D213.step_n30._native.native_decide.ax_1_5,
 ShannonBounds.C11R5D213.step_n30._native.native_decide.ax_1_6,
 ShannonBounds.C11R5D213.step_n30._native.native_decide.ax_1_7,
 ShannonBounds.C11R5D213.step_n4._native.native_decide.ax_1_1,
 ShannonBounds.C11R5D213.step_n4._native.native_decide.ax_1_2,
 ShannonBounds.C11R5D213.step_n4._native.native_decide.ax_1_3,
 ShannonBounds.C11R5D213.step_n4._native.native_decide.ax_1_4,
 ShannonBounds.C11R5D213.step_n4._native.native_decide.ax_1_5,
 ShannonBounds.C11R5D213.step_n4._native.native_decide.ax_1_6,
 ShannonBounds.C11R5D213.step_n4._native.native_decide.ax_1_7,
 ShannonBounds.C11R5D213.step_n5._native.native_decide.ax_1_1,
 ShannonBounds.C11R5D213.step_n5._native.native_decide.ax_1_2,
 ShannonBounds.C11R5D213.step_n5._native.native_decide.ax_1_3,
 ShannonBounds.C11R5D213.step_n5._native.native_decide.ax_1_4,
 ShannonBounds.C11R5D213.step_n5._native.native_decide.ax_1_5,
 ShannonBounds.C11R5D213.step_n5._native.native_decide.ax_1_6,
 ShannonBounds.C11R5D213.step_n5._native.native_decide.ax_1_7,
 ShannonBounds.C11R5D213.step_n6._native.native_decide.ax_1_1,
 ShannonBounds.C11R5D213.step_n6._native.native_decide.ax_1_2,
 ShannonBounds.C11R5D213.step_n6._native.native_decide.ax_1_3,
 ShannonBounds.C11R5D213.step_n6._native.native_decide.ax_1_4,
 ShannonBounds.C11R5D213.step_n6._native.native_decide.ax_1_5,
 ShannonBounds.C11R5D213.step_n6._native.native_decide.ax_1_6,
 ShannonBounds.C11R5D213.step_n6._native.native_decide.ax_1_7,
 ShannonBounds.C11R5D213.step_n7._native.native_decide.ax_1_1,
 ShannonBounds.C11R5D213.step_n7._native.native_decide.ax_1_2,
 ShannonBounds.C11R5D213.step_n7._native.native_decide.ax_1_3,
 ShannonBounds.C11R5D213.step_n7._native.native_decide.ax_1_4,
 ShannonBounds.C11R5D213.step_n7._native.native_decide.ax_1_5,
 ShannonBounds.C11R5D213.step_n7._native.native_decide.ax_1_6,
 ShannonBounds.C11R5D213.step_n7._native.native_decide.ax_1_7,
 ShannonBounds.C11R5D213.step_n8._native.native_decide.ax_1_1,
 ShannonBounds.C11R5D213.step_n8._native.native_decide.ax_1_2,
 ShannonBounds.C11R5D213.step_n8._native.native_decide.ax_1_3,
 ShannonBounds.C11R5D213.step_n8._native.native_decide.ax_1_4,
 ShannonBounds.C11R5D213.step_n8._native.native_decide.ax_1_5,
 ShannonBounds.C11R5D213.step_n8._native.native_decide.ax_1_6,
 ShannonBounds.C11R5D213.step_n8._native.native_decide.ax_1_7,
 ShannonBounds.C11R5D213.step_n9._native.native_decide.ax_1_1,
 ShannonBounds.C11R5D213.step_n9._native.native_decide.ax_1_2,
 ShannonBounds.C11R5D213.step_n9._native.native_decide.ax_1_3,
 ShannonBounds.C11R5D213.step_n9._native.native_decide.ax_1_4,
 ShannonBounds.C11R5D213.step_n9._native.native_decide.ax_1_5,
 ShannonBounds.C11R5D213.step_n9._native.native_decide.ax_1_6,
 ShannonBounds.C11R5D213.step_n9._native.native_decide.ax_1_7,
 ShannonBounds.C11R5D213.terminal_value._native.native_decide.ax_1_1,
 ShannonBounds.C11R5Tables.S_0058d965adce02f4._native.native_decide.ax_1,
 ShannonBounds.C11R5Tables.S_0058d965adce02f4._native.native_decide.ax_2,
 ShannonBounds.C11R5Tables.S_04339297651c9c49._native.native_decide.ax_1,
 ShannonBounds.C11R5Tables.S_04339297651c9c49._native.native_decide.ax_2,
 ShannonBounds.C11R5Tables.S_15769811f129f696._native.native_decide.ax_1,
 ShannonBounds.C11R5Tables.S_15769811f129f696._native.native_decide.ax_2,
 ShannonBounds.C11R5Tables.S_18277b0c484b4c41._native.native_decide.ax_1,
 ShannonBounds.C11R5Tables.S_18277b0c484b4c41._native.native_decide.ax_2,
 ShannonBounds.C11R5Tables.S_31d500a381a04d9a._native.native_decide.ax_1,
 ShannonBounds.C11R5Tables.S_31d500a381a04d9a._native.native_decide.ax_2,
 ShannonBounds.C11R5Tables.S_36518f191584a644._native.native_decide.ax_1,
 ShannonBounds.C11R5Tables.S_36518f191584a644._native.native_decide.ax_2,
 ShannonBounds.C11R5Tables.S_3b145410351af05c._native.native_decide.ax_1,
 ShannonBounds.C11R5Tables.S_3b145410351af05c._native.native_decide.ax_2,
 ShannonBounds.C11R5Tables.S_3daf90758a80fbb9._native.native_decide.ax_1,
 ShannonBounds.C11R5Tables.S_3daf90758a80fbb9._native.native_decide.ax_2,
 ShannonBounds.C11R5Tables.S_3e8694d6a5bfe173._native.native_decide.ax_1,
 ShannonBounds.C11R5Tables.S_3e8694d6a5bfe173._native.native_decide.ax_2,
 ShannonBounds.C11R5Tables.S_59b3ea5954777333._native.native_decide.ax_1,
 ShannonBounds.C11R5Tables.S_59b3ea5954777333._native.native_decide.ax_2,
 ShannonBounds.C11R5Tables.S_660b0244997e1b9c._native.native_decide.ax_1,
 ShannonBounds.C11R5Tables.S_660b0244997e1b9c._native.native_decide.ax_2,
 ShannonBounds.C11R5Tables.S_6859b0ec25991d42._native.native_decide.ax_1,
 ShannonBounds.C11R5Tables.S_6859b0ec25991d42._native.native_decide.ax_2,
 ShannonBounds.C11R5Tables.S_77a9709d00257692._native.native_decide.ax_1,
 ShannonBounds.C11R5Tables.S_77a9709d00257692._native.native_decide.ax_2,
 ShannonBounds.C11R5Tables.S_7b6c163f0dc4b608._native.native_decide.ax_1,
 ShannonBounds.C11R5Tables.S_7b6c163f0dc4b608._native.native_decide.ax_2,
 ShannonBounds.C11R5Tables.S_a41106e52a48b9a6._native.native_decide.ax_1,
 ShannonBounds.C11R5Tables.S_a41106e52a48b9a6._native.native_decide.ax_2,
 ShannonBounds.C11R5Tables.S_cc0e5d2202d76d5d._native.native_decide.ax_1,
 ShannonBounds.C11R5Tables.S_cc0e5d2202d76d5d._native.native_decide.ax_2,
 ShannonBounds.C11R5Tables.S_cd41b86686c50a10._native.native_decide.ax_1,
 ShannonBounds.C11R5Tables.S_cd41b86686c50a10._native.native_decide.ax_2,
 ShannonBounds.C11R5Tables.S_cfb0e1863855bcb0._native.native_decide.ax_1,
 ShannonBounds.C11R5Tables.S_e620baced0654ce9._native.native_decide.ax_1,
 ShannonBounds.C11R5Tables.S_e620baced0654ce9._native.native_decide.ax_2,
 ShannonBounds.C11R5Tables.S_e788020168e26abb._native.native_decide.ax_1,
 ShannonBounds.C11R5Tables.S_e788020168e26abb._native.native_decide.ax_2,
 ShannonBounds.C11R5Tables.S_e9ef2871c79d62be._native.native_decide.ax_1,
 ShannonBounds.C11R5Tables.S_e9ef2871c79d62be._native.native_decide.ax_2,
 ShannonBounds.C11R5Tables.S_f509c81899188c6f._native.native_decide.ax_1,
 ShannonBounds.C11R5Tables.S_f509c81899188c6f._native.native_decide.ax_2]
'ShannonBounds.C11R5D213.independent_code' depends on axioms: [propext,
 Classical.choice.{u},
 Quot.sound.{u},
 ShannonBounds.BaseC11.Iset._native.native_decide.ax_1,
 ShannonBounds.BaseC11.Xset._native.native_decide.ax_1,
 ShannonBounds.BaseC11.altInjCheck._native.native_decide.ax_1_1,
 ShannonBounds.BaseC11.altNotCheck._native.native_decide.ax_1_1,
 ShannonBounds.BaseC11.epParentCheck._native.native_decide.ax_1_1,
 ShannonBounds.BaseC11.pFalseCheck._native.native_decide.ax_1_1,
 ShannonBounds.BaseC11.pTrueCheck._native.native_decide.ax_1_1,
 ShannonBounds.BaseC11.pairConflict._native.native_decide.ax_1_1,
 ShannonBounds.BaseC11.pairwiseOK_I._native.native_decide.ax_1_1,
 ShannonBounds.BaseC11.pairwiseOK_X._native.native_decide.ax_1_1,
 ShannonBounds.BaseC11.portsCheck._native.native_decide.ax_1_1,
 ShannonBounds.BaseC11.portsSet._native.native_decide.ax_1,
 ShannonBounds.BaseC11.privCheck._native.native_decide.ax_1_1,
 ShannonBounds.BaseC11.sconf_iff_conflict._native.native_decide.ax_1_1,
 ShannonBounds.BaseC11.sconf_refl._native.native_decide.ax_1_1,
 ShannonBounds.BaseC11.sconf_symm._native.native_decide.ax_1_1,
 ShannonBounds.BaseC11.sepCheck._native.native_decide.ax_1_1,
 ShannonBounds.C11R5Tables.S_0058d965adce02f4._native.native_decide.ax_1,
 ShannonBounds.C11R5Tables.S_0058d965adce02f4._native.native_decide.ax_2,
 ShannonBounds.C11R5Tables.S_04339297651c9c49._native.native_decide.ax_1,
 ShannonBounds.C11R5Tables.S_04339297651c9c49._native.native_decide.ax_2,
 ShannonBounds.C11R5Tables.S_15769811f129f696._native.native_decide.ax_1,
 ShannonBounds.C11R5Tables.S_15769811f129f696._native.native_decide.ax_2,
 ShannonBounds.C11R5Tables.S_18277b0c484b4c41._native.native_decide.ax_1,
 ShannonBounds.C11R5Tables.S_18277b0c484b4c41._native.native_decide.ax_2,
 ShannonBounds.C11R5Tables.S_31d500a381a04d9a._native.native_decide.ax_1,
 ShannonBounds.C11R5Tables.S_31d500a381a04d9a._native.native_decide.ax_2,
 ShannonBounds.C11R5Tables.S_36518f191584a644._native.native_decide.ax_1,
 ShannonBounds.C11R5Tables.S_36518f191584a644._native.native_decide.ax_2,
 ShannonBounds.C11R5Tables.S_3b145410351af05c._native.native_decide.ax_1,
 ShannonBounds.C11R5Tables.S_3b145410351af05c._native.native_decide.ax_2,
 ShannonBounds.C11R5Tables.S_3daf90758a80fbb9._native.native_decide.ax_1,
 ShannonBounds.C11R5Tables.S_3daf90758a80fbb9._native.native_decide.ax_2,
 ShannonBounds.C11R5Tables.S_3e8694d6a5bfe173._native.native_decide.ax_1,
 ShannonBounds.C11R5Tables.S_3e8694d6a5bfe173._native.native_decide.ax_2,
 ShannonBounds.C11R5Tables.S_59b3ea5954777333._native.native_decide.ax_1,
 ShannonBounds.C11R5Tables.S_59b3ea5954777333._native.native_decide.ax_2,
 ShannonBounds.C11R5Tables.S_660b0244997e1b9c._native.native_decide.ax_1,
 ShannonBounds.C11R5Tables.S_660b0244997e1b9c._native.native_decide.ax_2,
 ShannonBounds.C11R5Tables.S_6859b0ec25991d42._native.native_decide.ax_1,
 ShannonBounds.C11R5Tables.S_6859b0ec25991d42._native.native_decide.ax_2,
 ShannonBounds.C11R5Tables.S_77a9709d00257692._native.native_decide.ax_1,
 ShannonBounds.C11R5Tables.S_77a9709d00257692._native.native_decide.ax_2,
 ShannonBounds.C11R5Tables.S_7b6c163f0dc4b608._native.native_decide.ax_1,
 ShannonBounds.C11R5Tables.S_7b6c163f0dc4b608._native.native_decide.ax_2,
 ShannonBounds.C11R5Tables.S_a41106e52a48b9a6._native.native_decide.ax_1,
 ShannonBounds.C11R5Tables.S_a41106e52a48b9a6._native.native_decide.ax_2,
 ShannonBounds.C11R5Tables.S_cc0e5d2202d76d5d._native.native_decide.ax_1,
 ShannonBounds.C11R5Tables.S_cc0e5d2202d76d5d._native.native_decide.ax_2,
 ShannonBounds.C11R5Tables.S_cd41b86686c50a10._native.native_decide.ax_1,
 ShannonBounds.C11R5Tables.S_cd41b86686c50a10._native.native_decide.ax_2,
 ShannonBounds.C11R5Tables.S_cfb0e1863855bcb0._native.native_decide.ax_1,
 ShannonBounds.C11R5Tables.S_e620baced0654ce9._native.native_decide.ax_1,
 ShannonBounds.C11R5Tables.S_e620baced0654ce9._native.native_decide.ax_2,
 ShannonBounds.C11R5Tables.S_e788020168e26abb._native.native_decide.ax_1,
 ShannonBounds.C11R5Tables.S_e788020168e26abb._native.native_decide.ax_2,
 ShannonBounds.C11R5Tables.S_e9ef2871c79d62be._native.native_decide.ax_1,
 ShannonBounds.C11R5Tables.S_e9ef2871c79d62be._native.native_decide.ax_2,
 ShannonBounds.C11R5Tables.S_f509c81899188c6f._native.native_decide.ax_1,
 ShannonBounds.C11R5Tables.S_f509c81899188c6f._native.native_decide.ax_2]
'ShannonBounds.C11R5D213.exists_code' depends on axioms: [propext,
 Classical.choice.{u},
 Quot.sound.{u},
 ShannonBounds.BaseC11.IlenCheck._native.native_decide.ax_1_1,
 ShannonBounds.BaseC11.Iset._native.native_decide.ax_1,
 ShannonBounds.BaseC11.XcFalseLenCheck._native.native_decide.ax_1_1,
 ShannonBounds.BaseC11.XcTrueLenCheck._native.native_decide.ax_1_1,
 ShannonBounds.BaseC11.XlenCheck._native.native_decide.ax_1_1,
 ShannonBounds.BaseC11.Xset._native.native_decide.ax_1,
 ShannonBounds.BaseC11.altInjCheck._native.native_decide.ax_1_1,
 ShannonBounds.BaseC11.altNotCheck._native.native_decide.ax_1_1,
 ShannonBounds.BaseC11.epParentCheck._native.native_decide.ax_1_1,
 ShannonBounds.BaseC11.pFalseCheck._native.native_decide.ax_1_1,
 ShannonBounds.BaseC11.pTrueCheck._native.native_decide.ax_1_1,
 ShannonBounds.BaseC11.pairConflict._native.native_decide.ax_1_1,
 ShannonBounds.BaseC11.pairwiseOK_I._native.native_decide.ax_1_1,
 ShannonBounds.BaseC11.pairwiseOK_X._native.native_decide.ax_1_1,
 ShannonBounds.BaseC11.portsCheck._native.native_decide.ax_1_1,
 ShannonBounds.BaseC11.portsLenCheck._native.native_decide.ax_1_1,
 ShannonBounds.BaseC11.portsSet._native.native_decide.ax_1,
 ShannonBounds.BaseC11.privCheck._native.native_decide.ax_1_1,
 ShannonBounds.BaseC11.sconf_iff_conflict._native.native_decide.ax_1_1,
 ShannonBounds.BaseC11.sconf_refl._native.native_decide.ax_1_1,
 ShannonBounds.BaseC11.sconf_symm._native.native_decide.ax_1_1,
 ShannonBounds.BaseC11.sepCheck._native.native_decide.ax_1_1,
 ShannonBounds.C11R5D213.step_n1._native.native_decide.ax_1_1,
 ShannonBounds.C11R5D213.step_n1._native.native_decide.ax_1_2,
 ShannonBounds.C11R5D213.step_n1._native.native_decide.ax_1_3,
 ShannonBounds.C11R5D213.step_n1._native.native_decide.ax_1_4,
 ShannonBounds.C11R5D213.step_n1._native.native_decide.ax_1_5,
 ShannonBounds.C11R5D213.step_n1._native.native_decide.ax_1_6,
 ShannonBounds.C11R5D213.step_n1._native.native_decide.ax_1_7,
 ShannonBounds.C11R5D213.step_n10._native.native_decide.ax_1_1,
 ShannonBounds.C11R5D213.step_n10._native.native_decide.ax_1_2,
 ShannonBounds.C11R5D213.step_n10._native.native_decide.ax_1_3,
 ShannonBounds.C11R5D213.step_n10._native.native_decide.ax_1_4,
 ShannonBounds.C11R5D213.step_n10._native.native_decide.ax_1_5,
 ShannonBounds.C11R5D213.step_n10._native.native_decide.ax_1_6,
 ShannonBounds.C11R5D213.step_n10._native.native_decide.ax_1_7,
 ShannonBounds.C11R5D213.step_n11._native.native_decide.ax_1_1,
 ShannonBounds.C11R5D213.step_n11._native.native_decide.ax_1_2,
 ShannonBounds.C11R5D213.step_n11._native.native_decide.ax_1_3,
 ShannonBounds.C11R5D213.step_n11._native.native_decide.ax_1_4,
 ShannonBounds.C11R5D213.step_n11._native.native_decide.ax_1_5,
 ShannonBounds.C11R5D213.step_n11._native.native_decide.ax_1_6,
 ShannonBounds.C11R5D213.step_n11._native.native_decide.ax_1_7,
 ShannonBounds.C11R5D213.step_n12._native.native_decide.ax_1_1,
 ShannonBounds.C11R5D213.step_n12._native.native_decide.ax_1_2,
 ShannonBounds.C11R5D213.step_n12._native.native_decide.ax_1_3,
 ShannonBounds.C11R5D213.step_n12._native.native_decide.ax_1_4,
 ShannonBounds.C11R5D213.step_n12._native.native_decide.ax_1_5,
 ShannonBounds.C11R5D213.step_n12._native.native_decide.ax_1_6,
 ShannonBounds.C11R5D213.step_n12._native.native_decide.ax_1_7,
 ShannonBounds.C11R5D213.step_n13._native.native_decide.ax_1_1,
 ShannonBounds.C11R5D213.step_n13._native.native_decide.ax_1_2,
 ShannonBounds.C11R5D213.step_n13._native.native_decide.ax_1_3,
 ShannonBounds.C11R5D213.step_n13._native.native_decide.ax_1_4,
 ShannonBounds.C11R5D213.step_n13._native.native_decide.ax_1_5,
 ShannonBounds.C11R5D213.step_n13._native.native_decide.ax_1_6,
 ShannonBounds.C11R5D213.step_n13._native.native_decide.ax_1_7,
 ShannonBounds.C11R5D213.step_n14._native.native_decide.ax_1_1,
 ShannonBounds.C11R5D213.step_n14._native.native_decide.ax_1_2,
 ShannonBounds.C11R5D213.step_n14._native.native_decide.ax_1_3,
 ShannonBounds.C11R5D213.step_n14._native.native_decide.ax_1_4,
 ShannonBounds.C11R5D213.step_n14._native.native_decide.ax_1_5,
 ShannonBounds.C11R5D213.step_n14._native.native_decide.ax_1_6,
 ShannonBounds.C11R5D213.step_n14._native.native_decide.ax_1_7,
 ShannonBounds.C11R5D213.step_n15._native.native_decide.ax_1_1,
 ShannonBounds.C11R5D213.step_n15._native.native_decide.ax_1_2,
 ShannonBounds.C11R5D213.step_n15._native.native_decide.ax_1_3,
 ShannonBounds.C11R5D213.step_n15._native.native_decide.ax_1_4,
 ShannonBounds.C11R5D213.step_n15._native.native_decide.ax_1_5,
 ShannonBounds.C11R5D213.step_n15._native.native_decide.ax_1_6,
 ShannonBounds.C11R5D213.step_n15._native.native_decide.ax_1_7,
 ShannonBounds.C11R5D213.step_n16._native.native_decide.ax_1_1,
 ShannonBounds.C11R5D213.step_n16._native.native_decide.ax_1_2,
 ShannonBounds.C11R5D213.step_n16._native.native_decide.ax_1_3,
 ShannonBounds.C11R5D213.step_n16._native.native_decide.ax_1_4,
 ShannonBounds.C11R5D213.step_n16._native.native_decide.ax_1_5,
 ShannonBounds.C11R5D213.step_n16._native.native_decide.ax_1_6,
 ShannonBounds.C11R5D213.step_n16._native.native_decide.ax_1_7,
 ShannonBounds.C11R5D213.step_n17._native.native_decide.ax_1_1,
 ShannonBounds.C11R5D213.step_n17._native.native_decide.ax_1_2,
 ShannonBounds.C11R5D213.step_n17._native.native_decide.ax_1_3,
 ShannonBounds.C11R5D213.step_n17._native.native_decide.ax_1_4,
 ShannonBounds.C11R5D213.step_n17._native.native_decide.ax_1_5,
 ShannonBounds.C11R5D213.step_n17._native.native_decide.ax_1_6,
 ShannonBounds.C11R5D213.step_n17._native.native_decide.ax_1_7,
 ShannonBounds.C11R5D213.step_n18._native.native_decide.ax_1_1,
 ShannonBounds.C11R5D213.step_n18._native.native_decide.ax_1_2,
 ShannonBounds.C11R5D213.step_n18._native.native_decide.ax_1_3,
 ShannonBounds.C11R5D213.step_n18._native.native_decide.ax_1_4,
 ShannonBounds.C11R5D213.step_n18._native.native_decide.ax_1_5,
 ShannonBounds.C11R5D213.step_n18._native.native_decide.ax_1_6,
 ShannonBounds.C11R5D213.step_n18._native.native_decide.ax_1_7,
 ShannonBounds.C11R5D213.step_n19._native.native_decide.ax_1_1,
 ShannonBounds.C11R5D213.step_n19._native.native_decide.ax_1_2,
 ShannonBounds.C11R5D213.step_n19._native.native_decide.ax_1_3,
 ShannonBounds.C11R5D213.step_n19._native.native_decide.ax_1_4,
 ShannonBounds.C11R5D213.step_n19._native.native_decide.ax_1_5,
 ShannonBounds.C11R5D213.step_n19._native.native_decide.ax_1_6,
 ShannonBounds.C11R5D213.step_n19._native.native_decide.ax_1_7,
 ShannonBounds.C11R5D213.step_n2._native.native_decide.ax_1_1,
 ShannonBounds.C11R5D213.step_n2._native.native_decide.ax_1_2,
 ShannonBounds.C11R5D213.step_n2._native.native_decide.ax_1_3,
 ShannonBounds.C11R5D213.step_n2._native.native_decide.ax_1_4,
 ShannonBounds.C11R5D213.step_n2._native.native_decide.ax_1_5,
 ShannonBounds.C11R5D213.step_n2._native.native_decide.ax_1_6,
 ShannonBounds.C11R5D213.step_n2._native.native_decide.ax_1_7,
 ShannonBounds.C11R5D213.step_n20._native.native_decide.ax_1_1,
 ShannonBounds.C11R5D213.step_n20._native.native_decide.ax_1_2,
 ShannonBounds.C11R5D213.step_n20._native.native_decide.ax_1_3,
 ShannonBounds.C11R5D213.step_n20._native.native_decide.ax_1_4,
 ShannonBounds.C11R5D213.step_n20._native.native_decide.ax_1_5,
 ShannonBounds.C11R5D213.step_n20._native.native_decide.ax_1_6,
 ShannonBounds.C11R5D213.step_n20._native.native_decide.ax_1_7,
 ShannonBounds.C11R5D213.step_n21._native.native_decide.ax_1_1,
 ShannonBounds.C11R5D213.step_n21._native.native_decide.ax_1_2,
 ShannonBounds.C11R5D213.step_n21._native.native_decide.ax_1_3,
 ShannonBounds.C11R5D213.step_n21._native.native_decide.ax_1_4,
 ShannonBounds.C11R5D213.step_n21._native.native_decide.ax_1_5,
 ShannonBounds.C11R5D213.step_n21._native.native_decide.ax_1_6,
 ShannonBounds.C11R5D213.step_n21._native.native_decide.ax_1_7,
 ShannonBounds.C11R5D213.step_n22._native.native_decide.ax_1_1,
 ShannonBounds.C11R5D213.step_n22._native.native_decide.ax_1_2,
 ShannonBounds.C11R5D213.step_n22._native.native_decide.ax_1_3,
 ShannonBounds.C11R5D213.step_n22._native.native_decide.ax_1_4,
 ShannonBounds.C11R5D213.step_n22._native.native_decide.ax_1_5,
 ShannonBounds.C11R5D213.step_n22._native.native_decide.ax_1_6,
 ShannonBounds.C11R5D213.step_n22._native.native_decide.ax_1_7,
 ShannonBounds.C11R5D213.step_n23._native.native_decide.ax_1_1,
 ShannonBounds.C11R5D213.step_n23._native.native_decide.ax_1_2,
 ShannonBounds.C11R5D213.step_n23._native.native_decide.ax_1_3,
 ShannonBounds.C11R5D213.step_n23._native.native_decide.ax_1_4,
 ShannonBounds.C11R5D213.step_n23._native.native_decide.ax_1_5,
 ShannonBounds.C11R5D213.step_n23._native.native_decide.ax_1_6,
 ShannonBounds.C11R5D213.step_n23._native.native_decide.ax_1_7,
 ShannonBounds.C11R5D213.step_n24._native.native_decide.ax_1_1,
 ShannonBounds.C11R5D213.step_n24._native.native_decide.ax_1_2,
 ShannonBounds.C11R5D213.step_n24._native.native_decide.ax_1_3,
 ShannonBounds.C11R5D213.step_n24._native.native_decide.ax_1_4,
 ShannonBounds.C11R5D213.step_n24._native.native_decide.ax_1_5,
 ShannonBounds.C11R5D213.step_n24._native.native_decide.ax_1_6,
 ShannonBounds.C11R5D213.step_n24._native.native_decide.ax_1_7,
 ShannonBounds.C11R5D213.step_n25._native.native_decide.ax_1_1,
 ShannonBounds.C11R5D213.step_n25._native.native_decide.ax_1_2,
 ShannonBounds.C11R5D213.step_n25._native.native_decide.ax_1_3,
 ShannonBounds.C11R5D213.step_n25._native.native_decide.ax_1_4,
 ShannonBounds.C11R5D213.step_n25._native.native_decide.ax_1_5,
 ShannonBounds.C11R5D213.step_n25._native.native_decide.ax_1_6,
 ShannonBounds.C11R5D213.step_n25._native.native_decide.ax_1_7,
 ShannonBounds.C11R5D213.step_n26._native.native_decide.ax_1_1,
 ShannonBounds.C11R5D213.step_n26._native.native_decide.ax_1_2,
 ShannonBounds.C11R5D213.step_n26._native.native_decide.ax_1_3,
 ShannonBounds.C11R5D213.step_n26._native.native_decide.ax_1_4,
 ShannonBounds.C11R5D213.step_n26._native.native_decide.ax_1_5,
 ShannonBounds.C11R5D213.step_n26._native.native_decide.ax_1_6,
 ShannonBounds.C11R5D213.step_n26._native.native_decide.ax_1_7,
 ShannonBounds.C11R5D213.step_n27._native.native_decide.ax_1_1,
 ShannonBounds.C11R5D213.step_n27._native.native_decide.ax_1_2,
 ShannonBounds.C11R5D213.step_n27._native.native_decide.ax_1_3,
 ShannonBounds.C11R5D213.step_n27._native.native_decide.ax_1_4,
 ShannonBounds.C11R5D213.step_n27._native.native_decide.ax_1_5,
 ShannonBounds.C11R5D213.step_n27._native.native_decide.ax_1_6,
 ShannonBounds.C11R5D213.step_n27._native.native_decide.ax_1_7,
 ShannonBounds.C11R5D213.step_n28._native.native_decide.ax_1_1,
 ShannonBounds.C11R5D213.step_n28._native.native_decide.ax_1_2,
 ShannonBounds.C11R5D213.step_n28._native.native_decide.ax_1_3,
 ShannonBounds.C11R5D213.step_n28._native.native_decide.ax_1_4,
 ShannonBounds.C11R5D213.step_n28._native.native_decide.ax_1_5,
 ShannonBounds.C11R5D213.step_n28._native.native_decide.ax_1_6,
 ShannonBounds.C11R5D213.step_n28._native.native_decide.ax_1_7,
 ShannonBounds.C11R5D213.step_n29._native.native_decide.ax_1_1,
 ShannonBounds.C11R5D213.step_n29._native.native_decide.ax_1_2,
 ShannonBounds.C11R5D213.step_n29._native.native_decide.ax_1_3,
 ShannonBounds.C11R5D213.step_n29._native.native_decide.ax_1_4,
 ShannonBounds.C11R5D213.step_n29._native.native_decide.ax_1_5,
 ShannonBounds.C11R5D213.step_n29._native.native_decide.ax_1_6,
 ShannonBounds.C11R5D213.step_n29._native.native_decide.ax_1_7,
 ShannonBounds.C11R5D213.step_n3._native.native_decide.ax_1_1,
 ShannonBounds.C11R5D213.step_n3._native.native_decide.ax_1_2,
 ShannonBounds.C11R5D213.step_n3._native.native_decide.ax_1_3,
 ShannonBounds.C11R5D213.step_n3._native.native_decide.ax_1_4,
 ShannonBounds.C11R5D213.step_n3._native.native_decide.ax_1_5,
 ShannonBounds.C11R5D213.step_n3._native.native_decide.ax_1_6,
 ShannonBounds.C11R5D213.step_n3._native.native_decide.ax_1_7,
 ShannonBounds.C11R5D213.step_n30._native.native_decide.ax_1_1,
 ShannonBounds.C11R5D213.step_n30._native.native_decide.ax_1_2,
 ShannonBounds.C11R5D213.step_n30._native.native_decide.ax_1_3,
 ShannonBounds.C11R5D213.step_n30._native.native_decide.ax_1_4,
 ShannonBounds.C11R5D213.step_n30._native.native_decide.ax_1_5,
 ShannonBounds.C11R5D213.step_n30._native.native_decide.ax_1_6,
 ShannonBounds.C11R5D213.step_n30._native.native_decide.ax_1_7,
 ShannonBounds.C11R5D213.step_n4._native.native_decide.ax_1_1,
 ShannonBounds.C11R5D213.step_n4._native.native_decide.ax_1_2,
 ShannonBounds.C11R5D213.step_n4._native.native_decide.ax_1_3,
 ShannonBounds.C11R5D213.step_n4._native.native_decide.ax_1_4,
 ShannonBounds.C11R5D213.step_n4._native.native_decide.ax_1_5,
 ShannonBounds.C11R5D213.step_n4._native.native_decide.ax_1_6,
 ShannonBounds.C11R5D213.step_n4._native.native_decide.ax_1_7,
 ShannonBounds.C11R5D213.step_n5._native.native_decide.ax_1_1,
 ShannonBounds.C11R5D213.step_n5._native.native_decide.ax_1_2,
 ShannonBounds.C11R5D213.step_n5._native.native_decide.ax_1_3,
 ShannonBounds.C11R5D213.step_n5._native.native_decide.ax_1_4,
 ShannonBounds.C11R5D213.step_n5._native.native_decide.ax_1_5,
 ShannonBounds.C11R5D213.step_n5._native.native_decide.ax_1_6,
 ShannonBounds.C11R5D213.step_n5._native.native_decide.ax_1_7,
 ShannonBounds.C11R5D213.step_n6._native.native_decide.ax_1_1,
 ShannonBounds.C11R5D213.step_n6._native.native_decide.ax_1_2,
 ShannonBounds.C11R5D213.step_n6._native.native_decide.ax_1_3,
 ShannonBounds.C11R5D213.step_n6._native.native_decide.ax_1_4,
 ShannonBounds.C11R5D213.step_n6._native.native_decide.ax_1_5,
 ShannonBounds.C11R5D213.step_n6._native.native_decide.ax_1_6,
 ShannonBounds.C11R5D213.step_n6._native.native_decide.ax_1_7,
 ShannonBounds.C11R5D213.step_n7._native.native_decide.ax_1_1,
 ShannonBounds.C11R5D213.step_n7._native.native_decide.ax_1_2,
 ShannonBounds.C11R5D213.step_n7._native.native_decide.ax_1_3,
 ShannonBounds.C11R5D213.step_n7._native.native_decide.ax_1_4,
 ShannonBounds.C11R5D213.step_n7._native.native_decide.ax_1_5,
 ShannonBounds.C11R5D213.step_n7._native.native_decide.ax_1_6,
 ShannonBounds.C11R5D213.step_n7._native.native_decide.ax_1_7,
 ShannonBounds.C11R5D213.step_n8._native.native_decide.ax_1_1,
 ShannonBounds.C11R5D213.step_n8._native.native_decide.ax_1_2,
 ShannonBounds.C11R5D213.step_n8._native.native_decide.ax_1_3,
 ShannonBounds.C11R5D213.step_n8._native.native_decide.ax_1_4,
 ShannonBounds.C11R5D213.step_n8._native.native_decide.ax_1_5,
 ShannonBounds.C11R5D213.step_n8._native.native_decide.ax_1_6,
 ShannonBounds.C11R5D213.step_n8._native.native_decide.ax_1_7,
 ShannonBounds.C11R5D213.step_n9._native.native_decide.ax_1_1,
 ShannonBounds.C11R5D213.step_n9._native.native_decide.ax_1_2,
 ShannonBounds.C11R5D213.step_n9._native.native_decide.ax_1_3,
 ShannonBounds.C11R5D213.step_n9._native.native_decide.ax_1_4,
 ShannonBounds.C11R5D213.step_n9._native.native_decide.ax_1_5,
 ShannonBounds.C11R5D213.step_n9._native.native_decide.ax_1_6,
 ShannonBounds.C11R5D213.step_n9._native.native_decide.ax_1_7,
 ShannonBounds.C11R5D213.terminal_value._native.native_decide.ax_1_1,
 ShannonBounds.C11R5Tables.S_0058d965adce02f4._native.native_decide.ax_1,
 ShannonBounds.C11R5Tables.S_0058d965adce02f4._native.native_decide.ax_2,
 ShannonBounds.C11R5Tables.S_04339297651c9c49._native.native_decide.ax_1,
 ShannonBounds.C11R5Tables.S_04339297651c9c49._native.native_decide.ax_2,
 ShannonBounds.C11R5Tables.S_15769811f129f696._native.native_decide.ax_1,
 ShannonBounds.C11R5Tables.S_15769811f129f696._native.native_decide.ax_2,
 ShannonBounds.C11R5Tables.S_18277b0c484b4c41._native.native_decide.ax_1,
 ShannonBounds.C11R5Tables.S_18277b0c484b4c41._native.native_decide.ax_2,
 ShannonBounds.C11R5Tables.S_31d500a381a04d9a._native.native_decide.ax_1,
 ShannonBounds.C11R5Tables.S_31d500a381a04d9a._native.native_decide.ax_2,
 ShannonBounds.C11R5Tables.S_36518f191584a644._native.native_decide.ax_1,
 ShannonBounds.C11R5Tables.S_36518f191584a644._native.native_decide.ax_2,
 ShannonBounds.C11R5Tables.S_3b145410351af05c._native.native_decide.ax_1,
 ShannonBounds.C11R5Tables.S_3b145410351af05c._native.native_decide.ax_2,
 ShannonBounds.C11R5Tables.S_3daf90758a80fbb9._native.native_decide.ax_1,
 ShannonBounds.C11R5Tables.S_3daf90758a80fbb9._native.native_decide.ax_2,
 ShannonBounds.C11R5Tables.S_3e8694d6a5bfe173._native.native_decide.ax_1,
 ShannonBounds.C11R5Tables.S_3e8694d6a5bfe173._native.native_decide.ax_2,
 ShannonBounds.C11R5Tables.S_59b3ea5954777333._native.native_decide.ax_1,
 ShannonBounds.C11R5Tables.S_59b3ea5954777333._native.native_decide.ax_2,
 ShannonBounds.C11R5Tables.S_660b0244997e1b9c._native.native_decide.ax_1,
 ShannonBounds.C11R5Tables.S_660b0244997e1b9c._native.native_decide.ax_2,
 ShannonBounds.C11R5Tables.S_6859b0ec25991d42._native.native_decide.ax_1,
 ShannonBounds.C11R5Tables.S_6859b0ec25991d42._native.native_decide.ax_2,
 ShannonBounds.C11R5Tables.S_77a9709d00257692._native.native_decide.ax_1,
 ShannonBounds.C11R5Tables.S_77a9709d00257692._native.native_decide.ax_2,
 ShannonBounds.C11R5Tables.S_7b6c163f0dc4b608._native.native_decide.ax_1,
 ShannonBounds.C11R5Tables.S_7b6c163f0dc4b608._native.native_decide.ax_2,
 ShannonBounds.C11R5Tables.S_a41106e52a48b9a6._native.native_decide.ax_1,
 ShannonBounds.C11R5Tables.S_a41106e52a48b9a6._native.native_decide.ax_2,
 ShannonBounds.C11R5Tables.S_cc0e5d2202d76d5d._native.native_decide.ax_1,
 ShannonBounds.C11R5Tables.S_cc0e5d2202d76d5d._native.native_decide.ax_2,
 ShannonBounds.C11R5Tables.S_cd41b86686c50a10._native.native_decide.ax_1,
 ShannonBounds.C11R5Tables.S_cd41b86686c50a10._native.native_decide.ax_2,
 ShannonBounds.C11R5Tables.S_cfb0e1863855bcb0._native.native_decide.ax_1,
 ShannonBounds.C11R5Tables.S_e620baced0654ce9._native.native_decide.ax_1,
 ShannonBounds.C11R5Tables.S_e620baced0654ce9._native.native_decide.ax_2,
 ShannonBounds.C11R5Tables.S_e788020168e26abb._native.native_decide.ax_1,
 ShannonBounds.C11R5Tables.S_e788020168e26abb._native.native_decide.ax_2,
 ShannonBounds.C11R5Tables.S_e9ef2871c79d62be._native.native_decide.ax_1,
 ShannonBounds.C11R5Tables.S_e9ef2871c79d62be._native.native_decide.ax_2,
 ShannonBounds.C11R5Tables.S_f509c81899188c6f._native.native_decide.ax_1,
 ShannonBounds.C11R5Tables.S_f509c81899188c6f._native.native_decide.ax_2]
'ShannonBounds.C11R5D213.alpha_ge' depends on axioms: [propext,
 Classical.choice.{u},
 Quot.sound.{u},
 ShannonBounds.BaseC11.IlenCheck._native.native_decide.ax_1_1,
 ShannonBounds.BaseC11.Iset._native.native_decide.ax_1,
 ShannonBounds.BaseC11.XcFalseLenCheck._native.native_decide.ax_1_1,
 ShannonBounds.BaseC11.XcTrueLenCheck._native.native_decide.ax_1_1,
 ShannonBounds.BaseC11.XlenCheck._native.native_decide.ax_1_1,
 ShannonBounds.BaseC11.Xset._native.native_decide.ax_1,
 ShannonBounds.BaseC11.altInjCheck._native.native_decide.ax_1_1,
 ShannonBounds.BaseC11.altNotCheck._native.native_decide.ax_1_1,
 ShannonBounds.BaseC11.epParentCheck._native.native_decide.ax_1_1,
 ShannonBounds.BaseC11.pFalseCheck._native.native_decide.ax_1_1,
 ShannonBounds.BaseC11.pTrueCheck._native.native_decide.ax_1_1,
 ShannonBounds.BaseC11.pairConflict._native.native_decide.ax_1_1,
 ShannonBounds.BaseC11.pairwiseOK_I._native.native_decide.ax_1_1,
 ShannonBounds.BaseC11.pairwiseOK_X._native.native_decide.ax_1_1,
 ShannonBounds.BaseC11.portsCheck._native.native_decide.ax_1_1,
 ShannonBounds.BaseC11.portsLenCheck._native.native_decide.ax_1_1,
 ShannonBounds.BaseC11.portsSet._native.native_decide.ax_1,
 ShannonBounds.BaseC11.privCheck._native.native_decide.ax_1_1,
 ShannonBounds.BaseC11.sconf_iff_conflict._native.native_decide.ax_1_1,
 ShannonBounds.BaseC11.sconf_refl._native.native_decide.ax_1_1,
 ShannonBounds.BaseC11.sconf_symm._native.native_decide.ax_1_1,
 ShannonBounds.BaseC11.sepCheck._native.native_decide.ax_1_1,
 ShannonBounds.C11R5D213.step_n1._native.native_decide.ax_1_1,
 ShannonBounds.C11R5D213.step_n1._native.native_decide.ax_1_2,
 ShannonBounds.C11R5D213.step_n1._native.native_decide.ax_1_3,
 ShannonBounds.C11R5D213.step_n1._native.native_decide.ax_1_4,
 ShannonBounds.C11R5D213.step_n1._native.native_decide.ax_1_5,
 ShannonBounds.C11R5D213.step_n1._native.native_decide.ax_1_6,
 ShannonBounds.C11R5D213.step_n1._native.native_decide.ax_1_7,
 ShannonBounds.C11R5D213.step_n10._native.native_decide.ax_1_1,
 ShannonBounds.C11R5D213.step_n10._native.native_decide.ax_1_2,
 ShannonBounds.C11R5D213.step_n10._native.native_decide.ax_1_3,
 ShannonBounds.C11R5D213.step_n10._native.native_decide.ax_1_4,
 ShannonBounds.C11R5D213.step_n10._native.native_decide.ax_1_5,
 ShannonBounds.C11R5D213.step_n10._native.native_decide.ax_1_6,
 ShannonBounds.C11R5D213.step_n10._native.native_decide.ax_1_7,
 ShannonBounds.C11R5D213.step_n11._native.native_decide.ax_1_1,
 ShannonBounds.C11R5D213.step_n11._native.native_decide.ax_1_2,
 ShannonBounds.C11R5D213.step_n11._native.native_decide.ax_1_3,
 ShannonBounds.C11R5D213.step_n11._native.native_decide.ax_1_4,
 ShannonBounds.C11R5D213.step_n11._native.native_decide.ax_1_5,
 ShannonBounds.C11R5D213.step_n11._native.native_decide.ax_1_6,
 ShannonBounds.C11R5D213.step_n11._native.native_decide.ax_1_7,
 ShannonBounds.C11R5D213.step_n12._native.native_decide.ax_1_1,
 ShannonBounds.C11R5D213.step_n12._native.native_decide.ax_1_2,
 ShannonBounds.C11R5D213.step_n12._native.native_decide.ax_1_3,
 ShannonBounds.C11R5D213.step_n12._native.native_decide.ax_1_4,
 ShannonBounds.C11R5D213.step_n12._native.native_decide.ax_1_5,
 ShannonBounds.C11R5D213.step_n12._native.native_decide.ax_1_6,
 ShannonBounds.C11R5D213.step_n12._native.native_decide.ax_1_7,
 ShannonBounds.C11R5D213.step_n13._native.native_decide.ax_1_1,
 ShannonBounds.C11R5D213.step_n13._native.native_decide.ax_1_2,
 ShannonBounds.C11R5D213.step_n13._native.native_decide.ax_1_3,
 ShannonBounds.C11R5D213.step_n13._native.native_decide.ax_1_4,
 ShannonBounds.C11R5D213.step_n13._native.native_decide.ax_1_5,
 ShannonBounds.C11R5D213.step_n13._native.native_decide.ax_1_6,
 ShannonBounds.C11R5D213.step_n13._native.native_decide.ax_1_7,
 ShannonBounds.C11R5D213.step_n14._native.native_decide.ax_1_1,
 ShannonBounds.C11R5D213.step_n14._native.native_decide.ax_1_2,
 ShannonBounds.C11R5D213.step_n14._native.native_decide.ax_1_3,
 ShannonBounds.C11R5D213.step_n14._native.native_decide.ax_1_4,
 ShannonBounds.C11R5D213.step_n14._native.native_decide.ax_1_5,
 ShannonBounds.C11R5D213.step_n14._native.native_decide.ax_1_6,
 ShannonBounds.C11R5D213.step_n14._native.native_decide.ax_1_7,
 ShannonBounds.C11R5D213.step_n15._native.native_decide.ax_1_1,
 ShannonBounds.C11R5D213.step_n15._native.native_decide.ax_1_2,
 ShannonBounds.C11R5D213.step_n15._native.native_decide.ax_1_3,
 ShannonBounds.C11R5D213.step_n15._native.native_decide.ax_1_4,
 ShannonBounds.C11R5D213.step_n15._native.native_decide.ax_1_5,
 ShannonBounds.C11R5D213.step_n15._native.native_decide.ax_1_6,
 ShannonBounds.C11R5D213.step_n15._native.native_decide.ax_1_7,
 ShannonBounds.C11R5D213.step_n16._native.native_decide.ax_1_1,
 ShannonBounds.C11R5D213.step_n16._native.native_decide.ax_1_2,
 ShannonBounds.C11R5D213.step_n16._native.native_decide.ax_1_3,
 ShannonBounds.C11R5D213.step_n16._native.native_decide.ax_1_4,
 ShannonBounds.C11R5D213.step_n16._native.native_decide.ax_1_5,
 ShannonBounds.C11R5D213.step_n16._native.native_decide.ax_1_6,
 ShannonBounds.C11R5D213.step_n16._native.native_decide.ax_1_7,
 ShannonBounds.C11R5D213.step_n17._native.native_decide.ax_1_1,
 ShannonBounds.C11R5D213.step_n17._native.native_decide.ax_1_2,
 ShannonBounds.C11R5D213.step_n17._native.native_decide.ax_1_3,
 ShannonBounds.C11R5D213.step_n17._native.native_decide.ax_1_4,
 ShannonBounds.C11R5D213.step_n17._native.native_decide.ax_1_5,
 ShannonBounds.C11R5D213.step_n17._native.native_decide.ax_1_6,
 ShannonBounds.C11R5D213.step_n17._native.native_decide.ax_1_7,
 ShannonBounds.C11R5D213.step_n18._native.native_decide.ax_1_1,
 ShannonBounds.C11R5D213.step_n18._native.native_decide.ax_1_2,
 ShannonBounds.C11R5D213.step_n18._native.native_decide.ax_1_3,
 ShannonBounds.C11R5D213.step_n18._native.native_decide.ax_1_4,
 ShannonBounds.C11R5D213.step_n18._native.native_decide.ax_1_5,
 ShannonBounds.C11R5D213.step_n18._native.native_decide.ax_1_6,
 ShannonBounds.C11R5D213.step_n18._native.native_decide.ax_1_7,
 ShannonBounds.C11R5D213.step_n19._native.native_decide.ax_1_1,
 ShannonBounds.C11R5D213.step_n19._native.native_decide.ax_1_2,
 ShannonBounds.C11R5D213.step_n19._native.native_decide.ax_1_3,
 ShannonBounds.C11R5D213.step_n19._native.native_decide.ax_1_4,
 ShannonBounds.C11R5D213.step_n19._native.native_decide.ax_1_5,
 ShannonBounds.C11R5D213.step_n19._native.native_decide.ax_1_6,
 ShannonBounds.C11R5D213.step_n19._native.native_decide.ax_1_7,
 ShannonBounds.C11R5D213.step_n2._native.native_decide.ax_1_1,
 ShannonBounds.C11R5D213.step_n2._native.native_decide.ax_1_2,
 ShannonBounds.C11R5D213.step_n2._native.native_decide.ax_1_3,
 ShannonBounds.C11R5D213.step_n2._native.native_decide.ax_1_4,
 ShannonBounds.C11R5D213.step_n2._native.native_decide.ax_1_5,
 ShannonBounds.C11R5D213.step_n2._native.native_decide.ax_1_6,
 ShannonBounds.C11R5D213.step_n2._native.native_decide.ax_1_7,
 ShannonBounds.C11R5D213.step_n20._native.native_decide.ax_1_1,
 ShannonBounds.C11R5D213.step_n20._native.native_decide.ax_1_2,
 ShannonBounds.C11R5D213.step_n20._native.native_decide.ax_1_3,
 ShannonBounds.C11R5D213.step_n20._native.native_decide.ax_1_4,
 ShannonBounds.C11R5D213.step_n20._native.native_decide.ax_1_5,
 ShannonBounds.C11R5D213.step_n20._native.native_decide.ax_1_6,
 ShannonBounds.C11R5D213.step_n20._native.native_decide.ax_1_7,
 ShannonBounds.C11R5D213.step_n21._native.native_decide.ax_1_1,
 ShannonBounds.C11R5D213.step_n21._native.native_decide.ax_1_2,
 ShannonBounds.C11R5D213.step_n21._native.native_decide.ax_1_3,
 ShannonBounds.C11R5D213.step_n21._native.native_decide.ax_1_4,
 ShannonBounds.C11R5D213.step_n21._native.native_decide.ax_1_5,
 ShannonBounds.C11R5D213.step_n21._native.native_decide.ax_1_6,
 ShannonBounds.C11R5D213.step_n21._native.native_decide.ax_1_7,
 ShannonBounds.C11R5D213.step_n22._native.native_decide.ax_1_1,
 ShannonBounds.C11R5D213.step_n22._native.native_decide.ax_1_2,
 ShannonBounds.C11R5D213.step_n22._native.native_decide.ax_1_3,
 ShannonBounds.C11R5D213.step_n22._native.native_decide.ax_1_4,
 ShannonBounds.C11R5D213.step_n22._native.native_decide.ax_1_5,
 ShannonBounds.C11R5D213.step_n22._native.native_decide.ax_1_6,
 ShannonBounds.C11R5D213.step_n22._native.native_decide.ax_1_7,
 ShannonBounds.C11R5D213.step_n23._native.native_decide.ax_1_1,
 ShannonBounds.C11R5D213.step_n23._native.native_decide.ax_1_2,
 ShannonBounds.C11R5D213.step_n23._native.native_decide.ax_1_3,
 ShannonBounds.C11R5D213.step_n23._native.native_decide.ax_1_4,
 ShannonBounds.C11R5D213.step_n23._native.native_decide.ax_1_5,
 ShannonBounds.C11R5D213.step_n23._native.native_decide.ax_1_6,
 ShannonBounds.C11R5D213.step_n23._native.native_decide.ax_1_7,
 ShannonBounds.C11R5D213.step_n24._native.native_decide.ax_1_1,
 ShannonBounds.C11R5D213.step_n24._native.native_decide.ax_1_2,
 ShannonBounds.C11R5D213.step_n24._native.native_decide.ax_1_3,
 ShannonBounds.C11R5D213.step_n24._native.native_decide.ax_1_4,
 ShannonBounds.C11R5D213.step_n24._native.native_decide.ax_1_5,
 ShannonBounds.C11R5D213.step_n24._native.native_decide.ax_1_6,
 ShannonBounds.C11R5D213.step_n24._native.native_decide.ax_1_7,
 ShannonBounds.C11R5D213.step_n25._native.native_decide.ax_1_1,
 ShannonBounds.C11R5D213.step_n25._native.native_decide.ax_1_2,
 ShannonBounds.C11R5D213.step_n25._native.native_decide.ax_1_3,
 ShannonBounds.C11R5D213.step_n25._native.native_decide.ax_1_4,
 ShannonBounds.C11R5D213.step_n25._native.native_decide.ax_1_5,
 ShannonBounds.C11R5D213.step_n25._native.native_decide.ax_1_6,
 ShannonBounds.C11R5D213.step_n25._native.native_decide.ax_1_7,
 ShannonBounds.C11R5D213.step_n26._native.native_decide.ax_1_1,
 ShannonBounds.C11R5D213.step_n26._native.native_decide.ax_1_2,
 ShannonBounds.C11R5D213.step_n26._native.native_decide.ax_1_3,
 ShannonBounds.C11R5D213.step_n26._native.native_decide.ax_1_4,
 ShannonBounds.C11R5D213.step_n26._native.native_decide.ax_1_5,
 ShannonBounds.C11R5D213.step_n26._native.native_decide.ax_1_6,
 ShannonBounds.C11R5D213.step_n26._native.native_decide.ax_1_7,
 ShannonBounds.C11R5D213.step_n27._native.native_decide.ax_1_1,
 ShannonBounds.C11R5D213.step_n27._native.native_decide.ax_1_2,
 ShannonBounds.C11R5D213.step_n27._native.native_decide.ax_1_3,
 ShannonBounds.C11R5D213.step_n27._native.native_decide.ax_1_4,
 ShannonBounds.C11R5D213.step_n27._native.native_decide.ax_1_5,
 ShannonBounds.C11R5D213.step_n27._native.native_decide.ax_1_6,
 ShannonBounds.C11R5D213.step_n27._native.native_decide.ax_1_7,
 ShannonBounds.C11R5D213.step_n28._native.native_decide.ax_1_1,
 ShannonBounds.C11R5D213.step_n28._native.native_decide.ax_1_2,
 ShannonBounds.C11R5D213.step_n28._native.native_decide.ax_1_3,
 ShannonBounds.C11R5D213.step_n28._native.native_decide.ax_1_4,
 ShannonBounds.C11R5D213.step_n28._native.native_decide.ax_1_5,
 ShannonBounds.C11R5D213.step_n28._native.native_decide.ax_1_6,
 ShannonBounds.C11R5D213.step_n28._native.native_decide.ax_1_7,
 ShannonBounds.C11R5D213.step_n29._native.native_decide.ax_1_1,
 ShannonBounds.C11R5D213.step_n29._native.native_decide.ax_1_2,
 ShannonBounds.C11R5D213.step_n29._native.native_decide.ax_1_3,
 ShannonBounds.C11R5D213.step_n29._native.native_decide.ax_1_4,
 ShannonBounds.C11R5D213.step_n29._native.native_decide.ax_1_5,
 ShannonBounds.C11R5D213.step_n29._native.native_decide.ax_1_6,
 ShannonBounds.C11R5D213.step_n29._native.native_decide.ax_1_7,
 ShannonBounds.C11R5D213.step_n3._native.native_decide.ax_1_1,
 ShannonBounds.C11R5D213.step_n3._native.native_decide.ax_1_2,
 ShannonBounds.C11R5D213.step_n3._native.native_decide.ax_1_3,
 ShannonBounds.C11R5D213.step_n3._native.native_decide.ax_1_4,
 ShannonBounds.C11R5D213.step_n3._native.native_decide.ax_1_5,
 ShannonBounds.C11R5D213.step_n3._native.native_decide.ax_1_6,
 ShannonBounds.C11R5D213.step_n3._native.native_decide.ax_1_7,
 ShannonBounds.C11R5D213.step_n30._native.native_decide.ax_1_1,
 ShannonBounds.C11R5D213.step_n30._native.native_decide.ax_1_2,
 ShannonBounds.C11R5D213.step_n30._native.native_decide.ax_1_3,
 ShannonBounds.C11R5D213.step_n30._native.native_decide.ax_1_4,
 ShannonBounds.C11R5D213.step_n30._native.native_decide.ax_1_5,
 ShannonBounds.C11R5D213.step_n30._native.native_decide.ax_1_6,
 ShannonBounds.C11R5D213.step_n30._native.native_decide.ax_1_7,
 ShannonBounds.C11R5D213.step_n4._native.native_decide.ax_1_1,
 ShannonBounds.C11R5D213.step_n4._native.native_decide.ax_1_2,
 ShannonBounds.C11R5D213.step_n4._native.native_decide.ax_1_3,
 ShannonBounds.C11R5D213.step_n4._native.native_decide.ax_1_4,
 ShannonBounds.C11R5D213.step_n4._native.native_decide.ax_1_5,
 ShannonBounds.C11R5D213.step_n4._native.native_decide.ax_1_6,
 ShannonBounds.C11R5D213.step_n4._native.native_decide.ax_1_7,
 ShannonBounds.C11R5D213.step_n5._native.native_decide.ax_1_1,
 ShannonBounds.C11R5D213.step_n5._native.native_decide.ax_1_2,
 ShannonBounds.C11R5D213.step_n5._native.native_decide.ax_1_3,
 ShannonBounds.C11R5D213.step_n5._native.native_decide.ax_1_4,
 ShannonBounds.C11R5D213.step_n5._native.native_decide.ax_1_5,
 ShannonBounds.C11R5D213.step_n5._native.native_decide.ax_1_6,
 ShannonBounds.C11R5D213.step_n5._native.native_decide.ax_1_7,
 ShannonBounds.C11R5D213.step_n6._native.native_decide.ax_1_1,
 ShannonBounds.C11R5D213.step_n6._native.native_decide.ax_1_2,
 ShannonBounds.C11R5D213.step_n6._native.native_decide.ax_1_3,
 ShannonBounds.C11R5D213.step_n6._native.native_decide.ax_1_4,
 ShannonBounds.C11R5D213.step_n6._native.native_decide.ax_1_5,
 ShannonBounds.C11R5D213.step_n6._native.native_decide.ax_1_6,
 ShannonBounds.C11R5D213.step_n6._native.native_decide.ax_1_7,
 ShannonBounds.C11R5D213.step_n7._native.native_decide.ax_1_1,
 ShannonBounds.C11R5D213.step_n7._native.native_decide.ax_1_2,
 ShannonBounds.C11R5D213.step_n7._native.native_decide.ax_1_3,
 ShannonBounds.C11R5D213.step_n7._native.native_decide.ax_1_4,
 ShannonBounds.C11R5D213.step_n7._native.native_decide.ax_1_5,
 ShannonBounds.C11R5D213.step_n7._native.native_decide.ax_1_6,
 ShannonBounds.C11R5D213.step_n7._native.native_decide.ax_1_7,
 ShannonBounds.C11R5D213.step_n8._native.native_decide.ax_1_1,
 ShannonBounds.C11R5D213.step_n8._native.native_decide.ax_1_2,
 ShannonBounds.C11R5D213.step_n8._native.native_decide.ax_1_3,
 ShannonBounds.C11R5D213.step_n8._native.native_decide.ax_1_4,
 ShannonBounds.C11R5D213.step_n8._native.native_decide.ax_1_5,
 ShannonBounds.C11R5D213.step_n8._native.native_decide.ax_1_6,
 ShannonBounds.C11R5D213.step_n8._native.native_decide.ax_1_7,
 ShannonBounds.C11R5D213.step_n9._native.native_decide.ax_1_1,
 ShannonBounds.C11R5D213.step_n9._native.native_decide.ax_1_2,
 ShannonBounds.C11R5D213.step_n9._native.native_decide.ax_1_3,
 ShannonBounds.C11R5D213.step_n9._native.native_decide.ax_1_4,
 ShannonBounds.C11R5D213.step_n9._native.native_decide.ax_1_5,
 ShannonBounds.C11R5D213.step_n9._native.native_decide.ax_1_6,
 ShannonBounds.C11R5D213.step_n9._native.native_decide.ax_1_7,
 ShannonBounds.C11R5D213.terminal_value._native.native_decide.ax_1_1,
 ShannonBounds.C11R5Tables.S_0058d965adce02f4._native.native_decide.ax_1,
 ShannonBounds.C11R5Tables.S_0058d965adce02f4._native.native_decide.ax_2,
 ShannonBounds.C11R5Tables.S_04339297651c9c49._native.native_decide.ax_1,
 ShannonBounds.C11R5Tables.S_04339297651c9c49._native.native_decide.ax_2,
 ShannonBounds.C11R5Tables.S_15769811f129f696._native.native_decide.ax_1,
 ShannonBounds.C11R5Tables.S_15769811f129f696._native.native_decide.ax_2,
 ShannonBounds.C11R5Tables.S_18277b0c484b4c41._native.native_decide.ax_1,
 ShannonBounds.C11R5Tables.S_18277b0c484b4c41._native.native_decide.ax_2,
 ShannonBounds.C11R5Tables.S_31d500a381a04d9a._native.native_decide.ax_1,
 ShannonBounds.C11R5Tables.S_31d500a381a04d9a._native.native_decide.ax_2,
 ShannonBounds.C11R5Tables.S_36518f191584a644._native.native_decide.ax_1,
 ShannonBounds.C11R5Tables.S_36518f191584a644._native.native_decide.ax_2,
 ShannonBounds.C11R5Tables.S_3b145410351af05c._native.native_decide.ax_1,
 ShannonBounds.C11R5Tables.S_3b145410351af05c._native.native_decide.ax_2,
 ShannonBounds.C11R5Tables.S_3daf90758a80fbb9._native.native_decide.ax_1,
 ShannonBounds.C11R5Tables.S_3daf90758a80fbb9._native.native_decide.ax_2,
 ShannonBounds.C11R5Tables.S_3e8694d6a5bfe173._native.native_decide.ax_1,
 ShannonBounds.C11R5Tables.S_3e8694d6a5bfe173._native.native_decide.ax_2,
 ShannonBounds.C11R5Tables.S_59b3ea5954777333._native.native_decide.ax_1,
 ShannonBounds.C11R5Tables.S_59b3ea5954777333._native.native_decide.ax_2,
 ShannonBounds.C11R5Tables.S_660b0244997e1b9c._native.native_decide.ax_1,
 ShannonBounds.C11R5Tables.S_660b0244997e1b9c._native.native_decide.ax_2,
 ShannonBounds.C11R5Tables.S_6859b0ec25991d42._native.native_decide.ax_1,
 ShannonBounds.C11R5Tables.S_6859b0ec25991d42._native.native_decide.ax_2,
 ShannonBounds.C11R5Tables.S_77a9709d00257692._native.native_decide.ax_1,
 ShannonBounds.C11R5Tables.S_77a9709d00257692._native.native_decide.ax_2,
 ShannonBounds.C11R5Tables.S_7b6c163f0dc4b608._native.native_decide.ax_1,
 ShannonBounds.C11R5Tables.S_7b6c163f0dc4b608._native.native_decide.ax_2,
 ShannonBounds.C11R5Tables.S_a41106e52a48b9a6._native.native_decide.ax_1,
 ShannonBounds.C11R5Tables.S_a41106e52a48b9a6._native.native_decide.ax_2,
 ShannonBounds.C11R5Tables.S_cc0e5d2202d76d5d._native.native_decide.ax_1,
 ShannonBounds.C11R5Tables.S_cc0e5d2202d76d5d._native.native_decide.ax_2,
 ShannonBounds.C11R5Tables.S_cd41b86686c50a10._native.native_decide.ax_1,
 ShannonBounds.C11R5Tables.S_cd41b86686c50a10._native.native_decide.ax_2,
 ShannonBounds.C11R5Tables.S_cfb0e1863855bcb0._native.native_decide.ax_1,
 ShannonBounds.C11R5Tables.S_e620baced0654ce9._native.native_decide.ax_1,
 ShannonBounds.C11R5Tables.S_e620baced0654ce9._native.native_decide.ax_2,
 ShannonBounds.C11R5Tables.S_e788020168e26abb._native.native_decide.ax_1,
 ShannonBounds.C11R5Tables.S_e788020168e26abb._native.native_decide.ax_2,
 ShannonBounds.C11R5Tables.S_e9ef2871c79d62be._native.native_decide.ax_1,
 ShannonBounds.C11R5Tables.S_e9ef2871c79d62be._native.native_decide.ax_2,
 ShannonBounds.C11R5Tables.S_f509c81899188c6f._native.native_decide.ax_1,
 ShannonBounds.C11R5Tables.S_f509c81899188c6f._native.native_decide.ax_2]
'ShannonBounds.C11R5D213.capacity_root' depends on axioms: [propext,
 Classical.choice.{u},
 Quot.sound.{u},
 ShannonBounds.BaseC11.IlenCheck._native.native_decide.ax_1_1,
 ShannonBounds.BaseC11.Iset._native.native_decide.ax_1,
 ShannonBounds.BaseC11.XcFalseLenCheck._native.native_decide.ax_1_1,
 ShannonBounds.BaseC11.XcTrueLenCheck._native.native_decide.ax_1_1,
 ShannonBounds.BaseC11.XlenCheck._native.native_decide.ax_1_1,
 ShannonBounds.BaseC11.Xset._native.native_decide.ax_1,
 ShannonBounds.BaseC11.altInjCheck._native.native_decide.ax_1_1,
 ShannonBounds.BaseC11.altNotCheck._native.native_decide.ax_1_1,
 ShannonBounds.BaseC11.epParentCheck._native.native_decide.ax_1_1,
 ShannonBounds.BaseC11.pFalseCheck._native.native_decide.ax_1_1,
 ShannonBounds.BaseC11.pTrueCheck._native.native_decide.ax_1_1,
 ShannonBounds.BaseC11.pairConflict._native.native_decide.ax_1_1,
 ShannonBounds.BaseC11.pairwiseOK_I._native.native_decide.ax_1_1,
 ShannonBounds.BaseC11.pairwiseOK_X._native.native_decide.ax_1_1,
 ShannonBounds.BaseC11.portsCheck._native.native_decide.ax_1_1,
 ShannonBounds.BaseC11.portsLenCheck._native.native_decide.ax_1_1,
 ShannonBounds.BaseC11.portsSet._native.native_decide.ax_1,
 ShannonBounds.BaseC11.privCheck._native.native_decide.ax_1_1,
 ShannonBounds.BaseC11.sconf_iff_conflict._native.native_decide.ax_1_1,
 ShannonBounds.BaseC11.sconf_refl._native.native_decide.ax_1_1,
 ShannonBounds.BaseC11.sconf_symm._native.native_decide.ax_1_1,
 ShannonBounds.BaseC11.sepCheck._native.native_decide.ax_1_1,
 ShannonBounds.C11R5D213.step_n1._native.native_decide.ax_1_1,
 ShannonBounds.C11R5D213.step_n1._native.native_decide.ax_1_2,
 ShannonBounds.C11R5D213.step_n1._native.native_decide.ax_1_3,
 ShannonBounds.C11R5D213.step_n1._native.native_decide.ax_1_4,
 ShannonBounds.C11R5D213.step_n1._native.native_decide.ax_1_5,
 ShannonBounds.C11R5D213.step_n1._native.native_decide.ax_1_6,
 ShannonBounds.C11R5D213.step_n1._native.native_decide.ax_1_7,
 ShannonBounds.C11R5D213.step_n10._native.native_decide.ax_1_1,
 ShannonBounds.C11R5D213.step_n10._native.native_decide.ax_1_2,
 ShannonBounds.C11R5D213.step_n10._native.native_decide.ax_1_3,
 ShannonBounds.C11R5D213.step_n10._native.native_decide.ax_1_4,
 ShannonBounds.C11R5D213.step_n10._native.native_decide.ax_1_5,
 ShannonBounds.C11R5D213.step_n10._native.native_decide.ax_1_6,
 ShannonBounds.C11R5D213.step_n10._native.native_decide.ax_1_7,
 ShannonBounds.C11R5D213.step_n11._native.native_decide.ax_1_1,
 ShannonBounds.C11R5D213.step_n11._native.native_decide.ax_1_2,
 ShannonBounds.C11R5D213.step_n11._native.native_decide.ax_1_3,
 ShannonBounds.C11R5D213.step_n11._native.native_decide.ax_1_4,
 ShannonBounds.C11R5D213.step_n11._native.native_decide.ax_1_5,
 ShannonBounds.C11R5D213.step_n11._native.native_decide.ax_1_6,
 ShannonBounds.C11R5D213.step_n11._native.native_decide.ax_1_7,
 ShannonBounds.C11R5D213.step_n12._native.native_decide.ax_1_1,
 ShannonBounds.C11R5D213.step_n12._native.native_decide.ax_1_2,
 ShannonBounds.C11R5D213.step_n12._native.native_decide.ax_1_3,
 ShannonBounds.C11R5D213.step_n12._native.native_decide.ax_1_4,
 ShannonBounds.C11R5D213.step_n12._native.native_decide.ax_1_5,
 ShannonBounds.C11R5D213.step_n12._native.native_decide.ax_1_6,
 ShannonBounds.C11R5D213.step_n12._native.native_decide.ax_1_7,
 ShannonBounds.C11R5D213.step_n13._native.native_decide.ax_1_1,
 ShannonBounds.C11R5D213.step_n13._native.native_decide.ax_1_2,
 ShannonBounds.C11R5D213.step_n13._native.native_decide.ax_1_3,
 ShannonBounds.C11R5D213.step_n13._native.native_decide.ax_1_4,
 ShannonBounds.C11R5D213.step_n13._native.native_decide.ax_1_5,
 ShannonBounds.C11R5D213.step_n13._native.native_decide.ax_1_6,
 ShannonBounds.C11R5D213.step_n13._native.native_decide.ax_1_7,
 ShannonBounds.C11R5D213.step_n14._native.native_decide.ax_1_1,
 ShannonBounds.C11R5D213.step_n14._native.native_decide.ax_1_2,
 ShannonBounds.C11R5D213.step_n14._native.native_decide.ax_1_3,
 ShannonBounds.C11R5D213.step_n14._native.native_decide.ax_1_4,
 ShannonBounds.C11R5D213.step_n14._native.native_decide.ax_1_5,
 ShannonBounds.C11R5D213.step_n14._native.native_decide.ax_1_6,
 ShannonBounds.C11R5D213.step_n14._native.native_decide.ax_1_7,
 ShannonBounds.C11R5D213.step_n15._native.native_decide.ax_1_1,
 ShannonBounds.C11R5D213.step_n15._native.native_decide.ax_1_2,
 ShannonBounds.C11R5D213.step_n15._native.native_decide.ax_1_3,
 ShannonBounds.C11R5D213.step_n15._native.native_decide.ax_1_4,
 ShannonBounds.C11R5D213.step_n15._native.native_decide.ax_1_5,
 ShannonBounds.C11R5D213.step_n15._native.native_decide.ax_1_6,
 ShannonBounds.C11R5D213.step_n15._native.native_decide.ax_1_7,
 ShannonBounds.C11R5D213.step_n16._native.native_decide.ax_1_1,
 ShannonBounds.C11R5D213.step_n16._native.native_decide.ax_1_2,
 ShannonBounds.C11R5D213.step_n16._native.native_decide.ax_1_3,
 ShannonBounds.C11R5D213.step_n16._native.native_decide.ax_1_4,
 ShannonBounds.C11R5D213.step_n16._native.native_decide.ax_1_5,
 ShannonBounds.C11R5D213.step_n16._native.native_decide.ax_1_6,
 ShannonBounds.C11R5D213.step_n16._native.native_decide.ax_1_7,
 ShannonBounds.C11R5D213.step_n17._native.native_decide.ax_1_1,
 ShannonBounds.C11R5D213.step_n17._native.native_decide.ax_1_2,
 ShannonBounds.C11R5D213.step_n17._native.native_decide.ax_1_3,
 ShannonBounds.C11R5D213.step_n17._native.native_decide.ax_1_4,
 ShannonBounds.C11R5D213.step_n17._native.native_decide.ax_1_5,
 ShannonBounds.C11R5D213.step_n17._native.native_decide.ax_1_6,
 ShannonBounds.C11R5D213.step_n17._native.native_decide.ax_1_7,
 ShannonBounds.C11R5D213.step_n18._native.native_decide.ax_1_1,
 ShannonBounds.C11R5D213.step_n18._native.native_decide.ax_1_2,
 ShannonBounds.C11R5D213.step_n18._native.native_decide.ax_1_3,
 ShannonBounds.C11R5D213.step_n18._native.native_decide.ax_1_4,
 ShannonBounds.C11R5D213.step_n18._native.native_decide.ax_1_5,
 ShannonBounds.C11R5D213.step_n18._native.native_decide.ax_1_6,
 ShannonBounds.C11R5D213.step_n18._native.native_decide.ax_1_7,
 ShannonBounds.C11R5D213.step_n19._native.native_decide.ax_1_1,
 ShannonBounds.C11R5D213.step_n19._native.native_decide.ax_1_2,
 ShannonBounds.C11R5D213.step_n19._native.native_decide.ax_1_3,
 ShannonBounds.C11R5D213.step_n19._native.native_decide.ax_1_4,
 ShannonBounds.C11R5D213.step_n19._native.native_decide.ax_1_5,
 ShannonBounds.C11R5D213.step_n19._native.native_decide.ax_1_6,
 ShannonBounds.C11R5D213.step_n19._native.native_decide.ax_1_7,
 ShannonBounds.C11R5D213.step_n2._native.native_decide.ax_1_1,
 ShannonBounds.C11R5D213.step_n2._native.native_decide.ax_1_2,
 ShannonBounds.C11R5D213.step_n2._native.native_decide.ax_1_3,
 ShannonBounds.C11R5D213.step_n2._native.native_decide.ax_1_4,
 ShannonBounds.C11R5D213.step_n2._native.native_decide.ax_1_5,
 ShannonBounds.C11R5D213.step_n2._native.native_decide.ax_1_6,
 ShannonBounds.C11R5D213.step_n2._native.native_decide.ax_1_7,
 ShannonBounds.C11R5D213.step_n20._native.native_decide.ax_1_1,
 ShannonBounds.C11R5D213.step_n20._native.native_decide.ax_1_2,
 ShannonBounds.C11R5D213.step_n20._native.native_decide.ax_1_3,
 ShannonBounds.C11R5D213.step_n20._native.native_decide.ax_1_4,
 ShannonBounds.C11R5D213.step_n20._native.native_decide.ax_1_5,
 ShannonBounds.C11R5D213.step_n20._native.native_decide.ax_1_6,
 ShannonBounds.C11R5D213.step_n20._native.native_decide.ax_1_7,
 ShannonBounds.C11R5D213.step_n21._native.native_decide.ax_1_1,
 ShannonBounds.C11R5D213.step_n21._native.native_decide.ax_1_2,
 ShannonBounds.C11R5D213.step_n21._native.native_decide.ax_1_3,
 ShannonBounds.C11R5D213.step_n21._native.native_decide.ax_1_4,
 ShannonBounds.C11R5D213.step_n21._native.native_decide.ax_1_5,
 ShannonBounds.C11R5D213.step_n21._native.native_decide.ax_1_6,
 ShannonBounds.C11R5D213.step_n21._native.native_decide.ax_1_7,
 ShannonBounds.C11R5D213.step_n22._native.native_decide.ax_1_1,
 ShannonBounds.C11R5D213.step_n22._native.native_decide.ax_1_2,
 ShannonBounds.C11R5D213.step_n22._native.native_decide.ax_1_3,
 ShannonBounds.C11R5D213.step_n22._native.native_decide.ax_1_4,
 ShannonBounds.C11R5D213.step_n22._native.native_decide.ax_1_5,
 ShannonBounds.C11R5D213.step_n22._native.native_decide.ax_1_6,
 ShannonBounds.C11R5D213.step_n22._native.native_decide.ax_1_7,
 ShannonBounds.C11R5D213.step_n23._native.native_decide.ax_1_1,
 ShannonBounds.C11R5D213.step_n23._native.native_decide.ax_1_2,
 ShannonBounds.C11R5D213.step_n23._native.native_decide.ax_1_3,
 ShannonBounds.C11R5D213.step_n23._native.native_decide.ax_1_4,
 ShannonBounds.C11R5D213.step_n23._native.native_decide.ax_1_5,
 ShannonBounds.C11R5D213.step_n23._native.native_decide.ax_1_6,
 ShannonBounds.C11R5D213.step_n23._native.native_decide.ax_1_7,
 ShannonBounds.C11R5D213.step_n24._native.native_decide.ax_1_1,
 ShannonBounds.C11R5D213.step_n24._native.native_decide.ax_1_2,
 ShannonBounds.C11R5D213.step_n24._native.native_decide.ax_1_3,
 ShannonBounds.C11R5D213.step_n24._native.native_decide.ax_1_4,
 ShannonBounds.C11R5D213.step_n24._native.native_decide.ax_1_5,
 ShannonBounds.C11R5D213.step_n24._native.native_decide.ax_1_6,
 ShannonBounds.C11R5D213.step_n24._native.native_decide.ax_1_7,
 ShannonBounds.C11R5D213.step_n25._native.native_decide.ax_1_1,
 ShannonBounds.C11R5D213.step_n25._native.native_decide.ax_1_2,
 ShannonBounds.C11R5D213.step_n25._native.native_decide.ax_1_3,
 ShannonBounds.C11R5D213.step_n25._native.native_decide.ax_1_4,
 ShannonBounds.C11R5D213.step_n25._native.native_decide.ax_1_5,
 ShannonBounds.C11R5D213.step_n25._native.native_decide.ax_1_6,
 ShannonBounds.C11R5D213.step_n25._native.native_decide.ax_1_7,
 ShannonBounds.C11R5D213.step_n26._native.native_decide.ax_1_1,
 ShannonBounds.C11R5D213.step_n26._native.native_decide.ax_1_2,
 ShannonBounds.C11R5D213.step_n26._native.native_decide.ax_1_3,
 ShannonBounds.C11R5D213.step_n26._native.native_decide.ax_1_4,
 ShannonBounds.C11R5D213.step_n26._native.native_decide.ax_1_5,
 ShannonBounds.C11R5D213.step_n26._native.native_decide.ax_1_6,
 ShannonBounds.C11R5D213.step_n26._native.native_decide.ax_1_7,
 ShannonBounds.C11R5D213.step_n27._native.native_decide.ax_1_1,
 ShannonBounds.C11R5D213.step_n27._native.native_decide.ax_1_2,
 ShannonBounds.C11R5D213.step_n27._native.native_decide.ax_1_3,
 ShannonBounds.C11R5D213.step_n27._native.native_decide.ax_1_4,
 ShannonBounds.C11R5D213.step_n27._native.native_decide.ax_1_5,
 ShannonBounds.C11R5D213.step_n27._native.native_decide.ax_1_6,
 ShannonBounds.C11R5D213.step_n27._native.native_decide.ax_1_7,
 ShannonBounds.C11R5D213.step_n28._native.native_decide.ax_1_1,
 ShannonBounds.C11R5D213.step_n28._native.native_decide.ax_1_2,
 ShannonBounds.C11R5D213.step_n28._native.native_decide.ax_1_3,
 ShannonBounds.C11R5D213.step_n28._native.native_decide.ax_1_4,
 ShannonBounds.C11R5D213.step_n28._native.native_decide.ax_1_5,
 ShannonBounds.C11R5D213.step_n28._native.native_decide.ax_1_6,
 ShannonBounds.C11R5D213.step_n28._native.native_decide.ax_1_7,
 ShannonBounds.C11R5D213.step_n29._native.native_decide.ax_1_1,
 ShannonBounds.C11R5D213.step_n29._native.native_decide.ax_1_2,
 ShannonBounds.C11R5D213.step_n29._native.native_decide.ax_1_3,
 ShannonBounds.C11R5D213.step_n29._native.native_decide.ax_1_4,
 ShannonBounds.C11R5D213.step_n29._native.native_decide.ax_1_5,
 ShannonBounds.C11R5D213.step_n29._native.native_decide.ax_1_6,
 ShannonBounds.C11R5D213.step_n29._native.native_decide.ax_1_7,
 ShannonBounds.C11R5D213.step_n3._native.native_decide.ax_1_1,
 ShannonBounds.C11R5D213.step_n3._native.native_decide.ax_1_2,
 ShannonBounds.C11R5D213.step_n3._native.native_decide.ax_1_3,
 ShannonBounds.C11R5D213.step_n3._native.native_decide.ax_1_4,
 ShannonBounds.C11R5D213.step_n3._native.native_decide.ax_1_5,
 ShannonBounds.C11R5D213.step_n3._native.native_decide.ax_1_6,
 ShannonBounds.C11R5D213.step_n3._native.native_decide.ax_1_7,
 ShannonBounds.C11R5D213.step_n30._native.native_decide.ax_1_1,
 ShannonBounds.C11R5D213.step_n30._native.native_decide.ax_1_2,
 ShannonBounds.C11R5D213.step_n30._native.native_decide.ax_1_3,
 ShannonBounds.C11R5D213.step_n30._native.native_decide.ax_1_4,
 ShannonBounds.C11R5D213.step_n30._native.native_decide.ax_1_5,
 ShannonBounds.C11R5D213.step_n30._native.native_decide.ax_1_6,
 ShannonBounds.C11R5D213.step_n30._native.native_decide.ax_1_7,
 ShannonBounds.C11R5D213.step_n4._native.native_decide.ax_1_1,
 ShannonBounds.C11R5D213.step_n4._native.native_decide.ax_1_2,
 ShannonBounds.C11R5D213.step_n4._native.native_decide.ax_1_3,
 ShannonBounds.C11R5D213.step_n4._native.native_decide.ax_1_4,
 ShannonBounds.C11R5D213.step_n4._native.native_decide.ax_1_5,
 ShannonBounds.C11R5D213.step_n4._native.native_decide.ax_1_6,
 ShannonBounds.C11R5D213.step_n4._native.native_decide.ax_1_7,
 ShannonBounds.C11R5D213.step_n5._native.native_decide.ax_1_1,
 ShannonBounds.C11R5D213.step_n5._native.native_decide.ax_1_2,
 ShannonBounds.C11R5D213.step_n5._native.native_decide.ax_1_3,
 ShannonBounds.C11R5D213.step_n5._native.native_decide.ax_1_4,
 ShannonBounds.C11R5D213.step_n5._native.native_decide.ax_1_5,
 ShannonBounds.C11R5D213.step_n5._native.native_decide.ax_1_6,
 ShannonBounds.C11R5D213.step_n5._native.native_decide.ax_1_7,
 ShannonBounds.C11R5D213.step_n6._native.native_decide.ax_1_1,
 ShannonBounds.C11R5D213.step_n6._native.native_decide.ax_1_2,
 ShannonBounds.C11R5D213.step_n6._native.native_decide.ax_1_3,
 ShannonBounds.C11R5D213.step_n6._native.native_decide.ax_1_4,
 ShannonBounds.C11R5D213.step_n6._native.native_decide.ax_1_5,
 ShannonBounds.C11R5D213.step_n6._native.native_decide.ax_1_6,
 ShannonBounds.C11R5D213.step_n6._native.native_decide.ax_1_7,
 ShannonBounds.C11R5D213.step_n7._native.native_decide.ax_1_1,
 ShannonBounds.C11R5D213.step_n7._native.native_decide.ax_1_2,
 ShannonBounds.C11R5D213.step_n7._native.native_decide.ax_1_3,
 ShannonBounds.C11R5D213.step_n7._native.native_decide.ax_1_4,
 ShannonBounds.C11R5D213.step_n7._native.native_decide.ax_1_5,
 ShannonBounds.C11R5D213.step_n7._native.native_decide.ax_1_6,
 ShannonBounds.C11R5D213.step_n7._native.native_decide.ax_1_7,
 ShannonBounds.C11R5D213.step_n8._native.native_decide.ax_1_1,
 ShannonBounds.C11R5D213.step_n8._native.native_decide.ax_1_2,
 ShannonBounds.C11R5D213.step_n8._native.native_decide.ax_1_3,
 ShannonBounds.C11R5D213.step_n8._native.native_decide.ax_1_4,
 ShannonBounds.C11R5D213.step_n8._native.native_decide.ax_1_5,
 ShannonBounds.C11R5D213.step_n8._native.native_decide.ax_1_6,
 ShannonBounds.C11R5D213.step_n8._native.native_decide.ax_1_7,
 ShannonBounds.C11R5D213.step_n9._native.native_decide.ax_1_1,
 ShannonBounds.C11R5D213.step_n9._native.native_decide.ax_1_2,
 ShannonBounds.C11R5D213.step_n9._native.native_decide.ax_1_3,
 ShannonBounds.C11R5D213.step_n9._native.native_decide.ax_1_4,
 ShannonBounds.C11R5D213.step_n9._native.native_decide.ax_1_5,
 ShannonBounds.C11R5D213.step_n9._native.native_decide.ax_1_6,
 ShannonBounds.C11R5D213.step_n9._native.native_decide.ax_1_7,
 ShannonBounds.C11R5D213.terminal_value._native.native_decide.ax_1_1,
 ShannonBounds.C11R5Tables.S_0058d965adce02f4._native.native_decide.ax_1,
 ShannonBounds.C11R5Tables.S_0058d965adce02f4._native.native_decide.ax_2,
 ShannonBounds.C11R5Tables.S_04339297651c9c49._native.native_decide.ax_1,
 ShannonBounds.C11R5Tables.S_04339297651c9c49._native.native_decide.ax_2,
 ShannonBounds.C11R5Tables.S_15769811f129f696._native.native_decide.ax_1,
 ShannonBounds.C11R5Tables.S_15769811f129f696._native.native_decide.ax_2,
 ShannonBounds.C11R5Tables.S_18277b0c484b4c41._native.native_decide.ax_1,
 ShannonBounds.C11R5Tables.S_18277b0c484b4c41._native.native_decide.ax_2,
 ShannonBounds.C11R5Tables.S_31d500a381a04d9a._native.native_decide.ax_1,
 ShannonBounds.C11R5Tables.S_31d500a381a04d9a._native.native_decide.ax_2,
 ShannonBounds.C11R5Tables.S_36518f191584a644._native.native_decide.ax_1,
 ShannonBounds.C11R5Tables.S_36518f191584a644._native.native_decide.ax_2,
 ShannonBounds.C11R5Tables.S_3b145410351af05c._native.native_decide.ax_1,
 ShannonBounds.C11R5Tables.S_3b145410351af05c._native.native_decide.ax_2,
 ShannonBounds.C11R5Tables.S_3daf90758a80fbb9._native.native_decide.ax_1,
 ShannonBounds.C11R5Tables.S_3daf90758a80fbb9._native.native_decide.ax_2,
 ShannonBounds.C11R5Tables.S_3e8694d6a5bfe173._native.native_decide.ax_1,
 ShannonBounds.C11R5Tables.S_3e8694d6a5bfe173._native.native_decide.ax_2,
 ShannonBounds.C11R5Tables.S_59b3ea5954777333._native.native_decide.ax_1,
 ShannonBounds.C11R5Tables.S_59b3ea5954777333._native.native_decide.ax_2,
 ShannonBounds.C11R5Tables.S_660b0244997e1b9c._native.native_decide.ax_1,
 ShannonBounds.C11R5Tables.S_660b0244997e1b9c._native.native_decide.ax_2,
 ShannonBounds.C11R5Tables.S_6859b0ec25991d42._native.native_decide.ax_1,
 ShannonBounds.C11R5Tables.S_6859b0ec25991d42._native.native_decide.ax_2,
 ShannonBounds.C11R5Tables.S_77a9709d00257692._native.native_decide.ax_1,
 ShannonBounds.C11R5Tables.S_77a9709d00257692._native.native_decide.ax_2,
 ShannonBounds.C11R5Tables.S_7b6c163f0dc4b608._native.native_decide.ax_1,
 ShannonBounds.C11R5Tables.S_7b6c163f0dc4b608._native.native_decide.ax_2,
 ShannonBounds.C11R5Tables.S_a41106e52a48b9a6._native.native_decide.ax_1,
 ShannonBounds.C11R5Tables.S_a41106e52a48b9a6._native.native_decide.ax_2,
 ShannonBounds.C11R5Tables.S_cc0e5d2202d76d5d._native.native_decide.ax_1,
 ShannonBounds.C11R5Tables.S_cc0e5d2202d76d5d._native.native_decide.ax_2,
 ShannonBounds.C11R5Tables.S_cd41b86686c50a10._native.native_decide.ax_1,
 ShannonBounds.C11R5Tables.S_cd41b86686c50a10._native.native_decide.ax_2,
 ShannonBounds.C11R5Tables.S_cfb0e1863855bcb0._native.native_decide.ax_1,
 ShannonBounds.C11R5Tables.S_e620baced0654ce9._native.native_decide.ax_1,
 ShannonBounds.C11R5Tables.S_e620baced0654ce9._native.native_decide.ax_2,
 ShannonBounds.C11R5Tables.S_e788020168e26abb._native.native_decide.ax_1,
 ShannonBounds.C11R5Tables.S_e788020168e26abb._native.native_decide.ax_2,
 ShannonBounds.C11R5Tables.S_e9ef2871c79d62be._native.native_decide.ax_1,
 ShannonBounds.C11R5Tables.S_e9ef2871c79d62be._native.native_decide.ax_2,
 ShannonBounds.C11R5Tables.S_f509c81899188c6f._native.native_decide.ax_1,
 ShannonBounds.C11R5Tables.S_f509c81899188c6f._native.native_decide.ax_2]
'ShannonBounds.C11R5D213.root_bracket' depends on axioms: [propext,
 Classical.choice.{u},
 Quot.sound.{u},
 ShannonBounds.C11R5D213.decimal_lower_integer._native.native_decide.ax_1_1,
 ShannonBounds.C11R5D213.decimal_upper_integer._native.native_decide.ax_1_1]
'ShannonBounds.C11R5D213.capacity_lower' depends on axioms: [propext,
 Classical.choice.{u},
 Quot.sound.{u},
 ShannonBounds.BaseC11.IlenCheck._native.native_decide.ax_1_1,
 ShannonBounds.BaseC11.Iset._native.native_decide.ax_1,
 ShannonBounds.BaseC11.XcFalseLenCheck._native.native_decide.ax_1_1,
 ShannonBounds.BaseC11.XcTrueLenCheck._native.native_decide.ax_1_1,
 ShannonBounds.BaseC11.XlenCheck._native.native_decide.ax_1_1,
 ShannonBounds.BaseC11.Xset._native.native_decide.ax_1,
 ShannonBounds.BaseC11.altInjCheck._native.native_decide.ax_1_1,
 ShannonBounds.BaseC11.altNotCheck._native.native_decide.ax_1_1,
 ShannonBounds.BaseC11.epParentCheck._native.native_decide.ax_1_1,
 ShannonBounds.BaseC11.pFalseCheck._native.native_decide.ax_1_1,
 ShannonBounds.BaseC11.pTrueCheck._native.native_decide.ax_1_1,
 ShannonBounds.BaseC11.pairConflict._native.native_decide.ax_1_1,
 ShannonBounds.BaseC11.pairwiseOK_I._native.native_decide.ax_1_1,
 ShannonBounds.BaseC11.pairwiseOK_X._native.native_decide.ax_1_1,
 ShannonBounds.BaseC11.portsCheck._native.native_decide.ax_1_1,
 ShannonBounds.BaseC11.portsLenCheck._native.native_decide.ax_1_1,
 ShannonBounds.BaseC11.portsSet._native.native_decide.ax_1,
 ShannonBounds.BaseC11.privCheck._native.native_decide.ax_1_1,
 ShannonBounds.BaseC11.sconf_iff_conflict._native.native_decide.ax_1_1,
 ShannonBounds.BaseC11.sconf_refl._native.native_decide.ax_1_1,
 ShannonBounds.BaseC11.sconf_symm._native.native_decide.ax_1_1,
 ShannonBounds.BaseC11.sepCheck._native.native_decide.ax_1_1,
 ShannonBounds.C11R5D213.decimal_lower_integer._native.native_decide.ax_1_1,
 ShannonBounds.C11R5D213.decimal_upper_integer._native.native_decide.ax_1_1,
 ShannonBounds.C11R5D213.step_n1._native.native_decide.ax_1_1,
 ShannonBounds.C11R5D213.step_n1._native.native_decide.ax_1_2,
 ShannonBounds.C11R5D213.step_n1._native.native_decide.ax_1_3,
 ShannonBounds.C11R5D213.step_n1._native.native_decide.ax_1_4,
 ShannonBounds.C11R5D213.step_n1._native.native_decide.ax_1_5,
 ShannonBounds.C11R5D213.step_n1._native.native_decide.ax_1_6,
 ShannonBounds.C11R5D213.step_n1._native.native_decide.ax_1_7,
 ShannonBounds.C11R5D213.step_n10._native.native_decide.ax_1_1,
 ShannonBounds.C11R5D213.step_n10._native.native_decide.ax_1_2,
 ShannonBounds.C11R5D213.step_n10._native.native_decide.ax_1_3,
 ShannonBounds.C11R5D213.step_n10._native.native_decide.ax_1_4,
 ShannonBounds.C11R5D213.step_n10._native.native_decide.ax_1_5,
 ShannonBounds.C11R5D213.step_n10._native.native_decide.ax_1_6,
 ShannonBounds.C11R5D213.step_n10._native.native_decide.ax_1_7,
 ShannonBounds.C11R5D213.step_n11._native.native_decide.ax_1_1,
 ShannonBounds.C11R5D213.step_n11._native.native_decide.ax_1_2,
 ShannonBounds.C11R5D213.step_n11._native.native_decide.ax_1_3,
 ShannonBounds.C11R5D213.step_n11._native.native_decide.ax_1_4,
 ShannonBounds.C11R5D213.step_n11._native.native_decide.ax_1_5,
 ShannonBounds.C11R5D213.step_n11._native.native_decide.ax_1_6,
 ShannonBounds.C11R5D213.step_n11._native.native_decide.ax_1_7,
 ShannonBounds.C11R5D213.step_n12._native.native_decide.ax_1_1,
 ShannonBounds.C11R5D213.step_n12._native.native_decide.ax_1_2,
 ShannonBounds.C11R5D213.step_n12._native.native_decide.ax_1_3,
 ShannonBounds.C11R5D213.step_n12._native.native_decide.ax_1_4,
 ShannonBounds.C11R5D213.step_n12._native.native_decide.ax_1_5,
 ShannonBounds.C11R5D213.step_n12._native.native_decide.ax_1_6,
 ShannonBounds.C11R5D213.step_n12._native.native_decide.ax_1_7,
 ShannonBounds.C11R5D213.step_n13._native.native_decide.ax_1_1,
 ShannonBounds.C11R5D213.step_n13._native.native_decide.ax_1_2,
 ShannonBounds.C11R5D213.step_n13._native.native_decide.ax_1_3,
 ShannonBounds.C11R5D213.step_n13._native.native_decide.ax_1_4,
 ShannonBounds.C11R5D213.step_n13._native.native_decide.ax_1_5,
 ShannonBounds.C11R5D213.step_n13._native.native_decide.ax_1_6,
 ShannonBounds.C11R5D213.step_n13._native.native_decide.ax_1_7,
 ShannonBounds.C11R5D213.step_n14._native.native_decide.ax_1_1,
 ShannonBounds.C11R5D213.step_n14._native.native_decide.ax_1_2,
 ShannonBounds.C11R5D213.step_n14._native.native_decide.ax_1_3,
 ShannonBounds.C11R5D213.step_n14._native.native_decide.ax_1_4,
 ShannonBounds.C11R5D213.step_n14._native.native_decide.ax_1_5,
 ShannonBounds.C11R5D213.step_n14._native.native_decide.ax_1_6,
 ShannonBounds.C11R5D213.step_n14._native.native_decide.ax_1_7,
 ShannonBounds.C11R5D213.step_n15._native.native_decide.ax_1_1,
 ShannonBounds.C11R5D213.step_n15._native.native_decide.ax_1_2,
 ShannonBounds.C11R5D213.step_n15._native.native_decide.ax_1_3,
 ShannonBounds.C11R5D213.step_n15._native.native_decide.ax_1_4,
 ShannonBounds.C11R5D213.step_n15._native.native_decide.ax_1_5,
 ShannonBounds.C11R5D213.step_n15._native.native_decide.ax_1_6,
 ShannonBounds.C11R5D213.step_n15._native.native_decide.ax_1_7,
 ShannonBounds.C11R5D213.step_n16._native.native_decide.ax_1_1,
 ShannonBounds.C11R5D213.step_n16._native.native_decide.ax_1_2,
 ShannonBounds.C11R5D213.step_n16._native.native_decide.ax_1_3,
 ShannonBounds.C11R5D213.step_n16._native.native_decide.ax_1_4,
 ShannonBounds.C11R5D213.step_n16._native.native_decide.ax_1_5,
 ShannonBounds.C11R5D213.step_n16._native.native_decide.ax_1_6,
 ShannonBounds.C11R5D213.step_n16._native.native_decide.ax_1_7,
 ShannonBounds.C11R5D213.step_n17._native.native_decide.ax_1_1,
 ShannonBounds.C11R5D213.step_n17._native.native_decide.ax_1_2,
 ShannonBounds.C11R5D213.step_n17._native.native_decide.ax_1_3,
 ShannonBounds.C11R5D213.step_n17._native.native_decide.ax_1_4,
 ShannonBounds.C11R5D213.step_n17._native.native_decide.ax_1_5,
 ShannonBounds.C11R5D213.step_n17._native.native_decide.ax_1_6,
 ShannonBounds.C11R5D213.step_n17._native.native_decide.ax_1_7,
 ShannonBounds.C11R5D213.step_n18._native.native_decide.ax_1_1,
 ShannonBounds.C11R5D213.step_n18._native.native_decide.ax_1_2,
 ShannonBounds.C11R5D213.step_n18._native.native_decide.ax_1_3,
 ShannonBounds.C11R5D213.step_n18._native.native_decide.ax_1_4,
 ShannonBounds.C11R5D213.step_n18._native.native_decide.ax_1_5,
 ShannonBounds.C11R5D213.step_n18._native.native_decide.ax_1_6,
 ShannonBounds.C11R5D213.step_n18._native.native_decide.ax_1_7,
 ShannonBounds.C11R5D213.step_n19._native.native_decide.ax_1_1,
 ShannonBounds.C11R5D213.step_n19._native.native_decide.ax_1_2,
 ShannonBounds.C11R5D213.step_n19._native.native_decide.ax_1_3,
 ShannonBounds.C11R5D213.step_n19._native.native_decide.ax_1_4,
 ShannonBounds.C11R5D213.step_n19._native.native_decide.ax_1_5,
 ShannonBounds.C11R5D213.step_n19._native.native_decide.ax_1_6,
 ShannonBounds.C11R5D213.step_n19._native.native_decide.ax_1_7,
 ShannonBounds.C11R5D213.step_n2._native.native_decide.ax_1_1,
 ShannonBounds.C11R5D213.step_n2._native.native_decide.ax_1_2,
 ShannonBounds.C11R5D213.step_n2._native.native_decide.ax_1_3,
 ShannonBounds.C11R5D213.step_n2._native.native_decide.ax_1_4,
 ShannonBounds.C11R5D213.step_n2._native.native_decide.ax_1_5,
 ShannonBounds.C11R5D213.step_n2._native.native_decide.ax_1_6,
 ShannonBounds.C11R5D213.step_n2._native.native_decide.ax_1_7,
 ShannonBounds.C11R5D213.step_n20._native.native_decide.ax_1_1,
 ShannonBounds.C11R5D213.step_n20._native.native_decide.ax_1_2,
 ShannonBounds.C11R5D213.step_n20._native.native_decide.ax_1_3,
 ShannonBounds.C11R5D213.step_n20._native.native_decide.ax_1_4,
 ShannonBounds.C11R5D213.step_n20._native.native_decide.ax_1_5,
 ShannonBounds.C11R5D213.step_n20._native.native_decide.ax_1_6,
 ShannonBounds.C11R5D213.step_n20._native.native_decide.ax_1_7,
 ShannonBounds.C11R5D213.step_n21._native.native_decide.ax_1_1,
 ShannonBounds.C11R5D213.step_n21._native.native_decide.ax_1_2,
 ShannonBounds.C11R5D213.step_n21._native.native_decide.ax_1_3,
 ShannonBounds.C11R5D213.step_n21._native.native_decide.ax_1_4,
 ShannonBounds.C11R5D213.step_n21._native.native_decide.ax_1_5,
 ShannonBounds.C11R5D213.step_n21._native.native_decide.ax_1_6,
 ShannonBounds.C11R5D213.step_n21._native.native_decide.ax_1_7,
 ShannonBounds.C11R5D213.step_n22._native.native_decide.ax_1_1,
 ShannonBounds.C11R5D213.step_n22._native.native_decide.ax_1_2,
 ShannonBounds.C11R5D213.step_n22._native.native_decide.ax_1_3,
 ShannonBounds.C11R5D213.step_n22._native.native_decide.ax_1_4,
 ShannonBounds.C11R5D213.step_n22._native.native_decide.ax_1_5,
 ShannonBounds.C11R5D213.step_n22._native.native_decide.ax_1_6,
 ShannonBounds.C11R5D213.step_n22._native.native_decide.ax_1_7,
 ShannonBounds.C11R5D213.step_n23._native.native_decide.ax_1_1,
 ShannonBounds.C11R5D213.step_n23._native.native_decide.ax_1_2,
 ShannonBounds.C11R5D213.step_n23._native.native_decide.ax_1_3,
 ShannonBounds.C11R5D213.step_n23._native.native_decide.ax_1_4,
 ShannonBounds.C11R5D213.step_n23._native.native_decide.ax_1_5,
 ShannonBounds.C11R5D213.step_n23._native.native_decide.ax_1_6,
 ShannonBounds.C11R5D213.step_n23._native.native_decide.ax_1_7,
 ShannonBounds.C11R5D213.step_n24._native.native_decide.ax_1_1,
 ShannonBounds.C11R5D213.step_n24._native.native_decide.ax_1_2,
 ShannonBounds.C11R5D213.step_n24._native.native_decide.ax_1_3,
 ShannonBounds.C11R5D213.step_n24._native.native_decide.ax_1_4,
 ShannonBounds.C11R5D213.step_n24._native.native_decide.ax_1_5,
 ShannonBounds.C11R5D213.step_n24._native.native_decide.ax_1_6,
 ShannonBounds.C11R5D213.step_n24._native.native_decide.ax_1_7,
 ShannonBounds.C11R5D213.step_n25._native.native_decide.ax_1_1,
 ShannonBounds.C11R5D213.step_n25._native.native_decide.ax_1_2,
 ShannonBounds.C11R5D213.step_n25._native.native_decide.ax_1_3,
 ShannonBounds.C11R5D213.step_n25._native.native_decide.ax_1_4,
 ShannonBounds.C11R5D213.step_n25._native.native_decide.ax_1_5,
 ShannonBounds.C11R5D213.step_n25._native.native_decide.ax_1_6,
 ShannonBounds.C11R5D213.step_n25._native.native_decide.ax_1_7,
 ShannonBounds.C11R5D213.step_n26._native.native_decide.ax_1_1,
 ShannonBounds.C11R5D213.step_n26._native.native_decide.ax_1_2,
 ShannonBounds.C11R5D213.step_n26._native.native_decide.ax_1_3,
 ShannonBounds.C11R5D213.step_n26._native.native_decide.ax_1_4,
 ShannonBounds.C11R5D213.step_n26._native.native_decide.ax_1_5,
 ShannonBounds.C11R5D213.step_n26._native.native_decide.ax_1_6,
 ShannonBounds.C11R5D213.step_n26._native.native_decide.ax_1_7,
 ShannonBounds.C11R5D213.step_n27._native.native_decide.ax_1_1,
 ShannonBounds.C11R5D213.step_n27._native.native_decide.ax_1_2,
 ShannonBounds.C11R5D213.step_n27._native.native_decide.ax_1_3,
 ShannonBounds.C11R5D213.step_n27._native.native_decide.ax_1_4,
 ShannonBounds.C11R5D213.step_n27._native.native_decide.ax_1_5,
 ShannonBounds.C11R5D213.step_n27._native.native_decide.ax_1_6,
 ShannonBounds.C11R5D213.step_n27._native.native_decide.ax_1_7,
 ShannonBounds.C11R5D213.step_n28._native.native_decide.ax_1_1,
 ShannonBounds.C11R5D213.step_n28._native.native_decide.ax_1_2,
 ShannonBounds.C11R5D213.step_n28._native.native_decide.ax_1_3,
 ShannonBounds.C11R5D213.step_n28._native.native_decide.ax_1_4,
 ShannonBounds.C11R5D213.step_n28._native.native_decide.ax_1_5,
 ShannonBounds.C11R5D213.step_n28._native.native_decide.ax_1_6,
 ShannonBounds.C11R5D213.step_n28._native.native_decide.ax_1_7,
 ShannonBounds.C11R5D213.step_n29._native.native_decide.ax_1_1,
 ShannonBounds.C11R5D213.step_n29._native.native_decide.ax_1_2,
 ShannonBounds.C11R5D213.step_n29._native.native_decide.ax_1_3,
 ShannonBounds.C11R5D213.step_n29._native.native_decide.ax_1_4,
 ShannonBounds.C11R5D213.step_n29._native.native_decide.ax_1_5,
 ShannonBounds.C11R5D213.step_n29._native.native_decide.ax_1_6,
 ShannonBounds.C11R5D213.step_n29._native.native_decide.ax_1_7,
 ShannonBounds.C11R5D213.step_n3._native.native_decide.ax_1_1,
 ShannonBounds.C11R5D213.step_n3._native.native_decide.ax_1_2,
 ShannonBounds.C11R5D213.step_n3._native.native_decide.ax_1_3,
 ShannonBounds.C11R5D213.step_n3._native.native_decide.ax_1_4,
 ShannonBounds.C11R5D213.step_n3._native.native_decide.ax_1_5,
 ShannonBounds.C11R5D213.step_n3._native.native_decide.ax_1_6,
 ShannonBounds.C11R5D213.step_n3._native.native_decide.ax_1_7,
 ShannonBounds.C11R5D213.step_n30._native.native_decide.ax_1_1,
 ShannonBounds.C11R5D213.step_n30._native.native_decide.ax_1_2,
 ShannonBounds.C11R5D213.step_n30._native.native_decide.ax_1_3,
 ShannonBounds.C11R5D213.step_n30._native.native_decide.ax_1_4,
 ShannonBounds.C11R5D213.step_n30._native.native_decide.ax_1_5,
 ShannonBounds.C11R5D213.step_n30._native.native_decide.ax_1_6,
 ShannonBounds.C11R5D213.step_n30._native.native_decide.ax_1_7,
 ShannonBounds.C11R5D213.step_n4._native.native_decide.ax_1_1,
 ShannonBounds.C11R5D213.step_n4._native.native_decide.ax_1_2,
 ShannonBounds.C11R5D213.step_n4._native.native_decide.ax_1_3,
 ShannonBounds.C11R5D213.step_n4._native.native_decide.ax_1_4,
 ShannonBounds.C11R5D213.step_n4._native.native_decide.ax_1_5,
 ShannonBounds.C11R5D213.step_n4._native.native_decide.ax_1_6,
 ShannonBounds.C11R5D213.step_n4._native.native_decide.ax_1_7,
 ShannonBounds.C11R5D213.step_n5._native.native_decide.ax_1_1,
 ShannonBounds.C11R5D213.step_n5._native.native_decide.ax_1_2,
 ShannonBounds.C11R5D213.step_n5._native.native_decide.ax_1_3,
 ShannonBounds.C11R5D213.step_n5._native.native_decide.ax_1_4,
 ShannonBounds.C11R5D213.step_n5._native.native_decide.ax_1_5,
 ShannonBounds.C11R5D213.step_n5._native.native_decide.ax_1_6,
 ShannonBounds.C11R5D213.step_n5._native.native_decide.ax_1_7,
 ShannonBounds.C11R5D213.step_n6._native.native_decide.ax_1_1,
 ShannonBounds.C11R5D213.step_n6._native.native_decide.ax_1_2,
 ShannonBounds.C11R5D213.step_n6._native.native_decide.ax_1_3,
 ShannonBounds.C11R5D213.step_n6._native.native_decide.ax_1_4,
 ShannonBounds.C11R5D213.step_n6._native.native_decide.ax_1_5,
 ShannonBounds.C11R5D213.step_n6._native.native_decide.ax_1_6,
 ShannonBounds.C11R5D213.step_n6._native.native_decide.ax_1_7,
 ShannonBounds.C11R5D213.step_n7._native.native_decide.ax_1_1,
 ShannonBounds.C11R5D213.step_n7._native.native_decide.ax_1_2,
 ShannonBounds.C11R5D213.step_n7._native.native_decide.ax_1_3,
 ShannonBounds.C11R5D213.step_n7._native.native_decide.ax_1_4,
 ShannonBounds.C11R5D213.step_n7._native.native_decide.ax_1_5,
 ShannonBounds.C11R5D213.step_n7._native.native_decide.ax_1_6,
 ShannonBounds.C11R5D213.step_n7._native.native_decide.ax_1_7,
 ShannonBounds.C11R5D213.step_n8._native.native_decide.ax_1_1,
 ShannonBounds.C11R5D213.step_n8._native.native_decide.ax_1_2,
 ShannonBounds.C11R5D213.step_n8._native.native_decide.ax_1_3,
 ShannonBounds.C11R5D213.step_n8._native.native_decide.ax_1_4,
 ShannonBounds.C11R5D213.step_n8._native.native_decide.ax_1_5,
 ShannonBounds.C11R5D213.step_n8._native.native_decide.ax_1_6,
 ShannonBounds.C11R5D213.step_n8._native.native_decide.ax_1_7,
 ShannonBounds.C11R5D213.step_n9._native.native_decide.ax_1_1,
 ShannonBounds.C11R5D213.step_n9._native.native_decide.ax_1_2,
 ShannonBounds.C11R5D213.step_n9._native.native_decide.ax_1_3,
 ShannonBounds.C11R5D213.step_n9._native.native_decide.ax_1_4,
 ShannonBounds.C11R5D213.step_n9._native.native_decide.ax_1_5,
 ShannonBounds.C11R5D213.step_n9._native.native_decide.ax_1_6,
 ShannonBounds.C11R5D213.step_n9._native.native_decide.ax_1_7,
 ShannonBounds.C11R5D213.terminal_value._native.native_decide.ax_1_1,
 ShannonBounds.C11R5Tables.S_0058d965adce02f4._native.native_decide.ax_1,
 ShannonBounds.C11R5Tables.S_0058d965adce02f4._native.native_decide.ax_2,
 ShannonBounds.C11R5Tables.S_04339297651c9c49._native.native_decide.ax_1,
 ShannonBounds.C11R5Tables.S_04339297651c9c49._native.native_decide.ax_2,
 ShannonBounds.C11R5Tables.S_15769811f129f696._native.native_decide.ax_1,
 ShannonBounds.C11R5Tables.S_15769811f129f696._native.native_decide.ax_2,
 ShannonBounds.C11R5Tables.S_18277b0c484b4c41._native.native_decide.ax_1,
 ShannonBounds.C11R5Tables.S_18277b0c484b4c41._native.native_decide.ax_2,
 ShannonBounds.C11R5Tables.S_31d500a381a04d9a._native.native_decide.ax_1,
 ShannonBounds.C11R5Tables.S_31d500a381a04d9a._native.native_decide.ax_2,
 ShannonBounds.C11R5Tables.S_36518f191584a644._native.native_decide.ax_1,
 ShannonBounds.C11R5Tables.S_36518f191584a644._native.native_decide.ax_2,
 ShannonBounds.C11R5Tables.S_3b145410351af05c._native.native_decide.ax_1,
 ShannonBounds.C11R5Tables.S_3b145410351af05c._native.native_decide.ax_2,
 ShannonBounds.C11R5Tables.S_3daf90758a80fbb9._native.native_decide.ax_1,
 ShannonBounds.C11R5Tables.S_3daf90758a80fbb9._native.native_decide.ax_2,
 ShannonBounds.C11R5Tables.S_3e8694d6a5bfe173._native.native_decide.ax_1,
 ShannonBounds.C11R5Tables.S_3e8694d6a5bfe173._native.native_decide.ax_2,
 ShannonBounds.C11R5Tables.S_59b3ea5954777333._native.native_decide.ax_1,
 ShannonBounds.C11R5Tables.S_59b3ea5954777333._native.native_decide.ax_2,
 ShannonBounds.C11R5Tables.S_660b0244997e1b9c._native.native_decide.ax_1,
 ShannonBounds.C11R5Tables.S_660b0244997e1b9c._native.native_decide.ax_2,
 ShannonBounds.C11R5Tables.S_6859b0ec25991d42._native.native_decide.ax_1,
 ShannonBounds.C11R5Tables.S_6859b0ec25991d42._native.native_decide.ax_2,
 ShannonBounds.C11R5Tables.S_77a9709d00257692._native.native_decide.ax_1,
 ShannonBounds.C11R5Tables.S_77a9709d00257692._native.native_decide.ax_2,
 ShannonBounds.C11R5Tables.S_7b6c163f0dc4b608._native.native_decide.ax_1,
 ShannonBounds.C11R5Tables.S_7b6c163f0dc4b608._native.native_decide.ax_2,
 ShannonBounds.C11R5Tables.S_a41106e52a48b9a6._native.native_decide.ax_1,
 ShannonBounds.C11R5Tables.S_a41106e52a48b9a6._native.native_decide.ax_2,
 ShannonBounds.C11R5Tables.S_cc0e5d2202d76d5d._native.native_decide.ax_1,
 ShannonBounds.C11R5Tables.S_cc0e5d2202d76d5d._native.native_decide.ax_2,
 ShannonBounds.C11R5Tables.S_cd41b86686c50a10._native.native_decide.ax_1,
 ShannonBounds.C11R5Tables.S_cd41b86686c50a10._native.native_decide.ax_2,
 ShannonBounds.C11R5Tables.S_cfb0e1863855bcb0._native.native_decide.ax_1,
 ShannonBounds.C11R5Tables.S_e620baced0654ce9._native.native_decide.ax_1,
 ShannonBounds.C11R5Tables.S_e620baced0654ce9._native.native_decide.ax_2,
 ShannonBounds.C11R5Tables.S_e788020168e26abb._native.native_decide.ax_1,
 ShannonBounds.C11R5Tables.S_e788020168e26abb._native.native_decide.ax_2,
 ShannonBounds.C11R5Tables.S_e9ef2871c79d62be._native.native_decide.ax_1,
 ShannonBounds.C11R5Tables.S_e9ef2871c79d62be._native.native_decide.ax_2,
 ShannonBounds.C11R5Tables.S_f509c81899188c6f._native.native_decide.ax_1,
 ShannonBounds.C11R5Tables.S_f509c81899188c6f._native.native_decide.ax_2]
'ShannonBounds.C11R5D213.step_v' depends on axioms: [propext, Classical.choice.{u}, Quot.sound.{u}]
'ShannonBounds.C11R5D213.step_n1' depends on axioms: [propext,
 Classical.choice.{u},
 Quot.sound.{u},
 ShannonBounds.C11R5D213.step_n1._native.native_decide.ax_1_1,
 ShannonBounds.C11R5D213.step_n1._native.native_decide.ax_1_2,
 ShannonBounds.C11R5D213.step_n1._native.native_decide.ax_1_3,
 ShannonBounds.C11R5D213.step_n1._native.native_decide.ax_1_4,
 ShannonBounds.C11R5D213.step_n1._native.native_decide.ax_1_5,
 ShannonBounds.C11R5D213.step_n1._native.native_decide.ax_1_6,
 ShannonBounds.C11R5D213.step_n1._native.native_decide.ax_1_7,
 ShannonBounds.C11R5Tables.S_e788020168e26abb._native.native_decide.ax_1,
 ShannonBounds.C11R5Tables.S_e788020168e26abb._native.native_decide.ax_2]
'ShannonBounds.C11R5D213.step_n2' depends on axioms: [propext,
 Classical.choice.{u},
 Quot.sound.{u},
 ShannonBounds.C11R5D213.step_n2._native.native_decide.ax_1_1,
 ShannonBounds.C11R5D213.step_n2._native.native_decide.ax_1_2,
 ShannonBounds.C11R5D213.step_n2._native.native_decide.ax_1_3,
 ShannonBounds.C11R5D213.step_n2._native.native_decide.ax_1_4,
 ShannonBounds.C11R5D213.step_n2._native.native_decide.ax_1_5,
 ShannonBounds.C11R5D213.step_n2._native.native_decide.ax_1_6,
 ShannonBounds.C11R5D213.step_n2._native.native_decide.ax_1_7,
 ShannonBounds.C11R5Tables.S_3b145410351af05c._native.native_decide.ax_1,
 ShannonBounds.C11R5Tables.S_3b145410351af05c._native.native_decide.ax_2]
'ShannonBounds.C11R5D213.step_n3' depends on axioms: [propext,
 Classical.choice.{u},
 Quot.sound.{u},
 ShannonBounds.C11R5D213.step_n1._native.native_decide.ax_1_1,
 ShannonBounds.C11R5D213.step_n1._native.native_decide.ax_1_2,
 ShannonBounds.C11R5D213.step_n1._native.native_decide.ax_1_3,
 ShannonBounds.C11R5D213.step_n1._native.native_decide.ax_1_4,
 ShannonBounds.C11R5D213.step_n1._native.native_decide.ax_1_5,
 ShannonBounds.C11R5D213.step_n1._native.native_decide.ax_1_6,
 ShannonBounds.C11R5D213.step_n1._native.native_decide.ax_1_7,
 ShannonBounds.C11R5D213.step_n2._native.native_decide.ax_1_1,
 ShannonBounds.C11R5D213.step_n2._native.native_decide.ax_1_2,
 ShannonBounds.C11R5D213.step_n2._native.native_decide.ax_1_3,
 ShannonBounds.C11R5D213.step_n2._native.native_decide.ax_1_4,
 ShannonBounds.C11R5D213.step_n2._native.native_decide.ax_1_5,
 ShannonBounds.C11R5D213.step_n2._native.native_decide.ax_1_6,
 ShannonBounds.C11R5D213.step_n2._native.native_decide.ax_1_7,
 ShannonBounds.C11R5D213.step_n3._native.native_decide.ax_1_1,
 ShannonBounds.C11R5D213.step_n3._native.native_decide.ax_1_2,
 ShannonBounds.C11R5D213.step_n3._native.native_decide.ax_1_3,
 ShannonBounds.C11R5D213.step_n3._native.native_decide.ax_1_4,
 ShannonBounds.C11R5D213.step_n3._native.native_decide.ax_1_5,
 ShannonBounds.C11R5D213.step_n3._native.native_decide.ax_1_6,
 ShannonBounds.C11R5D213.step_n3._native.native_decide.ax_1_7,
 ShannonBounds.C11R5Tables.S_3b145410351af05c._native.native_decide.ax_1,
 ShannonBounds.C11R5Tables.S_3b145410351af05c._native.native_decide.ax_2,
 ShannonBounds.C11R5Tables.S_6859b0ec25991d42._native.native_decide.ax_1,
 ShannonBounds.C11R5Tables.S_6859b0ec25991d42._native.native_decide.ax_2,
 ShannonBounds.C11R5Tables.S_e788020168e26abb._native.native_decide.ax_1,
 ShannonBounds.C11R5Tables.S_e788020168e26abb._native.native_decide.ax_2]
'ShannonBounds.C11R5D213.step_n4' depends on axioms: [propext,
 Classical.choice.{u},
 Quot.sound.{u},
 ShannonBounds.C11R5D213.step_n4._native.native_decide.ax_1_1,
 ShannonBounds.C11R5D213.step_n4._native.native_decide.ax_1_2,
 ShannonBounds.C11R5D213.step_n4._native.native_decide.ax_1_3,
 ShannonBounds.C11R5D213.step_n4._native.native_decide.ax_1_4,
 ShannonBounds.C11R5D213.step_n4._native.native_decide.ax_1_5,
 ShannonBounds.C11R5D213.step_n4._native.native_decide.ax_1_6,
 ShannonBounds.C11R5D213.step_n4._native.native_decide.ax_1_7,
 ShannonBounds.C11R5Tables.S_6859b0ec25991d42._native.native_decide.ax_1,
 ShannonBounds.C11R5Tables.S_6859b0ec25991d42._native.native_decide.ax_2]
'ShannonBounds.C11R5D213.step_n5' depends on axioms: [propext,
 Classical.choice.{u},
 Quot.sound.{u},
 ShannonBounds.C11R5D213.step_n4._native.native_decide.ax_1_1,
 ShannonBounds.C11R5D213.step_n4._native.native_decide.ax_1_2,
 ShannonBounds.C11R5D213.step_n4._native.native_decide.ax_1_3,
 ShannonBounds.C11R5D213.step_n4._native.native_decide.ax_1_4,
 ShannonBounds.C11R5D213.step_n4._native.native_decide.ax_1_5,
 ShannonBounds.C11R5D213.step_n4._native.native_decide.ax_1_6,
 ShannonBounds.C11R5D213.step_n4._native.native_decide.ax_1_7,
 ShannonBounds.C11R5D213.step_n5._native.native_decide.ax_1_1,
 ShannonBounds.C11R5D213.step_n5._native.native_decide.ax_1_2,
 ShannonBounds.C11R5D213.step_n5._native.native_decide.ax_1_3,
 ShannonBounds.C11R5D213.step_n5._native.native_decide.ax_1_4,
 ShannonBounds.C11R5D213.step_n5._native.native_decide.ax_1_5,
 ShannonBounds.C11R5D213.step_n5._native.native_decide.ax_1_6,
 ShannonBounds.C11R5D213.step_n5._native.native_decide.ax_1_7,
 ShannonBounds.C11R5Tables.S_6859b0ec25991d42._native.native_decide.ax_1,
 ShannonBounds.C11R5Tables.S_6859b0ec25991d42._native.native_decide.ax_2,
 ShannonBounds.C11R5Tables.S_a41106e52a48b9a6._native.native_decide.ax_1,
 ShannonBounds.C11R5Tables.S_a41106e52a48b9a6._native.native_decide.ax_2]
'ShannonBounds.C11R5D213.step_n6' depends on axioms: [propext,
 Classical.choice.{u},
 Quot.sound.{u},
 ShannonBounds.C11R5D213.step_n1._native.native_decide.ax_1_1,
 ShannonBounds.C11R5D213.step_n1._native.native_decide.ax_1_2,
 ShannonBounds.C11R5D213.step_n1._native.native_decide.ax_1_3,
 ShannonBounds.C11R5D213.step_n1._native.native_decide.ax_1_4,
 ShannonBounds.C11R5D213.step_n1._native.native_decide.ax_1_5,
 ShannonBounds.C11R5D213.step_n1._native.native_decide.ax_1_6,
 ShannonBounds.C11R5D213.step_n1._native.native_decide.ax_1_7,
 ShannonBounds.C11R5D213.step_n2._native.native_decide.ax_1_1,
 ShannonBounds.C11R5D213.step_n2._native.native_decide.ax_1_2,
 ShannonBounds.C11R5D213.step_n2._native.native_decide.ax_1_3,
 ShannonBounds.C11R5D213.step_n2._native.native_decide.ax_1_4,
 ShannonBounds.C11R5D213.step_n2._native.native_decide.ax_1_5,
 ShannonBounds.C11R5D213.step_n2._native.native_decide.ax_1_6,
 ShannonBounds.C11R5D213.step_n2._native.native_decide.ax_1_7,
 ShannonBounds.C11R5D213.step_n4._native.native_decide.ax_1_1,
 ShannonBounds.C11R5D213.step_n4._native.native_decide.ax_1_2,
 ShannonBounds.C11R5D213.step_n4._native.native_decide.ax_1_3,
 ShannonBounds.C11R5D213.step_n4._native.native_decide.ax_1_4,
 ShannonBounds.C11R5D213.step_n4._native.native_decide.ax_1_5,
 ShannonBounds.C11R5D213.step_n4._native.native_decide.ax_1_6,
 ShannonBounds.C11R5D213.step_n4._native.native_decide.ax_1_7,
 ShannonBounds.C11R5D213.step_n5._native.native_decide.ax_1_1,
 ShannonBounds.C11R5D213.step_n5._native.native_decide.ax_1_2,
 ShannonBounds.C11R5D213.step_n5._native.native_decide.ax_1_3,
 ShannonBounds.C11R5D213.step_n5._native.native_decide.ax_1_4,
 ShannonBounds.C11R5D213.step_n5._native.native_decide.ax_1_5,
 ShannonBounds.C11R5D213.step_n5._native.native_decide.ax_1_6,
 ShannonBounds.C11R5D213.step_n5._native.native_decide.ax_1_7,
 ShannonBounds.C11R5D213.step_n6._native.native_decide.ax_1_1,
 ShannonBounds.C11R5D213.step_n6._native.native_decide.ax_1_2,
 ShannonBounds.C11R5D213.step_n6._native.native_decide.ax_1_3,
 ShannonBounds.C11R5D213.step_n6._native.native_decide.ax_1_4,
 ShannonBounds.C11R5D213.step_n6._native.native_decide.ax_1_5,
 ShannonBounds.C11R5D213.step_n6._native.native_decide.ax_1_6,
 ShannonBounds.C11R5D213.step_n6._native.native_decide.ax_1_7,
 ShannonBounds.C11R5Tables.S_3b145410351af05c._native.native_decide.ax_1,
 ShannonBounds.C11R5Tables.S_3b145410351af05c._native.native_decide.ax_2,
 ShannonBounds.C11R5Tables.S_3e8694d6a5bfe173._native.native_decide.ax_1,
 ShannonBounds.C11R5Tables.S_3e8694d6a5bfe173._native.native_decide.ax_2,
 ShannonBounds.C11R5Tables.S_6859b0ec25991d42._native.native_decide.ax_1,
 ShannonBounds.C11R5Tables.S_6859b0ec25991d42._native.native_decide.ax_2,
 ShannonBounds.C11R5Tables.S_a41106e52a48b9a6._native.native_decide.ax_1,
 ShannonBounds.C11R5Tables.S_a41106e52a48b9a6._native.native_decide.ax_2,
 ShannonBounds.C11R5Tables.S_e788020168e26abb._native.native_decide.ax_1,
 ShannonBounds.C11R5Tables.S_e788020168e26abb._native.native_decide.ax_2]
'ShannonBounds.C11R5D213.step_n7' depends on axioms: [propext,
 Classical.choice.{u},
 Quot.sound.{u},
 ShannonBounds.C11R5D213.step_n1._native.native_decide.ax_1_1,
 ShannonBounds.C11R5D213.step_n1._native.native_decide.ax_1_2,
 ShannonBounds.C11R5D213.step_n1._native.native_decide.ax_1_3,
 ShannonBounds.C11R5D213.step_n1._native.native_decide.ax_1_4,
 ShannonBounds.C11R5D213.step_n1._native.native_decide.ax_1_5,
 ShannonBounds.C11R5D213.step_n1._native.native_decide.ax_1_6,
 ShannonBounds.C11R5D213.step_n1._native.native_decide.ax_1_7,
 ShannonBounds.C11R5D213.step_n7._native.native_decide.ax_1_1,
 ShannonBounds.C11R5D213.step_n7._native.native_decide.ax_1_2,
 ShannonBounds.C11R5D213.step_n7._native.native_decide.ax_1_3,
 ShannonBounds.C11R5D213.step_n7._native.native_decide.ax_1_4,
 ShannonBounds.C11R5D213.step_n7._native.native_decide.ax_1_5,
 ShannonBounds.C11R5D213.step_n7._native.native_decide.ax_1_6,
 ShannonBounds.C11R5D213.step_n7._native.native_decide.ax_1_7,
 ShannonBounds.C11R5Tables.S_77a9709d00257692._native.native_decide.ax_1,
 ShannonBounds.C11R5Tables.S_77a9709d00257692._native.native_decide.ax_2,
 ShannonBounds.C11R5Tables.S_e788020168e26abb._native.native_decide.ax_1,
 ShannonBounds.C11R5Tables.S_e788020168e26abb._native.native_decide.ax_2]
'ShannonBounds.C11R5D213.step_n8' depends on axioms: [propext,
 Classical.choice.{u},
 Quot.sound.{u},
 ShannonBounds.C11R5D213.step_n8._native.native_decide.ax_1_1,
 ShannonBounds.C11R5D213.step_n8._native.native_decide.ax_1_2,
 ShannonBounds.C11R5D213.step_n8._native.native_decide.ax_1_3,
 ShannonBounds.C11R5D213.step_n8._native.native_decide.ax_1_4,
 ShannonBounds.C11R5D213.step_n8._native.native_decide.ax_1_5,
 ShannonBounds.C11R5D213.step_n8._native.native_decide.ax_1_6,
 ShannonBounds.C11R5D213.step_n8._native.native_decide.ax_1_7,
 ShannonBounds.C11R5Tables.S_f509c81899188c6f._native.native_decide.ax_1,
 ShannonBounds.C11R5Tables.S_f509c81899188c6f._native.native_decide.ax_2]
'ShannonBounds.C11R5D213.step_n9' depends on axioms: [propext,
 Classical.choice.{u},
 Quot.sound.{u},
 ShannonBounds.C11R5D213.step_n1._native.native_decide.ax_1_1,
 ShannonBounds.C11R5D213.step_n1._native.native_decide.ax_1_2,
 ShannonBounds.C11R5D213.step_n1._native.native_decide.ax_1_3,
 ShannonBounds.C11R5D213.step_n1._native.native_decide.ax_1_4,
 ShannonBounds.C11R5D213.step_n1._native.native_decide.ax_1_5,
 ShannonBounds.C11R5D213.step_n1._native.native_decide.ax_1_6,
 ShannonBounds.C11R5D213.step_n1._native.native_decide.ax_1_7,
 ShannonBounds.C11R5D213.step_n7._native.native_decide.ax_1_1,
 ShannonBounds.C11R5D213.step_n7._native.native_decide.ax_1_2,
 ShannonBounds.C11R5D213.step_n7._native.native_decide.ax_1_3,
 ShannonBounds.C11R5D213.step_n7._native.native_decide.ax_1_4,
 ShannonBounds.C11R5D213.step_n7._native.native_decide.ax_1_5,
 ShannonBounds.C11R5D213.step_n7._native.native_decide.ax_1_6,
 ShannonBounds.C11R5D213.step_n7._native.native_decide.ax_1_7,
 ShannonBounds.C11R5D213.step_n8._native.native_decide.ax_1_1,
 ShannonBounds.C11R5D213.step_n8._native.native_decide.ax_1_2,
 ShannonBounds.C11R5D213.step_n8._native.native_decide.ax_1_3,
 ShannonBounds.C11R5D213.step_n8._native.native_decide.ax_1_4,
 ShannonBounds.C11R5D213.step_n8._native.native_decide.ax_1_5,
 ShannonBounds.C11R5D213.step_n8._native.native_decide.ax_1_6,
 ShannonBounds.C11R5D213.step_n8._native.native_decide.ax_1_7,
 ShannonBounds.C11R5D213.step_n9._native.native_decide.ax_1_1,
 ShannonBounds.C11R5D213.step_n9._native.native_decide.ax_1_2,
 ShannonBounds.C11R5D213.step_n9._native.native_decide.ax_1_3,
 ShannonBounds.C11R5D213.step_n9._native.native_decide.ax_1_4,
 ShannonBounds.C11R5D213.step_n9._native.native_decide.ax_1_5,
 ShannonBounds.C11R5D213.step_n9._native.native_decide.ax_1_6,
 ShannonBounds.C11R5D213.step_n9._native.native_decide.ax_1_7,
 ShannonBounds.C11R5Tables.S_15769811f129f696._native.native_decide.ax_1,
 ShannonBounds.C11R5Tables.S_15769811f129f696._native.native_decide.ax_2,
 ShannonBounds.C11R5Tables.S_77a9709d00257692._native.native_decide.ax_1,
 ShannonBounds.C11R5Tables.S_77a9709d00257692._native.native_decide.ax_2,
 ShannonBounds.C11R5Tables.S_e788020168e26abb._native.native_decide.ax_1,
 ShannonBounds.C11R5Tables.S_e788020168e26abb._native.native_decide.ax_2,
 ShannonBounds.C11R5Tables.S_f509c81899188c6f._native.native_decide.ax_1,
 ShannonBounds.C11R5Tables.S_f509c81899188c6f._native.native_decide.ax_2]
'ShannonBounds.C11R5D213.step_n10' depends on axioms: [propext,
 Classical.choice.{u},
 Quot.sound.{u},
 ShannonBounds.C11R5D213.step_n1._native.native_decide.ax_1_1,
 ShannonBounds.C11R5D213.step_n1._native.native_decide.ax_1_2,
 ShannonBounds.C11R5D213.step_n1._native.native_decide.ax_1_3,
 ShannonBounds.C11R5D213.step_n1._native.native_decide.ax_1_4,
 ShannonBounds.C11R5D213.step_n1._native.native_decide.ax_1_5,
 ShannonBounds.C11R5D213.step_n1._native.native_decide.ax_1_6,
 ShannonBounds.C11R5D213.step_n1._native.native_decide.ax_1_7,
 ShannonBounds.C11R5D213.step_n10._native.native_decide.ax_1_1,
 ShannonBounds.C11R5D213.step_n10._native.native_decide.ax_1_2,
 ShannonBounds.C11R5D213.step_n10._native.native_decide.ax_1_3,
 ShannonBounds.C11R5D213.step_n10._native.native_decide.ax_1_4,
 ShannonBounds.C11R5D213.step_n10._native.native_decide.ax_1_5,
 ShannonBounds.C11R5D213.step_n10._native.native_decide.ax_1_6,
 ShannonBounds.C11R5D213.step_n10._native.native_decide.ax_1_7,
 ShannonBounds.C11R5D213.step_n2._native.native_decide.ax_1_1,
 ShannonBounds.C11R5D213.step_n2._native.native_decide.ax_1_2,
 ShannonBounds.C11R5D213.step_n2._native.native_decide.ax_1_3,
 ShannonBounds.C11R5D213.step_n2._native.native_decide.ax_1_4,
 ShannonBounds.C11R5D213.step_n2._native.native_decide.ax_1_5,
 ShannonBounds.C11R5D213.step_n2._native.native_decide.ax_1_6,
 ShannonBounds.C11R5D213.step_n2._native.native_decide.ax_1_7,
 ShannonBounds.C11R5D213.step_n3._native.native_decide.ax_1_1,
 ShannonBounds.C11R5D213.step_n3._native.native_decide.ax_1_2,
 ShannonBounds.C11R5D213.step_n3._native.native_decide.ax_1_3,
 ShannonBounds.C11R5D213.step_n3._native.native_decide.ax_1_4,
 ShannonBounds.C11R5D213.step_n3._native.native_decide.ax_1_5,
 ShannonBounds.C11R5D213.step_n3._native.native_decide.ax_1_6,
 ShannonBounds.C11R5D213.step_n3._native.native_decide.ax_1_7,
 ShannonBounds.C11R5D213.step_n4._native.native_decide.ax_1_1,
 ShannonBounds.C11R5D213.step_n4._native.native_decide.ax_1_2,
 ShannonBounds.C11R5D213.step_n4._native.native_decide.ax_1_3,
 ShannonBounds.C11R5D213.step_n4._native.native_decide.ax_1_4,
 ShannonBounds.C11R5D213.step_n4._native.native_decide.ax_1_5,
 ShannonBounds.C11R5D213.step_n4._native.native_decide.ax_1_6,
 ShannonBounds.C11R5D213.step_n4._native.native_decide.ax_1_7,
 ShannonBounds.C11R5D213.step_n5._native.native_decide.ax_1_1,
 ShannonBounds.C11R5D213.step_n5._native.native_decide.ax_1_2,
 ShannonBounds.C11R5D213.step_n5._native.native_decide.ax_1_3,
 ShannonBounds.C11R5D213.step_n5._native.native_decide.ax_1_4,
 ShannonBounds.C11R5D213.step_n5._native.native_decide.ax_1_5,
 ShannonBounds.C11R5D213.step_n5._native.native_decide.ax_1_6,
 ShannonBounds.C11R5D213.step_n5._native.native_decide.ax_1_7,
 ShannonBounds.C11R5D213.step_n6._native.native_decide.ax_1_1,
 ShannonBounds.C11R5D213.step_n6._native.native_decide.ax_1_2,
 ShannonBounds.C11R5D213.step_n6._native.native_decide.ax_1_3,
 ShannonBounds.C11R5D213.step_n6._native.native_decide.ax_1_4,
 ShannonBounds.C11R5D213.step_n6._native.native_decide.ax_1_5,
 ShannonBounds.C11R5D213.step_n6._native.native_decide.ax_1_6,
 ShannonBounds.C11R5D213.step_n6._native.native_decide.ax_1_7,
 ShannonBounds.C11R5D213.step_n7._native.native_decide.ax_1_1,
 ShannonBounds.C11R5D213.step_n7._native.native_decide.ax_1_2,
 ShannonBounds.C11R5D213.step_n7._native.native_decide.ax_1_3,
 ShannonBounds.C11R5D213.step_n7._native.native_decide.ax_1_4,
 ShannonBounds.C11R5D213.step_n7._native.native_decide.ax_1_5,
 ShannonBounds.C11R5D213.step_n7._native.native_decide.ax_1_6,
 ShannonBounds.C11R5D213.step_n7._native.native_decide.ax_1_7,
 ShannonBounds.C11R5D213.step_n8._native.native_decide.ax_1_1,
 ShannonBounds.C11R5D213.step_n8._native.native_decide.ax_1_2,
 ShannonBounds.C11R5D213.step_n8._native.native_decide.ax_1_3,
 ShannonBounds.C11R5D213.step_n8._native.native_decide.ax_1_4,
 ShannonBounds.C11R5D213.step_n8._native.native_decide.ax_1_5,
 ShannonBounds.C11R5D213.step_n8._native.native_decide.ax_1_6,
 ShannonBounds.C11R5D213.step_n8._native.native_decide.ax_1_7,
 ShannonBounds.C11R5D213.step_n9._native.native_decide.ax_1_1,
 ShannonBounds.C11R5D213.step_n9._native.native_decide.ax_1_2,
 ShannonBounds.C11R5D213.step_n9._native.native_decide.ax_1_3,
 ShannonBounds.C11R5D213.step_n9._native.native_decide.ax_1_4,
 ShannonBounds.C11R5D213.step_n9._native.native_decide.ax_1_5,
 ShannonBounds.C11R5D213.step_n9._native.native_decide.ax_1_6,
 ShannonBounds.C11R5D213.step_n9._native.native_decide.ax_1_7,
 ShannonBounds.C11R5Tables.S_0058d965adce02f4._native.native_decide.ax_1,
 ShannonBounds.C11R5Tables.S_0058d965adce02f4._native.native_decide.ax_2,
 ShannonBounds.C11R5Tables.S_15769811f129f696._native.native_decide.ax_1,
 ShannonBounds.C11R5Tables.S_15769811f129f696._native.native_decide.ax_2,
 ShannonBounds.C11R5Tables.S_3b145410351af05c._native.native_decide.ax_1,
 ShannonBounds.C11R5Tables.S_3b145410351af05c._native.native_decide.ax_2,
 ShannonBounds.C11R5Tables.S_3e8694d6a5bfe173._native.native_decide.ax_1,
 ShannonBounds.C11R5Tables.S_3e8694d6a5bfe173._native.native_decide.ax_2,
 ShannonBounds.C11R5Tables.S_6859b0ec25991d42._native.native_decide.ax_1,
 ShannonBounds.C11R5Tables.S_6859b0ec25991d42._native.native_decide.ax_2,
 ShannonBounds.C11R5Tables.S_77a9709d00257692._native.native_decide.ax_1,
 ShannonBounds.C11R5Tables.S_77a9709d00257692._native.native_decide.ax_2,
 ShannonBounds.C11R5Tables.S_a41106e52a48b9a6._native.native_decide.ax_1,
 ShannonBounds.C11R5Tables.S_a41106e52a48b9a6._native.native_decide.ax_2,
 ShannonBounds.C11R5Tables.S_e788020168e26abb._native.native_decide.ax_1,
 ShannonBounds.C11R5Tables.S_e788020168e26abb._native.native_decide.ax_2,
 ShannonBounds.C11R5Tables.S_f509c81899188c6f._native.native_decide.ax_1,
 ShannonBounds.C11R5Tables.S_f509c81899188c6f._native.native_decide.ax_2]
'ShannonBounds.C11R5D213.step_n11' depends on axioms: [propext,
 Classical.choice.{u},
 Quot.sound.{u},
 ShannonBounds.C11R5D213.step_n11._native.native_decide.ax_1_1,
 ShannonBounds.C11R5D213.step_n11._native.native_decide.ax_1_2,
 ShannonBounds.C11R5D213.step_n11._native.native_decide.ax_1_3,
 ShannonBounds.C11R5D213.step_n11._native.native_decide.ax_1_4,
 ShannonBounds.C11R5D213.step_n11._native.native_decide.ax_1_5,
 ShannonBounds.C11R5D213.step_n11._native.native_decide.ax_1_6,
 ShannonBounds.C11R5D213.step_n11._native.native_decide.ax_1_7,
 ShannonBounds.C11R5Tables.S_36518f191584a644._native.native_decide.ax_1,
 ShannonBounds.C11R5Tables.S_36518f191584a644._native.native_decide.ax_2]
'ShannonBounds.C11R5D213.step_n12' depends on axioms: [propext,
 Classical.choice.{u},
 Quot.sound.{u},
 ShannonBounds.C11R5D213.step_n11._native.native_decide.ax_1_1,
 ShannonBounds.C11R5D213.step_n11._native.native_decide.ax_1_2,
 ShannonBounds.C11R5D213.step_n11._native.native_decide.ax_1_3,
 ShannonBounds.C11R5D213.step_n11._native.native_decide.ax_1_4,
 ShannonBounds.C11R5D213.step_n11._native.native_decide.ax_1_5,
 ShannonBounds.C11R5D213.step_n11._native.native_decide.ax_1_6,
 ShannonBounds.C11R5D213.step_n11._native.native_decide.ax_1_7,
 ShannonBounds.C11R5D213.step_n12._native.native_decide.ax_1_1,
 ShannonBounds.C11R5D213.step_n12._native.native_decide.ax_1_2,
 ShannonBounds.C11R5D213.step_n12._native.native_decide.ax_1_3,
 ShannonBounds.C11R5D213.step_n12._native.native_decide.ax_1_4,
 ShannonBounds.C11R5D213.step_n12._native.native_decide.ax_1_5,
 ShannonBounds.C11R5D213.step_n12._native.native_decide.ax_1_6,
 ShannonBounds.C11R5D213.step_n12._native.native_decide.ax_1_7,
 ShannonBounds.C11R5Tables.S_36518f191584a644._native.native_decide.ax_1,
 ShannonBounds.C11R5Tables.S_36518f191584a644._native.native_decide.ax_2,
 ShannonBounds.C11R5Tables.S_6859b0ec25991d42._native.native_decide.ax_1,
 ShannonBounds.C11R5Tables.S_6859b0ec25991d42._native.native_decide.ax_2]
'ShannonBounds.C11R5D213.step_n13' depends on axioms: [propext,
 Classical.choice.{u},
 Quot.sound.{u},
 ShannonBounds.C11R5D213.step_n11._native.native_decide.ax_1_1,
 ShannonBounds.C11R5D213.step_n11._native.native_decide.ax_1_2,
 ShannonBounds.C11R5D213.step_n11._native.native_decide.ax_1_3,
 ShannonBounds.C11R5D213.step_n11._native.native_decide.ax_1_4,
 ShannonBounds.C11R5D213.step_n11._native.native_decide.ax_1_5,
 ShannonBounds.C11R5D213.step_n11._native.native_decide.ax_1_6,
 ShannonBounds.C11R5D213.step_n11._native.native_decide.ax_1_7,
 ShannonBounds.C11R5D213.step_n12._native.native_decide.ax_1_1,
 ShannonBounds.C11R5D213.step_n12._native.native_decide.ax_1_2,
 ShannonBounds.C11R5D213.step_n12._native.native_decide.ax_1_3,
 ShannonBounds.C11R5D213.step_n12._native.native_decide.ax_1_4,
 ShannonBounds.C11R5D213.step_n12._native.native_decide.ax_1_5,
 ShannonBounds.C11R5D213.step_n12._native.native_decide.ax_1_6,
 ShannonBounds.C11R5D213.step_n12._native.native_decide.ax_1_7,
 ShannonBounds.C11R5D213.step_n13._native.native_decide.ax_1_1,
 ShannonBounds.C11R5D213.step_n13._native.native_decide.ax_1_2,
 ShannonBounds.C11R5D213.step_n13._native.native_decide.ax_1_3,
 ShannonBounds.C11R5D213.step_n13._native.native_decide.ax_1_4,
 ShannonBounds.C11R5D213.step_n13._native.native_decide.ax_1_5,
 ShannonBounds.C11R5D213.step_n13._native.native_decide.ax_1_6,
 ShannonBounds.C11R5D213.step_n13._native.native_decide.ax_1_7,
 ShannonBounds.C11R5Tables.S_36518f191584a644._native.native_decide.ax_1,
 ShannonBounds.C11R5Tables.S_36518f191584a644._native.native_decide.ax_2,
 ShannonBounds.C11R5Tables.S_59b3ea5954777333._native.native_decide.ax_1,
 ShannonBounds.C11R5Tables.S_59b3ea5954777333._native.native_decide.ax_2,
 ShannonBounds.C11R5Tables.S_6859b0ec25991d42._native.native_decide.ax_1,
 ShannonBounds.C11R5Tables.S_6859b0ec25991d42._native.native_decide.ax_2]
'ShannonBounds.C11R5D213.step_n14' depends on axioms: [propext,
 Classical.choice.{u},
 Quot.sound.{u},
 ShannonBounds.C11R5D213.step_n11._native.native_decide.ax_1_1,
 ShannonBounds.C11R5D213.step_n11._native.native_decide.ax_1_2,
 ShannonBounds.C11R5D213.step_n11._native.native_decide.ax_1_3,
 ShannonBounds.C11R5D213.step_n11._native.native_decide.ax_1_4,
 ShannonBounds.C11R5D213.step_n11._native.native_decide.ax_1_5,
 ShannonBounds.C11R5D213.step_n11._native.native_decide.ax_1_6,
 ShannonBounds.C11R5D213.step_n11._native.native_decide.ax_1_7,
 ShannonBounds.C11R5D213.step_n12._native.native_decide.ax_1_1,
 ShannonBounds.C11R5D213.step_n12._native.native_decide.ax_1_2,
 ShannonBounds.C11R5D213.step_n12._native.native_decide.ax_1_3,
 ShannonBounds.C11R5D213.step_n12._native.native_decide.ax_1_4,
 ShannonBounds.C11R5D213.step_n12._native.native_decide.ax_1_5,
 ShannonBounds.C11R5D213.step_n12._native.native_decide.ax_1_6,
 ShannonBounds.C11R5D213.step_n12._native.native_decide.ax_1_7,
 ShannonBounds.C11R5D213.step_n13._native.native_decide.ax_1_1,
 ShannonBounds.C11R5D213.step_n13._native.native_decide.ax_1_2,
 ShannonBounds.C11R5D213.step_n13._native.native_decide.ax_1_3,
 ShannonBounds.C11R5D213.step_n13._native.native_decide.ax_1_4,
 ShannonBounds.C11R5D213.step_n13._native.native_decide.ax_1_5,
 ShannonBounds.C11R5D213.step_n13._native.native_decide.ax_1_6,
 ShannonBounds.C11R5D213.step_n13._native.native_decide.ax_1_7,
 ShannonBounds.C11R5D213.step_n14._native.native_decide.ax_1_1,
 ShannonBounds.C11R5D213.step_n14._native.native_decide.ax_1_2,
 ShannonBounds.C11R5D213.step_n14._native.native_decide.ax_1_3,
 ShannonBounds.C11R5D213.step_n14._native.native_decide.ax_1_4,
 ShannonBounds.C11R5D213.step_n14._native.native_decide.ax_1_5,
 ShannonBounds.C11R5D213.step_n14._native.native_decide.ax_1_6,
 ShannonBounds.C11R5D213.step_n14._native.native_decide.ax_1_7,
 ShannonBounds.C11R5Tables.S_36518f191584a644._native.native_decide.ax_1,
 ShannonBounds.C11R5Tables.S_36518f191584a644._native.native_decide.ax_2,
 ShannonBounds.C11R5Tables.S_59b3ea5954777333._native.native_decide.ax_1,
 ShannonBounds.C11R5Tables.S_59b3ea5954777333._native.native_decide.ax_2,
 ShannonBounds.C11R5Tables.S_6859b0ec25991d42._native.native_decide.ax_1,
 ShannonBounds.C11R5Tables.S_6859b0ec25991d42._native.native_decide.ax_2,
 ShannonBounds.C11R5Tables.S_cc0e5d2202d76d5d._native.native_decide.ax_1,
 ShannonBounds.C11R5Tables.S_cc0e5d2202d76d5d._native.native_decide.ax_2]
'ShannonBounds.C11R5D213.step_n15' depends on axioms: [propext,
 Classical.choice.{u},
 Quot.sound.{u},
 ShannonBounds.C11R5D213.step_n11._native.native_decide.ax_1_1,
 ShannonBounds.C11R5D213.step_n11._native.native_decide.ax_1_2,
 ShannonBounds.C11R5D213.step_n11._native.native_decide.ax_1_3,
 ShannonBounds.C11R5D213.step_n11._native.native_decide.ax_1_4,
 ShannonBounds.C11R5D213.step_n11._native.native_decide.ax_1_5,
 ShannonBounds.C11R5D213.step_n11._native.native_decide.ax_1_6,
 ShannonBounds.C11R5D213.step_n11._native.native_decide.ax_1_7,
 ShannonBounds.C11R5D213.step_n12._native.native_decide.ax_1_1,
 ShannonBounds.C11R5D213.step_n12._native.native_decide.ax_1_2,
 ShannonBounds.C11R5D213.step_n12._native.native_decide.ax_1_3,
 ShannonBounds.C11R5D213.step_n12._native.native_decide.ax_1_4,
 ShannonBounds.C11R5D213.step_n12._native.native_decide.ax_1_5,
 ShannonBounds.C11R5D213.step_n12._native.native_decide.ax_1_6,
 ShannonBounds.C11R5D213.step_n12._native.native_decide.ax_1_7,
 ShannonBounds.C11R5D213.step_n13._native.native_decide.ax_1_1,
 ShannonBounds.C11R5D213.step_n13._native.native_decide.ax_1_2,
 ShannonBounds.C11R5D213.step_n13._native.native_decide.ax_1_3,
 ShannonBounds.C11R5D213.step_n13._native.native_decide.ax_1_4,
 ShannonBounds.C11R5D213.step_n13._native.native_decide.ax_1_5,
 ShannonBounds.C11R5D213.step_n13._native.native_decide.ax_1_6,
 ShannonBounds.C11R5D213.step_n13._native.native_decide.ax_1_7,
 ShannonBounds.C11R5D213.step_n14._native.native_decide.ax_1_1,
 ShannonBounds.C11R5D213.step_n14._native.native_decide.ax_1_2,
 ShannonBounds.C11R5D213.step_n14._native.native_decide.ax_1_3,
 ShannonBounds.C11R5D213.step_n14._native.native_decide.ax_1_4,
 ShannonBounds.C11R5D213.step_n14._native.native_decide.ax_1_5,
 ShannonBounds.C11R5D213.step_n14._native.native_decide.ax_1_6,
 ShannonBounds.C11R5D213.step_n14._native.native_decide.ax_1_7,
 ShannonBounds.C11R5D213.step_n15._native.native_decide.ax_1_1,
 ShannonBounds.C11R5D213.step_n15._native.native_decide.ax_1_2,
 ShannonBounds.C11R5D213.step_n15._native.native_decide.ax_1_3,
 ShannonBounds.C11R5D213.step_n15._native.native_decide.ax_1_4,
 ShannonBounds.C11R5D213.step_n15._native.native_decide.ax_1_5,
 ShannonBounds.C11R5D213.step_n15._native.native_decide.ax_1_6,
 ShannonBounds.C11R5D213.step_n15._native.native_decide.ax_1_7,
 ShannonBounds.C11R5Tables.S_36518f191584a644._native.native_decide.ax_1,
 ShannonBounds.C11R5Tables.S_36518f191584a644._native.native_decide.ax_2,
 ShannonBounds.C11R5Tables.S_59b3ea5954777333._native.native_decide.ax_1,
 ShannonBounds.C11R5Tables.S_59b3ea5954777333._native.native_decide.ax_2,
 ShannonBounds.C11R5Tables.S_6859b0ec25991d42._native.native_decide.ax_1,
 ShannonBounds.C11R5Tables.S_6859b0ec25991d42._native.native_decide.ax_2,
 ShannonBounds.C11R5Tables.S_cc0e5d2202d76d5d._native.native_decide.ax_1,
 ShannonBounds.C11R5Tables.S_cc0e5d2202d76d5d._native.native_decide.ax_2,
 ShannonBounds.C11R5Tables.S_e9ef2871c79d62be._native.native_decide.ax_1,
 ShannonBounds.C11R5Tables.S_e9ef2871c79d62be._native.native_decide.ax_2]
'ShannonBounds.C11R5D213.step_n16' depends on axioms: [propext,
 Classical.choice.{u},
 Quot.sound.{u},
 ShannonBounds.C11R5D213.step_n16._native.native_decide.ax_1_1,
 ShannonBounds.C11R5D213.step_n16._native.native_decide.ax_1_2,
 ShannonBounds.C11R5D213.step_n16._native.native_decide.ax_1_3,
 ShannonBounds.C11R5D213.step_n16._native.native_decide.ax_1_4,
 ShannonBounds.C11R5D213.step_n16._native.native_decide.ax_1_5,
 ShannonBounds.C11R5D213.step_n16._native.native_decide.ax_1_6,
 ShannonBounds.C11R5D213.step_n16._native.native_decide.ax_1_7,
 ShannonBounds.C11R5Tables.S_18277b0c484b4c41._native.native_decide.ax_1,
 ShannonBounds.C11R5Tables.S_18277b0c484b4c41._native.native_decide.ax_2]
'ShannonBounds.C11R5D213.step_n17' depends on axioms: [propext,
 Classical.choice.{u},
 Quot.sound.{u},
 ShannonBounds.C11R5D213.step_n16._native.native_decide.ax_1_1,
 ShannonBounds.C11R5D213.step_n16._native.native_decide.ax_1_2,
 ShannonBounds.C11R5D213.step_n16._native.native_decide.ax_1_3,
 ShannonBounds.C11R5D213.step_n16._native.native_decide.ax_1_4,
 ShannonBounds.C11R5D213.step_n16._native.native_decide.ax_1_5,
 ShannonBounds.C11R5D213.step_n16._native.native_decide.ax_1_6,
 ShannonBounds.C11R5D213.step_n16._native.native_decide.ax_1_7,
 ShannonBounds.C11R5D213.step_n17._native.native_decide.ax_1_1,
 ShannonBounds.C11R5D213.step_n17._native.native_decide.ax_1_2,
 ShannonBounds.C11R5D213.step_n17._native.native_decide.ax_1_3,
 ShannonBounds.C11R5D213.step_n17._native.native_decide.ax_1_4,
 ShannonBounds.C11R5D213.step_n17._native.native_decide.ax_1_5,
 ShannonBounds.C11R5D213.step_n17._native.native_decide.ax_1_6,
 ShannonBounds.C11R5D213.step_n17._native.native_decide.ax_1_7,
 ShannonBounds.C11R5Tables.S_18277b0c484b4c41._native.native_decide.ax_1,
 ShannonBounds.C11R5Tables.S_18277b0c484b4c41._native.native_decide.ax_2,
 ShannonBounds.C11R5Tables.S_3daf90758a80fbb9._native.native_decide.ax_1,
 ShannonBounds.C11R5Tables.S_3daf90758a80fbb9._native.native_decide.ax_2]
'ShannonBounds.C11R5D213.step_n18' depends on axioms: [propext,
 Classical.choice.{u},
 Quot.sound.{u},
 ShannonBounds.C11R5D213.step_n16._native.native_decide.ax_1_1,
 ShannonBounds.C11R5D213.step_n16._native.native_decide.ax_1_2,
 ShannonBounds.C11R5D213.step_n16._native.native_decide.ax_1_3,
 ShannonBounds.C11R5D213.step_n16._native.native_decide.ax_1_4,
 ShannonBounds.C11R5D213.step_n16._native.native_decide.ax_1_5,
 ShannonBounds.C11R5D213.step_n16._native.native_decide.ax_1_6,
 ShannonBounds.C11R5D213.step_n16._native.native_decide.ax_1_7,
 ShannonBounds.C11R5D213.step_n17._native.native_decide.ax_1_1,
 ShannonBounds.C11R5D213.step_n17._native.native_decide.ax_1_2,
 ShannonBounds.C11R5D213.step_n17._native.native_decide.ax_1_3,
 ShannonBounds.C11R5D213.step_n17._native.native_decide.ax_1_4,
 ShannonBounds.C11R5D213.step_n17._native.native_decide.ax_1_5,
 ShannonBounds.C11R5D213.step_n17._native.native_decide.ax_1_6,
 ShannonBounds.C11R5D213.step_n17._native.native_decide.ax_1_7,
 ShannonBounds.C11R5D213.step_n18._native.native_decide.ax_1_1,
 ShannonBounds.C11R5D213.step_n18._native.native_decide.ax_1_2,
 ShannonBounds.C11R5D213.step_n18._native.native_decide.ax_1_3,
 ShannonBounds.C11R5D213.step_n18._native.native_decide.ax_1_4,
 ShannonBounds.C11R5D213.step_n18._native.native_decide.ax_1_5,
 ShannonBounds.C11R5D213.step_n18._native.native_decide.ax_1_6,
 ShannonBounds.C11R5D213.step_n18._native.native_decide.ax_1_7,
 ShannonBounds.C11R5Tables.S_18277b0c484b4c41._native.native_decide.ax_1,
 ShannonBounds.C11R5Tables.S_18277b0c484b4c41._native.native_decide.ax_2,
 ShannonBounds.C11R5Tables.S_3daf90758a80fbb9._native.native_decide.ax_1,
 ShannonBounds.C11R5Tables.S_3daf90758a80fbb9._native.native_decide.ax_2,
 ShannonBounds.C11R5Tables.S_e788020168e26abb._native.native_decide.ax_1,
 ShannonBounds.C11R5Tables.S_e788020168e26abb._native.native_decide.ax_2]
'ShannonBounds.C11R5D213.step_n19' depends on axioms: [propext,
 Classical.choice.{u},
 Quot.sound.{u},
 ShannonBounds.C11R5D213.step_n16._native.native_decide.ax_1_1,
 ShannonBounds.C11R5D213.step_n16._native.native_decide.ax_1_2,
 ShannonBounds.C11R5D213.step_n16._native.native_decide.ax_1_3,
 ShannonBounds.C11R5D213.step_n16._native.native_decide.ax_1_4,
 ShannonBounds.C11R5D213.step_n16._native.native_decide.ax_1_5,
 ShannonBounds.C11R5D213.step_n16._native.native_decide.ax_1_6,
 ShannonBounds.C11R5D213.step_n16._native.native_decide.ax_1_7,
 ShannonBounds.C11R5D213.step_n17._native.native_decide.ax_1_1,
 ShannonBounds.C11R5D213.step_n17._native.native_decide.ax_1_2,
 ShannonBounds.C11R5D213.step_n17._native.native_decide.ax_1_3,
 ShannonBounds.C11R5D213.step_n17._native.native_decide.ax_1_4,
 ShannonBounds.C11R5D213.step_n17._native.native_decide.ax_1_5,
 ShannonBounds.C11R5D213.step_n17._native.native_decide.ax_1_6,
 ShannonBounds.C11R5D213.step_n17._native.native_decide.ax_1_7,
 ShannonBounds.C11R5D213.step_n18._native.native_decide.ax_1_1,
 ShannonBounds.C11R5D213.step_n18._native.native_decide.ax_1_2,
 ShannonBounds.C11R5D213.step_n18._native.native_decide.ax_1_3,
 ShannonBounds.C11R5D213.step_n18._native.native_decide.ax_1_4,
 ShannonBounds.C11R5D213.step_n18._native.native_decide.ax_1_5,
 ShannonBounds.C11R5D213.step_n18._native.native_decide.ax_1_6,
 ShannonBounds.C11R5D213.step_n18._native.native_decide.ax_1_7,
 ShannonBounds.C11R5D213.step_n19._native.native_decide.ax_1_1,
 ShannonBounds.C11R5D213.step_n19._native.native_decide.ax_1_2,
 ShannonBounds.C11R5D213.step_n19._native.native_decide.ax_1_3,
 ShannonBounds.C11R5D213.step_n19._native.native_decide.ax_1_4,
 ShannonBounds.C11R5D213.step_n19._native.native_decide.ax_1_5,
 ShannonBounds.C11R5D213.step_n19._native.native_decide.ax_1_6,
 ShannonBounds.C11R5D213.step_n19._native.native_decide.ax_1_7,
 ShannonBounds.C11R5Tables.S_18277b0c484b4c41._native.native_decide.ax_1,
 ShannonBounds.C11R5Tables.S_18277b0c484b4c41._native.native_decide.ax_2,
 ShannonBounds.C11R5Tables.S_3daf90758a80fbb9._native.native_decide.ax_1,
 ShannonBounds.C11R5Tables.S_3daf90758a80fbb9._native.native_decide.ax_2,
 ShannonBounds.C11R5Tables.S_e788020168e26abb._native.native_decide.ax_1,
 ShannonBounds.C11R5Tables.S_e788020168e26abb._native.native_decide.ax_2]
'ShannonBounds.C11R5D213.step_n20' depends on axioms: [propext,
 Classical.choice.{u},
 Quot.sound.{u},
 ShannonBounds.C11R5D213.step_n1._native.native_decide.ax_1_1,
 ShannonBounds.C11R5D213.step_n1._native.native_decide.ax_1_2,
 ShannonBounds.C11R5D213.step_n1._native.native_decide.ax_1_3,
 ShannonBounds.C11R5D213.step_n1._native.native_decide.ax_1_4,
 ShannonBounds.C11R5D213.step_n1._native.native_decide.ax_1_5,
 ShannonBounds.C11R5D213.step_n1._native.native_decide.ax_1_6,
 ShannonBounds.C11R5D213.step_n1._native.native_decide.ax_1_7,
 ShannonBounds.C11R5D213.step_n16._native.native_decide.ax_1_1,
 ShannonBounds.C11R5D213.step_n16._native.native_decide.ax_1_2,
 ShannonBounds.C11R5D213.step_n16._native.native_decide.ax_1_3,
 ShannonBounds.C11R5D213.step_n16._native.native_decide.ax_1_4,
 ShannonBounds.C11R5D213.step_n16._native.native_decide.ax_1_5,
 ShannonBounds.C11R5D213.step_n16._native.native_decide.ax_1_6,
 ShannonBounds.C11R5D213.step_n16._native.native_decide.ax_1_7,
 ShannonBounds.C11R5D213.step_n17._native.native_decide.ax_1_1,
 ShannonBounds.C11R5D213.step_n17._native.native_decide.ax_1_2,
 ShannonBounds.C11R5D213.step_n17._native.native_decide.ax_1_3,
 ShannonBounds.C11R5D213.step_n17._native.native_decide.ax_1_4,
 ShannonBounds.C11R5D213.step_n17._native.native_decide.ax_1_5,
 ShannonBounds.C11R5D213.step_n17._native.native_decide.ax_1_6,
 ShannonBounds.C11R5D213.step_n17._native.native_decide.ax_1_7,
 ShannonBounds.C11R5D213.step_n20._native.native_decide.ax_1_1,
 ShannonBounds.C11R5D213.step_n20._native.native_decide.ax_1_2,
 ShannonBounds.C11R5D213.step_n20._native.native_decide.ax_1_3,
 ShannonBounds.C11R5D213.step_n20._native.native_decide.ax_1_4,
 ShannonBounds.C11R5D213.step_n20._native.native_decide.ax_1_5,
 ShannonBounds.C11R5D213.step_n20._native.native_decide.ax_1_6,
 ShannonBounds.C11R5D213.step_n20._native.native_decide.ax_1_7,
 ShannonBounds.C11R5Tables.S_18277b0c484b4c41._native.native_decide.ax_1,
 ShannonBounds.C11R5Tables.S_18277b0c484b4c41._native.native_decide.ax_2,
 ShannonBounds.C11R5Tables.S_3daf90758a80fbb9._native.native_decide.ax_1,
 ShannonBounds.C11R5Tables.S_3daf90758a80fbb9._native.native_decide.ax_2,
 ShannonBounds.C11R5Tables.S_6859b0ec25991d42._native.native_decide.ax_1,
 ShannonBounds.C11R5Tables.S_6859b0ec25991d42._native.native_decide.ax_2,
 ShannonBounds.C11R5Tables.S_e788020168e26abb._native.native_decide.ax_1,
 ShannonBounds.C11R5Tables.S_e788020168e26abb._native.native_decide.ax_2]
'ShannonBounds.C11R5D213.step_n21' depends on axioms: [propext,
 Classical.choice.{u},
 Quot.sound.{u},
 ShannonBounds.C11R5D213.step_n1._native.native_decide.ax_1_1,
 ShannonBounds.C11R5D213.step_n1._native.native_decide.ax_1_2,
 ShannonBounds.C11R5D213.step_n1._native.native_decide.ax_1_3,
 ShannonBounds.C11R5D213.step_n1._native.native_decide.ax_1_4,
 ShannonBounds.C11R5D213.step_n1._native.native_decide.ax_1_5,
 ShannonBounds.C11R5D213.step_n1._native.native_decide.ax_1_6,
 ShannonBounds.C11R5D213.step_n1._native.native_decide.ax_1_7,
 ShannonBounds.C11R5D213.step_n16._native.native_decide.ax_1_1,
 ShannonBounds.C11R5D213.step_n16._native.native_decide.ax_1_2,
 ShannonBounds.C11R5D213.step_n16._native.native_decide.ax_1_3,
 ShannonBounds.C11R5D213.step_n16._native.native_decide.ax_1_4,
 ShannonBounds.C11R5D213.step_n16._native.native_decide.ax_1_5,
 ShannonBounds.C11R5D213.step_n16._native.native_decide.ax_1_6,
 ShannonBounds.C11R5D213.step_n16._native.native_decide.ax_1_7,
 ShannonBounds.C11R5D213.step_n17._native.native_decide.ax_1_1,
 ShannonBounds.C11R5D213.step_n17._native.native_decide.ax_1_2,
 ShannonBounds.C11R5D213.step_n17._native.native_decide.ax_1_3,
 ShannonBounds.C11R5D213.step_n17._native.native_decide.ax_1_4,
 ShannonBounds.C11R5D213.step_n17._native.native_decide.ax_1_5,
 ShannonBounds.C11R5D213.step_n17._native.native_decide.ax_1_6,
 ShannonBounds.C11R5D213.step_n17._native.native_decide.ax_1_7,
 ShannonBounds.C11R5D213.step_n20._native.native_decide.ax_1_1,
 ShannonBounds.C11R5D213.step_n20._native.native_decide.ax_1_2,
 ShannonBounds.C11R5D213.step_n20._native.native_decide.ax_1_3,
 ShannonBounds.C11R5D213.step_n20._native.native_decide.ax_1_4,
 ShannonBounds.C11R5D213.step_n20._native.native_decide.ax_1_5,
 ShannonBounds.C11R5D213.step_n20._native.native_decide.ax_1_6,
 ShannonBounds.C11R5D213.step_n20._native.native_decide.ax_1_7,
 ShannonBounds.C11R5D213.step_n21._native.native_decide.ax_1_1,
 ShannonBounds.C11R5D213.step_n21._native.native_decide.ax_1_2,
 ShannonBounds.C11R5D213.step_n21._native.native_decide.ax_1_3,
 ShannonBounds.C11R5D213.step_n21._native.native_decide.ax_1_4,
 ShannonBounds.C11R5D213.step_n21._native.native_decide.ax_1_5,
 ShannonBounds.C11R5D213.step_n21._native.native_decide.ax_1_6,
 ShannonBounds.C11R5D213.step_n21._native.native_decide.ax_1_7,
 ShannonBounds.C11R5Tables.S_18277b0c484b4c41._native.native_decide.ax_1,
 ShannonBounds.C11R5Tables.S_18277b0c484b4c41._native.native_decide.ax_2,
 ShannonBounds.C11R5Tables.S_3daf90758a80fbb9._native.native_decide.ax_1,
 ShannonBounds.C11R5Tables.S_3daf90758a80fbb9._native.native_decide.ax_2,
 ShannonBounds.C11R5Tables.S_6859b0ec25991d42._native.native_decide.ax_1,
 ShannonBounds.C11R5Tables.S_6859b0ec25991d42._native.native_decide.ax_2,
 ShannonBounds.C11R5Tables.S_e788020168e26abb._native.native_decide.ax_1,
 ShannonBounds.C11R5Tables.S_e788020168e26abb._native.native_decide.ax_2]
'ShannonBounds.C11R5D213.step_n22' depends on axioms: [propext,
 Classical.choice.{u},
 Quot.sound.{u},
 ShannonBounds.C11R5D213.step_n1._native.native_decide.ax_1_1,
 ShannonBounds.C11R5D213.step_n1._native.native_decide.ax_1_2,
 ShannonBounds.C11R5D213.step_n1._native.native_decide.ax_1_3,
 ShannonBounds.C11R5D213.step_n1._native.native_decide.ax_1_4,
 ShannonBounds.C11R5D213.step_n1._native.native_decide.ax_1_5,
 ShannonBounds.C11R5D213.step_n1._native.native_decide.ax_1_6,
 ShannonBounds.C11R5D213.step_n1._native.native_decide.ax_1_7,
 ShannonBounds.C11R5D213.step_n16._native.native_decide.ax_1_1,
 ShannonBounds.C11R5D213.step_n16._native.native_decide.ax_1_2,
 ShannonBounds.C11R5D213.step_n16._native.native_decide.ax_1_3,
 ShannonBounds.C11R5D213.step_n16._native.native_decide.ax_1_4,
 ShannonBounds.C11R5D213.step_n16._native.native_decide.ax_1_5,
 ShannonBounds.C11R5D213.step_n16._native.native_decide.ax_1_6,
 ShannonBounds.C11R5D213.step_n16._native.native_decide.ax_1_7,
 ShannonBounds.C11R5D213.step_n17._native.native_decide.ax_1_1,
 ShannonBounds.C11R5D213.step_n17._native.native_decide.ax_1_2,
 ShannonBounds.C11R5D213.step_n17._native.native_decide.ax_1_3,
 ShannonBounds.C11R5D213.step_n17._native.native_decide.ax_1_4,
 ShannonBounds.C11R5D213.step_n17._native.native_decide.ax_1_5,
 ShannonBounds.C11R5D213.step_n17._native.native_decide.ax_1_6,
 ShannonBounds.C11R5D213.step_n17._native.native_decide.ax_1_7,
 ShannonBounds.C11R5D213.step_n20._native.native_decide.ax_1_1,
 ShannonBounds.C11R5D213.step_n20._native.native_decide.ax_1_2,
 ShannonBounds.C11R5D213.step_n20._native.native_decide.ax_1_3,
 ShannonBounds.C11R5D213.step_n20._native.native_decide.ax_1_4,
 ShannonBounds.C11R5D213.step_n20._native.native_decide.ax_1_5,
 ShannonBounds.C11R5D213.step_n20._native.native_decide.ax_1_6,
 ShannonBounds.C11R5D213.step_n20._native.native_decide.ax_1_7,
 ShannonBounds.C11R5D213.step_n21._native.native_decide.ax_1_1,
 ShannonBounds.C11R5D213.step_n21._native.native_decide.ax_1_2,
 ShannonBounds.C11R5D213.step_n21._native.native_decide.ax_1_3,
 ShannonBounds.C11R5D213.step_n21._native.native_decide.ax_1_4,
 ShannonBounds.C11R5D213.step_n21._native.native_decide.ax_1_5,
 ShannonBounds.C11R5D213.step_n21._native.native_decide.ax_1_6,
 ShannonBounds.C11R5D213.step_n21._native.native_decide.ax_1_7,
 ShannonBounds.C11R5D213.step_n22._native.native_decide.ax_1_1,
 ShannonBounds.C11R5D213.step_n22._native.native_decide.ax_1_2,
 ShannonBounds.C11R5D213.step_n22._native.native_decide.ax_1_3,
 ShannonBounds.C11R5D213.step_n22._native.native_decide.ax_1_4,
 ShannonBounds.C11R5D213.step_n22._native.native_decide.ax_1_5,
 ShannonBounds.C11R5D213.step_n22._native.native_decide.ax_1_6,
 ShannonBounds.C11R5D213.step_n22._native.native_decide.ax_1_7,
 ShannonBounds.C11R5Tables.S_18277b0c484b4c41._native.native_decide.ax_1,
 ShannonBounds.C11R5Tables.S_18277b0c484b4c41._native.native_decide.ax_2,
 ShannonBounds.C11R5Tables.S_3daf90758a80fbb9._native.native_decide.ax_1,
 ShannonBounds.C11R5Tables.S_3daf90758a80fbb9._native.native_decide.ax_2,
 ShannonBounds.C11R5Tables.S_6859b0ec25991d42._native.native_decide.ax_1,
 ShannonBounds.C11R5Tables.S_6859b0ec25991d42._native.native_decide.ax_2,
 ShannonBounds.C11R5Tables.S_e788020168e26abb._native.native_decide.ax_1,
 ShannonBounds.C11R5Tables.S_e788020168e26abb._native.native_decide.ax_2]
'ShannonBounds.C11R5D213.step_n23' depends on axioms: [propext,
 Classical.choice.{u},
 Quot.sound.{u},
 ShannonBounds.C11R5D213.step_n1._native.native_decide.ax_1_1,
 ShannonBounds.C11R5D213.step_n1._native.native_decide.ax_1_2,
 ShannonBounds.C11R5D213.step_n1._native.native_decide.ax_1_3,
 ShannonBounds.C11R5D213.step_n1._native.native_decide.ax_1_4,
 ShannonBounds.C11R5D213.step_n1._native.native_decide.ax_1_5,
 ShannonBounds.C11R5D213.step_n1._native.native_decide.ax_1_6,
 ShannonBounds.C11R5D213.step_n1._native.native_decide.ax_1_7,
 ShannonBounds.C11R5D213.step_n16._native.native_decide.ax_1_1,
 ShannonBounds.C11R5D213.step_n16._native.native_decide.ax_1_2,
 ShannonBounds.C11R5D213.step_n16._native.native_decide.ax_1_3,
 ShannonBounds.C11R5D213.step_n16._native.native_decide.ax_1_4,
 ShannonBounds.C11R5D213.step_n16._native.native_decide.ax_1_5,
 ShannonBounds.C11R5D213.step_n16._native.native_decide.ax_1_6,
 ShannonBounds.C11R5D213.step_n16._native.native_decide.ax_1_7,
 ShannonBounds.C11R5D213.step_n17._native.native_decide.ax_1_1,
 ShannonBounds.C11R5D213.step_n17._native.native_decide.ax_1_2,
 ShannonBounds.C11R5D213.step_n17._native.native_decide.ax_1_3,
 ShannonBounds.C11R5D213.step_n17._native.native_decide.ax_1_4,
 ShannonBounds.C11R5D213.step_n17._native.native_decide.ax_1_5,
 ShannonBounds.C11R5D213.step_n17._native.native_decide.ax_1_6,
 ShannonBounds.C11R5D213.step_n17._native.native_decide.ax_1_7,
 ShannonBounds.C11R5D213.step_n20._native.native_decide.ax_1_1,
 ShannonBounds.C11R5D213.step_n20._native.native_decide.ax_1_2,
 ShannonBounds.C11R5D213.step_n20._native.native_decide.ax_1_3,
 ShannonBounds.C11R5D213.step_n20._native.native_decide.ax_1_4,
 ShannonBounds.C11R5D213.step_n20._native.native_decide.ax_1_5,
 ShannonBounds.C11R5D213.step_n20._native.native_decide.ax_1_6,
 ShannonBounds.C11R5D213.step_n20._native.native_decide.ax_1_7,
 ShannonBounds.C11R5D213.step_n21._native.native_decide.ax_1_1,
 ShannonBounds.C11R5D213.step_n21._native.native_decide.ax_1_2,
 ShannonBounds.C11R5D213.step_n21._native.native_decide.ax_1_3,
 ShannonBounds.C11R5D213.step_n21._native.native_decide.ax_1_4,
 ShannonBounds.C11R5D213.step_n21._native.native_decide.ax_1_5,
 ShannonBounds.C11R5D213.step_n21._native.native_decide.ax_1_6,
 ShannonBounds.C11R5D213.step_n21._native.native_decide.ax_1_7,
 ShannonBounds.C11R5D213.step_n22._native.native_decide.ax_1_1,
 ShannonBounds.C11R5D213.step_n22._native.native_decide.ax_1_2,
 ShannonBounds.C11R5D213.step_n22._native.native_decide.ax_1_3,
 ShannonBounds.C11R5D213.step_n22._native.native_decide.ax_1_4,
 ShannonBounds.C11R5D213.step_n22._native.native_decide.ax_1_5,
 ShannonBounds.C11R5D213.step_n22._native.native_decide.ax_1_6,
 ShannonBounds.C11R5D213.step_n22._native.native_decide.ax_1_7,
 ShannonBounds.C11R5D213.step_n23._native.native_decide.ax_1_1,
 ShannonBounds.C11R5D213.step_n23._native.native_decide.ax_1_2,
 ShannonBounds.C11R5D213.step_n23._native.native_decide.ax_1_3,
 ShannonBounds.C11R5D213.step_n23._native.native_decide.ax_1_4,
 ShannonBounds.C11R5D213.step_n23._native.native_decide.ax_1_5,
 ShannonBounds.C11R5D213.step_n23._native.native_decide.ax_1_6,
 ShannonBounds.C11R5D213.step_n23._native.native_decide.ax_1_7,
 ShannonBounds.C11R5Tables.S_18277b0c484b4c41._native.native_decide.ax_1,
 ShannonBounds.C11R5Tables.S_18277b0c484b4c41._native.native_decide.ax_2,
 ShannonBounds.C11R5Tables.S_3daf90758a80fbb9._native.native_decide.ax_1,
 ShannonBounds.C11R5Tables.S_3daf90758a80fbb9._native.native_decide.ax_2,
 ShannonBounds.C11R5Tables.S_6859b0ec25991d42._native.native_decide.ax_1,
 ShannonBounds.C11R5Tables.S_6859b0ec25991d42._native.native_decide.ax_2,
 ShannonBounds.C11R5Tables.S_e788020168e26abb._native.native_decide.ax_1,
 ShannonBounds.C11R5Tables.S_e788020168e26abb._native.native_decide.ax_2]
'ShannonBounds.C11R5D213.step_n24' depends on axioms: [propext,
 Classical.choice.{u},
 Quot.sound.{u},
 ShannonBounds.C11R5D213.step_n1._native.native_decide.ax_1_1,
 ShannonBounds.C11R5D213.step_n1._native.native_decide.ax_1_2,
 ShannonBounds.C11R5D213.step_n1._native.native_decide.ax_1_3,
 ShannonBounds.C11R5D213.step_n1._native.native_decide.ax_1_4,
 ShannonBounds.C11R5D213.step_n1._native.native_decide.ax_1_5,
 ShannonBounds.C11R5D213.step_n1._native.native_decide.ax_1_6,
 ShannonBounds.C11R5D213.step_n1._native.native_decide.ax_1_7,
 ShannonBounds.C11R5D213.step_n16._native.native_decide.ax_1_1,
 ShannonBounds.C11R5D213.step_n16._native.native_decide.ax_1_2,
 ShannonBounds.C11R5D213.step_n16._native.native_decide.ax_1_3,
 ShannonBounds.C11R5D213.step_n16._native.native_decide.ax_1_4,
 ShannonBounds.C11R5D213.step_n16._native.native_decide.ax_1_5,
 ShannonBounds.C11R5D213.step_n16._native.native_decide.ax_1_6,
 ShannonBounds.C11R5D213.step_n16._native.native_decide.ax_1_7,
 ShannonBounds.C11R5D213.step_n17._native.native_decide.ax_1_1,
 ShannonBounds.C11R5D213.step_n17._native.native_decide.ax_1_2,
 ShannonBounds.C11R5D213.step_n17._native.native_decide.ax_1_3,
 ShannonBounds.C11R5D213.step_n17._native.native_decide.ax_1_4,
 ShannonBounds.C11R5D213.step_n17._native.native_decide.ax_1_5,
 ShannonBounds.C11R5D213.step_n17._native.native_decide.ax_1_6,
 ShannonBounds.C11R5D213.step_n17._native.native_decide.ax_1_7,
 ShannonBounds.C11R5D213.step_n20._native.native_decide.ax_1_1,
 ShannonBounds.C11R5D213.step_n20._native.native_decide.ax_1_2,
 ShannonBounds.C11R5D213.step_n20._native.native_decide.ax_1_3,
 ShannonBounds.C11R5D213.step_n20._native.native_decide.ax_1_4,
 ShannonBounds.C11R5D213.step_n20._native.native_decide.ax_1_5,
 ShannonBounds.C11R5D213.step_n20._native.native_decide.ax_1_6,
 ShannonBounds.C11R5D213.step_n20._native.native_decide.ax_1_7,
 ShannonBounds.C11R5D213.step_n21._native.native_decide.ax_1_1,
 ShannonBounds.C11R5D213.step_n21._native.native_decide.ax_1_2,
 ShannonBounds.C11R5D213.step_n21._native.native_decide.ax_1_3,
 ShannonBounds.C11R5D213.step_n21._native.native_decide.ax_1_4,
 ShannonBounds.C11R5D213.step_n21._native.native_decide.ax_1_5,
 ShannonBounds.C11R5D213.step_n21._native.native_decide.ax_1_6,
 ShannonBounds.C11R5D213.step_n21._native.native_decide.ax_1_7,
 ShannonBounds.C11R5D213.step_n22._native.native_decide.ax_1_1,
 ShannonBounds.C11R5D213.step_n22._native.native_decide.ax_1_2,
 ShannonBounds.C11R5D213.step_n22._native.native_decide.ax_1_3,
 ShannonBounds.C11R5D213.step_n22._native.native_decide.ax_1_4,
 ShannonBounds.C11R5D213.step_n22._native.native_decide.ax_1_5,
 ShannonBounds.C11R5D213.step_n22._native.native_decide.ax_1_6,
 ShannonBounds.C11R5D213.step_n22._native.native_decide.ax_1_7,
 ShannonBounds.C11R5D213.step_n23._native.native_decide.ax_1_1,
 ShannonBounds.C11R5D213.step_n23._native.native_decide.ax_1_2,
 ShannonBounds.C11R5D213.step_n23._native.native_decide.ax_1_3,
 ShannonBounds.C11R5D213.step_n23._native.native_decide.ax_1_4,
 ShannonBounds.C11R5D213.step_n23._native.native_decide.ax_1_5,
 ShannonBounds.C11R5D213.step_n23._native.native_decide.ax_1_6,
 ShannonBounds.C11R5D213.step_n23._native.native_decide.ax_1_7,
 ShannonBounds.C11R5D213.step_n24._native.native_decide.ax_1_1,
 ShannonBounds.C11R5D213.step_n24._native.native_decide.ax_1_2,
 ShannonBounds.C11R5D213.step_n24._native.native_decide.ax_1_3,
 ShannonBounds.C11R5D213.step_n24._native.native_decide.ax_1_4,
 ShannonBounds.C11R5D213.step_n24._native.native_decide.ax_1_5,
 ShannonBounds.C11R5D213.step_n24._native.native_decide.ax_1_6,
 ShannonBounds.C11R5D213.step_n24._native.native_decide.ax_1_7,
 ShannonBounds.C11R5Tables.S_18277b0c484b4c41._native.native_decide.ax_1,
 ShannonBounds.C11R5Tables.S_18277b0c484b4c41._native.native_decide.ax_2,
 ShannonBounds.C11R5Tables.S_3daf90758a80fbb9._native.native_decide.ax_1,
 ShannonBounds.C11R5Tables.S_3daf90758a80fbb9._native.native_decide.ax_2,
 ShannonBounds.C11R5Tables.S_6859b0ec25991d42._native.native_decide.ax_1,
 ShannonBounds.C11R5Tables.S_6859b0ec25991d42._native.native_decide.ax_2,
 ShannonBounds.C11R5Tables.S_e788020168e26abb._native.native_decide.ax_1,
 ShannonBounds.C11R5Tables.S_e788020168e26abb._native.native_decide.ax_2]
'ShannonBounds.C11R5D213.step_n25' depends on axioms: [propext,
 Classical.choice.{u},
 Quot.sound.{u},
 ShannonBounds.C11R5D213.step_n1._native.native_decide.ax_1_1,
 ShannonBounds.C11R5D213.step_n1._native.native_decide.ax_1_2,
 ShannonBounds.C11R5D213.step_n1._native.native_decide.ax_1_3,
 ShannonBounds.C11R5D213.step_n1._native.native_decide.ax_1_4,
 ShannonBounds.C11R5D213.step_n1._native.native_decide.ax_1_5,
 ShannonBounds.C11R5D213.step_n1._native.native_decide.ax_1_6,
 ShannonBounds.C11R5D213.step_n1._native.native_decide.ax_1_7,
 ShannonBounds.C11R5D213.step_n25._native.native_decide.ax_1_1,
 ShannonBounds.C11R5D213.step_n25._native.native_decide.ax_1_2,
 ShannonBounds.C11R5D213.step_n25._native.native_decide.ax_1_3,
 ShannonBounds.C11R5D213.step_n25._native.native_decide.ax_1_4,
 ShannonBounds.C11R5D213.step_n25._native.native_decide.ax_1_5,
 ShannonBounds.C11R5D213.step_n25._native.native_decide.ax_1_6,
 ShannonBounds.C11R5D213.step_n25._native.native_decide.ax_1_7,
 ShannonBounds.C11R5Tables.S_04339297651c9c49._native.native_decide.ax_1,
 ShannonBounds.C11R5Tables.S_04339297651c9c49._native.native_decide.ax_2,
 ShannonBounds.C11R5Tables.S_e788020168e26abb._native.native_decide.ax_1,
 ShannonBounds.C11R5Tables.S_e788020168e26abb._native.native_decide.ax_2]
'ShannonBounds.C11R5D213.step_n26' depends on axioms: [propext,
 Classical.choice.{u},
 Quot.sound.{u},
 ShannonBounds.C11R5D213.step_n1._native.native_decide.ax_1_1,
 ShannonBounds.C11R5D213.step_n1._native.native_decide.ax_1_2,
 ShannonBounds.C11R5D213.step_n1._native.native_decide.ax_1_3,
 ShannonBounds.C11R5D213.step_n1._native.native_decide.ax_1_4,
 ShannonBounds.C11R5D213.step_n1._native.native_decide.ax_1_5,
 ShannonBounds.C11R5D213.step_n1._native.native_decide.ax_1_6,
 ShannonBounds.C11R5D213.step_n1._native.native_decide.ax_1_7,
 ShannonBounds.C11R5D213.step_n11._native.native_decide.ax_1_1,
 ShannonBounds.C11R5D213.step_n11._native.native_decide.ax_1_2,
 ShannonBounds.C11R5D213.step_n11._native.native_decide.ax_1_3,
 ShannonBounds.C11R5D213.step_n11._native.native_decide.ax_1_4,
 ShannonBounds.C11R5D213.step_n11._native.native_decide.ax_1_5,
 ShannonBounds.C11R5D213.step_n11._native.native_decide.ax_1_6,
 ShannonBounds.C11R5D213.step_n11._native.native_decide.ax_1_7,
 ShannonBounds.C11R5D213.step_n25._native.native_decide.ax_1_1,
 ShannonBounds.C11R5D213.step_n25._native.native_decide.ax_1_2,
 ShannonBounds.C11R5D213.step_n25._native.native_decide.ax_1_3,
 ShannonBounds.C11R5D213.step_n25._native.native_decide.ax_1_4,
 ShannonBounds.C11R5D213.step_n25._native.native_decide.ax_1_5,
 ShannonBounds.C11R5D213.step_n25._native.native_decide.ax_1_6,
 ShannonBounds.C11R5D213.step_n25._native.native_decide.ax_1_7,
 ShannonBounds.C11R5D213.step_n26._native.native_decide.ax_1_1,
 ShannonBounds.C11R5D213.step_n26._native.native_decide.ax_1_2,
 ShannonBounds.C11R5D213.step_n26._native.native_decide.ax_1_3,
 ShannonBounds.C11R5D213.step_n26._native.native_decide.ax_1_4,
 ShannonBounds.C11R5D213.step_n26._native.native_decide.ax_1_5,
 ShannonBounds.C11R5D213.step_n26._native.native_decide.ax_1_6,
 ShannonBounds.C11R5D213.step_n26._native.native_decide.ax_1_7,
 ShannonBounds.C11R5D213.step_n4._native.native_decide.ax_1_1,
 ShannonBounds.C11R5D213.step_n4._native.native_decide.ax_1_2,
 ShannonBounds.C11R5D213.step_n4._native.native_decide.ax_1_3,
 ShannonBounds.C11R5D213.step_n4._native.native_decide.ax_1_4,
 ShannonBounds.C11R5D213.step_n4._native.native_decide.ax_1_5,
 ShannonBounds.C11R5D213.step_n4._native.native_decide.ax_1_6,
 ShannonBounds.C11R5D213.step_n4._native.native_decide.ax_1_7,
 ShannonBounds.C11R5Tables.S_04339297651c9c49._native.native_decide.ax_1,
 ShannonBounds.C11R5Tables.S_04339297651c9c49._native.native_decide.ax_2,
 ShannonBounds.C11R5Tables.S_36518f191584a644._native.native_decide.ax_1,
 ShannonBounds.C11R5Tables.S_36518f191584a644._native.native_decide.ax_2,
 ShannonBounds.C11R5Tables.S_6859b0ec25991d42._native.native_decide.ax_1,
 ShannonBounds.C11R5Tables.S_6859b0ec25991d42._native.native_decide.ax_2,
 ShannonBounds.C11R5Tables.S_7b6c163f0dc4b608._native.native_decide.ax_1,
 ShannonBounds.C11R5Tables.S_7b6c163f0dc4b608._native.native_decide.ax_2,
 ShannonBounds.C11R5Tables.S_e788020168e26abb._native.native_decide.ax_1,
 ShannonBounds.C11R5Tables.S_e788020168e26abb._native.native_decide.ax_2]
'ShannonBounds.C11R5D213.step_n27' depends on axioms: [propext,
 Classical.choice.{u},
 Quot.sound.{u},
 ShannonBounds.C11R5D213.step_n27._native.native_decide.ax_1_1,
 ShannonBounds.C11R5D213.step_n27._native.native_decide.ax_1_2,
 ShannonBounds.C11R5D213.step_n27._native.native_decide.ax_1_3,
 ShannonBounds.C11R5D213.step_n27._native.native_decide.ax_1_4,
 ShannonBounds.C11R5D213.step_n27._native.native_decide.ax_1_5,
 ShannonBounds.C11R5D213.step_n27._native.native_decide.ax_1_6,
 ShannonBounds.C11R5D213.step_n27._native.native_decide.ax_1_7,
 ShannonBounds.C11R5Tables.S_cd41b86686c50a10._native.native_decide.ax_1,
 ShannonBounds.C11R5Tables.S_cd41b86686c50a10._native.native_decide.ax_2]
'ShannonBounds.C11R5D213.step_n28' depends on axioms: [propext,
 Classical.choice.{u},
 Quot.sound.{u},
 ShannonBounds.C11R5D213.step_n27._native.native_decide.ax_1_1,
 ShannonBounds.C11R5D213.step_n27._native.native_decide.ax_1_2,
 ShannonBounds.C11R5D213.step_n27._native.native_decide.ax_1_3,
 ShannonBounds.C11R5D213.step_n27._native.native_decide.ax_1_4,
 ShannonBounds.C11R5D213.step_n27._native.native_decide.ax_1_5,
 ShannonBounds.C11R5D213.step_n27._native.native_decide.ax_1_6,
 ShannonBounds.C11R5D213.step_n27._native.native_decide.ax_1_7,
 ShannonBounds.C11R5D213.step_n28._native.native_decide.ax_1_1,
 ShannonBounds.C11R5D213.step_n28._native.native_decide.ax_1_2,
 ShannonBounds.C11R5D213.step_n28._native.native_decide.ax_1_3,
 ShannonBounds.C11R5D213.step_n28._native.native_decide.ax_1_4,
 ShannonBounds.C11R5D213.step_n28._native.native_decide.ax_1_5,
 ShannonBounds.C11R5D213.step_n28._native.native_decide.ax_1_6,
 ShannonBounds.C11R5D213.step_n28._native.native_decide.ax_1_7,
 ShannonBounds.C11R5Tables.S_cd41b86686c50a10._native.native_decide.ax_1,
 ShannonBounds.C11R5Tables.S_cd41b86686c50a10._native.native_decide.ax_2,
 ShannonBounds.C11R5Tables.S_e620baced0654ce9._native.native_decide.ax_1,
 ShannonBounds.C11R5Tables.S_e620baced0654ce9._native.native_decide.ax_2]
'ShannonBounds.C11R5D213.step_n29' depends on axioms: [propext,
 Classical.choice.{u},
 Quot.sound.{u},
 ShannonBounds.C11R5D213.step_n27._native.native_decide.ax_1_1,
 ShannonBounds.C11R5D213.step_n27._native.native_decide.ax_1_2,
 ShannonBounds.C11R5D213.step_n27._native.native_decide.ax_1_3,
 ShannonBounds.C11R5D213.step_n27._native.native_decide.ax_1_4,
 ShannonBounds.C11R5D213.step_n27._native.native_decide.ax_1_5,
 ShannonBounds.C11R5D213.step_n27._native.native_decide.ax_1_6,
 ShannonBounds.C11R5D213.step_n27._native.native_decide.ax_1_7,
 ShannonBounds.C11R5D213.step_n28._native.native_decide.ax_1_1,
 ShannonBounds.C11R5D213.step_n28._native.native_decide.ax_1_2,
 ShannonBounds.C11R5D213.step_n28._native.native_decide.ax_1_3,
 ShannonBounds.C11R5D213.step_n28._native.native_decide.ax_1_4,
 ShannonBounds.C11R5D213.step_n28._native.native_decide.ax_1_5,
 ShannonBounds.C11R5D213.step_n28._native.native_decide.ax_1_6,
 ShannonBounds.C11R5D213.step_n28._native.native_decide.ax_1_7,
 ShannonBounds.C11R5D213.step_n29._native.native_decide.ax_1_1,
 ShannonBounds.C11R5D213.step_n29._native.native_decide.ax_1_2,
 ShannonBounds.C11R5D213.step_n29._native.native_decide.ax_1_3,
 ShannonBounds.C11R5D213.step_n29._native.native_decide.ax_1_4,
 ShannonBounds.C11R5D213.step_n29._native.native_decide.ax_1_5,
 ShannonBounds.C11R5D213.step_n29._native.native_decide.ax_1_6,
 ShannonBounds.C11R5D213.step_n29._native.native_decide.ax_1_7,
 ShannonBounds.C11R5Tables.S_31d500a381a04d9a._native.native_decide.ax_1,
 ShannonBounds.C11R5Tables.S_31d500a381a04d9a._native.native_decide.ax_2,
 ShannonBounds.C11R5Tables.S_cd41b86686c50a10._native.native_decide.ax_1,
 ShannonBounds.C11R5Tables.S_cd41b86686c50a10._native.native_decide.ax_2,
 ShannonBounds.C11R5Tables.S_e620baced0654ce9._native.native_decide.ax_1,
 ShannonBounds.C11R5Tables.S_e620baced0654ce9._native.native_decide.ax_2]
'ShannonBounds.C11R5D213.step_n30' depends on axioms: [propext,
 Classical.choice.{u},
 Quot.sound.{u},
 ShannonBounds.C11R5D213.step_n1._native.native_decide.ax_1_1,
 ShannonBounds.C11R5D213.step_n1._native.native_decide.ax_1_2,
 ShannonBounds.C11R5D213.step_n1._native.native_decide.ax_1_3,
 ShannonBounds.C11R5D213.step_n1._native.native_decide.ax_1_4,
 ShannonBounds.C11R5D213.step_n1._native.native_decide.ax_1_5,
 ShannonBounds.C11R5D213.step_n1._native.native_decide.ax_1_6,
 ShannonBounds.C11R5D213.step_n1._native.native_decide.ax_1_7,
 ShannonBounds.C11R5D213.step_n11._native.native_decide.ax_1_1,
 ShannonBounds.C11R5D213.step_n11._native.native_decide.ax_1_2,
 ShannonBounds.C11R5D213.step_n11._native.native_decide.ax_1_3,
 ShannonBounds.C11R5D213.step_n11._native.native_decide.ax_1_4,
 ShannonBounds.C11R5D213.step_n11._native.native_decide.ax_1_5,
 ShannonBounds.C11R5D213.step_n11._native.native_decide.ax_1_6,
 ShannonBounds.C11R5D213.step_n11._native.native_decide.ax_1_7,
 ShannonBounds.C11R5D213.step_n16._native.native_decide.ax_1_1,
 ShannonBounds.C11R5D213.step_n16._native.native_decide.ax_1_2,
 ShannonBounds.C11R5D213.step_n16._native.native_decide.ax_1_3,
 ShannonBounds.C11R5D213.step_n16._native.native_decide.ax_1_4,
 ShannonBounds.C11R5D213.step_n16._native.native_decide.ax_1_5,
 ShannonBounds.C11R5D213.step_n16._native.native_decide.ax_1_6,
 ShannonBounds.C11R5D213.step_n16._native.native_decide.ax_1_7,
 ShannonBounds.C11R5D213.step_n17._native.native_decide.ax_1_1,
 ShannonBounds.C11R5D213.step_n17._native.native_decide.ax_1_2,
 ShannonBounds.C11R5D213.step_n17._native.native_decide.ax_1_3,
 ShannonBounds.C11R5D213.step_n17._native.native_decide.ax_1_4,
 ShannonBounds.C11R5D213.step_n17._native.native_decide.ax_1_5,
 ShannonBounds.C11R5D213.step_n17._native.native_decide.ax_1_6,
 ShannonBounds.C11R5D213.step_n17._native.native_decide.ax_1_7,
 ShannonBounds.C11R5D213.step_n20._native.native_decide.ax_1_1,
 ShannonBounds.C11R5D213.step_n20._native.native_decide.ax_1_2,
 ShannonBounds.C11R5D213.step_n20._native.native_decide.ax_1_3,
 ShannonBounds.C11R5D213.step_n20._native.native_decide.ax_1_4,
 ShannonBounds.C11R5D213.step_n20._native.native_decide.ax_1_5,
 ShannonBounds.C11R5D213.step_n20._native.native_decide.ax_1_6,
 ShannonBounds.C11R5D213.step_n20._native.native_decide.ax_1_7,
 ShannonBounds.C11R5D213.step_n21._native.native_decide.ax_1_1,
 ShannonBounds.C11R5D213.step_n21._native.native_decide.ax_1_2,
 ShannonBounds.C11R5D213.step_n21._native.native_decide.ax_1_3,
 ShannonBounds.C11R5D213.step_n21._native.native_decide.ax_1_4,
 ShannonBounds.C11R5D213.step_n21._native.native_decide.ax_1_5,
 ShannonBounds.C11R5D213.step_n21._native.native_decide.ax_1_6,
 ShannonBounds.C11R5D213.step_n21._native.native_decide.ax_1_7,
 ShannonBounds.C11R5D213.step_n22._native.native_decide.ax_1_1,
 ShannonBounds.C11R5D213.step_n22._native.native_decide.ax_1_2,
 ShannonBounds.C11R5D213.step_n22._native.native_decide.ax_1_3,
 ShannonBounds.C11R5D213.step_n22._native.native_decide.ax_1_4,
 ShannonBounds.C11R5D213.step_n22._native.native_decide.ax_1_5,
 ShannonBounds.C11R5D213.step_n22._native.native_decide.ax_1_6,
 ShannonBounds.C11R5D213.step_n22._native.native_decide.ax_1_7,
 ShannonBounds.C11R5D213.step_n23._native.native_decide.ax_1_1,
 ShannonBounds.C11R5D213.step_n23._native.native_decide.ax_1_2,
 ShannonBounds.C11R5D213.step_n23._native.native_decide.ax_1_3,
 ShannonBounds.C11R5D213.step_n23._native.native_decide.ax_1_4,
 ShannonBounds.C11R5D213.step_n23._native.native_decide.ax_1_5,
 ShannonBounds.C11R5D213.step_n23._native.native_decide.ax_1_6,
 ShannonBounds.C11R5D213.step_n23._native.native_decide.ax_1_7,
 ShannonBounds.C11R5D213.step_n24._native.native_decide.ax_1_1,
 ShannonBounds.C11R5D213.step_n24._native.native_decide.ax_1_2,
 ShannonBounds.C11R5D213.step_n24._native.native_decide.ax_1_3,
 ShannonBounds.C11R5D213.step_n24._native.native_decide.ax_1_4,
 ShannonBounds.C11R5D213.step_n24._native.native_decide.ax_1_5,
 ShannonBounds.C11R5D213.step_n24._native.native_decide.ax_1_6,
 ShannonBounds.C11R5D213.step_n24._native.native_decide.ax_1_7,
 ShannonBounds.C11R5D213.step_n25._native.native_decide.ax_1_1,
 ShannonBounds.C11R5D213.step_n25._native.native_decide.ax_1_2,
 ShannonBounds.C11R5D213.step_n25._native.native_decide.ax_1_3,
 ShannonBounds.C11R5D213.step_n25._native.native_decide.ax_1_4,
 ShannonBounds.C11R5D213.step_n25._native.native_decide.ax_1_5,
 ShannonBounds.C11R5D213.step_n25._native.native_decide.ax_1_6,
 ShannonBounds.C11R5D213.step_n25._native.native_decide.ax_1_7,
 ShannonBounds.C11R5D213.step_n26._native.native_decide.ax_1_1,
 ShannonBounds.C11R5D213.step_n26._native.native_decide.ax_1_2,
 ShannonBounds.C11R5D213.step_n26._native.native_decide.ax_1_3,
 ShannonBounds.C11R5D213.step_n26._native.native_decide.ax_1_4,
 ShannonBounds.C11R5D213.step_n26._native.native_decide.ax_1_5,
 ShannonBounds.C11R5D213.step_n26._native.native_decide.ax_1_6,
 ShannonBounds.C11R5D213.step_n26._native.native_decide.ax_1_7,
 ShannonBounds.C11R5D213.step_n27._native.native_decide.ax_1_1,
 ShannonBounds.C11R5D213.step_n27._native.native_decide.ax_1_2,
 ShannonBounds.C11R5D213.step_n27._native.native_decide.ax_1_3,
 ShannonBounds.C11R5D213.step_n27._native.native_decide.ax_1_4,
 ShannonBounds.C11R5D213.step_n27._native.native_decide.ax_1_5,
 ShannonBounds.C11R5D213.step_n27._native.native_decide.ax_1_6,
 ShannonBounds.C11R5D213.step_n27._native.native_decide.ax_1_7,
 ShannonBounds.C11R5D213.step_n28._native.native_decide.ax_1_1,
 ShannonBounds.C11R5D213.step_n28._native.native_decide.ax_1_2,
 ShannonBounds.C11R5D213.step_n28._native.native_decide.ax_1_3,
 ShannonBounds.C11R5D213.step_n28._native.native_decide.ax_1_4,
 ShannonBounds.C11R5D213.step_n28._native.native_decide.ax_1_5,
 ShannonBounds.C11R5D213.step_n28._native.native_decide.ax_1_6,
 ShannonBounds.C11R5D213.step_n28._native.native_decide.ax_1_7,
 ShannonBounds.C11R5D213.step_n29._native.native_decide.ax_1_1,
 ShannonBounds.C11R5D213.step_n29._native.native_decide.ax_1_2,
 ShannonBounds.C11R5D213.step_n29._native.native_decide.ax_1_3,
 ShannonBounds.C11R5D213.step_n29._native.native_decide.ax_1_4,
 ShannonBounds.C11R5D213.step_n29._native.native_decide.ax_1_5,
 ShannonBounds.C11R5D213.step_n29._native.native_decide.ax_1_6,
 ShannonBounds.C11R5D213.step_n29._native.native_decide.ax_1_7,
 ShannonBounds.C11R5D213.step_n30._native.native_decide.ax_1_1,
 ShannonBounds.C11R5D213.step_n30._native.native_decide.ax_1_2,
 ShannonBounds.C11R5D213.step_n30._native.native_decide.ax_1_3,
 ShannonBounds.C11R5D213.step_n30._native.native_decide.ax_1_4,
 ShannonBounds.C11R5D213.step_n30._native.native_decide.ax_1_5,
 ShannonBounds.C11R5D213.step_n30._native.native_decide.ax_1_6,
 ShannonBounds.C11R5D213.step_n30._native.native_decide.ax_1_7,
 ShannonBounds.C11R5D213.step_n4._native.native_decide.ax_1_1,
 ShannonBounds.C11R5D213.step_n4._native.native_decide.ax_1_2,
 ShannonBounds.C11R5D213.step_n4._native.native_decide.ax_1_3,
 ShannonBounds.C11R5D213.step_n4._native.native_decide.ax_1_4,
 ShannonBounds.C11R5D213.step_n4._native.native_decide.ax_1_5,
 ShannonBounds.C11R5D213.step_n4._native.native_decide.ax_1_6,
 ShannonBounds.C11R5D213.step_n4._native.native_decide.ax_1_7,
 ShannonBounds.C11R5Tables.S_04339297651c9c49._native.native_decide.ax_1,
 ShannonBounds.C11R5Tables.S_04339297651c9c49._native.native_decide.ax_2,
 ShannonBounds.C11R5Tables.S_18277b0c484b4c41._native.native_decide.ax_1,
 ShannonBounds.C11R5Tables.S_18277b0c484b4c41._native.native_decide.ax_2,
 ShannonBounds.C11R5Tables.S_31d500a381a04d9a._native.native_decide.ax_1,
 ShannonBounds.C11R5Tables.S_31d500a381a04d9a._native.native_decide.ax_2,
 ShannonBounds.C11R5Tables.S_36518f191584a644._native.native_decide.ax_1,
 ShannonBounds.C11R5Tables.S_36518f191584a644._native.native_decide.ax_2,
 ShannonBounds.C11R5Tables.S_3daf90758a80fbb9._native.native_decide.ax_1,
 ShannonBounds.C11R5Tables.S_3daf90758a80fbb9._native.native_decide.ax_2,
 ShannonBounds.C11R5Tables.S_660b0244997e1b9c._native.native_decide.ax_1,
 ShannonBounds.C11R5Tables.S_660b0244997e1b9c._native.native_decide.ax_2,
 ShannonBounds.C11R5Tables.S_6859b0ec25991d42._native.native_decide.ax_1,
 ShannonBounds.C11R5Tables.S_6859b0ec25991d42._native.native_decide.ax_2,
 ShannonBounds.C11R5Tables.S_7b6c163f0dc4b608._native.native_decide.ax_1,
 ShannonBounds.C11R5Tables.S_7b6c163f0dc4b608._native.native_decide.ax_2,
 ShannonBounds.C11R5Tables.S_cd41b86686c50a10._native.native_decide.ax_1,
 ShannonBounds.C11R5Tables.S_cd41b86686c50a10._native.native_decide.ax_2,
 ShannonBounds.C11R5Tables.S_e620baced0654ce9._native.native_decide.ax_1,
 ShannonBounds.C11R5Tables.S_e620baced0654ce9._native.native_decide.ax_2,
 ShannonBounds.C11R5Tables.S_e788020168e26abb._native.native_decide.ax_1,
 ShannonBounds.C11R5Tables.S_e788020168e26abb._native.native_decide.ax_2]
'ShannonBounds.C11R5D213.cross_power_BPZ_207' depends on axioms: [propext,
 ShannonBounds.C11R5D213.cross_power_BPZ_207._native.native_decide.ax_1_1]
'ShannonBounds.C11R5D213.strict_root_BPZ_207' depends on axioms: [propext,
 Classical.choice.{u},
 Quot.sound.{u},
 ShannonBounds.C11R5D213.cross_power_BPZ_207._native.native_decide.ax_1_1]
'ShannonBounds.C11R5D213.cross_power_R3_207' depends on axioms: [propext,
 ShannonBounds.C11R5D213.cross_power_R3_207._native.native_decide.ax_1_1]
'ShannonBounds.C11R5D213.strict_root_R3_207' depends on axioms: [propext,
 Classical.choice.{u},
 Quot.sound.{u},
 ShannonBounds.C11R5D213.cross_power_R3_207._native.native_decide.ax_1_1]
'ShannonBounds.C11R5D213.cross_power_R4_201' depends on axioms: [propext,
 ShannonBounds.C11R5D213.cross_power_R4_201._native.native_decide.ax_1_1]
'ShannonBounds.C11R5D213.strict_root_R4_201' depends on axioms: [propext,
 Classical.choice.{u},
 Quot.sound.{u},
 ShannonBounds.C11R5D213.cross_power_R4_201._native.native_decide.ax_1_1]
'ShannonBounds.C11R5D213.cross_power_R4_210' depends on axioms: [propext,
 ShannonBounds.C11R5D213.cross_power_R4_210._native.native_decide.ax_1_1]
'ShannonBounds.C11R5D213.strict_root_R4_210' depends on axioms: [propext,
 Classical.choice.{u},
 Quot.sound.{u},
 ShannonBounds.C11R5D213.cross_power_R4_210._native.native_decide.ax_1_1]
'R5_scope_set_186' depends on axioms: [propext,
 Classical.choice.{u},
 Quot.sound.{u},
 ShannonBounds.BaseC11.IlenCheck._native.native_decide.ax_1_1,
 ShannonBounds.BaseC11.Iset._native.native_decide.ax_1,
 ShannonBounds.BaseC11.XcFalseLenCheck._native.native_decide.ax_1_1,
 ShannonBounds.BaseC11.XcTrueLenCheck._native.native_decide.ax_1_1,
 ShannonBounds.BaseC11.XlenCheck._native.native_decide.ax_1_1,
 ShannonBounds.BaseC11.Xset._native.native_decide.ax_1,
 ShannonBounds.BaseC11.altInjCheck._native.native_decide.ax_1_1,
 ShannonBounds.BaseC11.altNotCheck._native.native_decide.ax_1_1,
 ShannonBounds.BaseC11.epParentCheck._native.native_decide.ax_1_1,
 ShannonBounds.BaseC11.pFalseCheck._native.native_decide.ax_1_1,
 ShannonBounds.BaseC11.pTrueCheck._native.native_decide.ax_1_1,
 ShannonBounds.BaseC11.pairConflict._native.native_decide.ax_1_1,
 ShannonBounds.BaseC11.pairwiseOK_I._native.native_decide.ax_1_1,
 ShannonBounds.BaseC11.pairwiseOK_X._native.native_decide.ax_1_1,
 ShannonBounds.BaseC11.portsCheck._native.native_decide.ax_1_1,
 ShannonBounds.BaseC11.portsLenCheck._native.native_decide.ax_1_1,
 ShannonBounds.BaseC11.portsSet._native.native_decide.ax_1,
 ShannonBounds.BaseC11.privCheck._native.native_decide.ax_1_1,
 ShannonBounds.BaseC11.sconf_iff_conflict._native.native_decide.ax_1_1,
 ShannonBounds.BaseC11.sconf_refl._native.native_decide.ax_1_1,
 ShannonBounds.BaseC11.sconf_symm._native.native_decide.ax_1_1,
 ShannonBounds.BaseC11.sepCheck._native.native_decide.ax_1_1,
 ShannonBounds.C11R5D186.step_n1._native.native_decide.ax_1_1,
 ShannonBounds.C11R5D186.step_n1._native.native_decide.ax_1_2,
 ShannonBounds.C11R5D186.step_n1._native.native_decide.ax_1_3,
 ShannonBounds.C11R5D186.step_n1._native.native_decide.ax_1_4,
 ShannonBounds.C11R5D186.step_n1._native.native_decide.ax_1_5,
 ShannonBounds.C11R5D186.step_n1._native.native_decide.ax_1_6,
 ShannonBounds.C11R5D186.step_n1._native.native_decide.ax_1_7,
 ShannonBounds.C11R5D186.step_n10._native.native_decide.ax_1_1,
 ShannonBounds.C11R5D186.step_n10._native.native_decide.ax_1_2,
 ShannonBounds.C11R5D186.step_n10._native.native_decide.ax_1_3,
 ShannonBounds.C11R5D186.step_n10._native.native_decide.ax_1_4,
 ShannonBounds.C11R5D186.step_n10._native.native_decide.ax_1_5,
 ShannonBounds.C11R5D186.step_n10._native.native_decide.ax_1_6,
 ShannonBounds.C11R5D186.step_n10._native.native_decide.ax_1_7,
 ShannonBounds.C11R5D186.step_n11._native.native_decide.ax_1_1,
 ShannonBounds.C11R5D186.step_n11._native.native_decide.ax_1_2,
 ShannonBounds.C11R5D186.step_n11._native.native_decide.ax_1_3,
 ShannonBounds.C11R5D186.step_n11._native.native_decide.ax_1_4,
 ShannonBounds.C11R5D186.step_n11._native.native_decide.ax_1_5,
 ShannonBounds.C11R5D186.step_n11._native.native_decide.ax_1_6,
 ShannonBounds.C11R5D186.step_n11._native.native_decide.ax_1_7,
 ShannonBounds.C11R5D186.step_n12._native.native_decide.ax_1_1,
 ShannonBounds.C11R5D186.step_n12._native.native_decide.ax_1_2,
 ShannonBounds.C11R5D186.step_n12._native.native_decide.ax_1_3,
 ShannonBounds.C11R5D186.step_n12._native.native_decide.ax_1_4,
 ShannonBounds.C11R5D186.step_n12._native.native_decide.ax_1_5,
 ShannonBounds.C11R5D186.step_n12._native.native_decide.ax_1_6,
 ShannonBounds.C11R5D186.step_n12._native.native_decide.ax_1_7,
 ShannonBounds.C11R5D186.step_n13._native.native_decide.ax_1_1,
 ShannonBounds.C11R5D186.step_n13._native.native_decide.ax_1_2,
 ShannonBounds.C11R5D186.step_n13._native.native_decide.ax_1_3,
 ShannonBounds.C11R5D186.step_n13._native.native_decide.ax_1_4,
 ShannonBounds.C11R5D186.step_n13._native.native_decide.ax_1_5,
 ShannonBounds.C11R5D186.step_n13._native.native_decide.ax_1_6,
 ShannonBounds.C11R5D186.step_n13._native.native_decide.ax_1_7,
 ShannonBounds.C11R5D186.step_n14._native.native_decide.ax_1_1,
 ShannonBounds.C11R5D186.step_n14._native.native_decide.ax_1_2,
 ShannonBounds.C11R5D186.step_n14._native.native_decide.ax_1_3,
 ShannonBounds.C11R5D186.step_n14._native.native_decide.ax_1_4,
 ShannonBounds.C11R5D186.step_n14._native.native_decide.ax_1_5,
 ShannonBounds.C11R5D186.step_n14._native.native_decide.ax_1_6,
 ShannonBounds.C11R5D186.step_n14._native.native_decide.ax_1_7,
 ShannonBounds.C11R5D186.step_n15._native.native_decide.ax_1_1,
 ShannonBounds.C11R5D186.step_n15._native.native_decide.ax_1_2,
 ShannonBounds.C11R5D186.step_n15._native.native_decide.ax_1_3,
 ShannonBounds.C11R5D186.step_n15._native.native_decide.ax_1_4,
 ShannonBounds.C11R5D186.step_n15._native.native_decide.ax_1_5,
 ShannonBounds.C11R5D186.step_n15._native.native_decide.ax_1_6,
 ShannonBounds.C11R5D186.step_n15._native.native_decide.ax_1_7,
 ShannonBounds.C11R5D186.step_n16._native.native_decide.ax_1_1,
 ShannonBounds.C11R5D186.step_n16._native.native_decide.ax_1_2,
 ShannonBounds.C11R5D186.step_n16._native.native_decide.ax_1_3,
 ShannonBounds.C11R5D186.step_n16._native.native_decide.ax_1_4,
 ShannonBounds.C11R5D186.step_n16._native.native_decide.ax_1_5,
 ShannonBounds.C11R5D186.step_n16._native.native_decide.ax_1_6,
 ShannonBounds.C11R5D186.step_n16._native.native_decide.ax_1_7,
 ShannonBounds.C11R5D186.step_n17._native.native_decide.ax_1_1,
 ShannonBounds.C11R5D186.step_n17._native.native_decide.ax_1_2,
 ShannonBounds.C11R5D186.step_n17._native.native_decide.ax_1_3,
 ShannonBounds.C11R5D186.step_n17._native.native_decide.ax_1_4,
 ShannonBounds.C11R5D186.step_n17._native.native_decide.ax_1_5,
 ShannonBounds.C11R5D186.step_n17._native.native_decide.ax_1_6,
 ShannonBounds.C11R5D186.step_n17._native.native_decide.ax_1_7,
 ShannonBounds.C11R5D186.step_n18._native.native_decide.ax_1_1,
 ShannonBounds.C11R5D186.step_n18._native.native_decide.ax_1_2,
 ShannonBounds.C11R5D186.step_n18._native.native_decide.ax_1_3,
 ShannonBounds.C11R5D186.step_n18._native.native_decide.ax_1_4,
 ShannonBounds.C11R5D186.step_n18._native.native_decide.ax_1_5,
 ShannonBounds.C11R5D186.step_n18._native.native_decide.ax_1_6,
 ShannonBounds.C11R5D186.step_n18._native.native_decide.ax_1_7,
 ShannonBounds.C11R5D186.step_n19._native.native_decide.ax_1_1,
 ShannonBounds.C11R5D186.step_n19._native.native_decide.ax_1_2,
 ShannonBounds.C11R5D186.step_n19._native.native_decide.ax_1_3,
 ShannonBounds.C11R5D186.step_n19._native.native_decide.ax_1_4,
 ShannonBounds.C11R5D186.step_n19._native.native_decide.ax_1_5,
 ShannonBounds.C11R5D186.step_n19._native.native_decide.ax_1_6,
 ShannonBounds.C11R5D186.step_n19._native.native_decide.ax_1_7,
 ShannonBounds.C11R5D186.step_n2._native.native_decide.ax_1_1,
 ShannonBounds.C11R5D186.step_n2._native.native_decide.ax_1_2,
 ShannonBounds.C11R5D186.step_n2._native.native_decide.ax_1_3,
 ShannonBounds.C11R5D186.step_n2._native.native_decide.ax_1_4,
 ShannonBounds.C11R5D186.step_n2._native.native_decide.ax_1_5,
 ShannonBounds.C11R5D186.step_n2._native.native_decide.ax_1_6,
 ShannonBounds.C11R5D186.step_n2._native.native_decide.ax_1_7,
 ShannonBounds.C11R5D186.step_n20._native.native_decide.ax_1_1,
 ShannonBounds.C11R5D186.step_n20._native.native_decide.ax_1_2,
 ShannonBounds.C11R5D186.step_n20._native.native_decide.ax_1_3,
 ShannonBounds.C11R5D186.step_n20._native.native_decide.ax_1_4,
 ShannonBounds.C11R5D186.step_n20._native.native_decide.ax_1_5,
 ShannonBounds.C11R5D186.step_n20._native.native_decide.ax_1_6,
 ShannonBounds.C11R5D186.step_n20._native.native_decide.ax_1_7,
 ShannonBounds.C11R5D186.step_n21._native.native_decide.ax_1_1,
 ShannonBounds.C11R5D186.step_n21._native.native_decide.ax_1_2,
 ShannonBounds.C11R5D186.step_n21._native.native_decide.ax_1_3,
 ShannonBounds.C11R5D186.step_n21._native.native_decide.ax_1_4,
 ShannonBounds.C11R5D186.step_n21._native.native_decide.ax_1_5,
 ShannonBounds.C11R5D186.step_n21._native.native_decide.ax_1_6,
 ShannonBounds.C11R5D186.step_n21._native.native_decide.ax_1_7,
 ShannonBounds.C11R5D186.step_n22._native.native_decide.ax_1_1,
 ShannonBounds.C11R5D186.step_n22._native.native_decide.ax_1_2,
 ShannonBounds.C11R5D186.step_n22._native.native_decide.ax_1_3,
 ShannonBounds.C11R5D186.step_n22._native.native_decide.ax_1_4,
 ShannonBounds.C11R5D186.step_n22._native.native_decide.ax_1_5,
 ShannonBounds.C11R5D186.step_n22._native.native_decide.ax_1_6,
 ShannonBounds.C11R5D186.step_n22._native.native_decide.ax_1_7,
 ShannonBounds.C11R5D186.step_n23._native.native_decide.ax_1_1,
 ShannonBounds.C11R5D186.step_n23._native.native_decide.ax_1_2,
 ShannonBounds.C11R5D186.step_n23._native.native_decide.ax_1_3,
 ShannonBounds.C11R5D186.step_n23._native.native_decide.ax_1_4,
 ShannonBounds.C11R5D186.step_n23._native.native_decide.ax_1_5,
 ShannonBounds.C11R5D186.step_n23._native.native_decide.ax_1_6,
 ShannonBounds.C11R5D186.step_n23._native.native_decide.ax_1_7,
 ShannonBounds.C11R5D186.step_n24._native.native_decide.ax_1_1,
 ShannonBounds.C11R5D186.step_n24._native.native_decide.ax_1_2,
 ShannonBounds.C11R5D186.step_n24._native.native_decide.ax_1_3,
 ShannonBounds.C11R5D186.step_n24._native.native_decide.ax_1_4,
 ShannonBounds.C11R5D186.step_n24._native.native_decide.ax_1_5,
 ShannonBounds.C11R5D186.step_n24._native.native_decide.ax_1_6,
 ShannonBounds.C11R5D186.step_n24._native.native_decide.ax_1_7,
 ShannonBounds.C11R5D186.step_n25._native.native_decide.ax_1_1,
 ShannonBounds.C11R5D186.step_n25._native.native_decide.ax_1_2,
 ShannonBounds.C11R5D186.step_n25._native.native_decide.ax_1_3,
 ShannonBounds.C11R5D186.step_n25._native.native_decide.ax_1_4,
 ShannonBounds.C11R5D186.step_n25._native.native_decide.ax_1_5,
 ShannonBounds.C11R5D186.step_n25._native.native_decide.ax_1_6,
 ShannonBounds.C11R5D186.step_n25._native.native_decide.ax_1_7,
 ShannonBounds.C11R5D186.step_n26._native.native_decide.ax_1_1,
 ShannonBounds.C11R5D186.step_n26._native.native_decide.ax_1_2,
 ShannonBounds.C11R5D186.step_n26._native.native_decide.ax_1_3,
 ShannonBounds.C11R5D186.step_n26._native.native_decide.ax_1_4,
 ShannonBounds.C11R5D186.step_n26._native.native_decide.ax_1_5,
 ShannonBounds.C11R5D186.step_n26._native.native_decide.ax_1_6,
 ShannonBounds.C11R5D186.step_n26._native.native_decide.ax_1_7,
 ShannonBounds.C11R5D186.step_n3._native.native_decide.ax_1_1,
 ShannonBounds.C11R5D186.step_n3._native.native_decide.ax_1_2,
 ShannonBounds.C11R5D186.step_n3._native.native_decide.ax_1_3,
 ShannonBounds.C11R5D186.step_n3._native.native_decide.ax_1_4,
 ShannonBounds.C11R5D186.step_n3._native.native_decide.ax_1_5,
 ShannonBounds.C11R5D186.step_n3._native.native_decide.ax_1_6,
 ShannonBounds.C11R5D186.step_n3._native.native_decide.ax_1_7,
 ShannonBounds.C11R5D186.step_n4._native.native_decide.ax_1_1,
 ShannonBounds.C11R5D186.step_n4._native.native_decide.ax_1_2,
 ShannonBounds.C11R5D186.step_n4._native.native_decide.ax_1_3,
 ShannonBounds.C11R5D186.step_n4._native.native_decide.ax_1_4,
 ShannonBounds.C11R5D186.step_n4._native.native_decide.ax_1_5,
 ShannonBounds.C11R5D186.step_n4._native.native_decide.ax_1_6,
 ShannonBounds.C11R5D186.step_n4._native.native_decide.ax_1_7,
 ShannonBounds.C11R5D186.step_n5._native.native_decide.ax_1_1,
 ShannonBounds.C11R5D186.step_n5._native.native_decide.ax_1_2,
 ShannonBounds.C11R5D186.step_n5._native.native_decide.ax_1_3,
 ShannonBounds.C11R5D186.step_n5._native.native_decide.ax_1_4,
 ShannonBounds.C11R5D186.step_n5._native.native_decide.ax_1_5,
 ShannonBounds.C11R5D186.step_n5._native.native_decide.ax_1_6,
 ShannonBounds.C11R5D186.step_n5._native.native_decide.ax_1_7,
 ShannonBounds.C11R5D186.step_n6._native.native_decide.ax_1_1,
 ShannonBounds.C11R5D186.step_n6._native.native_decide.ax_1_2,
 ShannonBounds.C11R5D186.step_n6._native.native_decide.ax_1_3,
 ShannonBounds.C11R5D186.step_n6._native.native_decide.ax_1_4,
 ShannonBounds.C11R5D186.step_n6._native.native_decide.ax_1_5,
 ShannonBounds.C11R5D186.step_n6._native.native_decide.ax_1_6,
 ShannonBounds.C11R5D186.step_n6._native.native_decide.ax_1_7,
 ShannonBounds.C11R5D186.step_n7._native.native_decide.ax_1_1,
 ShannonBounds.C11R5D186.step_n7._native.native_decide.ax_1_2,
 ShannonBounds.C11R5D186.step_n7._native.native_decide.ax_1_3,
 ShannonBounds.C11R5D186.step_n7._native.native_decide.ax_1_4,
 ShannonBounds.C11R5D186.step_n7._native.native_decide.ax_1_5,
 ShannonBounds.C11R5D186.step_n7._native.native_decide.ax_1_6,
 ShannonBounds.C11R5D186.step_n7._native.native_decide.ax_1_7,
 ShannonBounds.C11R5D186.step_n8._native.native_decide.ax_1_1,
 ShannonBounds.C11R5D186.step_n8._native.native_decide.ax_1_2,
 ShannonBounds.C11R5D186.step_n8._native.native_decide.ax_1_3,
 ShannonBounds.C11R5D186.step_n8._native.native_decide.ax_1_4,
 ShannonBounds.C11R5D186.step_n8._native.native_decide.ax_1_5,
 ShannonBounds.C11R5D186.step_n8._native.native_decide.ax_1_6,
 ShannonBounds.C11R5D186.step_n8._native.native_decide.ax_1_7,
 ShannonBounds.C11R5D186.step_n9._native.native_decide.ax_1_1,
 ShannonBounds.C11R5D186.step_n9._native.native_decide.ax_1_2,
 ShannonBounds.C11R5D186.step_n9._native.native_decide.ax_1_3,
 ShannonBounds.C11R5D186.step_n9._native.native_decide.ax_1_4,
 ShannonBounds.C11R5D186.step_n9._native.native_decide.ax_1_5,
 ShannonBounds.C11R5D186.step_n9._native.native_decide.ax_1_6,
 ShannonBounds.C11R5D186.step_n9._native.native_decide.ax_1_7,
 ShannonBounds.C11R5D186.terminal_value._native.native_decide.ax_1_1,
 ShannonBounds.C11R5Tables.S_0058d965adce02f4._native.native_decide.ax_1,
 ShannonBounds.C11R5Tables.S_0058d965adce02f4._native.native_decide.ax_2,
 ShannonBounds.C11R5Tables.S_01f11d8929277edb._native.native_decide.ax_1,
 ShannonBounds.C11R5Tables.S_01f11d8929277edb._native.native_decide.ax_2,
 ShannonBounds.C11R5Tables.S_04339297651c9c49._native.native_decide.ax_1,
 ShannonBounds.C11R5Tables.S_04339297651c9c49._native.native_decide.ax_2,
 ShannonBounds.C11R5Tables.S_0ac0bf4804630912._native.native_decide.ax_1,
 ShannonBounds.C11R5Tables.S_0ac0bf4804630912._native.native_decide.ax_2,
 ShannonBounds.C11R5Tables.S_0c7cb632d1153343._native.native_decide.ax_1,
 ShannonBounds.C11R5Tables.S_0c7cb632d1153343._native.native_decide.ax_2,
 ShannonBounds.C11R5Tables.S_18277b0c484b4c41._native.native_decide.ax_1,
 ShannonBounds.C11R5Tables.S_18277b0c484b4c41._native.native_decide.ax_2,
 ShannonBounds.C11R5Tables.S_3daf90758a80fbb9._native.native_decide.ax_1,
 ShannonBounds.C11R5Tables.S_3daf90758a80fbb9._native.native_decide.ax_2,
 ShannonBounds.C11R5Tables.S_3e8694d6a5bfe173._native.native_decide.ax_1,
 ShannonBounds.C11R5Tables.S_3e8694d6a5bfe173._native.native_decide.ax_2,
 ShannonBounds.C11R5Tables.S_6859b0ec25991d42._native.native_decide.ax_1,
 ShannonBounds.C11R5Tables.S_6859b0ec25991d42._native.native_decide.ax_2,
 ShannonBounds.C11R5Tables.S_787c56f586779bfd._native.native_decide.ax_1,
 ShannonBounds.C11R5Tables.S_787c56f586779bfd._native.native_decide.ax_2,
 ShannonBounds.C11R5Tables.S_7b6c163f0dc4b608._native.native_decide.ax_1,
 ShannonBounds.C11R5Tables.S_7b6c163f0dc4b608._native.native_decide.ax_2,
 ShannonBounds.C11R5Tables.S_adfa0199080b0c49._native.native_decide.ax_1,
 ShannonBounds.C11R5Tables.S_e788020168e26abb._native.native_decide.ax_1,
 ShannonBounds.C11R5Tables.S_e788020168e26abb._native.native_decide.ax_2,
 ShannonBounds.C11R5Tables.S_e9ef2871c79d62be._native.native_decide.ax_1,
 ShannonBounds.C11R5Tables.S_e9ef2871c79d62be._native.native_decide.ax_2,
 ShannonBounds.C11R5Tables.S_f621e9dcab9f974c._native.native_decide.ax_1,
 ShannonBounds.C11R5Tables.S_f621e9dcab9f974c._native.native_decide.ax_2,
 ShannonBounds.C11R5Tables.S_f97d79adc1a9e27c._native.native_decide.ax_1,
 ShannonBounds.C11R5Tables.S_f97d79adc1a9e27c._native.native_decide.ax_2]
'R5_scope_capacity_186' depends on axioms: [propext,
 Classical.choice.{u},
 Quot.sound.{u},
 ShannonBounds.BaseC11.IlenCheck._native.native_decide.ax_1_1,
 ShannonBounds.BaseC11.Iset._native.native_decide.ax_1,
 ShannonBounds.BaseC11.XcFalseLenCheck._native.native_decide.ax_1_1,
 ShannonBounds.BaseC11.XcTrueLenCheck._native.native_decide.ax_1_1,
 ShannonBounds.BaseC11.XlenCheck._native.native_decide.ax_1_1,
 ShannonBounds.BaseC11.Xset._native.native_decide.ax_1,
 ShannonBounds.BaseC11.altInjCheck._native.native_decide.ax_1_1,
 ShannonBounds.BaseC11.altNotCheck._native.native_decide.ax_1_1,
 ShannonBounds.BaseC11.epParentCheck._native.native_decide.ax_1_1,
 ShannonBounds.BaseC11.pFalseCheck._native.native_decide.ax_1_1,
 ShannonBounds.BaseC11.pTrueCheck._native.native_decide.ax_1_1,
 ShannonBounds.BaseC11.pairConflict._native.native_decide.ax_1_1,
 ShannonBounds.BaseC11.pairwiseOK_I._native.native_decide.ax_1_1,
 ShannonBounds.BaseC11.pairwiseOK_X._native.native_decide.ax_1_1,
 ShannonBounds.BaseC11.portsCheck._native.native_decide.ax_1_1,
 ShannonBounds.BaseC11.portsLenCheck._native.native_decide.ax_1_1,
 ShannonBounds.BaseC11.portsSet._native.native_decide.ax_1,
 ShannonBounds.BaseC11.privCheck._native.native_decide.ax_1_1,
 ShannonBounds.BaseC11.sconf_iff_conflict._native.native_decide.ax_1_1,
 ShannonBounds.BaseC11.sconf_refl._native.native_decide.ax_1_1,
 ShannonBounds.BaseC11.sconf_symm._native.native_decide.ax_1_1,
 ShannonBounds.BaseC11.sepCheck._native.native_decide.ax_1_1,
 ShannonBounds.C11R5D186.decimal_lower_integer._native.native_decide.ax_1_1,
 ShannonBounds.C11R5D186.decimal_upper_integer._native.native_decide.ax_1_1,
 ShannonBounds.C11R5D186.step_n1._native.native_decide.ax_1_1,
 ShannonBounds.C11R5D186.step_n1._native.native_decide.ax_1_2,
 ShannonBounds.C11R5D186.step_n1._native.native_decide.ax_1_3,
 ShannonBounds.C11R5D186.step_n1._native.native_decide.ax_1_4,
 ShannonBounds.C11R5D186.step_n1._native.native_decide.ax_1_5,
 ShannonBounds.C11R5D186.step_n1._native.native_decide.ax_1_6,
 ShannonBounds.C11R5D186.step_n1._native.native_decide.ax_1_7,
 ShannonBounds.C11R5D186.step_n10._native.native_decide.ax_1_1,
 ShannonBounds.C11R5D186.step_n10._native.native_decide.ax_1_2,
 ShannonBounds.C11R5D186.step_n10._native.native_decide.ax_1_3,
 ShannonBounds.C11R5D186.step_n10._native.native_decide.ax_1_4,
 ShannonBounds.C11R5D186.step_n10._native.native_decide.ax_1_5,
 ShannonBounds.C11R5D186.step_n10._native.native_decide.ax_1_6,
 ShannonBounds.C11R5D186.step_n10._native.native_decide.ax_1_7,
 ShannonBounds.C11R5D186.step_n11._native.native_decide.ax_1_1,
 ShannonBounds.C11R5D186.step_n11._native.native_decide.ax_1_2,
 ShannonBounds.C11R5D186.step_n11._native.native_decide.ax_1_3,
 ShannonBounds.C11R5D186.step_n11._native.native_decide.ax_1_4,
 ShannonBounds.C11R5D186.step_n11._native.native_decide.ax_1_5,
 ShannonBounds.C11R5D186.step_n11._native.native_decide.ax_1_6,
 ShannonBounds.C11R5D186.step_n11._native.native_decide.ax_1_7,
 ShannonBounds.C11R5D186.step_n12._native.native_decide.ax_1_1,
 ShannonBounds.C11R5D186.step_n12._native.native_decide.ax_1_2,
 ShannonBounds.C11R5D186.step_n12._native.native_decide.ax_1_3,
 ShannonBounds.C11R5D186.step_n12._native.native_decide.ax_1_4,
 ShannonBounds.C11R5D186.step_n12._native.native_decide.ax_1_5,
 ShannonBounds.C11R5D186.step_n12._native.native_decide.ax_1_6,
 ShannonBounds.C11R5D186.step_n12._native.native_decide.ax_1_7,
 ShannonBounds.C11R5D186.step_n13._native.native_decide.ax_1_1,
 ShannonBounds.C11R5D186.step_n13._native.native_decide.ax_1_2,
 ShannonBounds.C11R5D186.step_n13._native.native_decide.ax_1_3,
 ShannonBounds.C11R5D186.step_n13._native.native_decide.ax_1_4,
 ShannonBounds.C11R5D186.step_n13._native.native_decide.ax_1_5,
 ShannonBounds.C11R5D186.step_n13._native.native_decide.ax_1_6,
 ShannonBounds.C11R5D186.step_n13._native.native_decide.ax_1_7,
 ShannonBounds.C11R5D186.step_n14._native.native_decide.ax_1_1,
 ShannonBounds.C11R5D186.step_n14._native.native_decide.ax_1_2,
 ShannonBounds.C11R5D186.step_n14._native.native_decide.ax_1_3,
 ShannonBounds.C11R5D186.step_n14._native.native_decide.ax_1_4,
 ShannonBounds.C11R5D186.step_n14._native.native_decide.ax_1_5,
 ShannonBounds.C11R5D186.step_n14._native.native_decide.ax_1_6,
 ShannonBounds.C11R5D186.step_n14._native.native_decide.ax_1_7,
 ShannonBounds.C11R5D186.step_n15._native.native_decide.ax_1_1,
 ShannonBounds.C11R5D186.step_n15._native.native_decide.ax_1_2,
 ShannonBounds.C11R5D186.step_n15._native.native_decide.ax_1_3,
 ShannonBounds.C11R5D186.step_n15._native.native_decide.ax_1_4,
 ShannonBounds.C11R5D186.step_n15._native.native_decide.ax_1_5,
 ShannonBounds.C11R5D186.step_n15._native.native_decide.ax_1_6,
 ShannonBounds.C11R5D186.step_n15._native.native_decide.ax_1_7,
 ShannonBounds.C11R5D186.step_n16._native.native_decide.ax_1_1,
 ShannonBounds.C11R5D186.step_n16._native.native_decide.ax_1_2,
 ShannonBounds.C11R5D186.step_n16._native.native_decide.ax_1_3,
 ShannonBounds.C11R5D186.step_n16._native.native_decide.ax_1_4,
 ShannonBounds.C11R5D186.step_n16._native.native_decide.ax_1_5,
 ShannonBounds.C11R5D186.step_n16._native.native_decide.ax_1_6,
 ShannonBounds.C11R5D186.step_n16._native.native_decide.ax_1_7,
 ShannonBounds.C11R5D186.step_n17._native.native_decide.ax_1_1,
 ShannonBounds.C11R5D186.step_n17._native.native_decide.ax_1_2,
 ShannonBounds.C11R5D186.step_n17._native.native_decide.ax_1_3,
 ShannonBounds.C11R5D186.step_n17._native.native_decide.ax_1_4,
 ShannonBounds.C11R5D186.step_n17._native.native_decide.ax_1_5,
 ShannonBounds.C11R5D186.step_n17._native.native_decide.ax_1_6,
 ShannonBounds.C11R5D186.step_n17._native.native_decide.ax_1_7,
 ShannonBounds.C11R5D186.step_n18._native.native_decide.ax_1_1,
 ShannonBounds.C11R5D186.step_n18._native.native_decide.ax_1_2,
 ShannonBounds.C11R5D186.step_n18._native.native_decide.ax_1_3,
 ShannonBounds.C11R5D186.step_n18._native.native_decide.ax_1_4,
 ShannonBounds.C11R5D186.step_n18._native.native_decide.ax_1_5,
 ShannonBounds.C11R5D186.step_n18._native.native_decide.ax_1_6,
 ShannonBounds.C11R5D186.step_n18._native.native_decide.ax_1_7,
 ShannonBounds.C11R5D186.step_n19._native.native_decide.ax_1_1,
 ShannonBounds.C11R5D186.step_n19._native.native_decide.ax_1_2,
 ShannonBounds.C11R5D186.step_n19._native.native_decide.ax_1_3,
 ShannonBounds.C11R5D186.step_n19._native.native_decide.ax_1_4,
 ShannonBounds.C11R5D186.step_n19._native.native_decide.ax_1_5,
 ShannonBounds.C11R5D186.step_n19._native.native_decide.ax_1_6,
 ShannonBounds.C11R5D186.step_n19._native.native_decide.ax_1_7,
 ShannonBounds.C11R5D186.step_n2._native.native_decide.ax_1_1,
 ShannonBounds.C11R5D186.step_n2._native.native_decide.ax_1_2,
 ShannonBounds.C11R5D186.step_n2._native.native_decide.ax_1_3,
 ShannonBounds.C11R5D186.step_n2._native.native_decide.ax_1_4,
 ShannonBounds.C11R5D186.step_n2._native.native_decide.ax_1_5,
 ShannonBounds.C11R5D186.step_n2._native.native_decide.ax_1_6,
 ShannonBounds.C11R5D186.step_n2._native.native_decide.ax_1_7,
 ShannonBounds.C11R5D186.step_n20._native.native_decide.ax_1_1,
 ShannonBounds.C11R5D186.step_n20._native.native_decide.ax_1_2,
 ShannonBounds.C11R5D186.step_n20._native.native_decide.ax_1_3,
 ShannonBounds.C11R5D186.step_n20._native.native_decide.ax_1_4,
 ShannonBounds.C11R5D186.step_n20._native.native_decide.ax_1_5,
 ShannonBounds.C11R5D186.step_n20._native.native_decide.ax_1_6,
 ShannonBounds.C11R5D186.step_n20._native.native_decide.ax_1_7,
 ShannonBounds.C11R5D186.step_n21._native.native_decide.ax_1_1,
 ShannonBounds.C11R5D186.step_n21._native.native_decide.ax_1_2,
 ShannonBounds.C11R5D186.step_n21._native.native_decide.ax_1_3,
 ShannonBounds.C11R5D186.step_n21._native.native_decide.ax_1_4,
 ShannonBounds.C11R5D186.step_n21._native.native_decide.ax_1_5,
 ShannonBounds.C11R5D186.step_n21._native.native_decide.ax_1_6,
 ShannonBounds.C11R5D186.step_n21._native.native_decide.ax_1_7,
 ShannonBounds.C11R5D186.step_n22._native.native_decide.ax_1_1,
 ShannonBounds.C11R5D186.step_n22._native.native_decide.ax_1_2,
 ShannonBounds.C11R5D186.step_n22._native.native_decide.ax_1_3,
 ShannonBounds.C11R5D186.step_n22._native.native_decide.ax_1_4,
 ShannonBounds.C11R5D186.step_n22._native.native_decide.ax_1_5,
 ShannonBounds.C11R5D186.step_n22._native.native_decide.ax_1_6,
 ShannonBounds.C11R5D186.step_n22._native.native_decide.ax_1_7,
 ShannonBounds.C11R5D186.step_n23._native.native_decide.ax_1_1,
 ShannonBounds.C11R5D186.step_n23._native.native_decide.ax_1_2,
 ShannonBounds.C11R5D186.step_n23._native.native_decide.ax_1_3,
 ShannonBounds.C11R5D186.step_n23._native.native_decide.ax_1_4,
 ShannonBounds.C11R5D186.step_n23._native.native_decide.ax_1_5,
 ShannonBounds.C11R5D186.step_n23._native.native_decide.ax_1_6,
 ShannonBounds.C11R5D186.step_n23._native.native_decide.ax_1_7,
 ShannonBounds.C11R5D186.step_n24._native.native_decide.ax_1_1,
 ShannonBounds.C11R5D186.step_n24._native.native_decide.ax_1_2,
 ShannonBounds.C11R5D186.step_n24._native.native_decide.ax_1_3,
 ShannonBounds.C11R5D186.step_n24._native.native_decide.ax_1_4,
 ShannonBounds.C11R5D186.step_n24._native.native_decide.ax_1_5,
 ShannonBounds.C11R5D186.step_n24._native.native_decide.ax_1_6,
 ShannonBounds.C11R5D186.step_n24._native.native_decide.ax_1_7,
 ShannonBounds.C11R5D186.step_n25._native.native_decide.ax_1_1,
 ShannonBounds.C11R5D186.step_n25._native.native_decide.ax_1_2,
 ShannonBounds.C11R5D186.step_n25._native.native_decide.ax_1_3,
 ShannonBounds.C11R5D186.step_n25._native.native_decide.ax_1_4,
 ShannonBounds.C11R5D186.step_n25._native.native_decide.ax_1_5,
 ShannonBounds.C11R5D186.step_n25._native.native_decide.ax_1_6,
 ShannonBounds.C11R5D186.step_n25._native.native_decide.ax_1_7,
 ShannonBounds.C11R5D186.step_n26._native.native_decide.ax_1_1,
 ShannonBounds.C11R5D186.step_n26._native.native_decide.ax_1_2,
 ShannonBounds.C11R5D186.step_n26._native.native_decide.ax_1_3,
 ShannonBounds.C11R5D186.step_n26._native.native_decide.ax_1_4,
 ShannonBounds.C11R5D186.step_n26._native.native_decide.ax_1_5,
 ShannonBounds.C11R5D186.step_n26._native.native_decide.ax_1_6,
 ShannonBounds.C11R5D186.step_n26._native.native_decide.ax_1_7,
 ShannonBounds.C11R5D186.step_n3._native.native_decide.ax_1_1,
 ShannonBounds.C11R5D186.step_n3._native.native_decide.ax_1_2,
 ShannonBounds.C11R5D186.step_n3._native.native_decide.ax_1_3,
 ShannonBounds.C11R5D186.step_n3._native.native_decide.ax_1_4,
 ShannonBounds.C11R5D186.step_n3._native.native_decide.ax_1_5,
 ShannonBounds.C11R5D186.step_n3._native.native_decide.ax_1_6,
 ShannonBounds.C11R5D186.step_n3._native.native_decide.ax_1_7,
 ShannonBounds.C11R5D186.step_n4._native.native_decide.ax_1_1,
 ShannonBounds.C11R5D186.step_n4._native.native_decide.ax_1_2,
 ShannonBounds.C11R5D186.step_n4._native.native_decide.ax_1_3,
 ShannonBounds.C11R5D186.step_n4._native.native_decide.ax_1_4,
 ShannonBounds.C11R5D186.step_n4._native.native_decide.ax_1_5,
 ShannonBounds.C11R5D186.step_n4._native.native_decide.ax_1_6,
 ShannonBounds.C11R5D186.step_n4._native.native_decide.ax_1_7,
 ShannonBounds.C11R5D186.step_n5._native.native_decide.ax_1_1,
 ShannonBounds.C11R5D186.step_n5._native.native_decide.ax_1_2,
 ShannonBounds.C11R5D186.step_n5._native.native_decide.ax_1_3,
 ShannonBounds.C11R5D186.step_n5._native.native_decide.ax_1_4,
 ShannonBounds.C11R5D186.step_n5._native.native_decide.ax_1_5,
 ShannonBounds.C11R5D186.step_n5._native.native_decide.ax_1_6,
 ShannonBounds.C11R5D186.step_n5._native.native_decide.ax_1_7,
 ShannonBounds.C11R5D186.step_n6._native.native_decide.ax_1_1,
 ShannonBounds.C11R5D186.step_n6._native.native_decide.ax_1_2,
 ShannonBounds.C11R5D186.step_n6._native.native_decide.ax_1_3,
 ShannonBounds.C11R5D186.step_n6._native.native_decide.ax_1_4,
 ShannonBounds.C11R5D186.step_n6._native.native_decide.ax_1_5,
 ShannonBounds.C11R5D186.step_n6._native.native_decide.ax_1_6,
 ShannonBounds.C11R5D186.step_n6._native.native_decide.ax_1_7,
 ShannonBounds.C11R5D186.step_n7._native.native_decide.ax_1_1,
 ShannonBounds.C11R5D186.step_n7._native.native_decide.ax_1_2,
 ShannonBounds.C11R5D186.step_n7._native.native_decide.ax_1_3,
 ShannonBounds.C11R5D186.step_n7._native.native_decide.ax_1_4,
 ShannonBounds.C11R5D186.step_n7._native.native_decide.ax_1_5,
 ShannonBounds.C11R5D186.step_n7._native.native_decide.ax_1_6,
 ShannonBounds.C11R5D186.step_n7._native.native_decide.ax_1_7,
 ShannonBounds.C11R5D186.step_n8._native.native_decide.ax_1_1,
 ShannonBounds.C11R5D186.step_n8._native.native_decide.ax_1_2,
 ShannonBounds.C11R5D186.step_n8._native.native_decide.ax_1_3,
 ShannonBounds.C11R5D186.step_n8._native.native_decide.ax_1_4,
 ShannonBounds.C11R5D186.step_n8._native.native_decide.ax_1_5,
 ShannonBounds.C11R5D186.step_n8._native.native_decide.ax_1_6,
 ShannonBounds.C11R5D186.step_n8._native.native_decide.ax_1_7,
 ShannonBounds.C11R5D186.step_n9._native.native_decide.ax_1_1,
 ShannonBounds.C11R5D186.step_n9._native.native_decide.ax_1_2,
 ShannonBounds.C11R5D186.step_n9._native.native_decide.ax_1_3,
 ShannonBounds.C11R5D186.step_n9._native.native_decide.ax_1_4,
 ShannonBounds.C11R5D186.step_n9._native.native_decide.ax_1_5,
 ShannonBounds.C11R5D186.step_n9._native.native_decide.ax_1_6,
 ShannonBounds.C11R5D186.step_n9._native.native_decide.ax_1_7,
 ShannonBounds.C11R5D186.terminal_value._native.native_decide.ax_1_1,
 ShannonBounds.C11R5Tables.S_0058d965adce02f4._native.native_decide.ax_1,
 ShannonBounds.C11R5Tables.S_0058d965adce02f4._native.native_decide.ax_2,
 ShannonBounds.C11R5Tables.S_01f11d8929277edb._native.native_decide.ax_1,
 ShannonBounds.C11R5Tables.S_01f11d8929277edb._native.native_decide.ax_2,
 ShannonBounds.C11R5Tables.S_04339297651c9c49._native.native_decide.ax_1,
 ShannonBounds.C11R5Tables.S_04339297651c9c49._native.native_decide.ax_2,
 ShannonBounds.C11R5Tables.S_0ac0bf4804630912._native.native_decide.ax_1,
 ShannonBounds.C11R5Tables.S_0ac0bf4804630912._native.native_decide.ax_2,
 ShannonBounds.C11R5Tables.S_0c7cb632d1153343._native.native_decide.ax_1,
 ShannonBounds.C11R5Tables.S_0c7cb632d1153343._native.native_decide.ax_2,
 ShannonBounds.C11R5Tables.S_18277b0c484b4c41._native.native_decide.ax_1,
 ShannonBounds.C11R5Tables.S_18277b0c484b4c41._native.native_decide.ax_2,
 ShannonBounds.C11R5Tables.S_3daf90758a80fbb9._native.native_decide.ax_1,
 ShannonBounds.C11R5Tables.S_3daf90758a80fbb9._native.native_decide.ax_2,
 ShannonBounds.C11R5Tables.S_3e8694d6a5bfe173._native.native_decide.ax_1,
 ShannonBounds.C11R5Tables.S_3e8694d6a5bfe173._native.native_decide.ax_2,
 ShannonBounds.C11R5Tables.S_6859b0ec25991d42._native.native_decide.ax_1,
 ShannonBounds.C11R5Tables.S_6859b0ec25991d42._native.native_decide.ax_2,
 ShannonBounds.C11R5Tables.S_787c56f586779bfd._native.native_decide.ax_1,
 ShannonBounds.C11R5Tables.S_787c56f586779bfd._native.native_decide.ax_2,
 ShannonBounds.C11R5Tables.S_7b6c163f0dc4b608._native.native_decide.ax_1,
 ShannonBounds.C11R5Tables.S_7b6c163f0dc4b608._native.native_decide.ax_2,
 ShannonBounds.C11R5Tables.S_adfa0199080b0c49._native.native_decide.ax_1,
 ShannonBounds.C11R5Tables.S_e788020168e26abb._native.native_decide.ax_1,
 ShannonBounds.C11R5Tables.S_e788020168e26abb._native.native_decide.ax_2,
 ShannonBounds.C11R5Tables.S_e9ef2871c79d62be._native.native_decide.ax_1,
 ShannonBounds.C11R5Tables.S_e9ef2871c79d62be._native.native_decide.ax_2,
 ShannonBounds.C11R5Tables.S_f621e9dcab9f974c._native.native_decide.ax_1,
 ShannonBounds.C11R5Tables.S_f621e9dcab9f974c._native.native_decide.ax_2,
 ShannonBounds.C11R5Tables.S_f97d79adc1a9e27c._native.native_decide.ax_1,
 ShannonBounds.C11R5Tables.S_f97d79adc1a9e27c._native.native_decide.ax_2]
'R5_scope_bracket_186' depends on axioms: [propext,
 Classical.choice.{u},
 Quot.sound.{u},
 ShannonBounds.C11R5D186.decimal_lower_integer._native.native_decide.ax_1_1,
 ShannonBounds.C11R5D186.decimal_upper_integer._native.native_decide.ax_1_1]
'R5_scope_comparison_186_BPZ_207' depends on axioms: [propext,
 Classical.choice.{u},
 Quot.sound.{u},
 ShannonBounds.C11R5D186.cross_power_BPZ_207._native.native_decide.ax_1_1]
'R5_scope_comparison_186_R3_207' depends on axioms: [propext,
 Classical.choice.{u},
 Quot.sound.{u},
 ShannonBounds.C11R5D186.cross_power_R3_207._native.native_decide.ax_1_1]
'R5_scope_comparison_186_R4_201' depends on axioms: [propext,
 Classical.choice.{u},
 Quot.sound.{u},
 ShannonBounds.C11R5D186.cross_power_R4_201._native.native_decide.ax_1_1]
'R5_scope_comparison_186_R4_210' depends on axioms: [propext,
 Classical.choice.{u},
 Quot.sound.{u},
 ShannonBounds.C11R5D186.cross_power_R4_210._native.native_decide.ax_1_1]
'R5_scope_set_198' depends on axioms: [propext,
 Classical.choice.{u},
 Quot.sound.{u},
 ShannonBounds.BaseC11.IlenCheck._native.native_decide.ax_1_1,
 ShannonBounds.BaseC11.Iset._native.native_decide.ax_1,
 ShannonBounds.BaseC11.XcFalseLenCheck._native.native_decide.ax_1_1,
 ShannonBounds.BaseC11.XcTrueLenCheck._native.native_decide.ax_1_1,
 ShannonBounds.BaseC11.XlenCheck._native.native_decide.ax_1_1,
 ShannonBounds.BaseC11.Xset._native.native_decide.ax_1,
 ShannonBounds.BaseC11.altInjCheck._native.native_decide.ax_1_1,
 ShannonBounds.BaseC11.altNotCheck._native.native_decide.ax_1_1,
 ShannonBounds.BaseC11.epParentCheck._native.native_decide.ax_1_1,
 ShannonBounds.BaseC11.pFalseCheck._native.native_decide.ax_1_1,
 ShannonBounds.BaseC11.pTrueCheck._native.native_decide.ax_1_1,
 ShannonBounds.BaseC11.pairConflict._native.native_decide.ax_1_1,
 ShannonBounds.BaseC11.pairwiseOK_I._native.native_decide.ax_1_1,
 ShannonBounds.BaseC11.pairwiseOK_X._native.native_decide.ax_1_1,
 ShannonBounds.BaseC11.portsCheck._native.native_decide.ax_1_1,
 ShannonBounds.BaseC11.portsLenCheck._native.native_decide.ax_1_1,
 ShannonBounds.BaseC11.portsSet._native.native_decide.ax_1,
 ShannonBounds.BaseC11.privCheck._native.native_decide.ax_1_1,
 ShannonBounds.BaseC11.sconf_iff_conflict._native.native_decide.ax_1_1,
 ShannonBounds.BaseC11.sconf_refl._native.native_decide.ax_1_1,
 ShannonBounds.BaseC11.sconf_symm._native.native_decide.ax_1_1,
 ShannonBounds.BaseC11.sepCheck._native.native_decide.ax_1_1,
 ShannonBounds.C11R5D198.step_n1._native.native_decide.ax_1_1,
 ShannonBounds.C11R5D198.step_n1._native.native_decide.ax_1_2,
 ShannonBounds.C11R5D198.step_n1._native.native_decide.ax_1_3,
 ShannonBounds.C11R5D198.step_n1._native.native_decide.ax_1_4,
 ShannonBounds.C11R5D198.step_n1._native.native_decide.ax_1_5,
 ShannonBounds.C11R5D198.step_n1._native.native_decide.ax_1_6,
 ShannonBounds.C11R5D198.step_n1._native.native_decide.ax_1_7,
 ShannonBounds.C11R5D198.step_n10._native.native_decide.ax_1_1,
 ShannonBounds.C11R5D198.step_n10._native.native_decide.ax_1_2,
 ShannonBounds.C11R5D198.step_n10._native.native_decide.ax_1_3,
 ShannonBounds.C11R5D198.step_n10._native.native_decide.ax_1_4,
 ShannonBounds.C11R5D198.step_n10._native.native_decide.ax_1_5,
 ShannonBounds.C11R5D198.step_n10._native.native_decide.ax_1_6,
 ShannonBounds.C11R5D198.step_n10._native.native_decide.ax_1_7,
 ShannonBounds.C11R5D198.step_n11._native.native_decide.ax_1_1,
 ShannonBounds.C11R5D198.step_n11._native.native_decide.ax_1_2,
 ShannonBounds.C11R5D198.step_n11._native.native_decide.ax_1_3,
 ShannonBounds.C11R5D198.step_n11._native.native_decide.ax_1_4,
 ShannonBounds.C11R5D198.step_n11._native.native_decide.ax_1_5,
 ShannonBounds.C11R5D198.step_n11._native.native_decide.ax_1_6,
 ShannonBounds.C11R5D198.step_n11._native.native_decide.ax_1_7,
 ShannonBounds.C11R5D198.step_n12._native.native_decide.ax_1_1,
 ShannonBounds.C11R5D198.step_n12._native.native_decide.ax_1_2,
 ShannonBounds.C11R5D198.step_n12._native.native_decide.ax_1_3,
 ShannonBounds.C11R5D198.step_n12._native.native_decide.ax_1_4,
 ShannonBounds.C11R5D198.step_n12._native.native_decide.ax_1_5,
 ShannonBounds.C11R5D198.step_n12._native.native_decide.ax_1_6,
 ShannonBounds.C11R5D198.step_n12._native.native_decide.ax_1_7,
 ShannonBounds.C11R5D198.step_n13._native.native_decide.ax_1_1,
 ShannonBounds.C11R5D198.step_n13._native.native_decide.ax_1_2,
 ShannonBounds.C11R5D198.step_n13._native.native_decide.ax_1_3,
 ShannonBounds.C11R5D198.step_n13._native.native_decide.ax_1_4,
 ShannonBounds.C11R5D198.step_n13._native.native_decide.ax_1_5,
 ShannonBounds.C11R5D198.step_n13._native.native_decide.ax_1_6,
 ShannonBounds.C11R5D198.step_n13._native.native_decide.ax_1_7,
 ShannonBounds.C11R5D198.step_n14._native.native_decide.ax_1_1,
 ShannonBounds.C11R5D198.step_n14._native.native_decide.ax_1_2,
 ShannonBounds.C11R5D198.step_n14._native.native_decide.ax_1_3,
 ShannonBounds.C11R5D198.step_n14._native.native_decide.ax_1_4,
 ShannonBounds.C11R5D198.step_n14._native.native_decide.ax_1_5,
 ShannonBounds.C11R5D198.step_n14._native.native_decide.ax_1_6,
 ShannonBounds.C11R5D198.step_n14._native.native_decide.ax_1_7,
 ShannonBounds.C11R5D198.step_n15._native.native_decide.ax_1_1,
 ShannonBounds.C11R5D198.step_n15._native.native_decide.ax_1_2,
 ShannonBounds.C11R5D198.step_n15._native.native_decide.ax_1_3,
 ShannonBounds.C11R5D198.step_n15._native.native_decide.ax_1_4,
 ShannonBounds.C11R5D198.step_n15._native.native_decide.ax_1_5,
 ShannonBounds.C11R5D198.step_n15._native.native_decide.ax_1_6,
 ShannonBounds.C11R5D198.step_n15._native.native_decide.ax_1_7,
 ShannonBounds.C11R5D198.step_n16._native.native_decide.ax_1_1,
 ShannonBounds.C11R5D198.step_n16._native.native_decide.ax_1_2,
 ShannonBounds.C11R5D198.step_n16._native.native_decide.ax_1_3,
 ShannonBounds.C11R5D198.step_n16._native.native_decide.ax_1_4,
 ShannonBounds.C11R5D198.step_n16._native.native_decide.ax_1_5,
 ShannonBounds.C11R5D198.step_n16._native.native_decide.ax_1_6,
 ShannonBounds.C11R5D198.step_n16._native.native_decide.ax_1_7,
 ShannonBounds.C11R5D198.step_n17._native.native_decide.ax_1_1,
 ShannonBounds.C11R5D198.step_n17._native.native_decide.ax_1_2,
 ShannonBounds.C11R5D198.step_n17._native.native_decide.ax_1_3,
 ShannonBounds.C11R5D198.step_n17._native.native_decide.ax_1_4,
 ShannonBounds.C11R5D198.step_n17._native.native_decide.ax_1_5,
 ShannonBounds.C11R5D198.step_n17._native.native_decide.ax_1_6,
 ShannonBounds.C11R5D198.step_n17._native.native_decide.ax_1_7,
 ShannonBounds.C11R5D198.step_n18._native.native_decide.ax_1_1,
 ShannonBounds.C11R5D198.step_n18._native.native_decide.ax_1_2,
 ShannonBounds.C11R5D198.step_n18._native.native_decide.ax_1_3,
 ShannonBounds.C11R5D198.step_n18._native.native_decide.ax_1_4,
 ShannonBounds.C11R5D198.step_n18._native.native_decide.ax_1_5,
 ShannonBounds.C11R5D198.step_n18._native.native_decide.ax_1_6,
 ShannonBounds.C11R5D198.step_n18._native.native_decide.ax_1_7,
 ShannonBounds.C11R5D198.step_n19._native.native_decide.ax_1_1,
 ShannonBounds.C11R5D198.step_n19._native.native_decide.ax_1_2,
 ShannonBounds.C11R5D198.step_n19._native.native_decide.ax_1_3,
 ShannonBounds.C11R5D198.step_n19._native.native_decide.ax_1_4,
 ShannonBounds.C11R5D198.step_n19._native.native_decide.ax_1_5,
 ShannonBounds.C11R5D198.step_n19._native.native_decide.ax_1_6,
 ShannonBounds.C11R5D198.step_n19._native.native_decide.ax_1_7,
 ShannonBounds.C11R5D198.step_n2._native.native_decide.ax_1_1,
 ShannonBounds.C11R5D198.step_n2._native.native_decide.ax_1_2,
 ShannonBounds.C11R5D198.step_n2._native.native_decide.ax_1_3,
 ShannonBounds.C11R5D198.step_n2._native.native_decide.ax_1_4,
 ShannonBounds.C11R5D198.step_n2._native.native_decide.ax_1_5,
 ShannonBounds.C11R5D198.step_n2._native.native_decide.ax_1_6,
 ShannonBounds.C11R5D198.step_n2._native.native_decide.ax_1_7,
 ShannonBounds.C11R5D198.step_n20._native.native_decide.ax_1_1,
 ShannonBounds.C11R5D198.step_n20._native.native_decide.ax_1_2,
 ShannonBounds.C11R5D198.step_n20._native.native_decide.ax_1_3,
 ShannonBounds.C11R5D198.step_n20._native.native_decide.ax_1_4,
 ShannonBounds.C11R5D198.step_n20._native.native_decide.ax_1_5,
 ShannonBounds.C11R5D198.step_n20._native.native_decide.ax_1_6,
 ShannonBounds.C11R5D198.step_n20._native.native_decide.ax_1_7,
 ShannonBounds.C11R5D198.step_n21._native.native_decide.ax_1_1,
 ShannonBounds.C11R5D198.step_n21._native.native_decide.ax_1_2,
 ShannonBounds.C11R5D198.step_n21._native.native_decide.ax_1_3,
 ShannonBounds.C11R5D198.step_n21._native.native_decide.ax_1_4,
 ShannonBounds.C11R5D198.step_n21._native.native_decide.ax_1_5,
 ShannonBounds.C11R5D198.step_n21._native.native_decide.ax_1_6,
 ShannonBounds.C11R5D198.step_n21._native.native_decide.ax_1_7,
 ShannonBounds.C11R5D198.step_n22._native.native_decide.ax_1_1,
 ShannonBounds.C11R5D198.step_n22._native.native_decide.ax_1_2,
 ShannonBounds.C11R5D198.step_n22._native.native_decide.ax_1_3,
 ShannonBounds.C11R5D198.step_n22._native.native_decide.ax_1_4,
 ShannonBounds.C11R5D198.step_n22._native.native_decide.ax_1_5,
 ShannonBounds.C11R5D198.step_n22._native.native_decide.ax_1_6,
 ShannonBounds.C11R5D198.step_n22._native.native_decide.ax_1_7,
 ShannonBounds.C11R5D198.step_n23._native.native_decide.ax_1_1,
 ShannonBounds.C11R5D198.step_n23._native.native_decide.ax_1_2,
 ShannonBounds.C11R5D198.step_n23._native.native_decide.ax_1_3,
 ShannonBounds.C11R5D198.step_n23._native.native_decide.ax_1_4,
 ShannonBounds.C11R5D198.step_n23._native.native_decide.ax_1_5,
 ShannonBounds.C11R5D198.step_n23._native.native_decide.ax_1_6,
 ShannonBounds.C11R5D198.step_n23._native.native_decide.ax_1_7,
 ShannonBounds.C11R5D198.step_n24._native.native_decide.ax_1_1,
 ShannonBounds.C11R5D198.step_n24._native.native_decide.ax_1_2,
 ShannonBounds.C11R5D198.step_n24._native.native_decide.ax_1_3,
 ShannonBounds.C11R5D198.step_n24._native.native_decide.ax_1_4,
 ShannonBounds.C11R5D198.step_n24._native.native_decide.ax_1_5,
 ShannonBounds.C11R5D198.step_n24._native.native_decide.ax_1_6,
 ShannonBounds.C11R5D198.step_n24._native.native_decide.ax_1_7,
 ShannonBounds.C11R5D198.step_n25._native.native_decide.ax_1_1,
 ShannonBounds.C11R5D198.step_n25._native.native_decide.ax_1_2,
 ShannonBounds.C11R5D198.step_n25._native.native_decide.ax_1_3,
 ShannonBounds.C11R5D198.step_n25._native.native_decide.ax_1_4,
 ShannonBounds.C11R5D198.step_n25._native.native_decide.ax_1_5,
 ShannonBounds.C11R5D198.step_n25._native.native_decide.ax_1_6,
 ShannonBounds.C11R5D198.step_n25._native.native_decide.ax_1_7,
 ShannonBounds.C11R5D198.step_n26._native.native_decide.ax_1_1,
 ShannonBounds.C11R5D198.step_n26._native.native_decide.ax_1_2,
 ShannonBounds.C11R5D198.step_n26._native.native_decide.ax_1_3,
 ShannonBounds.C11R5D198.step_n26._native.native_decide.ax_1_4,
 ShannonBounds.C11R5D198.step_n26._native.native_decide.ax_1_5,
 ShannonBounds.C11R5D198.step_n26._native.native_decide.ax_1_6,
 ShannonBounds.C11R5D198.step_n26._native.native_decide.ax_1_7,
 ShannonBounds.C11R5D198.step_n27._native.native_decide.ax_1_1,
 ShannonBounds.C11R5D198.step_n27._native.native_decide.ax_1_2,
 ShannonBounds.C11R5D198.step_n27._native.native_decide.ax_1_3,
 ShannonBounds.C11R5D198.step_n27._native.native_decide.ax_1_4,
 ShannonBounds.C11R5D198.step_n27._native.native_decide.ax_1_5,
 ShannonBounds.C11R5D198.step_n27._native.native_decide.ax_1_6,
 ShannonBounds.C11R5D198.step_n27._native.native_decide.ax_1_7,
 ShannonBounds.C11R5D198.step_n28._native.native_decide.ax_1_1,
 ShannonBounds.C11R5D198.step_n28._native.native_decide.ax_1_2,
 ShannonBounds.C11R5D198.step_n28._native.native_decide.ax_1_3,
 ShannonBounds.C11R5D198.step_n28._native.native_decide.ax_1_4,
 ShannonBounds.C11R5D198.step_n28._native.native_decide.ax_1_5,
 ShannonBounds.C11R5D198.step_n28._native.native_decide.ax_1_6,
 ShannonBounds.C11R5D198.step_n28._native.native_decide.ax_1_7,
 ShannonBounds.C11R5D198.step_n29._native.native_decide.ax_1_1,
 ShannonBounds.C11R5D198.step_n29._native.native_decide.ax_1_2,
 ShannonBounds.C11R5D198.step_n29._native.native_decide.ax_1_3,
 ShannonBounds.C11R5D198.step_n29._native.native_decide.ax_1_4,
 ShannonBounds.C11R5D198.step_n29._native.native_decide.ax_1_5,
 ShannonBounds.C11R5D198.step_n29._native.native_decide.ax_1_6,
 ShannonBounds.C11R5D198.step_n29._native.native_decide.ax_1_7,
 ShannonBounds.C11R5D198.step_n3._native.native_decide.ax_1_1,
 ShannonBounds.C11R5D198.step_n3._native.native_decide.ax_1_2,
 ShannonBounds.C11R5D198.step_n3._native.native_decide.ax_1_3,
 ShannonBounds.C11R5D198.step_n3._native.native_decide.ax_1_4,
 ShannonBounds.C11R5D198.step_n3._native.native_decide.ax_1_5,
 ShannonBounds.C11R5D198.step_n3._native.native_decide.ax_1_6,
 ShannonBounds.C11R5D198.step_n3._native.native_decide.ax_1_7,
 ShannonBounds.C11R5D198.step_n4._native.native_decide.ax_1_1,
 ShannonBounds.C11R5D198.step_n4._native.native_decide.ax_1_2,
 ShannonBounds.C11R5D198.step_n4._native.native_decide.ax_1_3,
 ShannonBounds.C11R5D198.step_n4._native.native_decide.ax_1_4,
 ShannonBounds.C11R5D198.step_n4._native.native_decide.ax_1_5,
 ShannonBounds.C11R5D198.step_n4._native.native_decide.ax_1_6,
 ShannonBounds.C11R5D198.step_n4._native.native_decide.ax_1_7,
 ShannonBounds.C11R5D198.step_n5._native.native_decide.ax_1_1,
 ShannonBounds.C11R5D198.step_n5._native.native_decide.ax_1_2,
 ShannonBounds.C11R5D198.step_n5._native.native_decide.ax_1_3,
 ShannonBounds.C11R5D198.step_n5._native.native_decide.ax_1_4,
 ShannonBounds.C11R5D198.step_n5._native.native_decide.ax_1_5,
 ShannonBounds.C11R5D198.step_n5._native.native_decide.ax_1_6,
 ShannonBounds.C11R5D198.step_n5._native.native_decide.ax_1_7,
 ShannonBounds.C11R5D198.step_n6._native.native_decide.ax_1_1,
 ShannonBounds.C11R5D198.step_n6._native.native_decide.ax_1_2,
 ShannonBounds.C11R5D198.step_n6._native.native_decide.ax_1_3,
 ShannonBounds.C11R5D198.step_n6._native.native_decide.ax_1_4,
 ShannonBounds.C11R5D198.step_n6._native.native_decide.ax_1_5,
 ShannonBounds.C11R5D198.step_n6._native.native_decide.ax_1_6,
 ShannonBounds.C11R5D198.step_n6._native.native_decide.ax_1_7,
 ShannonBounds.C11R5D198.step_n7._native.native_decide.ax_1_1,
 ShannonBounds.C11R5D198.step_n7._native.native_decide.ax_1_2,
 ShannonBounds.C11R5D198.step_n7._native.native_decide.ax_1_3,
 ShannonBounds.C11R5D198.step_n7._native.native_decide.ax_1_4,
 ShannonBounds.C11R5D198.step_n7._native.native_decide.ax_1_5,
 ShannonBounds.C11R5D198.step_n7._native.native_decide.ax_1_6,
 ShannonBounds.C11R5D198.step_n7._native.native_decide.ax_1_7,
 ShannonBounds.C11R5D198.step_n8._native.native_decide.ax_1_1,
 ShannonBounds.C11R5D198.step_n8._native.native_decide.ax_1_2,
 ShannonBounds.C11R5D198.step_n8._native.native_decide.ax_1_3,
 ShannonBounds.C11R5D198.step_n8._native.native_decide.ax_1_4,
 ShannonBounds.C11R5D198.step_n8._native.native_decide.ax_1_5,
 ShannonBounds.C11R5D198.step_n8._native.native_decide.ax_1_6,
 ShannonBounds.C11R5D198.step_n8._native.native_decide.ax_1_7,
 ShannonBounds.C11R5D198.step_n9._native.native_decide.ax_1_1,
 ShannonBounds.C11R5D198.step_n9._native.native_decide.ax_1_2,
 ShannonBounds.C11R5D198.step_n9._native.native_decide.ax_1_3,
 ShannonBounds.C11R5D198.step_n9._native.native_decide.ax_1_4,
 ShannonBounds.C11R5D198.step_n9._native.native_decide.ax_1_5,
 ShannonBounds.C11R5D198.step_n9._native.native_decide.ax_1_6,
 ShannonBounds.C11R5D198.step_n9._native.native_decide.ax_1_7,
 ShannonBounds.C11R5D198.terminal_value._native.native_decide.ax_1_1,
 ShannonBounds.C11R5Tables.S_0058d965adce02f4._native.native_decide.ax_1,
 ShannonBounds.C11R5Tables.S_0058d965adce02f4._native.native_decide.ax_2,
 ShannonBounds.C11R5Tables.S_04339297651c9c49._native.native_decide.ax_1,
 ShannonBounds.C11R5Tables.S_04339297651c9c49._native.native_decide.ax_2,
 ShannonBounds.C11R5Tables.S_18277b0c484b4c41._native.native_decide.ax_1,
 ShannonBounds.C11R5Tables.S_18277b0c484b4c41._native.native_decide.ax_2,
 ShannonBounds.C11R5Tables.S_313b085cba4d0ce6._native.native_decide.ax_1,
 ShannonBounds.C11R5Tables.S_31d500a381a04d9a._native.native_decide.ax_1,
 ShannonBounds.C11R5Tables.S_31d500a381a04d9a._native.native_decide.ax_2,
 ShannonBounds.C11R5Tables.S_36518f191584a644._native.native_decide.ax_1,
 ShannonBounds.C11R5Tables.S_36518f191584a644._native.native_decide.ax_2,
 ShannonBounds.C11R5Tables.S_3b145410351af05c._native.native_decide.ax_1,
 ShannonBounds.C11R5Tables.S_3b145410351af05c._native.native_decide.ax_2,
 ShannonBounds.C11R5Tables.S_3daf90758a80fbb9._native.native_decide.ax_1,
 ShannonBounds.C11R5Tables.S_3daf90758a80fbb9._native.native_decide.ax_2,
 ShannonBounds.C11R5Tables.S_3e8694d6a5bfe173._native.native_decide.ax_1,
 ShannonBounds.C11R5Tables.S_3e8694d6a5bfe173._native.native_decide.ax_2,
 ShannonBounds.C11R5Tables.S_59b3ea5954777333._native.native_decide.ax_1,
 ShannonBounds.C11R5Tables.S_59b3ea5954777333._native.native_decide.ax_2,
 ShannonBounds.C11R5Tables.S_6356700cb05251b5._native.native_decide.ax_1,
 ShannonBounds.C11R5Tables.S_6356700cb05251b5._native.native_decide.ax_2,
 ShannonBounds.C11R5Tables.S_660b0244997e1b9c._native.native_decide.ax_1,
 ShannonBounds.C11R5Tables.S_660b0244997e1b9c._native.native_decide.ax_2,
 ShannonBounds.C11R5Tables.S_6859b0ec25991d42._native.native_decide.ax_1,
 ShannonBounds.C11R5Tables.S_6859b0ec25991d42._native.native_decide.ax_2,
 ShannonBounds.C11R5Tables.S_7b6c163f0dc4b608._native.native_decide.ax_1,
 ShannonBounds.C11R5Tables.S_7b6c163f0dc4b608._native.native_decide.ax_2,
 ShannonBounds.C11R5Tables.S_a41106e52a48b9a6._native.native_decide.ax_1,
 ShannonBounds.C11R5Tables.S_a41106e52a48b9a6._native.native_decide.ax_2,
 ShannonBounds.C11R5Tables.S_b014d29111062762._native.native_decide.ax_1,
 ShannonBounds.C11R5Tables.S_b014d29111062762._native.native_decide.ax_2,
 ShannonBounds.C11R5Tables.S_cd41b86686c50a10._native.native_decide.ax_1,
 ShannonBounds.C11R5Tables.S_cd41b86686c50a10._native.native_decide.ax_2,
 ShannonBounds.C11R5Tables.S_e620baced0654ce9._native.native_decide.ax_1,
 ShannonBounds.C11R5Tables.S_e620baced0654ce9._native.native_decide.ax_2,
 ShannonBounds.C11R5Tables.S_e788020168e26abb._native.native_decide.ax_1,
 ShannonBounds.C11R5Tables.S_e788020168e26abb._native.native_decide.ax_2,
 ShannonBounds.C11R5Tables.S_e9ef2871c79d62be._native.native_decide.ax_1,
 ShannonBounds.C11R5Tables.S_e9ef2871c79d62be._native.native_decide.ax_2]
'R5_scope_capacity_198' depends on axioms: [propext,
 Classical.choice.{u},
 Quot.sound.{u},
 ShannonBounds.BaseC11.IlenCheck._native.native_decide.ax_1_1,
 ShannonBounds.BaseC11.Iset._native.native_decide.ax_1,
 ShannonBounds.BaseC11.XcFalseLenCheck._native.native_decide.ax_1_1,
 ShannonBounds.BaseC11.XcTrueLenCheck._native.native_decide.ax_1_1,
 ShannonBounds.BaseC11.XlenCheck._native.native_decide.ax_1_1,
 ShannonBounds.BaseC11.Xset._native.native_decide.ax_1,
 ShannonBounds.BaseC11.altInjCheck._native.native_decide.ax_1_1,
 ShannonBounds.BaseC11.altNotCheck._native.native_decide.ax_1_1,
 ShannonBounds.BaseC11.epParentCheck._native.native_decide.ax_1_1,
 ShannonBounds.BaseC11.pFalseCheck._native.native_decide.ax_1_1,
 ShannonBounds.BaseC11.pTrueCheck._native.native_decide.ax_1_1,
 ShannonBounds.BaseC11.pairConflict._native.native_decide.ax_1_1,
 ShannonBounds.BaseC11.pairwiseOK_I._native.native_decide.ax_1_1,
 ShannonBounds.BaseC11.pairwiseOK_X._native.native_decide.ax_1_1,
 ShannonBounds.BaseC11.portsCheck._native.native_decide.ax_1_1,
 ShannonBounds.BaseC11.portsLenCheck._native.native_decide.ax_1_1,
 ShannonBounds.BaseC11.portsSet._native.native_decide.ax_1,
 ShannonBounds.BaseC11.privCheck._native.native_decide.ax_1_1,
 ShannonBounds.BaseC11.sconf_iff_conflict._native.native_decide.ax_1_1,
 ShannonBounds.BaseC11.sconf_refl._native.native_decide.ax_1_1,
 ShannonBounds.BaseC11.sconf_symm._native.native_decide.ax_1_1,
 ShannonBounds.BaseC11.sepCheck._native.native_decide.ax_1_1,
 ShannonBounds.C11R5D198.decimal_lower_integer._native.native_decide.ax_1_1,
 ShannonBounds.C11R5D198.decimal_upper_integer._native.native_decide.ax_1_1,
 ShannonBounds.C11R5D198.step_n1._native.native_decide.ax_1_1,
 ShannonBounds.C11R5D198.step_n1._native.native_decide.ax_1_2,
 ShannonBounds.C11R5D198.step_n1._native.native_decide.ax_1_3,
 ShannonBounds.C11R5D198.step_n1._native.native_decide.ax_1_4,
 ShannonBounds.C11R5D198.step_n1._native.native_decide.ax_1_5,
 ShannonBounds.C11R5D198.step_n1._native.native_decide.ax_1_6,
 ShannonBounds.C11R5D198.step_n1._native.native_decide.ax_1_7,
 ShannonBounds.C11R5D198.step_n10._native.native_decide.ax_1_1,
 ShannonBounds.C11R5D198.step_n10._native.native_decide.ax_1_2,
 ShannonBounds.C11R5D198.step_n10._native.native_decide.ax_1_3,
 ShannonBounds.C11R5D198.step_n10._native.native_decide.ax_1_4,
 ShannonBounds.C11R5D198.step_n10._native.native_decide.ax_1_5,
 ShannonBounds.C11R5D198.step_n10._native.native_decide.ax_1_6,
 ShannonBounds.C11R5D198.step_n10._native.native_decide.ax_1_7,
 ShannonBounds.C11R5D198.step_n11._native.native_decide.ax_1_1,
 ShannonBounds.C11R5D198.step_n11._native.native_decide.ax_1_2,
 ShannonBounds.C11R5D198.step_n11._native.native_decide.ax_1_3,
 ShannonBounds.C11R5D198.step_n11._native.native_decide.ax_1_4,
 ShannonBounds.C11R5D198.step_n11._native.native_decide.ax_1_5,
 ShannonBounds.C11R5D198.step_n11._native.native_decide.ax_1_6,
 ShannonBounds.C11R5D198.step_n11._native.native_decide.ax_1_7,
 ShannonBounds.C11R5D198.step_n12._native.native_decide.ax_1_1,
 ShannonBounds.C11R5D198.step_n12._native.native_decide.ax_1_2,
 ShannonBounds.C11R5D198.step_n12._native.native_decide.ax_1_3,
 ShannonBounds.C11R5D198.step_n12._native.native_decide.ax_1_4,
 ShannonBounds.C11R5D198.step_n12._native.native_decide.ax_1_5,
 ShannonBounds.C11R5D198.step_n12._native.native_decide.ax_1_6,
 ShannonBounds.C11R5D198.step_n12._native.native_decide.ax_1_7,
 ShannonBounds.C11R5D198.step_n13._native.native_decide.ax_1_1,
 ShannonBounds.C11R5D198.step_n13._native.native_decide.ax_1_2,
 ShannonBounds.C11R5D198.step_n13._native.native_decide.ax_1_3,
 ShannonBounds.C11R5D198.step_n13._native.native_decide.ax_1_4,
 ShannonBounds.C11R5D198.step_n13._native.native_decide.ax_1_5,
 ShannonBounds.C11R5D198.step_n13._native.native_decide.ax_1_6,
 ShannonBounds.C11R5D198.step_n13._native.native_decide.ax_1_7,
 ShannonBounds.C11R5D198.step_n14._native.native_decide.ax_1_1,
 ShannonBounds.C11R5D198.step_n14._native.native_decide.ax_1_2,
 ShannonBounds.C11R5D198.step_n14._native.native_decide.ax_1_3,
 ShannonBounds.C11R5D198.step_n14._native.native_decide.ax_1_4,
 ShannonBounds.C11R5D198.step_n14._native.native_decide.ax_1_5,
 ShannonBounds.C11R5D198.step_n14._native.native_decide.ax_1_6,
 ShannonBounds.C11R5D198.step_n14._native.native_decide.ax_1_7,
 ShannonBounds.C11R5D198.step_n15._native.native_decide.ax_1_1,
 ShannonBounds.C11R5D198.step_n15._native.native_decide.ax_1_2,
 ShannonBounds.C11R5D198.step_n15._native.native_decide.ax_1_3,
 ShannonBounds.C11R5D198.step_n15._native.native_decide.ax_1_4,
 ShannonBounds.C11R5D198.step_n15._native.native_decide.ax_1_5,
 ShannonBounds.C11R5D198.step_n15._native.native_decide.ax_1_6,
 ShannonBounds.C11R5D198.step_n15._native.native_decide.ax_1_7,
 ShannonBounds.C11R5D198.step_n16._native.native_decide.ax_1_1,
 ShannonBounds.C11R5D198.step_n16._native.native_decide.ax_1_2,
 ShannonBounds.C11R5D198.step_n16._native.native_decide.ax_1_3,
 ShannonBounds.C11R5D198.step_n16._native.native_decide.ax_1_4,
 ShannonBounds.C11R5D198.step_n16._native.native_decide.ax_1_5,
 ShannonBounds.C11R5D198.step_n16._native.native_decide.ax_1_6,
 ShannonBounds.C11R5D198.step_n16._native.native_decide.ax_1_7,
 ShannonBounds.C11R5D198.step_n17._native.native_decide.ax_1_1,
 ShannonBounds.C11R5D198.step_n17._native.native_decide.ax_1_2,
 ShannonBounds.C11R5D198.step_n17._native.native_decide.ax_1_3,
 ShannonBounds.C11R5D198.step_n17._native.native_decide.ax_1_4,
 ShannonBounds.C11R5D198.step_n17._native.native_decide.ax_1_5,
 ShannonBounds.C11R5D198.step_n17._native.native_decide.ax_1_6,
 ShannonBounds.C11R5D198.step_n17._native.native_decide.ax_1_7,
 ShannonBounds.C11R5D198.step_n18._native.native_decide.ax_1_1,
 ShannonBounds.C11R5D198.step_n18._native.native_decide.ax_1_2,
 ShannonBounds.C11R5D198.step_n18._native.native_decide.ax_1_3,
 ShannonBounds.C11R5D198.step_n18._native.native_decide.ax_1_4,
 ShannonBounds.C11R5D198.step_n18._native.native_decide.ax_1_5,
 ShannonBounds.C11R5D198.step_n18._native.native_decide.ax_1_6,
 ShannonBounds.C11R5D198.step_n18._native.native_decide.ax_1_7,
 ShannonBounds.C11R5D198.step_n19._native.native_decide.ax_1_1,
 ShannonBounds.C11R5D198.step_n19._native.native_decide.ax_1_2,
 ShannonBounds.C11R5D198.step_n19._native.native_decide.ax_1_3,
 ShannonBounds.C11R5D198.step_n19._native.native_decide.ax_1_4,
 ShannonBounds.C11R5D198.step_n19._native.native_decide.ax_1_5,
 ShannonBounds.C11R5D198.step_n19._native.native_decide.ax_1_6,
 ShannonBounds.C11R5D198.step_n19._native.native_decide.ax_1_7,
 ShannonBounds.C11R5D198.step_n2._native.native_decide.ax_1_1,
 ShannonBounds.C11R5D198.step_n2._native.native_decide.ax_1_2,
 ShannonBounds.C11R5D198.step_n2._native.native_decide.ax_1_3,
 ShannonBounds.C11R5D198.step_n2._native.native_decide.ax_1_4,
 ShannonBounds.C11R5D198.step_n2._native.native_decide.ax_1_5,
 ShannonBounds.C11R5D198.step_n2._native.native_decide.ax_1_6,
 ShannonBounds.C11R5D198.step_n2._native.native_decide.ax_1_7,
 ShannonBounds.C11R5D198.step_n20._native.native_decide.ax_1_1,
 ShannonBounds.C11R5D198.step_n20._native.native_decide.ax_1_2,
 ShannonBounds.C11R5D198.step_n20._native.native_decide.ax_1_3,
 ShannonBounds.C11R5D198.step_n20._native.native_decide.ax_1_4,
 ShannonBounds.C11R5D198.step_n20._native.native_decide.ax_1_5,
 ShannonBounds.C11R5D198.step_n20._native.native_decide.ax_1_6,
 ShannonBounds.C11R5D198.step_n20._native.native_decide.ax_1_7,
 ShannonBounds.C11R5D198.step_n21._native.native_decide.ax_1_1,
 ShannonBounds.C11R5D198.step_n21._native.native_decide.ax_1_2,
 ShannonBounds.C11R5D198.step_n21._native.native_decide.ax_1_3,
 ShannonBounds.C11R5D198.step_n21._native.native_decide.ax_1_4,
 ShannonBounds.C11R5D198.step_n21._native.native_decide.ax_1_5,
 ShannonBounds.C11R5D198.step_n21._native.native_decide.ax_1_6,
 ShannonBounds.C11R5D198.step_n21._native.native_decide.ax_1_7,
 ShannonBounds.C11R5D198.step_n22._native.native_decide.ax_1_1,
 ShannonBounds.C11R5D198.step_n22._native.native_decide.ax_1_2,
 ShannonBounds.C11R5D198.step_n22._native.native_decide.ax_1_3,
 ShannonBounds.C11R5D198.step_n22._native.native_decide.ax_1_4,
 ShannonBounds.C11R5D198.step_n22._native.native_decide.ax_1_5,
 ShannonBounds.C11R5D198.step_n22._native.native_decide.ax_1_6,
 ShannonBounds.C11R5D198.step_n22._native.native_decide.ax_1_7,
 ShannonBounds.C11R5D198.step_n23._native.native_decide.ax_1_1,
 ShannonBounds.C11R5D198.step_n23._native.native_decide.ax_1_2,
 ShannonBounds.C11R5D198.step_n23._native.native_decide.ax_1_3,
 ShannonBounds.C11R5D198.step_n23._native.native_decide.ax_1_4,
 ShannonBounds.C11R5D198.step_n23._native.native_decide.ax_1_5,
 ShannonBounds.C11R5D198.step_n23._native.native_decide.ax_1_6,
 ShannonBounds.C11R5D198.step_n23._native.native_decide.ax_1_7,
 ShannonBounds.C11R5D198.step_n24._native.native_decide.ax_1_1,
 ShannonBounds.C11R5D198.step_n24._native.native_decide.ax_1_2,
 ShannonBounds.C11R5D198.step_n24._native.native_decide.ax_1_3,
 ShannonBounds.C11R5D198.step_n24._native.native_decide.ax_1_4,
 ShannonBounds.C11R5D198.step_n24._native.native_decide.ax_1_5,
 ShannonBounds.C11R5D198.step_n24._native.native_decide.ax_1_6,
 ShannonBounds.C11R5D198.step_n24._native.native_decide.ax_1_7,
 ShannonBounds.C11R5D198.step_n25._native.native_decide.ax_1_1,
 ShannonBounds.C11R5D198.step_n25._native.native_decide.ax_1_2,
 ShannonBounds.C11R5D198.step_n25._native.native_decide.ax_1_3,
 ShannonBounds.C11R5D198.step_n25._native.native_decide.ax_1_4,
 ShannonBounds.C11R5D198.step_n25._native.native_decide.ax_1_5,
 ShannonBounds.C11R5D198.step_n25._native.native_decide.ax_1_6,
 ShannonBounds.C11R5D198.step_n25._native.native_decide.ax_1_7,
 ShannonBounds.C11R5D198.step_n26._native.native_decide.ax_1_1,
 ShannonBounds.C11R5D198.step_n26._native.native_decide.ax_1_2,
 ShannonBounds.C11R5D198.step_n26._native.native_decide.ax_1_3,
 ShannonBounds.C11R5D198.step_n26._native.native_decide.ax_1_4,
 ShannonBounds.C11R5D198.step_n26._native.native_decide.ax_1_5,
 ShannonBounds.C11R5D198.step_n26._native.native_decide.ax_1_6,
 ShannonBounds.C11R5D198.step_n26._native.native_decide.ax_1_7,
 ShannonBounds.C11R5D198.step_n27._native.native_decide.ax_1_1,
 ShannonBounds.C11R5D198.step_n27._native.native_decide.ax_1_2,
 ShannonBounds.C11R5D198.step_n27._native.native_decide.ax_1_3,
 ShannonBounds.C11R5D198.step_n27._native.native_decide.ax_1_4,
 ShannonBounds.C11R5D198.step_n27._native.native_decide.ax_1_5,
 ShannonBounds.C11R5D198.step_n27._native.native_decide.ax_1_6,
 ShannonBounds.C11R5D198.step_n27._native.native_decide.ax_1_7,
 ShannonBounds.C11R5D198.step_n28._native.native_decide.ax_1_1,
 ShannonBounds.C11R5D198.step_n28._native.native_decide.ax_1_2,
 ShannonBounds.C11R5D198.step_n28._native.native_decide.ax_1_3,
 ShannonBounds.C11R5D198.step_n28._native.native_decide.ax_1_4,
 ShannonBounds.C11R5D198.step_n28._native.native_decide.ax_1_5,
 ShannonBounds.C11R5D198.step_n28._native.native_decide.ax_1_6,
 ShannonBounds.C11R5D198.step_n28._native.native_decide.ax_1_7,
 ShannonBounds.C11R5D198.step_n29._native.native_decide.ax_1_1,
 ShannonBounds.C11R5D198.step_n29._native.native_decide.ax_1_2,
 ShannonBounds.C11R5D198.step_n29._native.native_decide.ax_1_3,
 ShannonBounds.C11R5D198.step_n29._native.native_decide.ax_1_4,
 ShannonBounds.C11R5D198.step_n29._native.native_decide.ax_1_5,
 ShannonBounds.C11R5D198.step_n29._native.native_decide.ax_1_6,
 ShannonBounds.C11R5D198.step_n29._native.native_decide.ax_1_7,
 ShannonBounds.C11R5D198.step_n3._native.native_decide.ax_1_1,
 ShannonBounds.C11R5D198.step_n3._native.native_decide.ax_1_2,
 ShannonBounds.C11R5D198.step_n3._native.native_decide.ax_1_3,
 ShannonBounds.C11R5D198.step_n3._native.native_decide.ax_1_4,
 ShannonBounds.C11R5D198.step_n3._native.native_decide.ax_1_5,
 ShannonBounds.C11R5D198.step_n3._native.native_decide.ax_1_6,
 ShannonBounds.C11R5D198.step_n3._native.native_decide.ax_1_7,
 ShannonBounds.C11R5D198.step_n4._native.native_decide.ax_1_1,
 ShannonBounds.C11R5D198.step_n4._native.native_decide.ax_1_2,
 ShannonBounds.C11R5D198.step_n4._native.native_decide.ax_1_3,
 ShannonBounds.C11R5D198.step_n4._native.native_decide.ax_1_4,
 ShannonBounds.C11R5D198.step_n4._native.native_decide.ax_1_5,
 ShannonBounds.C11R5D198.step_n4._native.native_decide.ax_1_6,
 ShannonBounds.C11R5D198.step_n4._native.native_decide.ax_1_7,
 ShannonBounds.C11R5D198.step_n5._native.native_decide.ax_1_1,
 ShannonBounds.C11R5D198.step_n5._native.native_decide.ax_1_2,
 ShannonBounds.C11R5D198.step_n5._native.native_decide.ax_1_3,
 ShannonBounds.C11R5D198.step_n5._native.native_decide.ax_1_4,
 ShannonBounds.C11R5D198.step_n5._native.native_decide.ax_1_5,
 ShannonBounds.C11R5D198.step_n5._native.native_decide.ax_1_6,
 ShannonBounds.C11R5D198.step_n5._native.native_decide.ax_1_7,
 ShannonBounds.C11R5D198.step_n6._native.native_decide.ax_1_1,
 ShannonBounds.C11R5D198.step_n6._native.native_decide.ax_1_2,
 ShannonBounds.C11R5D198.step_n6._native.native_decide.ax_1_3,
 ShannonBounds.C11R5D198.step_n6._native.native_decide.ax_1_4,
 ShannonBounds.C11R5D198.step_n6._native.native_decide.ax_1_5,
 ShannonBounds.C11R5D198.step_n6._native.native_decide.ax_1_6,
 ShannonBounds.C11R5D198.step_n6._native.native_decide.ax_1_7,
 ShannonBounds.C11R5D198.step_n7._native.native_decide.ax_1_1,
 ShannonBounds.C11R5D198.step_n7._native.native_decide.ax_1_2,
 ShannonBounds.C11R5D198.step_n7._native.native_decide.ax_1_3,
 ShannonBounds.C11R5D198.step_n7._native.native_decide.ax_1_4,
 ShannonBounds.C11R5D198.step_n7._native.native_decide.ax_1_5,
 ShannonBounds.C11R5D198.step_n7._native.native_decide.ax_1_6,
 ShannonBounds.C11R5D198.step_n7._native.native_decide.ax_1_7,
 ShannonBounds.C11R5D198.step_n8._native.native_decide.ax_1_1,
 ShannonBounds.C11R5D198.step_n8._native.native_decide.ax_1_2,
 ShannonBounds.C11R5D198.step_n8._native.native_decide.ax_1_3,
 ShannonBounds.C11R5D198.step_n8._native.native_decide.ax_1_4,
 ShannonBounds.C11R5D198.step_n8._native.native_decide.ax_1_5,
 ShannonBounds.C11R5D198.step_n8._native.native_decide.ax_1_6,
 ShannonBounds.C11R5D198.step_n8._native.native_decide.ax_1_7,
 ShannonBounds.C11R5D198.step_n9._native.native_decide.ax_1_1,
 ShannonBounds.C11R5D198.step_n9._native.native_decide.ax_1_2,
 ShannonBounds.C11R5D198.step_n9._native.native_decide.ax_1_3,
 ShannonBounds.C11R5D198.step_n9._native.native_decide.ax_1_4,
 ShannonBounds.C11R5D198.step_n9._native.native_decide.ax_1_5,
 ShannonBounds.C11R5D198.step_n9._native.native_decide.ax_1_6,
 ShannonBounds.C11R5D198.step_n9._native.native_decide.ax_1_7,
 ShannonBounds.C11R5D198.terminal_value._native.native_decide.ax_1_1,
 ShannonBounds.C11R5Tables.S_0058d965adce02f4._native.native_decide.ax_1,
 ShannonBounds.C11R5Tables.S_0058d965adce02f4._native.native_decide.ax_2,
 ShannonBounds.C11R5Tables.S_04339297651c9c49._native.native_decide.ax_1,
 ShannonBounds.C11R5Tables.S_04339297651c9c49._native.native_decide.ax_2,
 ShannonBounds.C11R5Tables.S_18277b0c484b4c41._native.native_decide.ax_1,
 ShannonBounds.C11R5Tables.S_18277b0c484b4c41._native.native_decide.ax_2,
 ShannonBounds.C11R5Tables.S_313b085cba4d0ce6._native.native_decide.ax_1,
 ShannonBounds.C11R5Tables.S_31d500a381a04d9a._native.native_decide.ax_1,
 ShannonBounds.C11R5Tables.S_31d500a381a04d9a._native.native_decide.ax_2,
 ShannonBounds.C11R5Tables.S_36518f191584a644._native.native_decide.ax_1,
 ShannonBounds.C11R5Tables.S_36518f191584a644._native.native_decide.ax_2,
 ShannonBounds.C11R5Tables.S_3b145410351af05c._native.native_decide.ax_1,
 ShannonBounds.C11R5Tables.S_3b145410351af05c._native.native_decide.ax_2,
 ShannonBounds.C11R5Tables.S_3daf90758a80fbb9._native.native_decide.ax_1,
 ShannonBounds.C11R5Tables.S_3daf90758a80fbb9._native.native_decide.ax_2,
 ShannonBounds.C11R5Tables.S_3e8694d6a5bfe173._native.native_decide.ax_1,
 ShannonBounds.C11R5Tables.S_3e8694d6a5bfe173._native.native_decide.ax_2,
 ShannonBounds.C11R5Tables.S_59b3ea5954777333._native.native_decide.ax_1,
 ShannonBounds.C11R5Tables.S_59b3ea5954777333._native.native_decide.ax_2,
 ShannonBounds.C11R5Tables.S_6356700cb05251b5._native.native_decide.ax_1,
 ShannonBounds.C11R5Tables.S_6356700cb05251b5._native.native_decide.ax_2,
 ShannonBounds.C11R5Tables.S_660b0244997e1b9c._native.native_decide.ax_1,
 ShannonBounds.C11R5Tables.S_660b0244997e1b9c._native.native_decide.ax_2,
 ShannonBounds.C11R5Tables.S_6859b0ec25991d42._native.native_decide.ax_1,
 ShannonBounds.C11R5Tables.S_6859b0ec25991d42._native.native_decide.ax_2,
 ShannonBounds.C11R5Tables.S_7b6c163f0dc4b608._native.native_decide.ax_1,
 ShannonBounds.C11R5Tables.S_7b6c163f0dc4b608._native.native_decide.ax_2,
 ShannonBounds.C11R5Tables.S_a41106e52a48b9a6._native.native_decide.ax_1,
 ShannonBounds.C11R5Tables.S_a41106e52a48b9a6._native.native_decide.ax_2,
 ShannonBounds.C11R5Tables.S_b014d29111062762._native.native_decide.ax_1,
 ShannonBounds.C11R5Tables.S_b014d29111062762._native.native_decide.ax_2,
 ShannonBounds.C11R5Tables.S_cd41b86686c50a10._native.native_decide.ax_1,
 ShannonBounds.C11R5Tables.S_cd41b86686c50a10._native.native_decide.ax_2,
 ShannonBounds.C11R5Tables.S_e620baced0654ce9._native.native_decide.ax_1,
 ShannonBounds.C11R5Tables.S_e620baced0654ce9._native.native_decide.ax_2,
 ShannonBounds.C11R5Tables.S_e788020168e26abb._native.native_decide.ax_1,
 ShannonBounds.C11R5Tables.S_e788020168e26abb._native.native_decide.ax_2,
 ShannonBounds.C11R5Tables.S_e9ef2871c79d62be._native.native_decide.ax_1,
 ShannonBounds.C11R5Tables.S_e9ef2871c79d62be._native.native_decide.ax_2]
'R5_scope_bracket_198' depends on axioms: [propext,
 Classical.choice.{u},
 Quot.sound.{u},
 ShannonBounds.C11R5D198.decimal_lower_integer._native.native_decide.ax_1_1,
 ShannonBounds.C11R5D198.decimal_upper_integer._native.native_decide.ax_1_1]
'R5_scope_comparison_198_BPZ_207' depends on axioms: [propext,
 Classical.choice.{u},
 Quot.sound.{u},
 ShannonBounds.C11R5D198.cross_power_BPZ_207._native.native_decide.ax_1_1]
'R5_scope_comparison_198_R3_207' depends on axioms: [propext,
 Classical.choice.{u},
 Quot.sound.{u},
 ShannonBounds.C11R5D198.cross_power_R3_207._native.native_decide.ax_1_1]
'R5_scope_comparison_198_R4_201' depends on axioms: [propext,
 Classical.choice.{u},
 Quot.sound.{u},
 ShannonBounds.C11R5D198.cross_power_R4_201._native.native_decide.ax_1_1]
'R5_scope_comparison_198_R4_210' depends on axioms: [propext,
 Classical.choice.{u},
 Quot.sound.{u},
 ShannonBounds.C11R5D198.cross_power_R4_210._native.native_decide.ax_1_1]
'R5_scope_set_213' depends on axioms: [propext,
 Classical.choice.{u},
 Quot.sound.{u},
 ShannonBounds.BaseC11.IlenCheck._native.native_decide.ax_1_1,
 ShannonBounds.BaseC11.Iset._native.native_decide.ax_1,
 ShannonBounds.BaseC11.XcFalseLenCheck._native.native_decide.ax_1_1,
 ShannonBounds.BaseC11.XcTrueLenCheck._native.native_decide.ax_1_1,
 ShannonBounds.BaseC11.XlenCheck._native.native_decide.ax_1_1,
 ShannonBounds.BaseC11.Xset._native.native_decide.ax_1,
 ShannonBounds.BaseC11.altInjCheck._native.native_decide.ax_1_1,
 ShannonBounds.BaseC11.altNotCheck._native.native_decide.ax_1_1,
 ShannonBounds.BaseC11.epParentCheck._native.native_decide.ax_1_1,
 ShannonBounds.BaseC11.pFalseCheck._native.native_decide.ax_1_1,
 ShannonBounds.BaseC11.pTrueCheck._native.native_decide.ax_1_1,
 ShannonBounds.BaseC11.pairConflict._native.native_decide.ax_1_1,
 ShannonBounds.BaseC11.pairwiseOK_I._native.native_decide.ax_1_1,
 ShannonBounds.BaseC11.pairwiseOK_X._native.native_decide.ax_1_1,
 ShannonBounds.BaseC11.portsCheck._native.native_decide.ax_1_1,
 ShannonBounds.BaseC11.portsLenCheck._native.native_decide.ax_1_1,
 ShannonBounds.BaseC11.portsSet._native.native_decide.ax_1,
 ShannonBounds.BaseC11.privCheck._native.native_decide.ax_1_1,
 ShannonBounds.BaseC11.sconf_iff_conflict._native.native_decide.ax_1_1,
 ShannonBounds.BaseC11.sconf_refl._native.native_decide.ax_1_1,
 ShannonBounds.BaseC11.sconf_symm._native.native_decide.ax_1_1,
 ShannonBounds.BaseC11.sepCheck._native.native_decide.ax_1_1,
 ShannonBounds.C11R5D213.step_n1._native.native_decide.ax_1_1,
 ShannonBounds.C11R5D213.step_n1._native.native_decide.ax_1_2,
 ShannonBounds.C11R5D213.step_n1._native.native_decide.ax_1_3,
 ShannonBounds.C11R5D213.step_n1._native.native_decide.ax_1_4,
 ShannonBounds.C11R5D213.step_n1._native.native_decide.ax_1_5,
 ShannonBounds.C11R5D213.step_n1._native.native_decide.ax_1_6,
 ShannonBounds.C11R5D213.step_n1._native.native_decide.ax_1_7,
 ShannonBounds.C11R5D213.step_n10._native.native_decide.ax_1_1,
 ShannonBounds.C11R5D213.step_n10._native.native_decide.ax_1_2,
 ShannonBounds.C11R5D213.step_n10._native.native_decide.ax_1_3,
 ShannonBounds.C11R5D213.step_n10._native.native_decide.ax_1_4,
 ShannonBounds.C11R5D213.step_n10._native.native_decide.ax_1_5,
 ShannonBounds.C11R5D213.step_n10._native.native_decide.ax_1_6,
 ShannonBounds.C11R5D213.step_n10._native.native_decide.ax_1_7,
 ShannonBounds.C11R5D213.step_n11._native.native_decide.ax_1_1,
 ShannonBounds.C11R5D213.step_n11._native.native_decide.ax_1_2,
 ShannonBounds.C11R5D213.step_n11._native.native_decide.ax_1_3,
 ShannonBounds.C11R5D213.step_n11._native.native_decide.ax_1_4,
 ShannonBounds.C11R5D213.step_n11._native.native_decide.ax_1_5,
 ShannonBounds.C11R5D213.step_n11._native.native_decide.ax_1_6,
 ShannonBounds.C11R5D213.step_n11._native.native_decide.ax_1_7,
 ShannonBounds.C11R5D213.step_n12._native.native_decide.ax_1_1,
 ShannonBounds.C11R5D213.step_n12._native.native_decide.ax_1_2,
 ShannonBounds.C11R5D213.step_n12._native.native_decide.ax_1_3,
 ShannonBounds.C11R5D213.step_n12._native.native_decide.ax_1_4,
 ShannonBounds.C11R5D213.step_n12._native.native_decide.ax_1_5,
 ShannonBounds.C11R5D213.step_n12._native.native_decide.ax_1_6,
 ShannonBounds.C11R5D213.step_n12._native.native_decide.ax_1_7,
 ShannonBounds.C11R5D213.step_n13._native.native_decide.ax_1_1,
 ShannonBounds.C11R5D213.step_n13._native.native_decide.ax_1_2,
 ShannonBounds.C11R5D213.step_n13._native.native_decide.ax_1_3,
 ShannonBounds.C11R5D213.step_n13._native.native_decide.ax_1_4,
 ShannonBounds.C11R5D213.step_n13._native.native_decide.ax_1_5,
 ShannonBounds.C11R5D213.step_n13._native.native_decide.ax_1_6,
 ShannonBounds.C11R5D213.step_n13._native.native_decide.ax_1_7,
 ShannonBounds.C11R5D213.step_n14._native.native_decide.ax_1_1,
 ShannonBounds.C11R5D213.step_n14._native.native_decide.ax_1_2,
 ShannonBounds.C11R5D213.step_n14._native.native_decide.ax_1_3,
 ShannonBounds.C11R5D213.step_n14._native.native_decide.ax_1_4,
 ShannonBounds.C11R5D213.step_n14._native.native_decide.ax_1_5,
 ShannonBounds.C11R5D213.step_n14._native.native_decide.ax_1_6,
 ShannonBounds.C11R5D213.step_n14._native.native_decide.ax_1_7,
 ShannonBounds.C11R5D213.step_n15._native.native_decide.ax_1_1,
 ShannonBounds.C11R5D213.step_n15._native.native_decide.ax_1_2,
 ShannonBounds.C11R5D213.step_n15._native.native_decide.ax_1_3,
 ShannonBounds.C11R5D213.step_n15._native.native_decide.ax_1_4,
 ShannonBounds.C11R5D213.step_n15._native.native_decide.ax_1_5,
 ShannonBounds.C11R5D213.step_n15._native.native_decide.ax_1_6,
 ShannonBounds.C11R5D213.step_n15._native.native_decide.ax_1_7,
 ShannonBounds.C11R5D213.step_n16._native.native_decide.ax_1_1,
 ShannonBounds.C11R5D213.step_n16._native.native_decide.ax_1_2,
 ShannonBounds.C11R5D213.step_n16._native.native_decide.ax_1_3,
 ShannonBounds.C11R5D213.step_n16._native.native_decide.ax_1_4,
 ShannonBounds.C11R5D213.step_n16._native.native_decide.ax_1_5,
 ShannonBounds.C11R5D213.step_n16._native.native_decide.ax_1_6,
 ShannonBounds.C11R5D213.step_n16._native.native_decide.ax_1_7,
 ShannonBounds.C11R5D213.step_n17._native.native_decide.ax_1_1,
 ShannonBounds.C11R5D213.step_n17._native.native_decide.ax_1_2,
 ShannonBounds.C11R5D213.step_n17._native.native_decide.ax_1_3,
 ShannonBounds.C11R5D213.step_n17._native.native_decide.ax_1_4,
 ShannonBounds.C11R5D213.step_n17._native.native_decide.ax_1_5,
 ShannonBounds.C11R5D213.step_n17._native.native_decide.ax_1_6,
 ShannonBounds.C11R5D213.step_n17._native.native_decide.ax_1_7,
 ShannonBounds.C11R5D213.step_n18._native.native_decide.ax_1_1,
 ShannonBounds.C11R5D213.step_n18._native.native_decide.ax_1_2,
 ShannonBounds.C11R5D213.step_n18._native.native_decide.ax_1_3,
 ShannonBounds.C11R5D213.step_n18._native.native_decide.ax_1_4,
 ShannonBounds.C11R5D213.step_n18._native.native_decide.ax_1_5,
 ShannonBounds.C11R5D213.step_n18._native.native_decide.ax_1_6,
 ShannonBounds.C11R5D213.step_n18._native.native_decide.ax_1_7,
 ShannonBounds.C11R5D213.step_n19._native.native_decide.ax_1_1,
 ShannonBounds.C11R5D213.step_n19._native.native_decide.ax_1_2,
 ShannonBounds.C11R5D213.step_n19._native.native_decide.ax_1_3,
 ShannonBounds.C11R5D213.step_n19._native.native_decide.ax_1_4,
 ShannonBounds.C11R5D213.step_n19._native.native_decide.ax_1_5,
 ShannonBounds.C11R5D213.step_n19._native.native_decide.ax_1_6,
 ShannonBounds.C11R5D213.step_n19._native.native_decide.ax_1_7,
 ShannonBounds.C11R5D213.step_n2._native.native_decide.ax_1_1,
 ShannonBounds.C11R5D213.step_n2._native.native_decide.ax_1_2,
 ShannonBounds.C11R5D213.step_n2._native.native_decide.ax_1_3,
 ShannonBounds.C11R5D213.step_n2._native.native_decide.ax_1_4,
 ShannonBounds.C11R5D213.step_n2._native.native_decide.ax_1_5,
 ShannonBounds.C11R5D213.step_n2._native.native_decide.ax_1_6,
 ShannonBounds.C11R5D213.step_n2._native.native_decide.ax_1_7,
 ShannonBounds.C11R5D213.step_n20._native.native_decide.ax_1_1,
 ShannonBounds.C11R5D213.step_n20._native.native_decide.ax_1_2,
 ShannonBounds.C11R5D213.step_n20._native.native_decide.ax_1_3,
 ShannonBounds.C11R5D213.step_n20._native.native_decide.ax_1_4,
 ShannonBounds.C11R5D213.step_n20._native.native_decide.ax_1_5,
 ShannonBounds.C11R5D213.step_n20._native.native_decide.ax_1_6,
 ShannonBounds.C11R5D213.step_n20._native.native_decide.ax_1_7,
 ShannonBounds.C11R5D213.step_n21._native.native_decide.ax_1_1,
 ShannonBounds.C11R5D213.step_n21._native.native_decide.ax_1_2,
 ShannonBounds.C11R5D213.step_n21._native.native_decide.ax_1_3,
 ShannonBounds.C11R5D213.step_n21._native.native_decide.ax_1_4,
 ShannonBounds.C11R5D213.step_n21._native.native_decide.ax_1_5,
 ShannonBounds.C11R5D213.step_n21._native.native_decide.ax_1_6,
 ShannonBounds.C11R5D213.step_n21._native.native_decide.ax_1_7,
 ShannonBounds.C11R5D213.step_n22._native.native_decide.ax_1_1,
 ShannonBounds.C11R5D213.step_n22._native.native_decide.ax_1_2,
 ShannonBounds.C11R5D213.step_n22._native.native_decide.ax_1_3,
 ShannonBounds.C11R5D213.step_n22._native.native_decide.ax_1_4,
 ShannonBounds.C11R5D213.step_n22._native.native_decide.ax_1_5,
 ShannonBounds.C11R5D213.step_n22._native.native_decide.ax_1_6,
 ShannonBounds.C11R5D213.step_n22._native.native_decide.ax_1_7,
 ShannonBounds.C11R5D213.step_n23._native.native_decide.ax_1_1,
 ShannonBounds.C11R5D213.step_n23._native.native_decide.ax_1_2,
 ShannonBounds.C11R5D213.step_n23._native.native_decide.ax_1_3,
 ShannonBounds.C11R5D213.step_n23._native.native_decide.ax_1_4,
 ShannonBounds.C11R5D213.step_n23._native.native_decide.ax_1_5,
 ShannonBounds.C11R5D213.step_n23._native.native_decide.ax_1_6,
 ShannonBounds.C11R5D213.step_n23._native.native_decide.ax_1_7,
 ShannonBounds.C11R5D213.step_n24._native.native_decide.ax_1_1,
 ShannonBounds.C11R5D213.step_n24._native.native_decide.ax_1_2,
 ShannonBounds.C11R5D213.step_n24._native.native_decide.ax_1_3,
 ShannonBounds.C11R5D213.step_n24._native.native_decide.ax_1_4,
 ShannonBounds.C11R5D213.step_n24._native.native_decide.ax_1_5,
 ShannonBounds.C11R5D213.step_n24._native.native_decide.ax_1_6,
 ShannonBounds.C11R5D213.step_n24._native.native_decide.ax_1_7,
 ShannonBounds.C11R5D213.step_n25._native.native_decide.ax_1_1,
 ShannonBounds.C11R5D213.step_n25._native.native_decide.ax_1_2,
 ShannonBounds.C11R5D213.step_n25._native.native_decide.ax_1_3,
 ShannonBounds.C11R5D213.step_n25._native.native_decide.ax_1_4,
 ShannonBounds.C11R5D213.step_n25._native.native_decide.ax_1_5,
 ShannonBounds.C11R5D213.step_n25._native.native_decide.ax_1_6,
 ShannonBounds.C11R5D213.step_n25._native.native_decide.ax_1_7,
 ShannonBounds.C11R5D213.step_n26._native.native_decide.ax_1_1,
 ShannonBounds.C11R5D213.step_n26._native.native_decide.ax_1_2,
 ShannonBounds.C11R5D213.step_n26._native.native_decide.ax_1_3,
 ShannonBounds.C11R5D213.step_n26._native.native_decide.ax_1_4,
 ShannonBounds.C11R5D213.step_n26._native.native_decide.ax_1_5,
 ShannonBounds.C11R5D213.step_n26._native.native_decide.ax_1_6,
 ShannonBounds.C11R5D213.step_n26._native.native_decide.ax_1_7,
 ShannonBounds.C11R5D213.step_n27._native.native_decide.ax_1_1,
 ShannonBounds.C11R5D213.step_n27._native.native_decide.ax_1_2,
 ShannonBounds.C11R5D213.step_n27._native.native_decide.ax_1_3,
 ShannonBounds.C11R5D213.step_n27._native.native_decide.ax_1_4,
 ShannonBounds.C11R5D213.step_n27._native.native_decide.ax_1_5,
 ShannonBounds.C11R5D213.step_n27._native.native_decide.ax_1_6,
 ShannonBounds.C11R5D213.step_n27._native.native_decide.ax_1_7,
 ShannonBounds.C11R5D213.step_n28._native.native_decide.ax_1_1,
 ShannonBounds.C11R5D213.step_n28._native.native_decide.ax_1_2,
 ShannonBounds.C11R5D213.step_n28._native.native_decide.ax_1_3,
 ShannonBounds.C11R5D213.step_n28._native.native_decide.ax_1_4,
 ShannonBounds.C11R5D213.step_n28._native.native_decide.ax_1_5,
 ShannonBounds.C11R5D213.step_n28._native.native_decide.ax_1_6,
 ShannonBounds.C11R5D213.step_n28._native.native_decide.ax_1_7,
 ShannonBounds.C11R5D213.step_n29._native.native_decide.ax_1_1,
 ShannonBounds.C11R5D213.step_n29._native.native_decide.ax_1_2,
 ShannonBounds.C11R5D213.step_n29._native.native_decide.ax_1_3,
 ShannonBounds.C11R5D213.step_n29._native.native_decide.ax_1_4,
 ShannonBounds.C11R5D213.step_n29._native.native_decide.ax_1_5,
 ShannonBounds.C11R5D213.step_n29._native.native_decide.ax_1_6,
 ShannonBounds.C11R5D213.step_n29._native.native_decide.ax_1_7,
 ShannonBounds.C11R5D213.step_n3._native.native_decide.ax_1_1,
 ShannonBounds.C11R5D213.step_n3._native.native_decide.ax_1_2,
 ShannonBounds.C11R5D213.step_n3._native.native_decide.ax_1_3,
 ShannonBounds.C11R5D213.step_n3._native.native_decide.ax_1_4,
 ShannonBounds.C11R5D213.step_n3._native.native_decide.ax_1_5,
 ShannonBounds.C11R5D213.step_n3._native.native_decide.ax_1_6,
 ShannonBounds.C11R5D213.step_n3._native.native_decide.ax_1_7,
 ShannonBounds.C11R5D213.step_n30._native.native_decide.ax_1_1,
 ShannonBounds.C11R5D213.step_n30._native.native_decide.ax_1_2,
 ShannonBounds.C11R5D213.step_n30._native.native_decide.ax_1_3,
 ShannonBounds.C11R5D213.step_n30._native.native_decide.ax_1_4,
 ShannonBounds.C11R5D213.step_n30._native.native_decide.ax_1_5,
 ShannonBounds.C11R5D213.step_n30._native.native_decide.ax_1_6,
 ShannonBounds.C11R5D213.step_n30._native.native_decide.ax_1_7,
 ShannonBounds.C11R5D213.step_n4._native.native_decide.ax_1_1,
 ShannonBounds.C11R5D213.step_n4._native.native_decide.ax_1_2,
 ShannonBounds.C11R5D213.step_n4._native.native_decide.ax_1_3,
 ShannonBounds.C11R5D213.step_n4._native.native_decide.ax_1_4,
 ShannonBounds.C11R5D213.step_n4._native.native_decide.ax_1_5,
 ShannonBounds.C11R5D213.step_n4._native.native_decide.ax_1_6,
 ShannonBounds.C11R5D213.step_n4._native.native_decide.ax_1_7,
 ShannonBounds.C11R5D213.step_n5._native.native_decide.ax_1_1,
 ShannonBounds.C11R5D213.step_n5._native.native_decide.ax_1_2,
 ShannonBounds.C11R5D213.step_n5._native.native_decide.ax_1_3,
 ShannonBounds.C11R5D213.step_n5._native.native_decide.ax_1_4,
 ShannonBounds.C11R5D213.step_n5._native.native_decide.ax_1_5,
 ShannonBounds.C11R5D213.step_n5._native.native_decide.ax_1_6,
 ShannonBounds.C11R5D213.step_n5._native.native_decide.ax_1_7,
 ShannonBounds.C11R5D213.step_n6._native.native_decide.ax_1_1,
 ShannonBounds.C11R5D213.step_n6._native.native_decide.ax_1_2,
 ShannonBounds.C11R5D213.step_n6._native.native_decide.ax_1_3,
 ShannonBounds.C11R5D213.step_n6._native.native_decide.ax_1_4,
 ShannonBounds.C11R5D213.step_n6._native.native_decide.ax_1_5,
 ShannonBounds.C11R5D213.step_n6._native.native_decide.ax_1_6,
 ShannonBounds.C11R5D213.step_n6._native.native_decide.ax_1_7,
 ShannonBounds.C11R5D213.step_n7._native.native_decide.ax_1_1,
 ShannonBounds.C11R5D213.step_n7._native.native_decide.ax_1_2,
 ShannonBounds.C11R5D213.step_n7._native.native_decide.ax_1_3,
 ShannonBounds.C11R5D213.step_n7._native.native_decide.ax_1_4,
 ShannonBounds.C11R5D213.step_n7._native.native_decide.ax_1_5,
 ShannonBounds.C11R5D213.step_n7._native.native_decide.ax_1_6,
 ShannonBounds.C11R5D213.step_n7._native.native_decide.ax_1_7,
 ShannonBounds.C11R5D213.step_n8._native.native_decide.ax_1_1,
 ShannonBounds.C11R5D213.step_n8._native.native_decide.ax_1_2,
 ShannonBounds.C11R5D213.step_n8._native.native_decide.ax_1_3,
 ShannonBounds.C11R5D213.step_n8._native.native_decide.ax_1_4,
 ShannonBounds.C11R5D213.step_n8._native.native_decide.ax_1_5,
 ShannonBounds.C11R5D213.step_n8._native.native_decide.ax_1_6,
 ShannonBounds.C11R5D213.step_n8._native.native_decide.ax_1_7,
 ShannonBounds.C11R5D213.step_n9._native.native_decide.ax_1_1,
 ShannonBounds.C11R5D213.step_n9._native.native_decide.ax_1_2,
 ShannonBounds.C11R5D213.step_n9._native.native_decide.ax_1_3,
 ShannonBounds.C11R5D213.step_n9._native.native_decide.ax_1_4,
 ShannonBounds.C11R5D213.step_n9._native.native_decide.ax_1_5,
 ShannonBounds.C11R5D213.step_n9._native.native_decide.ax_1_6,
 ShannonBounds.C11R5D213.step_n9._native.native_decide.ax_1_7,
 ShannonBounds.C11R5D213.terminal_value._native.native_decide.ax_1_1,
 ShannonBounds.C11R5Tables.S_0058d965adce02f4._native.native_decide.ax_1,
 ShannonBounds.C11R5Tables.S_0058d965adce02f4._native.native_decide.ax_2,
 ShannonBounds.C11R5Tables.S_04339297651c9c49._native.native_decide.ax_1,
 ShannonBounds.C11R5Tables.S_04339297651c9c49._native.native_decide.ax_2,
 ShannonBounds.C11R5Tables.S_15769811f129f696._native.native_decide.ax_1,
 ShannonBounds.C11R5Tables.S_15769811f129f696._native.native_decide.ax_2,
 ShannonBounds.C11R5Tables.S_18277b0c484b4c41._native.native_decide.ax_1,
 ShannonBounds.C11R5Tables.S_18277b0c484b4c41._native.native_decide.ax_2,
 ShannonBounds.C11R5Tables.S_31d500a381a04d9a._native.native_decide.ax_1,
 ShannonBounds.C11R5Tables.S_31d500a381a04d9a._native.native_decide.ax_2,
 ShannonBounds.C11R5Tables.S_36518f191584a644._native.native_decide.ax_1,
 ShannonBounds.C11R5Tables.S_36518f191584a644._native.native_decide.ax_2,
 ShannonBounds.C11R5Tables.S_3b145410351af05c._native.native_decide.ax_1,
 ShannonBounds.C11R5Tables.S_3b145410351af05c._native.native_decide.ax_2,
 ShannonBounds.C11R5Tables.S_3daf90758a80fbb9._native.native_decide.ax_1,
 ShannonBounds.C11R5Tables.S_3daf90758a80fbb9._native.native_decide.ax_2,
 ShannonBounds.C11R5Tables.S_3e8694d6a5bfe173._native.native_decide.ax_1,
 ShannonBounds.C11R5Tables.S_3e8694d6a5bfe173._native.native_decide.ax_2,
 ShannonBounds.C11R5Tables.S_59b3ea5954777333._native.native_decide.ax_1,
 ShannonBounds.C11R5Tables.S_59b3ea5954777333._native.native_decide.ax_2,
 ShannonBounds.C11R5Tables.S_660b0244997e1b9c._native.native_decide.ax_1,
 ShannonBounds.C11R5Tables.S_660b0244997e1b9c._native.native_decide.ax_2,
 ShannonBounds.C11R5Tables.S_6859b0ec25991d42._native.native_decide.ax_1,
 ShannonBounds.C11R5Tables.S_6859b0ec25991d42._native.native_decide.ax_2,
 ShannonBounds.C11R5Tables.S_77a9709d00257692._native.native_decide.ax_1,
 ShannonBounds.C11R5Tables.S_77a9709d00257692._native.native_decide.ax_2,
 ShannonBounds.C11R5Tables.S_7b6c163f0dc4b608._native.native_decide.ax_1,
 ShannonBounds.C11R5Tables.S_7b6c163f0dc4b608._native.native_decide.ax_2,
 ShannonBounds.C11R5Tables.S_a41106e52a48b9a6._native.native_decide.ax_1,
 ShannonBounds.C11R5Tables.S_a41106e52a48b9a6._native.native_decide.ax_2,
 ShannonBounds.C11R5Tables.S_cc0e5d2202d76d5d._native.native_decide.ax_1,
 ShannonBounds.C11R5Tables.S_cc0e5d2202d76d5d._native.native_decide.ax_2,
 ShannonBounds.C11R5Tables.S_cd41b86686c50a10._native.native_decide.ax_1,
 ShannonBounds.C11R5Tables.S_cd41b86686c50a10._native.native_decide.ax_2,
 ShannonBounds.C11R5Tables.S_cfb0e1863855bcb0._native.native_decide.ax_1,
 ShannonBounds.C11R5Tables.S_e620baced0654ce9._native.native_decide.ax_1,
 ShannonBounds.C11R5Tables.S_e620baced0654ce9._native.native_decide.ax_2,
 ShannonBounds.C11R5Tables.S_e788020168e26abb._native.native_decide.ax_1,
 ShannonBounds.C11R5Tables.S_e788020168e26abb._native.native_decide.ax_2,
 ShannonBounds.C11R5Tables.S_e9ef2871c79d62be._native.native_decide.ax_1,
 ShannonBounds.C11R5Tables.S_e9ef2871c79d62be._native.native_decide.ax_2,
 ShannonBounds.C11R5Tables.S_f509c81899188c6f._native.native_decide.ax_1,
 ShannonBounds.C11R5Tables.S_f509c81899188c6f._native.native_decide.ax_2]
'R5_scope_capacity_213' depends on axioms: [propext,
 Classical.choice.{u},
 Quot.sound.{u},
 ShannonBounds.BaseC11.IlenCheck._native.native_decide.ax_1_1,
 ShannonBounds.BaseC11.Iset._native.native_decide.ax_1,
 ShannonBounds.BaseC11.XcFalseLenCheck._native.native_decide.ax_1_1,
 ShannonBounds.BaseC11.XcTrueLenCheck._native.native_decide.ax_1_1,
 ShannonBounds.BaseC11.XlenCheck._native.native_decide.ax_1_1,
 ShannonBounds.BaseC11.Xset._native.native_decide.ax_1,
 ShannonBounds.BaseC11.altInjCheck._native.native_decide.ax_1_1,
 ShannonBounds.BaseC11.altNotCheck._native.native_decide.ax_1_1,
 ShannonBounds.BaseC11.epParentCheck._native.native_decide.ax_1_1,
 ShannonBounds.BaseC11.pFalseCheck._native.native_decide.ax_1_1,
 ShannonBounds.BaseC11.pTrueCheck._native.native_decide.ax_1_1,
 ShannonBounds.BaseC11.pairConflict._native.native_decide.ax_1_1,
 ShannonBounds.BaseC11.pairwiseOK_I._native.native_decide.ax_1_1,
 ShannonBounds.BaseC11.pairwiseOK_X._native.native_decide.ax_1_1,
 ShannonBounds.BaseC11.portsCheck._native.native_decide.ax_1_1,
 ShannonBounds.BaseC11.portsLenCheck._native.native_decide.ax_1_1,
 ShannonBounds.BaseC11.portsSet._native.native_decide.ax_1,
 ShannonBounds.BaseC11.privCheck._native.native_decide.ax_1_1,
 ShannonBounds.BaseC11.sconf_iff_conflict._native.native_decide.ax_1_1,
 ShannonBounds.BaseC11.sconf_refl._native.native_decide.ax_1_1,
 ShannonBounds.BaseC11.sconf_symm._native.native_decide.ax_1_1,
 ShannonBounds.BaseC11.sepCheck._native.native_decide.ax_1_1,
 ShannonBounds.C11R5D213.decimal_lower_integer._native.native_decide.ax_1_1,
 ShannonBounds.C11R5D213.decimal_upper_integer._native.native_decide.ax_1_1,
 ShannonBounds.C11R5D213.step_n1._native.native_decide.ax_1_1,
 ShannonBounds.C11R5D213.step_n1._native.native_decide.ax_1_2,
 ShannonBounds.C11R5D213.step_n1._native.native_decide.ax_1_3,
 ShannonBounds.C11R5D213.step_n1._native.native_decide.ax_1_4,
 ShannonBounds.C11R5D213.step_n1._native.native_decide.ax_1_5,
 ShannonBounds.C11R5D213.step_n1._native.native_decide.ax_1_6,
 ShannonBounds.C11R5D213.step_n1._native.native_decide.ax_1_7,
 ShannonBounds.C11R5D213.step_n10._native.native_decide.ax_1_1,
 ShannonBounds.C11R5D213.step_n10._native.native_decide.ax_1_2,
 ShannonBounds.C11R5D213.step_n10._native.native_decide.ax_1_3,
 ShannonBounds.C11R5D213.step_n10._native.native_decide.ax_1_4,
 ShannonBounds.C11R5D213.step_n10._native.native_decide.ax_1_5,
 ShannonBounds.C11R5D213.step_n10._native.native_decide.ax_1_6,
 ShannonBounds.C11R5D213.step_n10._native.native_decide.ax_1_7,
 ShannonBounds.C11R5D213.step_n11._native.native_decide.ax_1_1,
 ShannonBounds.C11R5D213.step_n11._native.native_decide.ax_1_2,
 ShannonBounds.C11R5D213.step_n11._native.native_decide.ax_1_3,
 ShannonBounds.C11R5D213.step_n11._native.native_decide.ax_1_4,
 ShannonBounds.C11R5D213.step_n11._native.native_decide.ax_1_5,
 ShannonBounds.C11R5D213.step_n11._native.native_decide.ax_1_6,
 ShannonBounds.C11R5D213.step_n11._native.native_decide.ax_1_7,
 ShannonBounds.C11R5D213.step_n12._native.native_decide.ax_1_1,
 ShannonBounds.C11R5D213.step_n12._native.native_decide.ax_1_2,
 ShannonBounds.C11R5D213.step_n12._native.native_decide.ax_1_3,
 ShannonBounds.C11R5D213.step_n12._native.native_decide.ax_1_4,
 ShannonBounds.C11R5D213.step_n12._native.native_decide.ax_1_5,
 ShannonBounds.C11R5D213.step_n12._native.native_decide.ax_1_6,
 ShannonBounds.C11R5D213.step_n12._native.native_decide.ax_1_7,
 ShannonBounds.C11R5D213.step_n13._native.native_decide.ax_1_1,
 ShannonBounds.C11R5D213.step_n13._native.native_decide.ax_1_2,
 ShannonBounds.C11R5D213.step_n13._native.native_decide.ax_1_3,
 ShannonBounds.C11R5D213.step_n13._native.native_decide.ax_1_4,
 ShannonBounds.C11R5D213.step_n13._native.native_decide.ax_1_5,
 ShannonBounds.C11R5D213.step_n13._native.native_decide.ax_1_6,
 ShannonBounds.C11R5D213.step_n13._native.native_decide.ax_1_7,
 ShannonBounds.C11R5D213.step_n14._native.native_decide.ax_1_1,
 ShannonBounds.C11R5D213.step_n14._native.native_decide.ax_1_2,
 ShannonBounds.C11R5D213.step_n14._native.native_decide.ax_1_3,
 ShannonBounds.C11R5D213.step_n14._native.native_decide.ax_1_4,
 ShannonBounds.C11R5D213.step_n14._native.native_decide.ax_1_5,
 ShannonBounds.C11R5D213.step_n14._native.native_decide.ax_1_6,
 ShannonBounds.C11R5D213.step_n14._native.native_decide.ax_1_7,
 ShannonBounds.C11R5D213.step_n15._native.native_decide.ax_1_1,
 ShannonBounds.C11R5D213.step_n15._native.native_decide.ax_1_2,
 ShannonBounds.C11R5D213.step_n15._native.native_decide.ax_1_3,
 ShannonBounds.C11R5D213.step_n15._native.native_decide.ax_1_4,
 ShannonBounds.C11R5D213.step_n15._native.native_decide.ax_1_5,
 ShannonBounds.C11R5D213.step_n15._native.native_decide.ax_1_6,
 ShannonBounds.C11R5D213.step_n15._native.native_decide.ax_1_7,
 ShannonBounds.C11R5D213.step_n16._native.native_decide.ax_1_1,
 ShannonBounds.C11R5D213.step_n16._native.native_decide.ax_1_2,
 ShannonBounds.C11R5D213.step_n16._native.native_decide.ax_1_3,
 ShannonBounds.C11R5D213.step_n16._native.native_decide.ax_1_4,
 ShannonBounds.C11R5D213.step_n16._native.native_decide.ax_1_5,
 ShannonBounds.C11R5D213.step_n16._native.native_decide.ax_1_6,
 ShannonBounds.C11R5D213.step_n16._native.native_decide.ax_1_7,
 ShannonBounds.C11R5D213.step_n17._native.native_decide.ax_1_1,
 ShannonBounds.C11R5D213.step_n17._native.native_decide.ax_1_2,
 ShannonBounds.C11R5D213.step_n17._native.native_decide.ax_1_3,
 ShannonBounds.C11R5D213.step_n17._native.native_decide.ax_1_4,
 ShannonBounds.C11R5D213.step_n17._native.native_decide.ax_1_5,
 ShannonBounds.C11R5D213.step_n17._native.native_decide.ax_1_6,
 ShannonBounds.C11R5D213.step_n17._native.native_decide.ax_1_7,
 ShannonBounds.C11R5D213.step_n18._native.native_decide.ax_1_1,
 ShannonBounds.C11R5D213.step_n18._native.native_decide.ax_1_2,
 ShannonBounds.C11R5D213.step_n18._native.native_decide.ax_1_3,
 ShannonBounds.C11R5D213.step_n18._native.native_decide.ax_1_4,
 ShannonBounds.C11R5D213.step_n18._native.native_decide.ax_1_5,
 ShannonBounds.C11R5D213.step_n18._native.native_decide.ax_1_6,
 ShannonBounds.C11R5D213.step_n18._native.native_decide.ax_1_7,
 ShannonBounds.C11R5D213.step_n19._native.native_decide.ax_1_1,
 ShannonBounds.C11R5D213.step_n19._native.native_decide.ax_1_2,
 ShannonBounds.C11R5D213.step_n19._native.native_decide.ax_1_3,
 ShannonBounds.C11R5D213.step_n19._native.native_decide.ax_1_4,
 ShannonBounds.C11R5D213.step_n19._native.native_decide.ax_1_5,
 ShannonBounds.C11R5D213.step_n19._native.native_decide.ax_1_6,
 ShannonBounds.C11R5D213.step_n19._native.native_decide.ax_1_7,
 ShannonBounds.C11R5D213.step_n2._native.native_decide.ax_1_1,
 ShannonBounds.C11R5D213.step_n2._native.native_decide.ax_1_2,
 ShannonBounds.C11R5D213.step_n2._native.native_decide.ax_1_3,
 ShannonBounds.C11R5D213.step_n2._native.native_decide.ax_1_4,
 ShannonBounds.C11R5D213.step_n2._native.native_decide.ax_1_5,
 ShannonBounds.C11R5D213.step_n2._native.native_decide.ax_1_6,
 ShannonBounds.C11R5D213.step_n2._native.native_decide.ax_1_7,
 ShannonBounds.C11R5D213.step_n20._native.native_decide.ax_1_1,
 ShannonBounds.C11R5D213.step_n20._native.native_decide.ax_1_2,
 ShannonBounds.C11R5D213.step_n20._native.native_decide.ax_1_3,
 ShannonBounds.C11R5D213.step_n20._native.native_decide.ax_1_4,
 ShannonBounds.C11R5D213.step_n20._native.native_decide.ax_1_5,
 ShannonBounds.C11R5D213.step_n20._native.native_decide.ax_1_6,
 ShannonBounds.C11R5D213.step_n20._native.native_decide.ax_1_7,
 ShannonBounds.C11R5D213.step_n21._native.native_decide.ax_1_1,
 ShannonBounds.C11R5D213.step_n21._native.native_decide.ax_1_2,
 ShannonBounds.C11R5D213.step_n21._native.native_decide.ax_1_3,
 ShannonBounds.C11R5D213.step_n21._native.native_decide.ax_1_4,
 ShannonBounds.C11R5D213.step_n21._native.native_decide.ax_1_5,
 ShannonBounds.C11R5D213.step_n21._native.native_decide.ax_1_6,
 ShannonBounds.C11R5D213.step_n21._native.native_decide.ax_1_7,
 ShannonBounds.C11R5D213.step_n22._native.native_decide.ax_1_1,
 ShannonBounds.C11R5D213.step_n22._native.native_decide.ax_1_2,
 ShannonBounds.C11R5D213.step_n22._native.native_decide.ax_1_3,
 ShannonBounds.C11R5D213.step_n22._native.native_decide.ax_1_4,
 ShannonBounds.C11R5D213.step_n22._native.native_decide.ax_1_5,
 ShannonBounds.C11R5D213.step_n22._native.native_decide.ax_1_6,
 ShannonBounds.C11R5D213.step_n22._native.native_decide.ax_1_7,
 ShannonBounds.C11R5D213.step_n23._native.native_decide.ax_1_1,
 ShannonBounds.C11R5D213.step_n23._native.native_decide.ax_1_2,
 ShannonBounds.C11R5D213.step_n23._native.native_decide.ax_1_3,
 ShannonBounds.C11R5D213.step_n23._native.native_decide.ax_1_4,
 ShannonBounds.C11R5D213.step_n23._native.native_decide.ax_1_5,
 ShannonBounds.C11R5D213.step_n23._native.native_decide.ax_1_6,
 ShannonBounds.C11R5D213.step_n23._native.native_decide.ax_1_7,
 ShannonBounds.C11R5D213.step_n24._native.native_decide.ax_1_1,
 ShannonBounds.C11R5D213.step_n24._native.native_decide.ax_1_2,
 ShannonBounds.C11R5D213.step_n24._native.native_decide.ax_1_3,
 ShannonBounds.C11R5D213.step_n24._native.native_decide.ax_1_4,
 ShannonBounds.C11R5D213.step_n24._native.native_decide.ax_1_5,
 ShannonBounds.C11R5D213.step_n24._native.native_decide.ax_1_6,
 ShannonBounds.C11R5D213.step_n24._native.native_decide.ax_1_7,
 ShannonBounds.C11R5D213.step_n25._native.native_decide.ax_1_1,
 ShannonBounds.C11R5D213.step_n25._native.native_decide.ax_1_2,
 ShannonBounds.C11R5D213.step_n25._native.native_decide.ax_1_3,
 ShannonBounds.C11R5D213.step_n25._native.native_decide.ax_1_4,
 ShannonBounds.C11R5D213.step_n25._native.native_decide.ax_1_5,
 ShannonBounds.C11R5D213.step_n25._native.native_decide.ax_1_6,
 ShannonBounds.C11R5D213.step_n25._native.native_decide.ax_1_7,
 ShannonBounds.C11R5D213.step_n26._native.native_decide.ax_1_1,
 ShannonBounds.C11R5D213.step_n26._native.native_decide.ax_1_2,
 ShannonBounds.C11R5D213.step_n26._native.native_decide.ax_1_3,
 ShannonBounds.C11R5D213.step_n26._native.native_decide.ax_1_4,
 ShannonBounds.C11R5D213.step_n26._native.native_decide.ax_1_5,
 ShannonBounds.C11R5D213.step_n26._native.native_decide.ax_1_6,
 ShannonBounds.C11R5D213.step_n26._native.native_decide.ax_1_7,
 ShannonBounds.C11R5D213.step_n27._native.native_decide.ax_1_1,
 ShannonBounds.C11R5D213.step_n27._native.native_decide.ax_1_2,
 ShannonBounds.C11R5D213.step_n27._native.native_decide.ax_1_3,
 ShannonBounds.C11R5D213.step_n27._native.native_decide.ax_1_4,
 ShannonBounds.C11R5D213.step_n27._native.native_decide.ax_1_5,
 ShannonBounds.C11R5D213.step_n27._native.native_decide.ax_1_6,
 ShannonBounds.C11R5D213.step_n27._native.native_decide.ax_1_7,
 ShannonBounds.C11R5D213.step_n28._native.native_decide.ax_1_1,
 ShannonBounds.C11R5D213.step_n28._native.native_decide.ax_1_2,
 ShannonBounds.C11R5D213.step_n28._native.native_decide.ax_1_3,
 ShannonBounds.C11R5D213.step_n28._native.native_decide.ax_1_4,
 ShannonBounds.C11R5D213.step_n28._native.native_decide.ax_1_5,
 ShannonBounds.C11R5D213.step_n28._native.native_decide.ax_1_6,
 ShannonBounds.C11R5D213.step_n28._native.native_decide.ax_1_7,
 ShannonBounds.C11R5D213.step_n29._native.native_decide.ax_1_1,
 ShannonBounds.C11R5D213.step_n29._native.native_decide.ax_1_2,
 ShannonBounds.C11R5D213.step_n29._native.native_decide.ax_1_3,
 ShannonBounds.C11R5D213.step_n29._native.native_decide.ax_1_4,
 ShannonBounds.C11R5D213.step_n29._native.native_decide.ax_1_5,
 ShannonBounds.C11R5D213.step_n29._native.native_decide.ax_1_6,
 ShannonBounds.C11R5D213.step_n29._native.native_decide.ax_1_7,
 ShannonBounds.C11R5D213.step_n3._native.native_decide.ax_1_1,
 ShannonBounds.C11R5D213.step_n3._native.native_decide.ax_1_2,
 ShannonBounds.C11R5D213.step_n3._native.native_decide.ax_1_3,
 ShannonBounds.C11R5D213.step_n3._native.native_decide.ax_1_4,
 ShannonBounds.C11R5D213.step_n3._native.native_decide.ax_1_5,
 ShannonBounds.C11R5D213.step_n3._native.native_decide.ax_1_6,
 ShannonBounds.C11R5D213.step_n3._native.native_decide.ax_1_7,
 ShannonBounds.C11R5D213.step_n30._native.native_decide.ax_1_1,
 ShannonBounds.C11R5D213.step_n30._native.native_decide.ax_1_2,
 ShannonBounds.C11R5D213.step_n30._native.native_decide.ax_1_3,
 ShannonBounds.C11R5D213.step_n30._native.native_decide.ax_1_4,
 ShannonBounds.C11R5D213.step_n30._native.native_decide.ax_1_5,
 ShannonBounds.C11R5D213.step_n30._native.native_decide.ax_1_6,
 ShannonBounds.C11R5D213.step_n30._native.native_decide.ax_1_7,
 ShannonBounds.C11R5D213.step_n4._native.native_decide.ax_1_1,
 ShannonBounds.C11R5D213.step_n4._native.native_decide.ax_1_2,
 ShannonBounds.C11R5D213.step_n4._native.native_decide.ax_1_3,
 ShannonBounds.C11R5D213.step_n4._native.native_decide.ax_1_4,
 ShannonBounds.C11R5D213.step_n4._native.native_decide.ax_1_5,
 ShannonBounds.C11R5D213.step_n4._native.native_decide.ax_1_6,
 ShannonBounds.C11R5D213.step_n4._native.native_decide.ax_1_7,
 ShannonBounds.C11R5D213.step_n5._native.native_decide.ax_1_1,
 ShannonBounds.C11R5D213.step_n5._native.native_decide.ax_1_2,
 ShannonBounds.C11R5D213.step_n5._native.native_decide.ax_1_3,
 ShannonBounds.C11R5D213.step_n5._native.native_decide.ax_1_4,
 ShannonBounds.C11R5D213.step_n5._native.native_decide.ax_1_5,
 ShannonBounds.C11R5D213.step_n5._native.native_decide.ax_1_6,
 ShannonBounds.C11R5D213.step_n5._native.native_decide.ax_1_7,
 ShannonBounds.C11R5D213.step_n6._native.native_decide.ax_1_1,
 ShannonBounds.C11R5D213.step_n6._native.native_decide.ax_1_2,
 ShannonBounds.C11R5D213.step_n6._native.native_decide.ax_1_3,
 ShannonBounds.C11R5D213.step_n6._native.native_decide.ax_1_4,
 ShannonBounds.C11R5D213.step_n6._native.native_decide.ax_1_5,
 ShannonBounds.C11R5D213.step_n6._native.native_decide.ax_1_6,
 ShannonBounds.C11R5D213.step_n6._native.native_decide.ax_1_7,
 ShannonBounds.C11R5D213.step_n7._native.native_decide.ax_1_1,
 ShannonBounds.C11R5D213.step_n7._native.native_decide.ax_1_2,
 ShannonBounds.C11R5D213.step_n7._native.native_decide.ax_1_3,
 ShannonBounds.C11R5D213.step_n7._native.native_decide.ax_1_4,
 ShannonBounds.C11R5D213.step_n7._native.native_decide.ax_1_5,
 ShannonBounds.C11R5D213.step_n7._native.native_decide.ax_1_6,
 ShannonBounds.C11R5D213.step_n7._native.native_decide.ax_1_7,
 ShannonBounds.C11R5D213.step_n8._native.native_decide.ax_1_1,
 ShannonBounds.C11R5D213.step_n8._native.native_decide.ax_1_2,
 ShannonBounds.C11R5D213.step_n8._native.native_decide.ax_1_3,
 ShannonBounds.C11R5D213.step_n8._native.native_decide.ax_1_4,
 ShannonBounds.C11R5D213.step_n8._native.native_decide.ax_1_5,
 ShannonBounds.C11R5D213.step_n8._native.native_decide.ax_1_6,
 ShannonBounds.C11R5D213.step_n8._native.native_decide.ax_1_7,
 ShannonBounds.C11R5D213.step_n9._native.native_decide.ax_1_1,
 ShannonBounds.C11R5D213.step_n9._native.native_decide.ax_1_2,
 ShannonBounds.C11R5D213.step_n9._native.native_decide.ax_1_3,
 ShannonBounds.C11R5D213.step_n9._native.native_decide.ax_1_4,
 ShannonBounds.C11R5D213.step_n9._native.native_decide.ax_1_5,
 ShannonBounds.C11R5D213.step_n9._native.native_decide.ax_1_6,
 ShannonBounds.C11R5D213.step_n9._native.native_decide.ax_1_7,
 ShannonBounds.C11R5D213.terminal_value._native.native_decide.ax_1_1,
 ShannonBounds.C11R5Tables.S_0058d965adce02f4._native.native_decide.ax_1,
 ShannonBounds.C11R5Tables.S_0058d965adce02f4._native.native_decide.ax_2,
 ShannonBounds.C11R5Tables.S_04339297651c9c49._native.native_decide.ax_1,
 ShannonBounds.C11R5Tables.S_04339297651c9c49._native.native_decide.ax_2,
 ShannonBounds.C11R5Tables.S_15769811f129f696._native.native_decide.ax_1,
 ShannonBounds.C11R5Tables.S_15769811f129f696._native.native_decide.ax_2,
 ShannonBounds.C11R5Tables.S_18277b0c484b4c41._native.native_decide.ax_1,
 ShannonBounds.C11R5Tables.S_18277b0c484b4c41._native.native_decide.ax_2,
 ShannonBounds.C11R5Tables.S_31d500a381a04d9a._native.native_decide.ax_1,
 ShannonBounds.C11R5Tables.S_31d500a381a04d9a._native.native_decide.ax_2,
 ShannonBounds.C11R5Tables.S_36518f191584a644._native.native_decide.ax_1,
 ShannonBounds.C11R5Tables.S_36518f191584a644._native.native_decide.ax_2,
 ShannonBounds.C11R5Tables.S_3b145410351af05c._native.native_decide.ax_1,
 ShannonBounds.C11R5Tables.S_3b145410351af05c._native.native_decide.ax_2,
 ShannonBounds.C11R5Tables.S_3daf90758a80fbb9._native.native_decide.ax_1,
 ShannonBounds.C11R5Tables.S_3daf90758a80fbb9._native.native_decide.ax_2,
 ShannonBounds.C11R5Tables.S_3e8694d6a5bfe173._native.native_decide.ax_1,
 ShannonBounds.C11R5Tables.S_3e8694d6a5bfe173._native.native_decide.ax_2,
 ShannonBounds.C11R5Tables.S_59b3ea5954777333._native.native_decide.ax_1,
 ShannonBounds.C11R5Tables.S_59b3ea5954777333._native.native_decide.ax_2,
 ShannonBounds.C11R5Tables.S_660b0244997e1b9c._native.native_decide.ax_1,
 ShannonBounds.C11R5Tables.S_660b0244997e1b9c._native.native_decide.ax_2,
 ShannonBounds.C11R5Tables.S_6859b0ec25991d42._native.native_decide.ax_1,
 ShannonBounds.C11R5Tables.S_6859b0ec25991d42._native.native_decide.ax_2,
 ShannonBounds.C11R5Tables.S_77a9709d00257692._native.native_decide.ax_1,
 ShannonBounds.C11R5Tables.S_77a9709d00257692._native.native_decide.ax_2,
 ShannonBounds.C11R5Tables.S_7b6c163f0dc4b608._native.native_decide.ax_1,
 ShannonBounds.C11R5Tables.S_7b6c163f0dc4b608._native.native_decide.ax_2,
 ShannonBounds.C11R5Tables.S_a41106e52a48b9a6._native.native_decide.ax_1,
 ShannonBounds.C11R5Tables.S_a41106e52a48b9a6._native.native_decide.ax_2,
 ShannonBounds.C11R5Tables.S_cc0e5d2202d76d5d._native.native_decide.ax_1,
 ShannonBounds.C11R5Tables.S_cc0e5d2202d76d5d._native.native_decide.ax_2,
 ShannonBounds.C11R5Tables.S_cd41b86686c50a10._native.native_decide.ax_1,
 ShannonBounds.C11R5Tables.S_cd41b86686c50a10._native.native_decide.ax_2,
 ShannonBounds.C11R5Tables.S_cfb0e1863855bcb0._native.native_decide.ax_1,
 ShannonBounds.C11R5Tables.S_e620baced0654ce9._native.native_decide.ax_1,
 ShannonBounds.C11R5Tables.S_e620baced0654ce9._native.native_decide.ax_2,
 ShannonBounds.C11R5Tables.S_e788020168e26abb._native.native_decide.ax_1,
 ShannonBounds.C11R5Tables.S_e788020168e26abb._native.native_decide.ax_2,
 ShannonBounds.C11R5Tables.S_e9ef2871c79d62be._native.native_decide.ax_1,
 ShannonBounds.C11R5Tables.S_e9ef2871c79d62be._native.native_decide.ax_2,
 ShannonBounds.C11R5Tables.S_f509c81899188c6f._native.native_decide.ax_1,
 ShannonBounds.C11R5Tables.S_f509c81899188c6f._native.native_decide.ax_2]
'R5_scope_bracket_213' depends on axioms: [propext,
 Classical.choice.{u},
 Quot.sound.{u},
 ShannonBounds.C11R5D213.decimal_lower_integer._native.native_decide.ax_1_1,
 ShannonBounds.C11R5D213.decimal_upper_integer._native.native_decide.ax_1_1]
'R5_scope_comparison_213_BPZ_207' depends on axioms: [propext,
 Classical.choice.{u},
 Quot.sound.{u},
 ShannonBounds.C11R5D213.cross_power_BPZ_207._native.native_decide.ax_1_1]
'R5_scope_comparison_213_R3_207' depends on axioms: [propext,
 Classical.choice.{u},
 Quot.sound.{u},
 ShannonBounds.C11R5D213.cross_power_R3_207._native.native_decide.ax_1_1]
'R5_scope_comparison_213_R4_201' depends on axioms: [propext,
 Classical.choice.{u},
 Quot.sound.{u},
 ShannonBounds.C11R5D213.cross_power_R4_201._native.native_decide.ax_1_1]
'R5_scope_comparison_213_R4_210' depends on axioms: [propext,
 Classical.choice.{u},
 Quot.sound.{u},
 ShannonBounds.C11R5D213.cross_power_R4_210._native.native_decide.ax_1_1]
